CASE_ID,ACCIDENT_YEAR,PROC_DATE,JURIS,COLLISION_DATE,COLLISION_TIME,OFFICER_ID,REPORTING_DISTRICT,DAY_OF_WEEK,CHP_SHIFT,POPULATION,CNTY_CITY_LOC,SPECIAL_COND,BEAT_TYPE,CHP_BEAT_TYPE,CITY_DIVISION_LAPD,CHP_BEAT_CLASS,BEAT_NUMBER,PRIMARY_RD,SECONDARY_RD,DISTANCE,DIRECTION,INTERSECTION,WEATHER_1,WEATHER_2,STATE_HWY_IND,CALTRANS_COUNTY,CALTRANS_DISTRICT,STATE_ROUTE,ROUTE_SUFFIX,POSTMILE_PREFIX,POSTMILE,LOCATION_TYPE,RAMP_INTERSECTION,SIDE_OF_HWY,TOW_AWAY,COLLISION_SEVERITY,NUMBER_KILLED,NUMBER_INJURED,PARTY_COUNT,PRIMARY_COLL_FACTOR,PCF_CODE_OF_VIOL,PCF_VIOL_CATEGORY,PCF_VIOLATION,PCF_VIOL_SUBSECTION,HIT_AND_RUN,TYPE_OF_COLLISION,MVIW,PED_ACTION,ROAD_SURFACE,ROAD_COND_1,ROAD_COND_2,LIGHTING,CONTROL_DEVICE,CHP_ROAD_TYPE,PEDESTRIAN_ACCIDENT,BICYCLE_ACCIDENT,MOTORCYCLE_ACCIDENT,TRUCK_ACCIDENT,NOT_PRIVATE_PROPERTY,ALCOHOL_INVOLVED,STWD_VEHTYPE_AT_FAULT,CHP_VEHTYPE_AT_FAULT,COUNT_SEVERE_INJ,COUNT_VISIBLE_INJ,COUNT_COMPLAINT_PAIN,COUNT_PED_KILLED,COUNT_PED_INJURED,COUNT_BICYCLIST_KILLED,COUNT_BICYCLIST_INJURED,COUNT_MC_KILLED,COUNT_MC_INJURED,PRIMARY_RAMP,SECONDARY_RAMP,LATITUDE,LONGITUDE,COUNTY,CITY,POINT_X,POINT_Y
92064363,2023,2023-05-08,9335,2023-05-04,1005,020384,,4,1,7,3801,0,1,1,,1,081,"I-80 W/B","THE EMBARCADERO",800.00,E,N,B,-,Y,SF,,80," "," ",6.084,H,,L,Y,4,0,1,4,A,-,03,22350,,N,C,C,A,A,H,-,A,D,0,,,,,Y,,I,11,0,0,1,0,0,0,0,0,0,"- ","- ",37.790779113769531,-122.38596343994141,"SAN FRANCISCO","SAN FRANCISCO",-122.38584899902344,37.790702819824219
9573415,2023,2023-05-02,3801,2023-03-17,"900 ",504,NORTH,5,5,7,3801,0,0,0,,0,3E15A,"PIERCE ST","LOMBARD ST",0.00,,Y,A,-,N,,,,,,,,,,N,4,0,1,2,A,-,09,21802,A,N,D,C,A,A,H,-,A,A,0,,,,,Y,,A,01,0,0,1,0,0,0,0,0,0,"- ","- ",,,"SAN FRANCISCO","SAN FRANCISCO",,
9576071,2023,2023-05-11,3801,2023-04-10,"928 ",1540,TARAV,1,5,7,3801,0,0,0,,0,3I1A,"ORTEGA ST","40TH AV",20.00,S,N,B,-,N,,,,,,,,,,N,3,0,1,2,A,-,10,21950,A,N,-,B,B,A,H,-,A,A,0,Y,,,,Y,,A,01,0,1,0,0,1,0,0,0,0,"- ","- ",,,"SAN FRANCISCO","SAN FRANCISCO",-122.49883270263672,37.751399993896484
9602289,2023,2023-08-10,3801,2023-06-21,1615,670,INGLE,3,5,7,3801,0,0,0,,0,3H13D,"MONTEREY BL","CIRCULAR ST",0.00,,Y,A,-,N,,,,,,,,,,Y,4,0,1,2,A,-,08,22107,,F,B,C,A,A,H,-,A,A,0,,,,,Y,,A,01,0,0,1,0,0,0,0,0,0,"- ","- ",,,"SAN FRANCISCO","SAN FRANCISCO",,
9624406,2023,2023-09-21,3801,2023-08-10,1331,1051,NORTH,4,5,7,3801,0,0,0,,0,3E13C,"HAYES ST","VAN NESS AV",150.00,E,N,A,-,N,,,,,,,,,,N,3,0,1,3,A,-,17,22517,,N,B,G,A,A,H,-,A,D,0,,Y,,Y,Y,,F,25,0,1,0,0,0,0,1,0,0,"- ","- ",,,"SAN FRANCISCO","SAN FRANCISCO",-122.41916656494141,37.777362823486328
9626170,2023,2023-10-11,3801,2023-09-14,2049,4276,NORTH,4,5,7,3801,0,0,0,,0,3E15D,"GREEN ST","STEINER ST",0.00,,Y,A,-,N,,,,,,,,,,N,3,0,1,1,C,-,18,,,N,F,A,A,D,B,-,C,D,0,,,Y,,Y,,-,"- ",0,1,0,0,0,0,0,0,1,"- ","- ",,,"SAN FRANCISCO","SAN FRANCISCO",,
9626243,2023,2023-10-11,3801,2023-09-08,2120,WONG,TARAV,5,5,7,3801,0,0,0,,0,3I13E,"SUNSET BL","QUINTARA ST",25.00,N,N,A,-,N,,,,,,,,,,N,3,0,3,2,A,-,03,22350,,N,C,C,A,A,H,-,C,A,0,,,,,Y,,B,01,0,1,2,0,0,0,0,0,0,"- ","- ",,,"SAN FRANCISCO","SAN FRANCISCO",-122.49492645263672,37.747879028320312
9510063,2022,2022-12-08,3801,2022-10-27,1836,2341,INGLE,4,5,7,3801,0,0,0,,0,3H14C,"ALEMANY BL","SAN JUAN AV",0.00,,Y,A,-,N,,,,,,,,,,N,4,0,1,2,-,-,"- ",,,N,D,C,A,A,H,-,C,A,0,,,Y,,Y,,-,"- ",0,0,1,0,0,0,0,0,1,"- ","- ",,,"SAN FRANCISCO","SAN FRANCISCO",-122.43706512451172,37.724830627441406
9510075,2022,2022-12-08,3801,2022-10-26,0633,748,CENTR,3,5,7,3801,0,0,0,,0,0630,"HYDE ST","POST ST",0.00,,Y,A,-,N,,,,,,,,,,Y,4,0,1,3,A,-,03,22350,,N,B,E,A,A,H,-,C,A,0,,,,,Y,,A,01,0,0,1,0,0,0,0,0,0,"- ","- ",,,"SAN FRANCISCO","SAN FRANCISCO",-122.41661834716797,37.787246704101562
9531353,2022,2022-12-21,3801,2022-11-04,1531,2017,MISSI,5,5,7,3801,0,0,0,,0,3D13D,"23RD ST","VALENCIA ST",0.00,,Y,A,-,N,,,,,,,,,,N,4,0,1,2,A,-,09,21801,A,N,-,C,A,A,H,-,A,A,0,,,Y,,Y,,A,01,0,0,1,0,0,0,0,0,1,"- ","- ",,,"SAN FRANCISCO","SAN FRANCISCO",-122.42080688476562,37.753704071044922
9538650,2022,2023-01-10,3801,2022-07-10,1135,885,BAYVI,7,5,7,3801,0,0,0,,0,0C2,"SILVER AV","THOMAS AV",190.00,E,N,A,-,N,,,,,,,,,,N,4,0,1,2,A,-,06,21750,,N,D,C,A,A,H,-,A,D,0,,,,,Y,,A,01,0,0,1,0,0,0,0,0,0,"- ","- ",,,"SAN FRANCISCO","SAN FRANCISCO",-122.39981842041016,37.735836029052734
9543154,2022,2023-02-08,3801,2022-12-14,1600,426,NORTH,3,5,7,3801,0,0,0,,0,3E13D,"MYRTLE ST","LARKIN ST",125.00,W,N,A,-,N,,,,,,,,,,N,4,0,1,2,A,-,09,21804,,F,G,B,F,A,H,-,A,D,0,Y,,,,Y,,A,07,0,0,1,0,1,0,0,0,0,"- ","- ",,,"SAN FRANCISCO","SAN FRANCISCO",-122.41843414306641,37.78558349609375
9545553,2023,2023-02-24,3801,2023-01-23,1332,830,MISSI,1,5,7,3801,0,0,0,,0,3D2C,"POTRERO AV","26TH ST",0.00,,Y,A,-,N,,,,,,,,,,Y,3,0,1,1,A,-,03,22350,,N,E,I,A,A,H,-,A,A,0,,,,,Y,,A,01,0,1,0,0,0,0,0,0,0,"- ","- ",,,"SAN FRANCISCO","SAN FRANCISCO",,
9468755,2023,2023-09-13,3801,2023-07-28,1859,4119,TRAFF,5,5,7,3801,0,0,0,,0,4B103,"DOLORSE ST","15TH ST",0.00,,Y,A,-,N,,,,,,,,,,N,3,0,1,2,A,-,12,21453,,N,D,J,A,A,H,-,A,A,0,,,Y,,Y,Y,A,01,0,1,0,0,0,0,0,0,1,"- ","- ",,,"SAN FRANCISCO","SAN FRANCISCO",,
9469644,2023,2023-09-12,3801,2023-08-22,1905,469,MISSI,2,5,7,3801,0,0,0,,0,3D11D,"16TH ST","ALBION ST",16.00,W,N,A,-,N,,,,,,,,,,N,3,0,1,2,A,-,11,21955,,F,G,B,D,A,H,-,A,D,0,Y,,Y,,Y,,N,60,0,1,0,0,1,0,0,0,0,"- ","- ",,,"SAN FRANCISCO","SAN FRANCISCO",-122.42315673828125,37.764835357666016
9472274,2022,2022-07-20,3801,2022-03-17,1050,1513,RICHM,4,5,7,3801,0,0,0,,0,3G11A,"CHAIN OF LAKES E","CHAIN OF LAKES",0.00,,Y,A,-,N,,,,,,,,,,N,4,0,1,2,A,-,09,21800,A,N,D,G,A,-,G,-,A,D,0,,Y,,,Y,,L,04,0,0,1,0,0,0,1,0,0,"- ","- ",,,"SAN FRANCISCO","SAN FRANCISCO",,
9502448,2022,2022-09-27,3801,2022-08-24,1400,1609,RICHM,3,5,7,3801,0,0,0,,0,,"CALIFORNIA ST","26TH AV",0.00,,Y,A,-,N,,,,,,,,,,N,3,0,1,2,A,-,09,21802,,N,D,C,A,A,H,-,A,A,0,,,,,Y,,A,01,0,1,0,0,0,0,0,0,0,"- ","- ",,,"SAN FRANCISCO","SAN FRANCISCO",-122.486083984375,37.783828735351562
9502648,2022,2022-10-05,3801,2022-05-14,1547,1286,SOUTH,6,5,7,3801,0,0,0,,0,3B4,"MARKET ST","LAGUNA ST",0.00,,Y,A,-,N,,,,,,,,,,N,4,0,1,2,A,-,21,22106,,N,C,C,A,A,H,-,A,A,0,,,Y,,Y,,A,01,0,0,1,0,0,0,0,0,1,"- ","- ",,,"SAN FRANCISCO","SAN FRANCISCO",-122.42485809326172,37.770748138427734
9505946,2022,2022-11-10,3801,2022-10-14,2217,2035,MISSI,5,5,7,3801,0,0,0,,0,3D14E,"16TH ST","MISSION ST",60.00,E,N,A,-,N,,,,,,,,,,N,4,0,1,2,A,-,11,21955,,N,G,B,D,A,H,-,C,D,0,Y,,,,Y,,N,60,0,0,1,0,1,0,0,0,0,"- ","- ",,,"SAN FRANCISCO","SAN FRANCISCO",-122.41946411132812,37.765060424804688
9348943,2022,2022-06-15,3801,2022-05-06,0650,4356,INGLE,5,5,7,3801,0,0,0,,0,3H11A,"CORTLAND AV","MISSION ST",0.00,,Y,A,-,N,,,,,,,,,,N,4,0,1,2,A,-,17,21235,G,N,H,J,A,A,H,-,A,A,0,,,,,Y,,M,94,0,0,1,0,0,0,0,0,0,"- ","- ",,,"SAN FRANCISCO","SAN FRANCISCO",-122.42284393310547,37.741012573242188
9468693,2023,2023-09-14,3801,2023-08-11,1830,2425,TENDE,5,5,7,3801,0,0,0,,0,3J13D,"LARKIN ST","GROVE ST",0.00,,Y,A,-,N,,,,,,,,,,N,3,0,1,2,A,-,09,21801,A,N,D,C,A,A,H,-,A,A,0,,,Y,,Y,,A,01,0,1,0,0,0,0,0,0,1,"- ","- ",,,"SAN FRANCISCO","SAN FRANCISCO",,
9483434,2022,2022-08-08,3801,2022-06-23,0646,2404,MISSI,4,5,7,3801,0,0,0,,0,MISSIO,"DUBOCE ST","HARRISON ST",0.00,,Y,A,-,N,,,,,,,,,,Y,3,0,1,2,A,-,"- ",,,N,D,C,A,A,H,-,A,A,0,,,Y,,Y,,C,02,0,1,0,0,0,0,0,0,1,"- ","- ",,,"SAN FRANCISCO","SAN FRANCISCO",,
9505807,2022,2022-11-16,3801,2022-10-21,0605,2035,MISSI,5,5,7,3801,0,0,0,,0,3D15E,"CAPP ST","21ST ST",0.00,,Y,A,-,N,,,,,,,,,,Y,4,0,2,2,A,-,09,21800,A,N,D,C,A,A,H,-,C,A,0,,,,,Y,,A,01,0,0,2,0,0,0,0,0,0,"- ","- ",,,"SAN FRANCISCO","SAN FRANCISCO",-122.41780853271484,37.757080078125
9520098,2022,2023-02-09,3801,2022-05-11,0039,679,NORTH,3,5,7,3801,0,0,0,,0,03E,"SUTTER ST","POLK ST",0.00,,Y,A,-,N,,,,,,,,,,Y,2,0,2,3,A,-,08,22100,B,N,B,C,F,A,H,-,C,A,0,Y,,Y,,Y,,A,01,2,0,0,0,1,0,0,0,1,"- ","- ",,,"SAN FRANCISCO","SAN FRANCISCO",-122.42010498046875,37.787761688232422
9543170,2022,2023-02-02,3801,2022-12-05,0840,1825,SOUTH,1,5,7,3801,0,0,0,,0,3B12A,"5TH ST","CLARA ST",0.00,,Y,B,-,N,,,,,,,,,,N,3,0,1,2,A,-,05,21650,1,N,D,-,A,B,H,-,A,D,0,,Y,,,Y,,L,04,0,1,0,0,0,0,1,0,0,"- ","- ",,,"SAN FRANCISCO","SAN FRANCISCO",-122.40238189697266,37.779453277587891
91847389,2022,2022-12-09,9335,2022-08-18,1645,022897,,4,2,7,3801,0,1,1,,2,022,"I-280 N/B","SAN JOSE AVE. OVERCROSSING",170.00,S,N,B,-,Y,SF,,280,,R,1.426,H,,R,Y,4,0,3,2,A,-,03,22350,,N,C,C,A,A,H,-,A,D,0,,,,,Y,,A,01,0,0,3,0,0,0,0,0,0,"- ","- ",37.71807861328125,-122.44834136962891,"SAN FRANCISCO","SAN FRANCISCO",-122.44845581054688,37.718090057373047
91940087,2022,2022-12-12,9335,2022-12-11,1500,021916,,7,2,7,3801,0,1,1,,2,022,"I-280 S/B","BADEN STREET OVERCROSSING",215.00,S,N,C,-,Y,SF,,280,,R,2.422,H,,L,Y,4,0,1,1,A,-,03,22350,,N,E,I,A,B,H,-,A,D,0,,,,,Y,,A,01,0,0,1,0,0,0,0,0,0,"- ","- ",37.729789733886719,-122.44023132324219,"SAN FRANCISCO","SAN FRANCISCO",-122.44026947021484,37.7298583984375
92172804,2023,2023-09-18,9335,2023-09-01,"859 ",023111,,5,1,7,3801,0,1,1,,2,080,"I-80 W/B","THE EMBARCADERO UNDERCROSSING",366.00,W,N,A,-,Y,SF,,80," "," ",5.819,H,,L,Y,3,0,1,2,A,-,03,22350,,N,C,C,A,A,H,-,A,D,0,,,Y,,Y,,C,02,0,1,0,0,0,0,0,0,1,"- ","- ",37.787750244140625,-122.3890380859375,"SAN FRANCISCO","SAN FRANCISCO",-122.38905334472656,37.787761688232422
9610653,2023,2023-09-08,3801,2023-08-06,1234,359,TARAV,7,5,7,3801,0,0,0,,0,312B,"LINCOLN WY","16TH AV",0.00,,Y,A,-,N,,,,,,,,,,Y,3,0,1,2,A,-,08,22107,,N,D,C,A,A,H,-,A,D,0,,,Y,,Y,,A,01,0,1,0,0,0,0,0,0,1,"- ","- ",,,"SAN FRANCISCO","SAN FRANCISCO",,
9633840,2023,2023-12-05,3801,2023-10-23,1710,19,BAYV,1,5,7,3801,0,0,0,,0,901,"SHAFTER AV","JENNINGS ST",0.00,,N,-,-,N,,,,,,,,,,Y,4,0,1,2,A,-,03,22350,,N,D,C,A,A,H,-,A,D,0,,,,,Y,,A,01,0,0,1,0,0,0,0,0,0,"- ","- ",,,"SAN FRANCISCO","SAN FRANCISCO",,
9634731,2023,2024-01-20,3801,2023-11-16,1659,1909,NORTH,4,5,7,3801,0,0,0,,0,NORTHE,"LAGUNA ST","ELLIS ST",0.00,,Y,A,-,N,,,,,,,,,,Y,4,0,1,2,A,-,10,21950,A,N,G,B,B,A,H,-,C,D,0,Y,,,,Y,,A,01,0,0,1,0,1,0,0,0,0,"- ","- ",,,"SAN FRANCISCO","SAN FRANCISCO",,
9636251,2023,2024-02-12,3801,2023-12-23,2314,2431,,6,5,7,3801,0,0,0,,0,3E13E,"POLK ST","WILLOW ST",0.00,,Y,A,-,N,,,,,,,,,,N,4,0,1,2,A,-,12,22450,A,N,-,G,A,A,H,-,C,A,0,,Y,,,Y,,L,04,0,0,1,0,0,0,1,0,0,"- ","- ",,,"SAN FRANCISCO","SAN FRANCISCO",,
9650242,2023,2024-01-11,3801,2023-11-19,1515,2419,RICHM,7,5,7,3801,0,0,0,,0,908,"PINE ST","PRESIDIO AV",0.00,,Y,A,-,N,,,,,,,,,,Y,4,0,1,1,A,-,03,22350,,N,E,I,A,A,H,-,A,A,0,,,,,Y,,A,01,0,0,1,0,0,0,0,0,0,"- ","- ",,,"SAN FRANCISCO","SAN FRANCISCO",,
91713330,2022,2022-03-02,9335,2022-02-21,2130,021754,,1,2,7,3801,0,1,2,,2,015,"US-101 N/B","BERNICE STREET",20.00,N,N,A,-,Y,SF,,101,,R,4.915,H,,R,Y,4,0,1,1,A,-,01,23152,A,N,E,I,A,A,H,-,C,D,0,,,,,Y,Y,A,01,0,0,1,0,0,0,0,0,0,"- ","- ",37.769580841064453,-122.41426086425781,"SAN FRANCISCO","SAN FRANCISCO",-122.41426086425781,37.769626617431641
9545558,2023,2023-02-24,3801,2023-01-11,1048,1796,RICHM,3,5,7,3801,0,0,0,,0,3G14A,"CALIFORNIA ST","24TH AV",0.00,,Y,C,-,N,,,,,,,,,,Y,4,0,1,2,A,-,09,21802,A,N,D,C,A,B,H,-,A,D,0,,,,,Y,,A,01,0,0,1,0,0,0,0,0,0,"- ","- ",,,"SAN FRANCISCO","SAN FRANCISCO",,
9553921,2023,2023-03-25,3801,2023-02-03,1652,2441,INGLE,5,5,7,3801,0,0,0,,0,3H15D,"HANOVER ST","LOWELL ST",93.00,S,N,B,-,N,,,,,,,,,,Y,3,0,1,4,A,-,08,22107,,N,F,E,A,B,E,-,A,D,0,,,,,Y,,A,01,0,1,0,0,0,0,0,0,0,"- ","- ",,,"SAN FRANCISCO","SAN FRANCISCO",-122.44515228271484,37.708473205566406
9561262,2023,2023-04-08,3801,2023-03-17,2042,1637,SOUTH,5,5,7,3801,0,0,0,,0,3B15D,"DE HARO ST","16TH ST",0.00,,Y,A,-,N,,,,,,,,,,Y,4,0,1,2,A,-,21,22106,,N,C,C,A,A,H,-,C,A,0,,,,,Y,Y,A,01,0,0,1,0,0,0,0,0,0,"- ","- ",,,"SAN FRANCISCO","SAN FRANCISCO",,
9561329,2023,2023-04-19,3801,2023-03-27,"845 ",1978,BAYVI,1,5,7,3801,0,0,0,,0,003,EVANS,"EVANS 1300",0.00,,Y,A,-,N,,,,,,,,,,Y,4,0,2,2,A,-,08,22107,,N,B,C,A,-,H,-,A,A,0,,,,,Y,,A,08,0,0,2,0,0,0,0,0,0,"- ","- ",,,"SAN FRANCISCO","SAN FRANCISCO",,
9575934,2023,2023-06-20,3801,2023-04-16,1645,2390,MISSI,7,5,7,3801,0,0,0,,0,3D14D,"MISSION ST","25TH ST",34.00,N,N,A,-,N,,,,,,,,,,Y,3,0,1,4,A,-,03,22350,,F,C,C,A,A,H,-,A,A,0,,,,,Y,,A,01,0,1,0,0,0,0,0,0,0,"- ","- ",,,"SAN FRANCISCO","SAN FRANCISCO",-122.41831207275391,37.750751495361328
9576084,2023,2023-05-10,3801,2023-04-14,1445,1871,INGLE,5,5,7,3801,0,0,0,,0,901,"MOSCOW ST","GENEVA AV",0.00,,Y,A,-,N,,,,,,,,,,N,4,0,1,2,A,-,12,21453,A,F,D,C,A,A,H,-,A,A,0,,,,,Y,,A,01,0,0,1,0,0,0,0,0,0,"- ","- ",,,"SAN FRANCISCO","SAN FRANCISCO",,
9410017,2022,2022-03-16,3801,2022-02-05,0330,1574,NORTH,6,5,7,3801,0,0,0,,0,3E12E,"DIVISADERO ST","HAYES ST",0.00,,Y,A,-,N,,,,,,,,,,Y,4,0,2,2,A,-,03,22350,,N,D,C,A,-,H,-,C,A,0,,,,,Y,,A,01,0,0,2,0,0,0,0,0,0,"- ","- ",,,"SAN FRANCISCO","SAN FRANCISCO",-122.43778991699219,37.774978637695312
9433685,2022,2022-10-17,3801,2022-02-10,2257,4119,TRAFF,4,5,7,3801,0,0,0,,0,4B3K,"BROADWAY ST","FRANKLIN ST",0.00,,Y,A,-,N,,,,,,,,,,N,4,0,1,2,A,-,09,21801,,N,D,C,A,A,H,-,C,A,0,,,,,Y,,A,01,0,0,1,0,0,0,0,0,0,"- ","- ",,,"SAN FRANCISCO","SAN FRANCISCO",-122.42502593994141,37.795528411865234
9503245,2022,2022-09-21,3801,2022-08-09,0728,1339,NORTH,2,5,7,3801,0,0,0,,0,,"WEBSTER ST","FULTON ST",0.00,,Y,A,-,N,,,,,,,,,,Y,4,0,2,3,A,-,12,21453,A,N,D,C,A,A,H,-,A,A,0,,Y,,,Y,,A,01,0,0,2,0,0,0,1,0,0,"- ","- ",,,"SAN FRANCISCO","SAN FRANCISCO",-122.42990875244141,37.777912139892578
9503265,2022,2022-09-21,3801,2022-08-27,0525,2421,PARK,6,5,7,3801,0,0,0,,0,3F13,"STANYAN ST","LONE MOUNTAIN TER",0.00,,Y,E,-,N,,,,,,,,,,Y,4,0,1,1,A,-,03,22350,A,N,E,I,A,B,H,-,C,D,0,,,,,Y,,-,,0,0,1,0,0,0,0,0,0,"- ","- ",,,"SAN FRANCISCO","SAN FRANCISCO",-122.45547485351562,37.778850555419922
9509976,2022,2022-12-16,3801,2022-11-23,0437,2241,NORTH,3,5,7,3801,0,0,0,,0,0E1,"PAGE ST","PAGE ST 811",0.00,,-,A,-,N,,,,,,,,,,Y,4,0,1,2,A,-,03,22350,,N,C,E,A,A,H,-,C,A,0,,,,,Y,Y,A,01,0,0,1,0,0,0,0,0,0,"- ","- ",,,"SAN FRANCISCO","SAN FRANCISCO",,
9566794,2022,2023-05-18,3801,2022-07-04,2315,101,INGLE,1,5,7,3801,0,0,0,,0,3H15E,"MISSION ST","MNT VERNON",0.00,,Y,E,-,N,,,,,,,,,,N,4,0,1,2,A,-,03,22350,,F,C,C,A,A,H,-,C,A,0,,,,,Y,,A,01,0,0,1,0,0,0,0,0,0,"- ","- ",,,"SAN FRANCISCO","SAN FRANCISCO",-122.44264984130859,37.714607238769531
91726593,2022,2022-03-18,9335,2022-03-08,1228,018053,,2,1,7,3801,0,1,1,,2,080,"I-80 E/B TO 5TH STREET","OF THE I-80 W/B O/C",70.00,E,N,A,-,Y,SF,,80,,,4.877,H,,L,Y,3,0,2,4,A,-,03,22350,,N,E,I,A,A,H,-,A,A,0,,,,,Y,,A,07,0,2,0,0,0,0,0,0,0,"- ","- ",37.778980255126953,-122.40074920654297,"SAN FRANCISCO","SAN FRANCISCO",-122.40079498291016,37.779014587402344
91895560,2022,2022-10-20,9335,2022-10-08,0829,023067,,6,1,7,3801,0,1,1,,2,022,"I-280 N/B","FARALLONES ST PED OVERCROSSING",500.00,S,N,B,-,Y,SF,,280,,R,1.003,H,,R,N,3,0,1,1,A,-,03,22350,,N,F,I,A,A,H,-,A,D,0,,,Y,,Y,,C,02,0,1,0,0,0,0,0,0,1,"- ","- ",37.712890625,-122.45245361328125,"SAN FRANCISCO","SAN FRANCISCO",-122.45254516601562,37.712959289550781
92009422,2023,2023-03-03,9335,2023-02-24,1710,023167,,5,2,7,3801,0,1,2,,2,014,"US 101 N/B","18TH ST OVERCROSSING",160.00,S,N,A,-,Y,SF,,101," "," ",3.927,H,,R,Y,4,0,2,2,A,-,03,22350,,N,C,C,A,A,H,-,B,D,0,,,,,Y,,A,01,0,0,2,0,0,0,0,0,0,"- ","- ",37.761749267578125,-122.40598297119141,"SAN FRANCISCO","SAN FRANCISCO",-122.40589141845703,37.76171875
92083685,2023,2024-05-08,9335,2023-05-30,2235,023121,,2,3,7,3801,0,1,1,,1,081,"I-80 W/B","TREASURE ISLAND ROAD",3471.00,W,N,A,-,Y,SF,,80," "," ",7.070,H,,L,Y,1,1,2,2,A,-,03,22350,,N,C,C,A,A,H,-,C,D,0,,,,,Y,,A,01,1,0,1,0,0,0,0,0,0,"- ","- ",37.801811218261719,-122.37416076660156,"SAN FRANCISCO","SAN FRANCISCO",-122.37393188476562,37.801654815673828
92256690,2023,2023-12-08,9335,2023-11-30,1035,019949,,4,1,7,3801,0,1,1,,2,022,"I-280 S/B","FARALLONES ST OVERCROSSING",250.00,N,N,A,-,Y,SF,,280," ",R,1.115,H,,L,Y,3,0,2,2,A,-,03,22350,,N,C,C,A,A,H,-,A,D,0,,,,,Y,,A,01,0,1,1,0,0,0,0,0,0,"- ","- ",37.714271545410156,-122.45133972167969,"SAN FRANCISCO","SAN FRANCISCO",-122.4512939453125,37.714237213134766
9603196,2023,2023-08-02,3801,2023-04-16,2203,1466,SOUTH,7,5,7,3801,0,0,0,,0,04B,"BRYANT ST","9TH ST",0.00,,Y,A,-,N,,,,,,,,,,Y,3,0,1,2,A,-,08,22107,,F,B,C,A,A,H,-,C,A,0,,,Y,,Y,,-,,0,1,0,0,0,0,0,0,1,"- ","- ",,,"SAN FRANCISCO","SAN FRANCISCO",,
9625585,2023,2023-10-16,3801,2023-08-07,1621,2730,INGLE,1,5,7,3801,0,0,0,,0,3H13D,"ALEMANY BL","OCEAN AV",0.00,,Y,A,-,N,,,,,,,,,,Y,4,0,1,2,D,-,00,,,N,F,C,A,A,H,-,A,A,0,,,,,Y,,-,"- ",0,0,1,0,0,0,0,0,0,"- ","- ",,,"SAN FRANCISCO","SAN FRANCISCO",,
9634758,2023,2023-12-20,3801,2023-11-11,1939,233,MISSI,6,5,7,3801,0,0,0,,0,03D,"VALENCIA ST","21ST ST",0.00,,Y,A,-,N,,,,,,,,,,N,4,0,1,2,A,-,08,22101,D,N,D,G,A,A,H,-,C,A,0,,Y,,,Y,,A,01,0,0,1,0,0,0,1,0,0,"- ","- ",,,"SAN FRANCISCO","SAN FRANCISCO",,
9636000,2023,2024-02-12,3801,2023-12-22,1618,2718,BAYVI,5,5,7,3801,0,0,0,,0,3C11D,"KANSAS ST","CESAR CHAVEZ ST",0.00,,Y,A,-,N,,,,,,,,,,Y,3,0,2,2,A,-,07,21658,A,F,A,C,A,A,H,-,A,A,0,,,,,Y,,A,01,0,1,1,0,0,0,0,0,0,"- ","- ",,,"SAN FRANCISCO","SAN FRANCISCO",,
9636303,2023,2024-02-14,3801,2023-12-15,1056,2124,MISSI,5,5,7,3801,0,0,0,,0,3D13A,"FOLSOM ST","16TH ST",0.00,,Y,A,-,N,,,,,,,,,,N,3,0,1,2,A,-,09,21801,A,N,D,G,A,A,H,-,A,A,0,,Y,,,Y,,A,01,0,1,0,0,0,0,1,0,0,"- ","- ",,,"SAN FRANCISCO","SAN FRANCISCO",,
9679147,2023,2024-03-19,3801,2023-10-04,1013,4259,RICHM,3,5,7,3801,0,0,0,,0,3G12A,"EUCLID AV","JORDAN AV",0.00,,Y,A,-,N,,,,,,,,,,Y,4,0,1,2,A,-,09,21802,A,N,D,C,A,A,D,-,A,A,0,,,,,Y,,A,01,0,0,1,0,0,0,0,0,0,"- ","- ",,,"SAN FRANCISCO","SAN FRANCISCO",,
9348891,2022,2022-07-01,3801,2022-05-13,1359,1523,NORTH,5,5,7,3801,0,0,0,,0,901,"LOMBARD ST","PIERCE ST",0.00,,Y,A,-,N,,,,,,,,,,Y,4,0,3,2,A,-,08,22107,,N,E,C,A,A,H,-,A,A,0,,,,,Y,,A,01,0,0,3,0,0,0,0,0,0,"- ","- ",,,"SAN FRANCISCO","SAN FRANCISCO",-122.43933868408203,37.799423217773438
9396461,2022,2022-06-15,3801,2022-05-20,1708,2469,BAYVI,5,5,7,3801,0,0,0,,0,3C15D,"ILLINOIS ST","HUMBOLDT ST",0.00,,Y,A,-,N,,,,,,,,,,N,4,0,1,1,D,-,00,,,N,H,-,A,A,H,-,A,D,0,,Y,,,Y,,-,"- ",0,0,1,0,0,0,1,0,0,"- ","- ",,,"SAN FRANCISCO","SAN FRANCISCO",-122.38723754882812,37.756782531738281
9427938,2022,2022-04-13,3801,2022-02-24,1102,2262,TARAV,4,5,7,3801,0,0,0,,0,,"OCEAN AV","FAXON AV",0.00,,Y,A,-,N,,,,,,,,,,Y,4,0,1,2,A,-,08,22107,,N,D,C,A,A,H,-,A,A,0,,,,,Y,,A,01,0,0,1,0,0,0,0,0,0,"- ","- ",,,"SAN FRANCISCO","SAN FRANCISCO",-122.46024322509766,37.724758148193359