CASE_ID,ACCIDENT_YEAR,PROC_DATE,JURIS,COLLISION_DATE,COLLISION_TIME,OFFICER_ID,REPORTING_DISTRICT,DAY_OF_WEEK,CHP_SHIFT,POPULATION,CNTY_CITY_LOC,SPECIAL_COND,BEAT_TYPE,CHP_BEAT_TYPE,CITY_DIVISION_LAPD,CHP_BEAT_CLASS,BEAT_NUMBER,PRIMARY_RD,SECONDARY_RD,DISTANCE,DIRECTION,INTERSECTION,WEATHER_1,WEATHER_2,STATE_HWY_IND,CALTRANS_COUNTY,CALTRANS_DISTRICT,STATE_ROUTE,ROUTE_SUFFIX,POSTMILE_PREFIX,POSTMILE,LOCATION_TYPE,RAMP_INTERSECTION,SIDE_OF_HWY,TOW_AWAY,COLLISION_SEVERITY,NUMBER_KILLED,NUMBER_INJURED,PARTY_COUNT,PRIMARY_COLL_FACTOR,PCF_CODE_OF_VIOL,PCF_VIOL_CATEGORY,PCF_VIOLATION,PCF_VIOL_SUBSECTION,HIT_AND_RUN,TYPE_OF_COLLISION,MVIW,PED_ACTION,ROAD_SURFACE,ROAD_COND_1,ROAD_COND_2,LIGHTING,CONTROL_DEVICE,CHP_ROAD_TYPE,PEDESTRIAN_ACCIDENT,BICYCLE_ACCIDENT,MOTORCYCLE_ACCIDENT,TRUCK_ACCIDENT,NOT_PRIVATE_PROPERTY,ALCOHOL_INVOLVED,STWD_VEHTYPE_AT_FAULT,CHP_VEHTYPE_AT_FAULT,COUNT_SEVERE_INJ,COUNT_VISIBLE_INJ,COUNT_COMPLAINT_PAIN,COUNT_PED_KILLED,COUNT_PED_INJURED,COUNT_BICYCLIST_KILLED,COUNT_BICYCLIST_INJURED,COUNT_MC_KILLED,COUNT_MC_INJURED,PRIMARY_RAMP,SECONDARY_RAMP,LATITUDE,LONGITUDE,COUNTY,CITY,POINT_X,POINT_Y
9431508,2022,2022-04-18,3801,2022-02-28,1204,1518,CENTR,1,5,7,3801,0,0,0,,0,3A44C,"PACIFIC AV","GRANT AV",0.00,,Y,A,-,N,,,,,,,,,,N,3,0,1,2,A,-,10,21950,A,N,G,B,B,A,H,-,A,A,0,Y,,,,Y,,A,01,0,1,0,0,1,0,0,0,0,"- ","- ",,,"SAN FRANCISCO","SAN FRANCISCO",-122.40680694580078,37.796920776367188
9431534,2022,2022-04-11,3801,2022-02-26,1731,2726,RICHM,6,5,7,3801,0,0,0,,0,RICHMO,"GEARY BL","BEAUMONT AV",6.00,E,N,B,-,N,,,,,,,,,,Y,4,0,3,4,C,-,18,,,N,B,C,A,A,H,-,A,D,0,,,,,Y,,-,"- ",0,0,3,0,0,0,0,0,0,"- ","- ",,,"SAN FRANCISCO","SAN FRANCISCO",-122.45527648925781,37.781520843505859
9431561,2022,2022-04-15,3801,2022-03-01,1654,537,PARK,2,5,7,3801,0,0,0,,0,3F13D,"PARNASSUS AV","WILLARD ST",0.00,,Y,A,-,N,,,,,,,,,,Y,4,0,2,2,A,-,08,22107,,N,A,C,A,A,H,-,A,D,0,,,,,Y,,A,01,0,0,2,0,0,0,0,0,0,"- ","- ",,,"SAN FRANCISCO","SAN FRANCISCO",-122.4542236328125,37.764331817626953
9658565,2023,2024-03-30,3801,2023-12-31,1149,LAU933,INGLE,7,5,7,3801,0,0,0,,0,0H5,"MISSION ST","ACTION ST",0.00,,Y,A,-,N,,,,,,,,,,N,4,0,2,3,A,-,08,22107,,N,B,C,A,A,H,-,A,D,0,,,,,Y,,A,01,0,0,2,0,0,0,0,0,0,"- ","- ",,,"SAN FRANCISCO","SAN FRANCISCO",,
91812160,2022,2022-07-07,9335,2022-06-30,1250,022795,,4,1,7,3801,0,1,1,,1,082,"I-80 WESTBOUND","THE SAN FRANCISCO BAY BRIDGE TOLL PLAZA",1267.00,W,N,B,-,Y,ALA,,80,,,1.753,H,,L,Y,4,0,1,1,A,-,08,22107,,N,E,I,A,A,H,-,A,D,0,,,,,Y,,A,01,0,0,1,0,0,0,0,0,0,"- ","- ",37.823738098144531,-122.3179931640625,"SAN FRANCISCO","SAN FRANCISCO",-122.31808471679688,37.823970794677734
91986760,2023,2023-02-06,9335,2023-01-25,1610,023111,,3,2,7,3801,0,1,2,,2,013,"US-101 N/B","CESAR CHAVEZ STREET UNDERCROSSING",600.00,S,N,A,-,Y,SF,,101," "," ",2.893,H,,R,N,4,0,1,2,A,-,03,22350,,N,C,C,A,A,H,-,A,D,0,,,,,Y,,D,22,0,0,1,0,0,0,0,0,0,"- ","- ",37.747730255126953,-122.40409851074219,"SAN FRANCISCO","SAN FRANCISCO",-122.40412902832031,37.747737884521484
92161842,2023,2023-09-04,9335,2023-08-25,1105,022795,,5,1,7,3801,0,1,1,,2,023,"I-280 S/B","MISSION STREET",565.00,S,N,A,-,Y,SF,,280," ",R,3.000,H,,L,Y,3,0,1,2,A,-,01,23152,F,N,B,C,A,A,H,-,A,D,0,,,,,Y,,A,01,0,1,0,0,0,0,0,0,0,"- ","- ",37.732379913330078,-122.43013000488281,"SAN FRANCISCO","SAN FRANCISCO",-122.43013000488281,37.732372283935547
9626269,2023,2023-10-11,3801,2023-09-06,1145,1580,SOUTH,3,5,7,3801,0,0,0,,0,3B12A,"FOLSOM ST","ESSEX ST",0.00,,Y,A,-,N,,,,,,,,,,N,3,0,1,2,A,-,17,21209,A,N,B,G,A,A,H,-,A,A,0,,Y,,,Y,,A,01,0,1,0,0,0,0,1,0,0,"- ","- ",,,"SAN FRANCISCO","SAN FRANCISCO",,
9633730,2023,2023-11-21,3801,2023-10-13,1648,1845,TARAV,5,5,7,3801,0,0,0,,0,3I16D,"ALEMANY BL","SAN JOSE AV",0.00,,Y,A,-,N,,,,,,,,,,N,4,0,1,2,A,-,04,21703,,N,C,C,A,A,H,-,A,A,0,,,,,Y,,A,01,0,0,1,0,0,0,0,0,0,"- ","- ",,,"SAN FRANCISCO","SAN FRANCISCO",,
9633740,2023,2023-11-21,3801,2023-10-10,1952,221,RICHM,2,5,7,3801,0,0,0,,0,3G15D,"47TH AV","FULTON ST",0.00,,Y,C,-,N,,,,,,,,,,Y,4,0,2,2,A,-,03,22350,,N,C,C,A,B,H,-,C,A,0,,,,,Y,,A,01,0,0,2,0,0,0,0,0,0,"- ","- ",,,"SAN FRANCISCO","SAN FRANCISCO",,
9633812,2023,2023-11-22,3801,2023-10-28,2347,2467,BAYVI,6,5,7,3801,0,0,0,,0,3C11E,"CESAR CHAVEZ ST","MISSISSIPPI ST",0.00,,Y,A,-,N,,,,,,,,,,N,4,0,1,2,A,-,03,22350,,F,D,C,A,A,H,-,C,D,0,,,,,Y,,A,01,0,0,1,0,0,0,0,0,0,"- ","- ",,,"SAN FRANCISCO","SAN FRANCISCO",,
9633817,2023,2023-11-22,3801,2023-10-25,1648,2459,SOUTH,3,5,7,3801,0,0,0,,0,3B13D,"8TH ST","NATOMA ST",9.00,E,N,A,-,N,,,,,,,,,,N,4,0,1,2,A,-,12,21453,,N,D,C,-,A,H,-,A,D,0,Y,,,,Y,,N,60,0,0,1,0,1,0,0,0,0,"- ","- ",,,"SAN FRANCISCO","SAN FRANCISCO",-122.412109375,37.776641845703125
9634720,2023,2024-01-26,3801,2023-11-18,2207,1602,BAYVI,6,5,7,3801,0,0,0,,0,3C12E,"BAY SHORE BL","FLOWER ST",516.00,S,N,A,-,N,,,,,,,,,,Y,4,0,1,3,A,-,03,22350,,N,F,E,A,B,H,-,C,A,0,,,,,Y,,A,01,0,0,1,0,0,0,0,0,0,"- ","- ",,,"SAN FRANCISCO","SAN FRANCISCO",-122.40654754638672,37.741275787353516
9573291,2023,2023-05-13,3801,2023-04-17,1400,4335,RICHM,1,5,7,3801,0,0,0,,0,,"PARK PRESIDIO BL","ANZA ST",15.00,N,N,A,-,N,,,,,,,,,,N,4,0,2,2,A,-,04,21703,,N,C,C,A,A,H,-,A,D,0,,,,,Y,,A,01,0,0,2,0,0,0,0,0,0,"- ","- ",,,"SAN FRANCISCO","SAN FRANCISCO",-122.47219085693359,37.778762817382812
9573325,2023,2023-05-11,3801,2023-04-13,1437,2580,TENDE,4,5,7,3801,0,0,0,,0,4CAR,"CYRIL MAGNIN ST","MARKET ST",25.00,N,N,A,-,N,,,,,,,,,,,4,0,1,2,A,-,04,21703,,N,C,C,A,A,H,-,A,A,0,,,,,Y,Y,A,01,0,0,1,0,0,0,0,0,0,"- ","- ",,,"SAN FRANCISCO","SAN FRANCISCO",-122.40812683105469,37.784046173095703
9576020,2023,2023-05-10,3801,2023-04-05,"953 ",4310,TENDE,3,5,7,3801,0,0,0,,0,3J14A,"MCALLISTER ST","CHARLES J BRENHAM ST",0.00,,N,A,-,N,,,,,,,,,,N,4,0,1,2,A,-,08,22101,D,N,G,B,B,A,H,-,A,A,0,Y,,,,Y,,A,01,0,0,1,0,1,0,0,0,0,"- ","- ",,,"SAN FRANCISCO","SAN FRANCISCO",,
9576083,2023,2023-05-10,3801,2023-04-15,"24  ",1113,PARK,6,5,7,3801,0,0,0,,0,3F14E,"CASTRO ST","DUBOCE AV",0.00,,Y,A,-,N,,,,,,,,,,Y,4,0,1,2,A,-,03,22350,,N,B,E,A,A,H,-,C,B,0,,,,,Y,Y,A,01,0,0,1,0,0,0,0,0,0,"- ","- ",,,"SAN FRANCISCO","SAN FRANCISCO",,
9580672,2023,2023-06-20,3801,2023-05-27,1155,715,NORTH,6,5,7,3801,0,0,0,,0,3E12A,"POLK ST","GEARY ST",0.00,,Y,B,-,N,,,,,,,,,,N,4,0,2,2,A,-,00,21228,B,N,H,J,A,A,H,-,A,A,0,,,,,Y,,-,,0,0,2,0,0,0,0,0,0,"- ","- ",,,"SAN FRANCISCO","SAN FRANCISCO",,
9610656,2023,2023-09-08,3801,2023-08-07,"815 ",283,MISSI,1,5,7,3801,0,0,0,,0,0D4,"CAPP ST","24TH ST",177.00,N,N,A,-,N,,,,,,,,,,N,4,0,1,2,A,-,04,21703,,N,C,G,A,A,H,-,A,A,0,,Y,,,Y,,L,04,0,0,1,0,0,0,1,0,0,"- ","- ",,,"SAN FRANCISCO","SAN FRANCISCO",-122.41738128662109,37.752796173095703
9503164,2022,2022-09-29,3801,2022-07-27,2040,426,NORTH,3,5,7,3801,0,0,0,,0,,"GOUGH ST","GEARY BL",0.00,,Y,A,-,N,,,,,,,,,,N,4,0,1,2,A,-,08,22107,,F,B,C,A,A,H,-,C,A,0,,,,,Y,,A,01,0,0,1,0,0,0,0,0,0,"- ","- ",,,"SAN FRANCISCO","SAN FRANCISCO",-122.42469024658203,37.785411834716797
9505979,2022,2022-11-16,3801,2022-10-24,0902,2748,MISSI,1,5,7,3801,0,0,0,,0,005,"14TH ST","VALENCIA ST",0.00,,N,A,-,N,,,,,,,,,,N,3,0,1,2,-,-,"- ",,,N,B,G,A,A,H,-,A,D,0,,Y,,,Y,,-,"- ",0,1,0,0,0,0,1,0,0,"- ","- ",,,"SAN FRANCISCO","SAN FRANCISCO",-122.42218017578125,37.768150329589844
9506534,2022,2022-10-11,3801,2022-09-28,1930,273,CENTR,3,5,7,3801,0,0,0,,0,3A11D,"CALIFORNIA ST","HYDE ST",120.00,W,N,A,-,N,,,,,,,,,,N,4,0,1,2,A,-,11,21955,,F,G,B,D,A,H,-,C,D,0,Y,,Y,,Y,,N,60,0,0,1,0,0,0,0,0,1,"- ","- ",,,"SAN FRANCISCO","SAN FRANCISCO",-122.41780853271484,37.790939331054688
9545463,2023,2023-02-24,3801,2023-01-01,1610,709,BAYVI,7,5,7,3801,0,0,0,,0,3C14D,"SILVER AV","SAN BRUNO AV",0.00,,Y,B,-,N,,,,,,,,,,Y,4,0,2,2,A,-,03,22350,,N,A,C,A,A,H,-,A,A,0,,,,,Y,,A,01,0,0,2,0,0,0,0,0,0,"- ","- ",,,"SAN FRANCISCO","SAN FRANCISCO",,
9554148,2023,2023-03-25,3801,2023-02-18,1640,1909,NORTH,6,5,7,3801,0,0,0,,0,NORTH,"VAN NESS AV",BROADWAY,35.00,S,N,A,-,N,,,,,,,,,,N,3,0,1,2,A,-,03,22350,,N,C,E,A,A,H,-,A,D,0,,,,,Y,,M,94,0,1,0,0,0,0,0,0,0,"- ","- ",,,"SAN FRANCISCO","SAN FRANCISCO",-122.42330932617188,37.795654296875
9561287,2023,2023-04-12,3801,2023-02-26,2045,1680,MISSI,7,5,7,3801,0,0,0,,0,3D13D,"15TH ST","GUERRERO ST",0.00,,Y,A,-,N,,,,,,,,,,N,4,0,1,2,A,-,09,21801,,N,H,-,A,A,H,-,C,A,0,,,Y,,Y,,A,07,0,0,1,0,0,0,0,0,1,"- ","- ",,,"SAN FRANCISCO","SAN FRANCISCO",,
9437727,2022,2022-05-18,3801,2022-04-13,1719,4314,RICHM,3,5,7,3801,0,0,0,,0,0G5,"FULTON ST","47TH AV",47.00,W,N,A,B,N,,,,,,,,,,Y,4,0,1,2,D,-,00,,,N,C,E,A,A,H,-,A,D,0,,,,,Y,,-,"- ",0,0,1,0,0,0,0,0,0,"- ","- ",,,"SAN FRANCISCO","SAN FRANCISCO",-122.50791931152344,37.771484375
9453830,2022,2022-07-28,3801,2022-06-08,0531,1527,RICHM,3,5,7,3801,0,0,0,,0,03G,"CLEMENT ST","2ND AV",0.00,,Y,A,-,N,,,,,,,,,,Y,4,0,1,2,A,-,09,21802,A,N,D,C,A,A,H,-,A,D,0,,,,Y,Y,,A,01,0,0,1,0,0,0,0,0,0,"- ","- ",,,"SAN FRANCISCO","SAN FRANCISCO",-122.46015167236328,37.78314208984375
9453982,2022,2022-07-15,3801,2022-06-05,2330,1207,TENDE,7,5,7,3801,0,0,0,,0,0J5,"OFARRELL ST","LEAVENWORTH ST",0.00,,Y,A,-,N,,,,,,,,,,Y,4,0,1,2,A,-,03,22350,,F,D,C,A,A,H,-,C,D,0,,,,,Y,Y,A,01,0,0,1,0,0,0,0,0,0,"- ","- ",,,"SAN FRANCISCO","SAN FRANCISCO",-122.41461181640625,37.785598754882812
9469542,2023,2023-10-03,3801,2023-08-23,1646,1215,MISSI,3,5,7,3801,0,0,0,,0,006,"HARRISON ST","18TH ST",0.00,,Y,A,-,N,,,,,,,,,,N,4,0,1,2,A,-,09,21801,A,N,D,G,A,A,H,-,A,-,0,,Y,,,Y,,A,01,0,0,1,0,0,0,1,0,0,"- ","- ",,,"SAN FRANCISCO","SAN FRANCISCO",,
9481909,2022,2022-08-08,3801,2022-02-12,1825,1148,MISSI,6,5,7,3801,0,0,0,,0,3D15D,"MISSION ST","ERIE ST",0.00,,Y,A,-,N,,,,,,,,,,N,3,0,1,2,A,-,08,22102,,N,B,G,A,A,H,-,C,D,0,,Y,,,Y,,-,"- ",0,1,0,0,0,0,1,0,0,"- ","- ",,,"SAN FRANCISCO","SAN FRANCISCO",-122.42003631591797,37.769065856933594
9503118,2022,2022-09-21,3801,2022-08-12,1559,1113,PARK,5,5,7,3801,0,0,0,,0,3F13D,"MASONIC AV","GOLDEN GATE AV",0.00,,Y,A,-,N,,,,,,,,,,N,3,0,1,2,A,-,08,22107,,N,D,G,A,A,H,-,A,A,0,,Y,,,Y,,A,01,0,1,0,0,0,0,1,0,0,"- ","- ",,,"SAN FRANCISCO","SAN FRANCISCO",-122.44683837890625,37.777671813964844
9410056,2022,2022-03-17,3801,2022-02-03,1733,2718,BAYVI,4,5,7,3801,0,0,0,,0,3C11D,"3RD ST","24TH ST",0.00,,Y,A,-,N,,,,,,,,,,N,3,0,1,2,A,-,08,22100,B,N,D,G,A,A,H,-,A,A,0,,Y,,,Y,,L,04,0,1,0,0,0,0,1,0,0,"- ","- ",,,"SAN FRANCISCO","SAN FRANCISCO",-122.38800048828125,37.754119873046875
9421309,2022,2022-03-25,3801,2022-02-03,0639,1396,SOUTH,4,5,7,3801,0,0,0,,0,3B13A,"7TH ST","NATOMA ST",0.00,,Y,A,-,N,,,,,,,,,,Y,3,0,1,2,A,-,09,21804,A,N,D,C,A,A,H,-,A,D,0,,,,,Y,,A,01,0,1,0,0,0,0,0,0,0,"- ","- ",,,"SAN FRANCISCO","SAN FRANCISCO",-122.40989685058594,37.778400421142578
9427334,2022,2022-04-19,3801,2022-03-11,1816,1347,NORTH,5,5,7,3801,0,0,0,,0,004,"STEINER ST","CALIFORNIA ST",90.00,S,N,A,-,N,,,,,,,,,,N,3,0,1,2,A,-,09,21804,,N,D,G,A,A,H,-,B,D,0,,Y,,,Y,,A,01,0,1,0,0,0,0,1,0,0,"- ","- ",,,"SAN FRANCISCO","SAN FRANCISCO",-122.43544006347656,37.788467407226562
9427855,2022,2022-04-13,3801,2022-02-01,0635,1810,MISSI,2,5,7,3801,0,0,0,,0,3D00,"22ND ST","TREAT AV",0.00,,Y,-,-,N,,,,,,,,,,N,4,0,1,2,A,-,"- ",,,N,-,-,A,-,-,-,-,-,0,,Y,,,Y,,-,"- ",0,0,1,0,0,0,1,0,0,"- ","- ",,,"SAN FRANCISCO","SAN FRANCISCO",-122.41329193115234,37.755783081054688
9431979,2022,2022-04-19,3801,2022-01-12,0852,1602,SOUTH,3,5,7,3801,0,0,0,,0,SECTR4,"11TH ST","MINNA ST",0.00,,Y,A,-,N,,,,,,,,,,N,4,0,1,2,A,-,12,22450,A,F,G,C,A,A,H,-,A,D,0,,,,,Y,,-,99,0,0,1,0,0,0,0,0,0,"- ","- ",,,"SAN FRANCISCO","SAN FRANCISCO",-122.41657257080078,37.773910522460938
9442108,2022,2022-05-17,3801,2022-04-15,2139,2139,TARAV,5,5,7,3801,0,0,0,,0,901,"SUNSET BL","NORIEGA ST",8.00,N,N,B,-,N,,,,,,,,,,N,2,0,1,2,A,-,00,21456,1,N,G,B,B,A,H,-,C,A,0,Y,,,,Y,,N,60,1,0,0,0,1,0,0,0,0,"- ","- ",,,"SAN FRANCISCO","SAN FRANCISCO",-122.49532318115234,37.753452301025391
91918083,2022,2022-11-15,9335,2022-09-30,1652,022823,,5,2,7,3801,0,1,2,,2,014,"US-101 S/B","23RD ST.",338.00,S,N,A,-,Y,SF,,101,,,3.296,H,,L,Y,3,0,2,4,A,-,03,22350,,N,C,C,A,A,H,-,A,D,0,,,,,Y,,A,01,0,2,0,0,0,0,0,0,0,"- ","- ",37.753509521484375,-122.40299987792969,"SAN FRANCISCO","SAN FRANCISCO",-122.40305328369141,37.753505706787109
92096704,2023,2024-10-09,9335,2023-06-10,2204,023063,,6,3,7,3801,0,1,1,,1,083,"I-80 EASTBOUND","BEALE ST.",72.00,E,N,A,-,Y,SF,,80," "," ",5.742,H,,R,Y,4,0,1,3,A,-,07,21658,A,M,C,C,A,A,H,-,C,D,0,,,,,Y,,-,99,0,0,1,0,0,0,0,0,0,"- ","- ",37.786949157714844,-122.39006042480469,"SAN FRANCISCO","SAN FRANCISCO",-122.38999176025391,37.786903381347656
92101836,2023,2023-06-26,9335,2023-06-17,"655 ",021957,,6,1,7,3801,0,1,1,,2,080,"I-80 WB TO 5TH ST","5TH ST.",190.00,E,N,A,-,Y,SF,,80," "," ",4.878,H,,L,N,4,0,1,2,A,-,01,23152,A,N,E,I,A,A,H,-,A,A,0,,,,,Y,Y,A,01,0,0,1,0,0,0,0,0,0,"- ","- ",37.778980255126953,-122.40072631835938,"SAN FRANCISCO","SAN FRANCISCO",-122.40077972412109,37.779022216796875
9633808,2023,2023-11-22,3801,2023-10-25,"620 ",2362,PARK,3,5,7,3801,0,0,0,,0,2F2A,"LAGUNA HONDA BL","LAWTON ST",1584.00,S,N,A,-,N,,,,,,,,,,Y,2,0,1,1,A,-,03,22350,,N,F,I,A,A,H,-,C,D,0,,,,,Y,,A,01,1,0,0,0,0,0,0,0,0,"- ","- ",,,"SAN FRANCISCO","SAN FRANCISCO",,
9634775,2023,2023-12-19,3801,2023-11-14,1600,4294,NORTH,2,5,7,3801,0,0,0,,0,0E3,"GEARY BL","FRANKLIN ST",0.00,,Y,A,-,N,,,,,,,,,,N,4,0,1,2,A,-,08,22100,B,N,D,C,A,A,H,-,A,A,0,,,Y,,Y,,A,01,0,0,1,0,0,0,0,0,1,"- ","- ",,,"SAN FRANCISCO","SAN FRANCISCO",,
9634784,2023,2024-01-20,3801,2023-11-10,2150,4140,TENDE,5,5,7,3801,0,0,0,,0,3J12E,"4TH ST","STEVENSON ST",0.00,,Y,A,-,N,,,,,,,,,,Y,3,0,1,2,A,-,17,21235,G,N,D,-,A,A,H,-,C,D,0,,,,,Y,Y,M,94,0,1,0,0,0,0,0,0,0,"- ","- ",,,"SAN FRANCISCO","SAN FRANCISCO",,
9641827,2023,2023-12-13,3801,2023-10-30,1133,2180,BAYVI,1,5,7,3801,0,0,0,,0,3C4A,"SHAFTER AV","ELMIRA ST",0.00,,Y,A,-,N,,,,,,,,,,Y,4,0,2,2,A,-,12,22450,A,N,D,C,A,A,H,-,A,A,0,,,,,Y,,A,01,0,0,2,0,0,0,0,0,0,"- ","- ",,,"SAN FRANCISCO","SAN FRANCISCO",,
91688217,2022,2022-01-28,9335,2022-01-01,0255,022486,,6,3,7,3801,0,1,1,,1,083,"I-80 E/B TO TREASURE ISLAND ROAD","TREASURE ISLAND RD",88.00,W,N,A,-,Y,,,,,,,,,,Y,3,0,1,1,A,-,01,23152,A,F,E,I,A,A,H,-,C,D,0,,,,,Y,Y,A,07,0,1,0,0,0,0,0,0,0,"- ","- ",37.8089599609375,-122.36685180664062,"SAN FRANCISCO","SAN FRANCISCO",-122.36685180664062,37.8089599609375
91836731,2022,2022-08-09,9335,2022-08-08,0800,018053,,1,1,7,3801,0,1,1,,1,083,"I-80 E/B","THE WEST EDGE OF YERBA BUENA ISLAND TUNNEL",5280.00,W,N,A,-,Y,SF,,80,,,6.767,H,,R,N,4,0,1,2,A,-,03,22350,,N,C,C,A,A,H,-,A,D,0,,,,,Y,,A,07,0,0,1,0,0,0,0,0,0,"- ","- ",37.798351287841797,-122.37769317626953,"SAN FRANCISCO","SAN FRANCISCO",-122.37758636474609,37.79827880859375
9615806,2023,2023-09-20,3801,2023-07-31,1240,4305,NORTH,1,5,7,3801,0,0,0,,0,0E3,"VAN NESS AV","PINE ST",0.00,,-,A,-,N,,,,,,,,,,,4,0,2,2,A,-,12,21453,,N,D,C,A,A,H,-,A,A,0,,,,,Y,,A,07,0,0,2,0,0,0,0,0,0,"- ","- ",,,"SAN FRANCISCO","SAN FRANCISCO",,
9626294,2023,2023-10-13,3801,2023-09-25,"854 ",4265,INGLE,1,5,7,3801,0,0,0,,0,3H13A,"SILVER AV","CAMBRIDGE ST",0.00,,Y,A,-,N,,,,,,,,,,Y,3,0,5,2,A,-,09,21800,A,N,A,C,A,A,H,-,A,A,0,,,,,Y,,A,01,0,1,4,0,0,0,0,0,0,"- ","- ",,,"SAN FRANCISCO","SAN FRANCISCO",,
9626496,2023,2023-10-23,3801,2023-09-19,1154,2740,TARAV,2,5,7,3801,0,0,0,,0,0I4,"OCEAN AV","SAN LEANDRO WY",0.00,,Y,B,-,N,,,,,,,,,,Y,3,0,1,2,A,-,08,22100,B,N,D,C,A,A,H,-,A,A,0,,,Y,Y,Y,,F,27,0,1,0,0,0,0,0,0,1,"- ","- ",,,"SAN FRANCISCO","SAN FRANCISCO",,
9633717,2023,2023-11-13,3801,2023-10-12,1541,1931,NORTH,4,5,7,3801,0,0,0,,0,3E13D,"POLK ST","GROVE ST",0.00,,Y,A,-,N,,,,,,,,,,N,4,0,1,2,A,-,08,22107,,N,D,G,A,A,H,-,A,A,0,,Y,,,Y,Y,A,01,0,0,1,0,0,0,1,0,0,"- ","- ",,,"SAN FRANCISCO","SAN FRANCISCO",,
9633776,2023,2023-11-27,3801,2023-10-04,1310,2007,CENTR,3,5,7,3801,0,0,0,,0,,BROADWAY,MONTGOMERY,0.00,,Y,A,-,N,,,,,,,,,,Y,2,0,1,2,A,-,03,22350,,N,G,B,F,A,H,-,A,A,0,Y,,,,Y,Y,A,01,1,0,0,0,1,0,0,0,0,"- ","- ",,,"SAN FRANCISCO","SAN FRANCISCO",,
9633797,2023,2024-01-06,3801,2023-10-05,1751,1336,NORTH,4,5,7,3801,0,0,0,,0,0E2,"STEINER ST","EDDY ST",25.00,S,N,A,-,N,,,,,,,,,,N,3,0,1,2,D,-,00,,,N,G,B,D,A,H,-,A,A,0,Y,,,,Y,,-,"- ",0,1,0,0,1,0,0,0,0,"- ","- ",,,"SAN FRANCISCO","SAN FRANCISCO",-122.43394470214844,37.781143188476562
9534722,2022,2023-01-18,3801,2022-10-30,0525,917,TRAFF,7,5,7,3801,0,0,0,,0,4B2E,"FILLMORE ST","MCALLISTER ST",130.00,S,N,A,-,N,,,,,,,,,,Y,2,0,2,5,A,-,03,22350,,N,C,C,A,A,H,-,C,D,0,,,,,Y,,A,01,2,0,0,0,0,0,0,0,0,"- ","- ",,,"SAN FRANCISCO","SAN FRANCISCO",-122.43167877197266,37.778285980224609
9543252,2022,2023-02-06,3801,2022-12-11,2146,1926,NORTH,7,5,7,3801,0,0,0,,0,3E13E,"HAYES ST","STEINER ST",0.00,,Y,B,C,N,,,,,,,,,,N,4,0,1,2,A,-,09,21800,A,N,D,C,A,B,H,-,C,A,0,,,,,Y,,A,01,0,0,1,0,0,0,0,0,0,"- ","- ",,,"SAN FRANCISCO","SAN FRANCISCO",-122.43283081054688,37.775611877441406
9545453,2023,2023-03-01,3801,2023-01-14,1730,2028,BAYVI,6,5,7,3801,0,0,0,,0,3C12D,"CARROLL AV",PHELPS,321.00,W,N,C,-,N,,,,,,,,,,Y,4,0,1,2,A,-,03,22350,,N,H,E,A,B,H,-,C,D,0,,,,,Y,,A,01,0,0,1,0,0,0,0,0,0,"- ","- ",,,"SAN FRANCISCO","SAN FRANCISCO",-122.40175628662109,37.729713439941406
9561344,2023,2023-04-26,3801,2023-03-08,2240,1830,CENTR,3,5,7,3801,0,0,0,,0,3A12E,"SUTTER ST","KEARNY ST",0.00,,Y,A,-,N,,,,,,,,,,N,4,0,1,2,A,-,12,21453,A,N,D,C,A,A,H,-,C,A,0,,,,,Y,,-,"- ",0,0,1,0,0,0,0,0,0,"- ","- ",,,"SAN FRANCISCO","SAN FRANCISCO",,
9591699,2023,2023-07-13,3801,2023-06-23,1545,2400,BAYVI,5,5,7,3801,0,0,0,,0,5CAR,"GILMAN AV","GRIFFITH ST",0.00,,Y,A,-,N,,,,,,,,,,Y,3,0,1,2,A,-,12,22450,A,N,D,C,A,A,H,-,A,A,0,,,Y,,Y,,C,03,0,1,0,0,0,0,0,0,1,"- ","- ",,,"SAN FRANCISCO","SAN FRANCISCO",,
9600291,2023,2023-08-11,3801,2023-07-07,1358,668,NORTH,5,5,7,3801,0,0,0,,0,3E14C,"POLK ST","EDDY ST",0.00,,Y,A,-,N,,,,,,,,,,N,4,0,1,2,A,-,21,22106,,N,B,C,A,A,H,-,A,-,0,,,,,Y,,D,22,0,0,1,0,0,0,0,0,0,"- ","- ",,,"SAN FRANCISCO","SAN FRANCISCO",,
8939701,2023,2024-01-17,3801,2023-12-06,"146 ",262,TRAFF,3,5,7,3801,0,0,0,,0,4BIE,"ELLIS ST","POLK ST",0.00,,Y,A,-,N,,,,,,,,,,N,1,1,0,2,A,-,12,21453,A,F,D,C,A,A,H,-,C,A,0,,,,,Y,,-,99,0,0,0,0,0,0,0,0,0,"- ","- ",,,"SAN FRANCISCO","SAN FRANCISCO",,
91711848,2022,2022-03-01,9335,2022-02-16,1850,021886,,3,2,7,3801,0,1,2,,2,014,"US-101 N/B","18TH ST PED O/C",1131.00,S,N,A,-,Y,SF,,101,,,3.735,H,,R,Y,4,0,3,3,A,-,07,21658,A,N,B,C,A,A,H,-,D,D,0,,,,Y,Y,,A,01,0,0,3,0,0,0,0,0,0,"- ","- ",37.759159088134766,-122.40586090087891,"SAN FRANCISCO","SAN FRANCISCO",-122.40585327148438,37.759162902832031
91729904,2022,2022-03-23,9335,2022-03-12,2035,017672,,6,2,7,3801,0,1,1,,2,080,"I-80 E/B","4TH STREET OFF-RAMP",300.00,W,N,A,-,Y,SF,,80,,,4.857,H,,R,N,3,0,1,1,A,-,03,22350,,N,F,A,A,A,H,-,A,D,0,,,Y,,Y,,C,02,0,1,0,0,0,0,0,0,1,"- ","- ",37.778461456298828,-122.40057373046875,"SAN FRANCISCO","SAN FRANCISCO",-122.40059661865234,37.778480529785156