CASE_ID,ACCIDENT_YEAR,PROC_DATE,JURIS,COLLISION_DATE,COLLISION_TIME,OFFICER_ID,REPORTING_DISTRICT,DAY_OF_WEEK,CHP_SHIFT,POPULATION,CNTY_CITY_LOC,SPECIAL_COND,BEAT_TYPE,CHP_BEAT_TYPE,CITY_DIVISION_LAPD,CHP_BEAT_CLASS,BEAT_NUMBER,PRIMARY_RD,SECONDARY_RD,DISTANCE,DIRECTION,INTERSECTION,WEATHER_1,WEATHER_2,STATE_HWY_IND,CALTRANS_COUNTY,CALTRANS_DISTRICT,STATE_ROUTE,ROUTE_SUFFIX,POSTMILE_PREFIX,POSTMILE,LOCATION_TYPE,RAMP_INTERSECTION,SIDE_OF_HWY,TOW_AWAY,COLLISION_SEVERITY,NUMBER_KILLED,NUMBER_INJURED,PARTY_COUNT,PRIMARY_COLL_FACTOR,PCF_CODE_OF_VIOL,PCF_VIOL_CATEGORY,PCF_VIOLATION,PCF_VIOL_SUBSECTION,HIT_AND_RUN,TYPE_OF_COLLISION,MVIW,PED_ACTION,ROAD_SURFACE,ROAD_COND_1,ROAD_COND_2,LIGHTING,CONTROL_DEVICE,CHP_ROAD_TYPE,PEDESTRIAN_ACCIDENT,BICYCLE_ACCIDENT,MOTORCYCLE_ACCIDENT,TRUCK_ACCIDENT,NOT_PRIVATE_PROPERTY,ALCOHOL_INVOLVED,STWD_VEHTYPE_AT_FAULT,CHP_VEHTYPE_AT_FAULT,COUNT_SEVERE_INJ,COUNT_VISIBLE_INJ,COUNT_COMPLAINT_PAIN,COUNT_PED_KILLED,COUNT_PED_INJURED,COUNT_BICYCLIST_KILLED,COUNT_BICYCLIST_INJURED,COUNT_MC_KILLED,COUNT_MC_INJURED,PRIMARY_RAMP,SECONDARY_RAMP,LATITUDE,LONGITUDE,COUNTY,CITY,POINT_X,POINT_Y
91729953,2022,2022-03-23,9335,2022-03-11,2150,022486,,5,2,7,3801,0,1,1,,2,080,"I-80 W/B","6TH STREET",50.00,E,N,A,-,Y,SF,,80,,,4.671,H,,L,Y,4,0,2,2,A,-,07,21658,A,N,C,C,A,A,H,-,C,D,0,,,,,Y,,A,01,0,0,2,0,0,0,0,0,0,"- ","- ",37.77703857421875,-122.40364837646484,"SAN FRANCISCO","SAN FRANCISCO",-122.40361785888672,37.777004241943359
91739228,2022,2022-04-01,9335,2022-03-23,1816,018688,,3,2,7,3801,0,1,1,,1,081,"I-80 W/B","YERBA BUENA ISLAND TUNNEL (WEST EDGE)",355.00,W,N,A,-,Y,SF,,80,,,7.647,H,,L,N,4,0,2,2,A,-,03,22350,,N,C,C,A,A,H,-,A,D,0,,,,,Y,,A,01,0,0,2,0,0,0,0,0,0,"- ","- ",37.808139801025391,-122.36705780029297,"SAN FRANCISCO","SAN FRANCISCO",-122.36707305908203,37.808147430419922
91743609,2022,2022-04-07,9335,2022-03-29,1440,022823,,2,2,7,3801,0,1,2,,2,014,"US-101 NB","17TH ST",70.00,N,N,A,-,Y,SF,,101,,,4.150,H,,R,Y,4,0,1,3,A,-,03,22350,,N,C,C,A,A,H,-,A,D,0,,,,,Y,,D,22,0,0,1,0,0,0,0,0,0,"- ","- ",37.764881134033203,-122.40489959716797,"SAN FRANCISCO","SAN FRANCISCO",-122.4049072265625,37.764881134033203
91747389,2022,2022-04-13,9335,2022-04-06,1845,022007,,3,2,7,3801,0,1,1,,1,083,"I-80 E/B","EAST EDGE OF YERBA BUENA ISLAND TUNNEL",269.00,E,N,A,-,Y,SF,,80,,,7.869,H,,R,N,4,0,2,3,A,-,03,22350,,N,C,C,A,A,H,-,A,D,0,,,,,Y,,A,01,0,0,2,0,0,0,0,0,0,"- ","- ",37.810691833496094,-122.36443328857422,"SAN FRANCISCO","SAN FRANCISCO",-122.36446380615234,37.810710906982422
91765728,2022,2022-05-05,9335,2022-05-01,1615,019799,,7,2,7,3801,0,1,1,,1,083,"I-80 E/B","TREASURE ISLAND TUNNEL",150.00,W,N,A,-,Y,SF,,80,,,7.654,H,,R,Y,4,0,1,1,A,-,03,22350,,N,E,8,A,A,H,-,A,D,0,,,,,Y,,A,01,0,0,1,0,0,0,0,0,0,"- ","- ",37.808311462402344,-122.36714172363281,"SAN FRANCISCO","SAN FRANCISCO",-122.36700439453125,37.808235168457031
91773751,2022,2022-05-17,9335,2022-05-05,0008,022860,,4,3,7,3801,0,1,1,,2,080,"I-80 E/B","7TH STREET UNDERCROSSING",370.00,E,N,A,-,Y,SF,,80,,,4.557,H,,R,N,4,0,1,3,A,-,01,23152,A,N,C,C,A,A,C,-,C,D,0,,,,,Y,Y,D,22,0,0,1,0,0,0,0,0,0,"- ","- ",37.775909423828125,-122.40496826171875,"SAN FRANCISCO","SAN FRANCISCO",-122.40494537353516,37.775890350341797
91779550,2022,2022-05-24,9335,2022-05-16,0950,020461,,1,1,7,3801,0,1,1,,2,023,"I-280 N/B","MISSION ST",350.00,S,N,A,-,Y,SF,,280,,R,3.039,H,,R,Y,3,0,3,3,A,-,08,22107,,N,D,C,A,A,H,-,A,D,0,,,,,Y,,A,07,0,3,0,0,0,0,0,0,0,"- ","- ",37.732101440429688,-122.42949676513672,"SAN FRANCISCO","SAN FRANCISCO",-122.42949676513672,37.732101440429688
91783605,2022,2022-05-27,9350,2022-05-27,0825,022432,,5,1,7,3801,0,1,2,,2,010,"US-101 N/B","GIRARD RD",500.00,S,N,A,-,Y,SF,,101,,R,8.196,H,,R,Y,3,0,1,1,A,-,08,22107,,N,E,I,A,A,H,-,A,D,0,,,,,Y,,A,01,0,1,0,0,0,0,0,0,0,"- ","- ",37.802448272705078,-122.44992828369141,"SAN FRANCISCO","SAN FRANCISCO",-122.44988250732422,37.802482604980469
91785063,2022,2022-05-31,9335,2022-05-22,0249,022271,,7,3,7,3801,0,1,1,,1,083,"I-80 E/B","THE EAST EDGE OF TREASURE ISLAND TUNNEL",700.00,E,N,A,-,Y,SF,,80,,R,7.903,H,,R,Y,4,0,1,2,A,-,03,22350,,N,C,C,A,A,H,-,C,D,0,,,,,Y,,A,01,0,0,1,0,0,0,0,0,0,"- ","- ",37.811080932617188,-122.36405181884766,"SAN FRANCISCO","SAN FRANCISCO",-122.36408996582031,37.811103820800781
91792069,2022,2022-06-09,9335,2022-05-29,1700,022802,,7,2,7,3801,0,1,2,,2,013,"US-101 S/B TO I-280 SB","THE CORTLAND AVE U/C",310.00,S,N,A,-,Y,SF,,101,,,2.214,H,,L,Y,4,0,1,3,A,-,03,22350,,N,C,C,A,A,H,-,A,D,0,,,,,Y,,A,07,0,0,1,0,0,0,0,0,0,"- ","- ",37.738731384277344,-122.40825653076172,"SAN FRANCISCO","SAN FRANCISCO",-122.40816497802734,37.738731384277344
91801011,2022,2022-06-22,9335,2022-06-21,0605,022032,,2,1,7,3801,0,1,1,,1,083,"I-80 E/B","YERBA BUENA TUNNEL WEST EDGE",1300.00,W,N,A,-,Y,SF,,80,,,7.397,H,,R,Y,4,0,2,3,A,-,07,21658,A,N,B,2,A,A,H,-,A,D,0,,,,Y,Y,,A,01,0,0,2,0,0,0,0,0,0,"- ","- ",37.805259704589844,-122.36994171142578,"SAN FRANCISCO","SAN FRANCISCO",-122.37001800537109,37.805313110351562
91804318,2022,2022-06-27,9335,2022-06-26,2345,022468,,7,3,7,3801,0,1,1,,1,083,"I-80 E/B","NORTHGATE RD",2059.00,E,N,A,-,Y,SF,,80,,R,8.355,H,,R,N,4,0,2,2,A,-,03,22350,,N,C,C,A,A,H,-,C,D,0,,,,,Y,,A,07,0,0,2,0,0,0,0,0,0,"- ","- ",37.81536865234375,-122.35784912109375,"SAN FRANCISCO","SAN FRANCISCO",-122.35797119140625,37.815513610839844
91804421,2022,2022-06-27,9335,2022-06-18,1400,017672,,6,2,7,3801,0,1,1,,1,083,"I-80 E/B","SFOBB CENTER ANCHORAGE",816.00,W,N,A,-,Y,SF,,80,,,6.595,H,,R,N,4,0,1,2,A,-,03,22350,,F,C,C,A,A,H,-,A,D,0,,,,,Y,,-,99,0,0,1,0,0,0,0,0,0,"- ","- ",37.7965087890625,-122.37985992431641,"SAN FRANCISCO","SAN FRANCISCO",-122.37966156005859,37.796375274658203
91809778,2022,2022-07-04,9335,2022-06-24,1520,021222,,5,2,7,3801,0,1,1,,2,022,"I-280 SOUTHBOUND TO GENEVA AVENUE","GENEVA AVENUE",30.00,N,N,A,-,Y,SF,,280,,R,1.671,H,,L,Y,4,0,4,5,A,-,03,22350,,N,C,C,A,A,H,-,A,D,0,,,,,Y,,A,01,0,0,4,0,0,0,0,0,0,"- ","- ",37.721641540527344,-122.44841003417969,"SAN FRANCISCO","SAN FRANCISCO",-122.44818115234375,37.72161865234375
91814693,2022,2022-07-18,9335,2022-06-26,2018,021222,,7,2,7,3801,0,1,1,,1,083,"I-80 EASTBOUND","PHYSICAL GORE POINT OF I-80 EASTBOUND TO TREASURE",30.00,W,N,A,-,Y,SF,,80,,,7.654,H,,R,N,3,0,2,2,A,-,07,21658,A,F,B,C,A,A,H,-,C,D,0,,,,,Y,,A,01,0,2,0,0,0,0,0,0,0,"- ","- ",37.808300018310547,-122.36711883544922,"SAN FRANCISCO","SAN FRANCISCO",-122.36699676513672,37.808235168457031
91816312,2022,2022-07-13,9335,2022-04-09,0155,022241,,6,3,7,3801,0,1,2,,2,015,"US-101 S/B TO I-80 E/B","DIVISION STREET UNDERCROSSING",135.00,S,N,A,-,Y,SF,,80,,L,4.130,H,,R,Y,3,0,2,2,A,-,08,22107,,F,E,8,A,A,H,-,C,D,0,,,,,Y,Y,A,01,0,1,1,0,0,0,0,0,0,"- ","- ",37.770149230957031,-122.40540313720703,"SAN FRANCISCO","SAN FRANCISCO",-122.40543365478516,37.770145416259766
91824641,2022,2022-07-26,9335,2022-07-19,2100,021588,,2,2,7,3801,0,1,1,,1,081,"I-80 WESTBOUND TO FREMONT/FOLSOM STREET","FOLSOM STREET",580.00,E,N,A,-,Y,,,,,,,,,,N,4,0,1,1,A,-,08,22107,,N,E,I,A,A,H,-,C,D,0,,,,,Y,,A,01,0,0,1,0,0,0,0,0,0,"- ","- ",37.785179138183594,-122.39425659179688,"SAN FRANCISCO","SAN FRANCISCO",-122.39425659179688,37.785179138183594
91844463,2022,2022-08-19,9335,2022-08-12,1846,022860,,5,2,7,3801,0,1,2,,2,013,"US-101 N/B","FAITH ST PEDESTRIAN OVERCROSSING",1165.00,N,N,A,-,Y,SF,,101,,,2.837,H,,R,N,3,0,1,4,A,-,03,22350,,N,C,C,A,A,H,-,A,D,0,,,,,Y,,A,01,0,1,0,0,0,0,0,0,0,"- ","- ",37.746971130371094,-122.40447235107422,"SAN FRANCISCO","SAN FRANCISCO",-122.40438842773438,37.746952056884766
91846335,2022,2022-10-31,9335,2022-08-17,1255,021328,,3,1,7,3801,0,1,1,,2,024,"I-280 N/B TO 6TH ST.","16TH ST. UNDERCROSSING",745.00,N,N,A,-,Y,SF,,280,,T,7.016,H,,R,N,4,0,2,2,A,-,07,21658,A,N,C,C,A,A,H,-,A,D,0,,,,Y,Y,,A,01,0,0,2,0,0,0,0,0,0,"- ","- ",37.7681884765625,-122.39633941650391,"SAN FRANCISCO","SAN FRANCISCO",-122.39637756347656,37.768161773681641
91853031,2022,2022-08-30,9350,2022-08-14,0034,022606,,7,3,7,3801,0,1,2,,1,120,"US-101 N/B","CONZELMAN RD. U/C",2060.00,S,N,A,-,Y,,,,,,,,,,Y,2,0,2,2,A,-,01,23152,A,N,C,C,A,A,H,-,C,D,0,,,Y,,Y,Y,C,02,1,0,1,0,0,0,0,0,1,"- ","- ",37.824859619140625,-122.47908782958984,"SAN FRANCISCO","SAN FRANCISCO",-122.47933959960938,37.824825286865234
91854134,2022,2022-08-31,9335,2022-08-26,0843,019581,,5,1,7,3801,0,1,1,,2,023,"I-280 N/B TO US-101 N/B","SAN BRUNO AVE.",1000.00,S,N,A,-,Y,SF,,280,,R,4.125,H,,R,Y,3,0,1,3,A,-,03,22350,,N,C,C,A,A,A,H,A,D,0,,,,,Y,,A,01,0,1,0,0,0,0,0,0,0,"- ","- ",37.734001159667969,-122.41045379638672,"SAN FRANCISCO","SAN FRANCISCO",-122.41041564941406,37.733932495117188
91856795,2022,2022-09-05,9335,2022-08-30,0650,018804,,2,1,7,3801,0,1,1,,1,081,"I-80 W/B","SPEAR STREET",1014.00,E,N,A,-,Y,SF,,80,,,6.047,H,,L,N,3,0,1,2,A,-,03,22350,,N,C,C,A,A,H,-,A,D,0,,,Y,,Y,,C,02,0,1,0,0,0,0,0,0,1,"- ","- ",37.790210723876953,-122.38616943359375,"SAN FRANCISCO","SAN FRANCISCO",-122.38629150390625,37.790294647216797
91857014,2022,2022-09-05,9335,2022-08-28,2048,023065,,7,2,7,3801,0,1,1,,2,080,"I-80 WB","9TH STREET OFF-RAMP",600.00,E,N,A,-,Y,SF,,80,,,4.589,H,,L,N,4,0,1,3,A,-,03,22350,,N,C,C,A,A,H,-,C,D,0,,,,,Y,,A,07,0,0,1,0,0,0,0,0,0,"- ","- ",37.776329040527344,-122.40489196777344,"SAN FRANCISCO","SAN FRANCISCO",-122.40483856201172,37.776279449462891
91866650,2022,2022-09-16,9335,2022-09-12,1015,018053,,1,1,7,3801,0,1,1,,2,080,"I-80 E/B TO 4TH STREET","4TH STREET",420.00,W,N,A,-,Y,SF,,80,,,4.920,H,,R,N,4,0,1,2,A,-,03,22350,,N,C,C,A,A,H,-,A,D,0,,,,,Y,,A,01,0,0,1,0,0,0,0,0,0,"- ","- ",37.779048919677734,-122.39967346191406,"SAN FRANCISCO","SAN FRANCISCO",-122.39980316162109,37.779148101806641
91876836,2022,2022-09-29,9335,2022-09-24,0010,022667,,6,3,7,3801,0,1,2,,2,014,"US-101 N/B TO I-80 E/B","16TH ST U/C",30.00,N,N,A,-,Y,SF,,101,,,4.236,H,,R,Y,3,0,1,1,A,-,01,23152,A,N,E,I,A,A,H,-,C,D,0,,,,,Y,Y,A,01,0,1,0,0,0,0,0,0,0,"- ","- ",37.766109466552734,-122.40495300292969,"SAN FRANCISCO","SAN FRANCISCO",-122.40504455566406,37.766101837158203
91876866,2022,2022-09-29,9335,2022-09-25,0250,022667,,7,3,7,3801,0,1,1,,2,080,"I-80 E/B","8TH ST U/C",230.00,W,N,A,-,Y,SF,,80,,,4.217,H,,R,Y,3,0,2,1,A,-,08,22107,,N,E,8,A,A,H,-,C,D,0,,,,,Y,Y,A,01,0,1,1,0,0,0,0,0,0,"- ","- ",37.771381378173828,-122.40592956542969,"SAN FRANCISCO","SAN FRANCISCO",-122.40601348876953,37.771343231201172
91886049,2022,2022-10-10,9335,2022-10-01,2255,022703,,6,3,7,3801,0,1,2,,2,015,"US-101 SOUTHBOUND TO I-80 EASTBOUND","DIVISION STREET.",60.00,N,N,A,-,Y,SF,,80,,L,4.070,H,,R,Y,3,0,1,1,A,-,08,22107,,N,E,I,A,A,H,-,C,A,0,,,Y,,Y,,C,02,0,1,0,0,0,0,0,0,1,"- ","- ",37.769508361816406,-122.40543365478516,"SAN FRANCISCO","SAN FRANCISCO",-122.40548706054688,37.769527435302734
91886233,2022,2022-10-10,9335,2022-10-03,0600,019949,,1,1,7,3801,0,1,1,,2,024,"I-280 N/B","CESAR CHAVEZ ST",500.00,N,N,A,-,Y,SF,,280,,R,5.747,H,,R,N,4,0,1,1,A,-,08,22107,,N,E,I,A,A,H,-,A,D,0,,,,,Y,,A,07,0,0,1,0,0,0,0,0,0,"- ","- ",37.751918792724609,-122.39129638671875,"SAN FRANCISCO","SAN FRANCISCO",-122.39125061035156,37.751914978027344
91897859,2022,2022-10-24,9335,2022-10-13,1500,023065,,4,2,7,3801,0,1,1,,2,080,"I-80 EASTBOUND","THE PHYSICAL GORE POINT OF THE 4TH STREET OFF-RAMP",230.00,W,N,A,-,Y,SF,,80,,,4.870,H,,R,N,4,0,2,2,A,-,07,21658,A,N,B,C,A,A,H,-,A,D,0,,,,Y,Y,,F,26,0,0,2,0,0,0,0,0,0,"- ","- ",37.778579711914062,-122.400390625,"SAN FRANCISCO","SAN FRANCISCO",-122.40043640136719,37.778614044189453
91905521,2022,2022-10-31,9335,2022-10-20,1142,023067,,4,1,7,3801,0,1,2,,2,014,"US-101 SOUTHBOUND","17TH STREET",51.00,N,N,A,-,Y,SF,,101,,,4.149,H,,L,N,4,0,1,2,A,-,07,21658,A,N,B,C,A,A,H,-,A,D,0,,,,Y,Y,,F,25,0,0,1,0,0,0,0,0,0,"- ","- ",37.764839172363281,-122.40515899658203,"SAN FRANCISCO","SAN FRANCISCO",-122.40515899658203,37.764839172363281
91905746,2022,2022-10-31,9335,2022-10-23,0700,023063,,7,1,7,3801,0,1,1,,2,080,"I-80 WB TO 5TH ST OFF","5TH ST.",112.00,E,N,A,-,Y,,,,,,,,,,Y,4,0,1,2,A,-,03,22350,,M,C,C,A,A,H,-,B,A,0,,,,,Y,,A,01,0,0,1,0,0,0,0,0,0,"- ","- ",37.779060363769531,-122.40126800537109,"SAN FRANCISCO","SAN FRANCISCO",-122.40126800537109,37.779060363769531
91906459,2022,2022-11-01,9335,2022-10-27,1448,022920,,4,2,7,3801,0,1,2,,2,012,"US-101 S/B","THE MILLBRAE AVENUE OVERCROSSING",1695.00,N,N,A,-,Y,SM,,101,,,18.269,H,,L,Y,4,0,1,2,A,-,07,21658,A,N,B,C,A,A,H,-,A,D,0,,,,,Y,,A,01,0,0,1,0,0,0,0,0,0,"- ","- ",37.605491638183594,-122.38520050048828,"SAN FRANCISCO","SAN FRANCISCO",-122.38516235351562,37.60552978515625
91914999,2022,2022-11-10,9350,2022-11-05,0725,022432,,6,1,7,3801,0,1,2,,2,010,"US-101 N/B TO SR-1 S/B","LINCOLN AVE",1584.00,S,N,C,-,Y,SF,,101,,R,9.390,H,,R,Y,4,0,1,1,A,-,03,22350,,N,E,I,A,B,H,-,A,D,0,,,,,Y,,A,07,0,0,1,0,0,0,0,0,0,"- ","- ",37.803779602050781,-122.47075653076172,"SAN FRANCISCO","SAN FRANCISCO",-122.47081756591797,37.803703308105469
91915673,2022,2022-11-11,9335,2022-11-08,0353,021301,,2,3,7,3801,0,1,1,,2,023,"I-280 S/B","SAN JOSE AVE OVER-CROSSING",36.00,N,N,C,-,Y,SF,,280,,R,1.479,H,,L,Y,3,0,1,1,A,-,01,23152,A,N,E,I,A,B,H,-,C,D,0,,,,,Y,Y,A,01,0,1,0,0,0,0,0,0,0,"- ","- ",37.71875,-122.44847106933594,"SAN FRANCISCO","SAN FRANCISCO",-122.44853973388672,37.718753814697266
91917226,2022,2022-11-14,9335,2022-11-05,1535,019799,,6,2,7,3801,0,1,1,,1,081,"I-80 W/B","SFOBB TOWER #3",85.00,E,N,B,-,Y,SF,,80,,,6.539,H,,L,Y,3,0,1,2,A,-,03,22350,,N,C,C,A,B,H,-,A,D,0,,,Y,,Y,,C,02,0,1,0,0,0,0,0,0,1,"- ","- ",37.795700073242188,-122.38025665283203,"SAN FRANCISCO","SAN FRANCISCO",-122.38034057617188,37.795753479003906
91922899,2022,2022-11-21,9335,2022-11-12,1825,022823,,6,2,7,3801,0,1,2,,2,013,"US-101 N/B","CORTLAND AVENUE",405.00,N,N,A,-,Y,SF,,101,,,2.360,H,,R,N,4,0,1,2,A,-,03,22350,,N,C,C,A,A,H,-,C,D,0,,,,,Y,,A,07,0,0,1,0,0,0,0,0,0,"- ","- ",37.740779876708984,-122.40767669677734,"SAN FRANCISCO","SAN FRANCISCO",-122.40773773193359,37.740791320800781
91937325,2022,2022-12-08,9335,2022-12-05,0745,020658,,1,1,7,3801,0,1,1,,1,081,"I-80 W/B","SPEAR STREET",1056.00,E,N,A,-,Y,SF,,80,,,6.062,H,,L,Y,3,0,2,3,A,-,03,22350,,N,C,C,A,B,H,-,A,D,0,,,,,Y,,A,01,0,2,0,0,0,0,0,0,0,"- ","- ",37.790550231933594,-122.38625335693359,"SAN FRANCISCO","SAN FRANCISCO",-122.38611602783203,37.790458679199219
91938216,2022,2022-12-09,9335,2022-12-06,0745,020658,,2,1,7,3801,0,1,1,,2,023,"I-280 N/B","MISSION STREET",370.00,S,N,A,-,Y,SF,,280,,R,3.030,H,,R,N,3,0,1,3,A,-,03,22350,,M,C,C,A,B,H,-,A,D,0,,,,,Y,,-,99,0,1,0,0,0,0,0,0,0,"- ","- ",37.732128143310547,-122.42964172363281,"SAN FRANCISCO","SAN FRANCISCO",-122.42964172363281,37.732124328613281
91938261,2022,2022-12-09,9335,2022-12-01,0835,022920,,4,1,7,3801,0,1,1,,2,021,"I-280 N/B","THE SCHOOL STREET OVERCROSSING",752.00,S,N,B,C,Y,SM,,280,,R,26.200,H,,R,Y,4,0,1,2,A,-,03,22350,,N,B,I,A,B,H,-,A,D,0,,,,Y,Y,,A,07,0,0,1,0,0,0,0,0,0,"- ","- ",37.691150665283203,-122.47042846679688,"SAN FRANCISCO","SAN FRANCISCO",-122.47024536132812,37.691150665283203
91960955,2022,2023-01-05,9335,2022-12-31,2300,022823,,6,3,7,3801,0,1,2,,2,013,"US-101 N/B TO CESAR CHAVEZ ST.","BAYSHORE BLVD.",35.00,E,N,A,-,Y,,,,,,,,,,Y,4,0,1,3,A,-,01,23152,A,F,C,C,A,A,H,-,C,A,0,,,,,Y,Y,A,08,0,0,1,0,0,0,0,0,0,"- ","- ",37.746940612792969,-122.40386962890625,"SAN FRANCISCO","SAN FRANCISCO",-122.40386962890625,37.746940612792969
91973685,2023,2023-01-23,9335,2023-01-12,1215,023119,,4,1,7,3801,0,1,1,,2,022,"I-280 S/B TO OCEAN AVE","OCEAN AVE O/C",918.00,N,N,A,-,Y,SF,,280," ",R,1.944,H,,L,N,4,0,1,2,A,-,03,22350,,N,C,C,A,A,H,-,A,D,0,,,,,Y,,E,22,0,0,1,0,0,0,0,0,0,"- ","- ",37.725460052490234,-122.4468994140625,"SAN FRANCISCO","SAN FRANCISCO",-122.44672393798828,37.725379943847656
91978314,2023,2023-01-26,9335,2023-01-17,1153,023167,,2,1,7,3801,0,1,2,,2,013,"US 101 N/B TO 3RD STREET","3RD STREET OVERCROSSING",883.00,S,N,A,-,Y,SF,,101," "," ",0.389,H,,R,Y,2,0,2,1,A,-,01,23152,A,N,E,I,A,A,H,-,A,D,0,,,,,Y,Y,A,07,1,1,0,0,0,0,0,0,0,"- ","- ",37.713951110839844,-122.39665985107422,"SAN FRANCISCO","SAN FRANCISCO",-122.39688873291016,37.713829040527344
91981359,2023,2023-01-30,9335,2023-01-17,1518,023111,,2,2,7,3801,0,1,1,,1,081,"I-80 W/B","THE EMBARCADERO UNDERCROSSING",8428.00,E,N,A,-,Y,SF,,80," "," ",7.505,H,,L,N,4,0,1,2,A,-,03,22350,,M,C,C,A,A,H,-,A,D,0,,,,,Y,,-,99,0,0,1,0,0,0,0,0,0,"- ","- ",37.806671142578125,-122.36892700195312,"SAN FRANCISCO","SAN FRANCISCO",-122.36872100830078,37.806529998779297
91991165,2023,2023-02-10,9335,2023-01-28,2026,023082,,6,2,7,3801,0,1,1,,2,022,"I-280 NORTHBOUND TO 19TH AVENUE","JOHN DALY BOULEVARD OVERCROSSING",690.00,S,N,A,-,Y,SM,,280," ",M,27.019,H,,R,Y,4,0,3,2,A,-,07,21658,A,N,C,C,A,A,H,-,C,D,0,,,,,Y,,A,01,0,0,3,0,0,0,0,0,0,"- ","- ",37.702960968017578,-122.47148895263672,"SAN FRANCISCO","SAN FRANCISCO",-122.4713134765625,37.702953338623047
91991625,2023,2023-02-10,9335,2023-01-31,"915 ",021957,,2,1,7,3801,0,1,2,,2,013,"US-101 S/B","BACON ST. UNDER-CROSSING",495.00,S,N,A,-,Y,SF,,101," "," ",1.318,H,,L,Y,4,0,4,2,A,-,03,22350,,N,C,C,A,A,H,-,A,D,0,,,,,Y,,A,01,0,0,4,0,0,0,0,0,0,"- ","- ",37.726459503173828,-122.40245056152344,"SAN FRANCISCO","SAN FRANCISCO",-122.40243530273438,37.726463317871094
91992537,2022,2023-02-13,9335,2022-04-27,2040,022823,,3,2,7,3801,0,1,2,,2,013,"US-101 SB FROM CESAR CHAVEZ ST.","CESAR CHAVEZ ST. UNDERCROSSING",511.00,S,N,A,-,Y,SF,,101,,,2.894,H,,L,N,3,0,2,2,A,-,08,22107,,F,E,I,A,A,H,-,C,D,0,,,,,Y,,A,01,0,1,1,0,0,0,0,0,0,"- ","- ",37.747879028320312,-122.40451049804688,"SAN FRANCISCO","SAN FRANCISCO",-122.40430450439453,37.747837066650391
91993170,2023,2023-02-13,9335,2023-02-05,"120 ",022096,,7,3,7,3801,0,1,2,,2,013,"US-101 N/B","CORTLAND AVE",370.00,N,N,B,-,Y,SF,,101," "," ",2.351,H,,R,Y,4,0,5,2,A,-,01,23152,A,N,C,C,A,B,H,-,D,D,0,,,,,Y,Y,A,01,0,0,5,0,0,0,0,0,0,"- ","- ",37.740669250488281,-122.40776062011719,"SAN FRANCISCO","SAN FRANCISCO",-122.40777587890625,37.740673065185547
92009207,2023,2023-03-03,9335,2023-02-23,1850,022525,,4,2,7,3801,0,1,1,,2,023,"I-280 S/B",US-101,2112.00,S,N,C,-,Y,SF,,280," ",R,3.933,H,,L,N,4,0,1,2,A,-,03,22350,,N,C,C,A,B,H,-,C,D,0,,,,,Y,,A,01,0,0,1,0,0,0,0,0,0,"- ","- ",37.732791900634766,-122.41345977783203,"SAN FRANCISCO","SAN FRANCISCO",-122.41348266601562,37.732822418212891
92019563,2023,2023-03-16,9335,2023-03-07,"440 ",023119,,2,3,7,3801,0,1,1,,2,080,"I-80 WB TO 5TH STREET","5TH STREET",230.00,E,N,B,-,Y,SF,,80," "," ",4.879,H,,L,Y,4,0,1,1,A,-,03,22350,,N,E,8,A,B,H,-,C,A,0,,,,,Y,,A,01,0,0,1,0,0,0,0,0,0,"- ","- ",37.778980255126953,-122.40071105957031,"SAN FRANCISCO","SAN FRANCISCO",-122.40077209472656,37.779029846191406