CASE_ID,ACCIDENT_YEAR,PROC_DATE,JURIS,COLLISION_DATE,COLLISION_TIME,OFFICER_ID,REPORTING_DISTRICT,DAY_OF_WEEK,CHP_SHIFT,POPULATION,CNTY_CITY_LOC,SPECIAL_COND,BEAT_TYPE,CHP_BEAT_TYPE,CITY_DIVISION_LAPD,CHP_BEAT_CLASS,BEAT_NUMBER,PRIMARY_RD,SECONDARY_RD,DISTANCE,DIRECTION,INTERSECTION,WEATHER_1,WEATHER_2,STATE_HWY_IND,CALTRANS_COUNTY,CALTRANS_DISTRICT,STATE_ROUTE,ROUTE_SUFFIX,POSTMILE_PREFIX,POSTMILE,LOCATION_TYPE,RAMP_INTERSECTION,SIDE_OF_HWY,TOW_AWAY,COLLISION_SEVERITY,NUMBER_KILLED,NUMBER_INJURED,PARTY_COUNT,PRIMARY_COLL_FACTOR,PCF_CODE_OF_VIOL,PCF_VIOL_CATEGORY,PCF_VIOLATION,PCF_VIOL_SUBSECTION,HIT_AND_RUN,TYPE_OF_COLLISION,MVIW,PED_ACTION,ROAD_SURFACE,ROAD_COND_1,ROAD_COND_2,LIGHTING,CONTROL_DEVICE,CHP_ROAD_TYPE,PEDESTRIAN_ACCIDENT,BICYCLE_ACCIDENT,MOTORCYCLE_ACCIDENT,TRUCK_ACCIDENT,NOT_PRIVATE_PROPERTY,ALCOHOL_INVOLVED,STWD_VEHTYPE_AT_FAULT,CHP_VEHTYPE_AT_FAULT,COUNT_SEVERE_INJ,COUNT_VISIBLE_INJ,COUNT_COMPLAINT_PAIN,COUNT_PED_KILLED,COUNT_PED_INJURED,COUNT_BICYCLIST_KILLED,COUNT_BICYCLIST_INJURED,COUNT_MC_KILLED,COUNT_MC_INJURED,PRIMARY_RAMP,SECONDARY_RAMP,LATITUDE,LONGITUDE,COUNTY,CITY,POINT_X,POINT_Y
92021237,2023,2023-03-17,9335,2023-03-13,1120,021957,,1,1,7,3801,0,1,2,,2,013,"US-101 SB","BLANKEN AVE. UNDERCROSSING",133.00,S,N,B,-,Y,SF,,101," "," ",0.149,H,,L,N,3,0,2,2,A,-,03,22350,,N,C,C,A,A,H,-,A,D,0,,,,,Y,,A,01,0,1,1,0,0,0,0,0,0,"- ","- ",37.710521697998047,-122.39552307128906,"SAN FRANCISCO","SAN FRANCISCO",-122.39561462402344,37.710506439208984
92032893,2023,2023-03-30,9335,2023-03-21,1623,023121,,2,2,7,3801,0,1,1,,1,083,"I-80 E/B","CECTER ANCHORAGE",554.00,E,N,C,G,Y,SF,,80," "," ",6.878,H,,R,Y,2,0,1,1,C,-,18,,,N,F,A,A,A,H,-,A,D,0,,,,Y,Y,,-,"- ",1,0,0,0,0,0,0,0,0,"- ","- ",37.799610137939453,-122.37638092041016,"SAN FRANCISCO","SAN FRANCISCO",-122.37624359130859,37.799514770507812
92044389,2023,2023-04-13,9335,2023-04-11,1445,023121,,2,2,7,3801,0,1,2,,2,013,"US-101 N/B","PAUL AVENUE",646.00,S,N,A,-,Y,SF,,101," "," ",0.997,H,,R,Y,4,0,1,3,A,-,03,22350,,N,C,2,A,A,H,-,A,D,0,,,,,Y,,A,01,0,0,1,0,0,0,0,0,0,"- ","- ",37.722030639648438,-122.400390625,"SAN FRANCISCO","SAN FRANCISCO",-122.40040588378906,37.722026824951172
92046957,2023,2023-04-17,9335,2023-04-07,1445,023119,,5,2,7,3801,0,1,1,,2,080,"I-80 W/B TO 5TH STREET","5TH STREET",145.00,E,N,A,-,Y,SF,,80," "," ",4.881,H,,L,Y,4,0,3,4,A,-,08,22107,,N,E,8,A,A,H,-,A,A,0,,,,,Y,,A,01,0,0,3,0,0,0,0,0,0,"- ","- ",37.778999328613281,-122.40065765380859,"SAN FRANCISCO","SAN FRANCISCO",-122.40073394775391,37.779060363769531
92058233,2023,2023-05-01,9335,2023-04-27,1715,022525,,4,2,7,3801,0,1,2,,2,015,"US-101 S/B","TRAINOR ST U/C",100.00,S,N,A,-,Y,SF,,101," ",R,4.903,H,,L,Y,4,0,3,2,A,-,03,22350,,N,C,C,A,A,H,-,A,D,0,,,,,Y,,A,07,0,0,3,0,0,0,0,0,0,"- ","- ",37.769458770751953,-122.41410064697266,"SAN FRANCISCO","SAN FRANCISCO",-122.41410064697266,37.769481658935547
92081377,2022,2023-05-30,9335,2022-09-01,1140,022823,,4,1,7,3801,0,1,2,,2,014,"US-101 N/B","23RD ST.",112.00,S,N,A,-,Y,SF,,101,,,3.340,H,,R,N,4,0,1,2,A,-,07,21658,A,N,B,C,A,A,H,-,A,D,0,,,,Y,Y,,G,25,0,0,1,0,0,0,0,0,0,"- ","- ",37.754131317138672,-122.40292358398438,"SAN FRANCISCO","SAN FRANCISCO",-122.40290069580078,37.754131317138672
92086446,2023,2023-06-05,9335,2023-04-24,"19  ",017667,,1,3,7,3801,0,1,2,,2,014,"US-101 S/B TO CESAR CHAVEZ ST.","CESAR CHAVEZ ST",135.00,N,N,A,-,Y,SF,,101," "," ",3.028,H,,L,Y,3,0,4,2,A,-,03,22350,,F,C,C,A,A,H,-,C,D,0,,,,,Y,,A,01,0,4,0,0,0,0,0,0,0,"- ","- ",37.749771118164062,-122.40396881103516,"SAN FRANCISCO","SAN FRANCISCO",-122.40370941162109,37.749717712402344
92087289,2023,2023-06-06,9335,2023-04-16,2130,023082,,7,2,7,3801,0,1,1,,2,080,"I-80 E/B","BRYANT STREET",90.00,E,N,A,-,Y,SF,,80," "," ",4.351,H,,R,Y,4,0,1,2,A,-,03,22350,,F,C,2,A,A,H,-,C,D,0,,,Y,,Y,,A,07,0,0,1,0,0,0,0,0,1,"- ","- ",37.773189544677734,-122.40663146972656,"SAN FRANCISCO","SAN FRANCISCO",-122.40658569335938,37.773185729980469
92089081,2023,2023-06-08,9335,2023-05-24,1757,018804,,3,2,7,3801,0,1,2,,2,013,"US 101 N/B","PAUL AVE",366.00,N,N,A,-,Y,SF,,101," "," ",1.193,H,,R,N,3,0,1,5,A,-,03,22350,,N,C,C,A,A,H,-,A,D,0,,,,,Y,,A,07,0,1,0,0,0,0,0,0,0,"- ","- ",37.724700927734375,-122.40145874023438,"SAN FRANCISCO","SAN FRANCISCO",-122.4014892578125,37.724693298339844
92094457,2023,2023-06-15,9335,2023-06-11,"715 ",023119,,7,1,7,3801,0,1,1,,2,022,"I-280 N/B","PAULDING ST O/C",126.00,S,N,A,-,Y,SF,,280," ",R,2.178,H,,R,Y,4,0,1,2,A,-,08,22107,,N,D,2,A,A,H,-,A,D,0,,,,,Y,,A,07,0,0,1,0,0,0,0,0,0,"- ","- ",37.728031158447266,-122.44390106201172,"SAN FRANCISCO","SAN FRANCISCO",-122.44384765625,37.727981567382812
92109500,2023,2023-07-05,9335,2023-06-29,"630 ",018053,,4,1,7,3801,0,1,1,,1,081,"I-80 W/B","YERBA BUENA ISLAND TUNNEL EAST EDGE",2922.00,E,N,A,-,Y,SF,,80," ",R,8.364,H,,L,N,4,0,3,2,A,-,03,22350,,N,C,C,A,A,H,-,A,D,0,,,,,Y,,D,22,0,0,3,0,0,0,0,0,0,"- ","- ",37.815921783447266,-122.35806274414062,"SAN FRANCISCO","SAN FRANCISCO",-122.35809326171875,37.815952301025391
92128009,2023,2023-07-27,9335,2023-07-24,1701,021424,,1,2,7,3801,0,1,1,,1,083,"I-80 E/B","TREASURE ISLAND RD",5280.00,W,N,A,-,Y,SF,,80," "," ",6.744,H,,R,N,4,0,1,2,A,-,03,22350,,N,C,C,A,A,H,-,A,D,0,,,,,Y,,A,08,0,0,1,0,0,0,0,0,0,"- ","- ",37.798099517822266,-122.37796783447266,"SAN FRANCISCO","SAN FRANCISCO",-122.37786102294922,37.798027038574219
92143093,2023,2023-08-14,9335,2023-08-02,1209,023367,,3,1,7,3801,0,1,1,,2,023,"I-280 N/B FROM ALEMANY BLVD","ALEMANY BLVD OVER-CROSSING",400.00,S,N,A,-,Y,SF,,280," ",R,3.785,H,,R,Y,4,0,1,2,A,-,17,23114,A,M,F,J,A,A,H,-,A,A,0,,,,,Y,,-,99,0,0,1,0,0,0,0,0,0,"- ","- ",37.731819152832031,-122.41602325439453,"SAN FRANCISCO","SAN FRANCISCO",-122.41603851318359,37.731903076171875
92146910,2023,2023-10-05,9335,2023-08-16,1800,021424,,3,2,7,3801,0,1,1,,1,083,"I-80 E/B","PHYSICAL REVERSE GORE POINT OF I-80 EASTBOUND FROM",294.00,W,N,A,-,Y,SF,,80," ",R,7.976,H,,R,N,1,1,1,2,A,-,03,22350,,N,C,C,A,A,H,-,A,D,0,,,,,Y,,A,01,0,0,1,0,0,0,0,0,0,"- ","- ",37.81195068359375,-122.36324310302734,"SAN FRANCISCO","SAN FRANCISCO",-122.36338043212891,37.812004089355469
92149964,2023,2023-08-22,9335,2023-08-10,"815 ",023343,,4,1,7,3801,0,1,1,,2,024,"NB 280 TO CESAR CHAVEZ STREET","EVANS AVE U/C",600.00,S,N,A,-,Y,SF,,280," ",R,5.209,H,,R,N,4,0,1,4,A,-,07,21658,A,N,B,2,A,A,H,-,A,D,0,,,,Y,Y,,A,07,0,0,1,0,0,0,0,0,0,"- ","- ",37.744380950927734,-122.39512634277344,"SAN FRANCISCO","SAN FRANCISCO",-122.39534759521484,37.744510650634766
92159950,2023,2023-08-31,9335,2023-08-22,1523,023367,,2,2,7,3801,0,1,1,,1,083,"I-80 E/B","NORTHGATE RD UNDER-CROSSING",5280.00,E,N,A,-,Y,ALA,,80," ",R,0.258,H,,R,N,4,0,1,2,A,-,03,22350,,N,C,C,A,A,H,-,A,A,0,,,,,Y,,A,01,0,0,1,0,0,0,0,0,0,"- ","- ",37.819629669189453,-122.34497833251953,"SAN FRANCISCO","SAN FRANCISCO",-122.34495544433594,37.819522857666016
92172924,2023,2023-09-18,9335,2023-09-08,2310,022860,,5,3,7,3801,0,1,1,,2,023,"I-280 S/B TO US-101 S/B","BACON STREET UNDERCROSSING",610.00,N,N,A,-,Y,SF,,101," "," ",1.534,H,,R,Y,4,0,1,3,A,-,03,22350,,N,C,C,A,A,H,-,C,D,0,,,,,Y,,A,07,0,0,1,0,0,0,0,0,0,"- ","- ",37.729488372802734,-122.40341949462891,"SAN FRANCISCO","SAN FRANCISCO",-122.40338897705078,37.729499816894531
92270434,2023,2023-12-26,9335,2023-11-03,"740 ",023063,,5,1,7,3801,0,1,1,,2,080,"I-80 WESTBOUND TO 5TH STREET","5TH STREET",466.00,E,N,A,-,Y,SF,,80," "," ",4.930,H,,L,Y,4,0,2,3,A,-,03,22350,,N,C,C,A,A,H,-,A,D,0,,,,,Y,,A,07,0,0,2,0,0,0,0,0,0,"- ","- ",37.7794189453125,-122.39991760253906,"SAN FRANCISCO","SAN FRANCISCO",-122.40010833740234,37.779563903808594
92298944,2023,2024-01-29,9335,2023-10-31,1615,023367,,2,2,7,3801,0,1,1,,2,024,"I-280 S/B FROM 6TH STREET","TOWNSEND STREET",645.00,S,N,A,-,Y,SF,,280," ",T,7.302,H,,L,Y,4,0,1,2,A,-,03,22350,,N,C,C,A,A,H,-,A,D,0,,,,,Y,,A,07,0,0,1,0,0,0,0,0,0,"- ","- ",37.771999359130859,-122.39824676513672,"SAN FRANCISCO","SAN FRANCISCO",-122.3983154296875,37.771984100341797
92304590,2023,2024-02-05,9335,2023-10-14,1330,023167,,6,1,7,3801,0,1,2,,2,015,"US-101 S/B","15TH ST",165.00,N,N,A,-,Y,SF,,101," ",R,4.351,H,,L,N,3,0,1,1,A,-,08,22107,,N,F,A,A,A,H,-,A,D,0,,,Y,,Y,,C,02,0,1,0,0,0,0,0,0,1,"- ","- ",37.767738342285156,-122.40557861328125,"SAN FRANCISCO","SAN FRANCISCO",-122.40563201904297,37.767719268798828
92316996,2023,2024-02-19,9335,2023-10-20,2130,022802,,5,2,7,3801,0,1,1,,2,022,"I-280 N/B","ST CHARLES AVE O/C",725.00,N,N,A,-,Y,SF,,280," ",R,0.126,H,,R,Y,3,0,1,2,A,-,01,23152,A,F,C,C,A,A,H,-,C,D,0,,,Y,,Y,Y,C,02,0,1,0,0,0,0,0,0,1,"- ","- ",37.709461212158203,-122.46700286865234,"SAN FRANCISCO","SAN FRANCISCO",-122.46704864501953,37.709518432617188
92350022,2023,2024-03-29,9335,2023-11-02,1845,022860,,4,2,7,3801,0,1,2,,2,013,"US-101 N/B","CORTLAND AVE UNDERCROSSING",170.00,S,N,A,-,Y,SF,,101," "," ",2.240,H,,R,N,4,0,1,3,A,-,03,22350,,N,C,C,A,A,H,-,B,D,0,,,,,Y,,A,01,0,0,1,0,0,0,0,0,0,"- ","- ",37.739120483398438,-122.40802764892578,"SAN FRANCISCO","SAN FRANCISCO",-122.40800476074219,37.739120483398438
92381174,2023,2024-05-03,9335,2023-11-13,"825 ",023367,,1,1,7,3801,0,1,1,,1,081,"I-80 W/B","CECTER ANCHORAGE",1521.00,W,N,A,-,Y,SF,,80," "," ",6.475,H,,L,Y,4,0,1,3,A,-,07,21658,A,F,C,C,A,A,H,-,A,D,0,,,Y,,Y,,-,99,0,0,1,0,0,0,0,0,1,"- ","- ",37.795101165771484,-122.38121032714844,"SAN FRANCISCO","SAN FRANCISCO",-122.38111877441406,37.795040130615234
9320757,2022,2022-06-02,3801,2022-04-09,1458,76,BAYVI,6,5,7,3801,0,0,0,,0,4B3B,"EVANS AV","MANDELL ST",0.00,,Y,A,-,N,,,,,,,,,,Y,1,1,0,2,A,-,01,23152,A,F,D,C,A,A,H,-,A,A,0,,,Y,,Y,,D,22,0,0,0,0,0,0,0,1,0,"- ","- ",,,"SAN FRANCISCO","SAN FRANCISCO",-122.38475799560547,37.740852355957031
9321434,2022,2022-08-01,3801,2022-04-08,0823,2202,INGLE,5,5,7,3801,0,0,0,,0,8H13A,"SILVER AV","OXFORD ST",0.00,,Y,A,-,N,,,,,,,,,,Y,3,0,2,2,A,-,12,22450,A,N,D,D,A,A,H,-,A,A,0,,,,,Y,,A,01,0,1,1,0,0,0,0,0,0,"- ","- ",,,"SAN FRANCISCO","SAN FRANCISCO",-122.42051696777344,37.728935241699219
9348886,2022,2022-10-31,3801,2022-05-14,1449,4253,INGLE,6,5,7,3801,0,0,0,,0,0H6,"BAYSHORE BL","SUNNYDALE AV",180.00,S,N,A,-,N,,,,,,,,,,N,3,0,1,2,A,-,17,21235,G,N,D,G,A,A,H,-,A,D,0,,Y,,,Y,,L,04,0,1,0,0,0,0,1,0,0,"- ","- ",,,"SAN FRANCISCO","SAN FRANCISCO",-122.40542602539062,37.708431243896484
9348889,2022,2022-10-31,3801,2022-05-15,0248,901,INGLE,7,5,7,3801,0,0,0,,0,3H13E,"MISSION ST","BOSWORTH ST",0.00,,Y,A,-,N,,,,,,,,,,Y,3,0,1,3,A,-,12,21453,A,N,D,C,A,A,H,-,C,A,0,,,,,Y,,A,01,0,1,0,0,0,0,0,0,0,"- ","- ",,,"SAN FRANCISCO","SAN FRANCISCO",-122.42644500732422,37.733669281005859
9348899,2022,2022-06-16,3801,2022-05-02,0800,563,TARAV,1,5,7,3801,0,0,0,,0,002,"SUNSET BL","VICENTE ST",0.00,,Y,B,-,N,,,,,,,,,,N,3,0,1,2,A,-,11,21453,D,N,D,G,A,A,H,-,A,A,0,,Y,,,Y,,L,04,0,1,0,0,0,0,1,0,0,"- ","- ",,,"SAN FRANCISCO","SAN FRANCISCO",-122.49427032470703,37.738502502441406
9348903,2022,2022-06-15,3801,2022-05-01,1620,1872,MISSI,7,5,7,3801,0,0,0,,0,3D14D,"POTRERO AV","24TH ST",0.00,,Y,A,-,N,,,,,,,,,,N,4,0,2,2,-,-,"- ",,,N,C,C,A,A,H,-,A,A,0,,,Y,,Y,,C,02,0,0,2,0,0,0,0,0,2,"- ","- ",,,"SAN FRANCISCO","SAN FRANCISCO",-122.40631866455078,37.752994537353516
9348907,2022,2022-06-15,3801,2022-05-02,2230,1871,INGLE,1,5,7,3801,0,0,0,,0,901,"GOLD MINE DR","DIAMOND HEIGHTS BL",108.00,S,N,A,-,N,,,,,,,,,,Y,4,0,1,1,B,-,22,,,N,E,I,A,A,H,-,D,D,0,,,,,Y,,A,01,0,0,1,0,0,0,0,0,0,"- ","- ",,,"SAN FRANCISCO","SAN FRANCISCO",-122.43784332275391,37.743270874023438
9348912,2022,2022-06-15,3801,2022-05-02,2344,359,TARAV,1,5,7,3801,0,0,0,,0,3I16E,"SICKLES AV","SAN JOSE AV",0.00,,Y,A,-,N,,,,,,,,,,Y,2,0,1,1,A,-,03,22350,,N,F,J,A,A,H,-,C,A,0,,,Y,,Y,,C,02,1,0,0,0,0,0,0,0,1,"- ","- ",,,"SAN FRANCISCO","SAN FRANCISCO",-122.45581817626953,37.71124267578125
9348946,2022,2022-06-15,3801,2022-05-10,1300,986,TARAV,2,5,7,3801,0,0,0,,0,3I4B,"VICENTE ST","WEST PORTAL AV",102.00,S,N,A,-,N,,,,,,,,,,Y,4,0,2,4,A,-,03,22350,,N,C,E,A,A,H,-,A,D,0,,,,,Y,,A,07,0,0,2,0,0,0,0,0,0,"- ","- ",,,"SAN FRANCISCO","SAN FRANCISCO",-122.46673583984375,37.739574432373047
9348952,2022,2022-10-31,3801,2022-05-10,1500,1987,TENDE,2,5,7,3801,0,0,0,,0,3J94D,"EDDY ST","LEAVENWORTH ST",0.00,,Y,A,-,N,,,,,,,,,,N,4,0,1,2,A,-,17,22517,,N,H,E,A,A,H,-,A,A,0,,,Y,,Y,Y,A,01,0,0,1,0,0,0,0,0,1,"- ","- ",,,"SAN FRANCISCO","SAN FRANCISCO",-122.41423797607422,37.783729553222656
9372019,2022,2022-04-25,3801,2022-02-25,1925,76,TRAFF,5,5,7,3801,0,0,0,,0,4B3B,"CESAR CHAVEZ","3RD ST",0.00,,Y,A,-,N,,,,,,,,,,Y,2,0,4,2,A,-,12,21453,A,N,-,C,A,A,H,-,C,A,0,,,,,Y,,J,48,1,0,3,0,0,0,0,0,0,"- ","- ",,,"SAN FRANCISCO","SAN FRANCISCO",-122.38768768310547,37.750228881835938
9396442,2022,2022-06-16,3801,2022-05-21,1807,582,CENTR,6,5,7,3801,0,0,0,,0,3A11D,"PINE ST","LARKIN ST",0.00,,Y,A,-,N,,,,,,,,,,N,4,0,1,2,A,-,11,21453,D,N,G,B,B,A,H,-,A,A,0,Y,,,,Y,,N,60,0,0,1,0,1,0,0,0,0,"- ","- ",,,"SAN FRANCISCO","SAN FRANCISCO",-122.41886138916016,37.789829254150391
9400422,2022,2022-02-15,3801,2022-01-20,2100,1856,INGLE,4,5,7,3801,0,0,0,,0,0I5,"ALEMANY BL","SAN JOSE AV",0.00,,Y,A,-,N,,,,,,,,,,N,4,0,2,2,A,-,04,21703,,F,C,-,A,A,H,-,C,A,0,,,,,Y,Y,A,01,0,0,2,0,0,0,0,0,0,"- ","- ",,,"SAN FRANCISCO","SAN FRANCISCO",-122.45709991455078,37.710071563720703
9400467,2022,2022-05-27,3801,2022-01-02,2058,1149,MISSI,7,5,7,3801,0,0,0,,0,3D14D,"MISSION ST","14TH ST",20.00,S,N,A,-,N,,,,,,,,,,N,3,0,1,2,D,-,00,,,N,C,-,A,A,H,-,C,A,0,,,,,Y,,-,"- ",0,1,0,0,0,0,0,0,0,"- ","- ",,,"SAN FRANCISCO","SAN FRANCISCO",-122.41996765136719,37.768234252929688
9400479,2022,2022-02-18,3801,2022-01-22,1455,A21165,NORTH,6,5,7,3801,0,0,0,,0,3E93F,"MARKET ST","BATTERY ST",126.00,W,N,A,-,N,,,,,,,,,,N,3,0,1,1,B,-,22,,,N,H,J,A,A,H,-,A,D,0,,Y,,,Y,,L,04,0,1,0,0,0,0,1,0,0,"- ","- ",,,"SAN FRANCISCO","SAN FRANCISCO",-122.39982604980469,37.790531158447266
9403611,2022,2022-03-18,3801,2022-02-12,1512,2379,INGLE,6,5,7,3801,0,0,0,,0,3H11C,"PORTOLA DR","TWIN PEAKS BL",0.00,,Y,A,-,N,,,,,,,,,,N,3,0,1,2,A,-,11,21954,A,N,G,B,E,A,H,-,A,A,0,Y,,,,Y,,N,60,0,1,0,0,1,0,0,0,0,"- ","- ",,,"SAN FRANCISCO","SAN FRANCISCO",-122.45082855224609,37.74591064453125
9403765,2022,2022-03-21,3801,2022-02-23,0725,1377,INGLE,3,5,7,3801,0,0,0,,0,3H16A,"SUNNYDALE AV","BAYSHORE BL",0.00,,Y,A,-,N,,,,,,,,,,N,4,0,1,2,A,-,10,21950,A,N,G,B,B,A,H,-,A,A,0,Y,,,,Y,,A,01,0,0,1,0,1,0,0,0,0,"- ","- ",,,"SAN FRANCISCO","SAN FRANCISCO",-122.40522766113281,37.708900451660156
9403940,2022,2022-03-18,3801,2022-02-11,1630,1937,PARK,5,5,7,3801,0,0,0,,0,,"LINCOLN WY","5TH AV",0.00,,Y,A,-,N,,,,,,,,,,N,3,0,1,2,A,-,12,21453,A,N,D,G,A,A,H,-,A,A,0,,Y,,,Y,,L,04,0,1,0,0,0,0,1,0,0,"- ","- ",,,"SAN FRANCISCO","SAN FRANCISCO",-122.462158203125,37.766105651855469
9403944,2022,2022-03-15,3801,2022-02-17,1440,2730,SOUTH,4,5,7,3801,0,0,0,,0,3B13C,"8TH ST","MINNA ST",0.00,,Y,A,-,N,,,,,,,,,,N,3,0,1,2,A,-,17,21657,,N,D,C,A,A,H,-,A,D,0,,,Y,,Y,,C,03,0,1,0,0,0,0,0,0,1,"- ","- ",,,"SAN FRANCISCO","SAN FRANCISCO",-122.41259765625,37.777050018310547
9403951,2022,2022-03-15,3801,2022-02-14,2052,2008,MISSI,1,5,7,3801,0,0,0,,0,3D15D,"16TH ST","CAPP ST",0.00,,Y,A,-,N,,,,,,,,,,N,3,0,1,2,D,-,00,,,N,H,-,A,A,H,-,C,A,0,,,,,Y,,-,"- ",0,1,0,0,0,0,0,0,0,"- ","- ",,,"SAN FRANCISCO","SAN FRANCISCO",-122.418701171875,37.765098571777344
9403956,2022,2022-03-15,3801,2022-02-15,2201,2249,TARAV,2,5,7,3801,0,0,0,,0,3I15D,"WINSTON DR","LAKE MERCED BL",120.00,E,N,A,-,N,,,,,,,,,,Y,3,0,1,1,A,-,03,22350,,N,E,I,A,A,H,-,C,A,0,,,,,Y,,A,07,0,1,0,0,0,0,0,0,0,"- ","- ",,,"SAN FRANCISCO","SAN FRANCISCO",-122.48355865478516,37.727024078369141
9403957,2022,2022-03-15,3801,2022-02-15,0844,2039,TARAV,2,5,7,3801,0,0,0,,0,3I15A,"TARAVAL ST","SUNSET BL",0.00,,Y,A,-,N,,,,,,,,,,Y,4,0,1,2,A,-,12,21453,A,N,D,C,A,A,H,-,A,A,0,,,,,Y,Y,A,01,0,0,1,0,0,0,0,0,0,"- ","- ",,,"SAN FRANCISCO","SAN FRANCISCO",-122.49452972412109,37.742210388183594
9403978,2022,2022-03-16,3801,2022-02-21,2110,LI,TARAV,1,5,7,3801,0,0,0,,0,3G14E,"19TH AV","LINCOLN WY",0.00,,Y,A,B,N,,,,,,,,,,N,4,0,1,2,A,-,08,22107,,N,B,C,A,B,H,-,C,A,0,,,,,Y,,A,01,0,0,1,0,0,0,0,0,0,"- ","- ",,,"SAN FRANCISCO","SAN FRANCISCO",-122.47732543945312,37.76544189453125
9405010,2022,2022-02-17,3801,2022-01-05,2133,1326,BAYVI,3,5,7,3801,0,0,0,,0,3C11E,"IOWA ST","23RD ST",0.00,,Y,A,-,N,,,,,,,,,,N,3,0,1,1,A,-,03,22350,,N,H,J,A,A,-,-,E,D,0,,,Y,,Y,,C,02,0,1,0,0,0,0,0,0,1,"- ","- ",,,"SAN FRANCISCO","SAN FRANCISCO",-122.39200592041016,37.755180358886719
9405072,2022,2022-02-18,3801,2022-01-11,1920,1194,SOUTH,2,5,7,3801,0,0,0,,0,0B1,"HARRISON ST","2ND ST",172.00,E,N,A,-,N,,,,,,,,,,N,3,0,1,2,A,-,04,21703,,N,C,C,A,A,H,-,C,A,0,,,,,Y,,A,01,0,1,0,0,0,0,0,0,0,"- ","- ",,,"SAN FRANCISCO","SAN FRANCISCO",-122.39476776123047,37.78466796875
9410004,2022,2022-03-16,3801,2022-02-13,0434,1574,NORTH,7,5,7,3801,0,0,0,,0,3E14E,"OCTAVIA ST","PAGE ST",96.00,N,N,A,-,N,,,,,,,,,,Y,3,0,1,1,A,-,17,21663,,N,E,I,A,A,H,-,C,A,0,,,,,Y,,A,01,0,1,0,0,0,0,0,0,0,"- ","- ",,,"SAN FRANCISCO","SAN FRANCISCO",-122.42416381835938,37.774139404296875
9410010,2022,2022-04-19,3801,2022-02-06,1928,2149,NORTH,7,5,7,3801,0,0,0,,0,3E12C,"FILLMORE ST","MCALLISTER ST",0.00,,Y,A,-,N,,,,,,,,,,Y,3,0,2,2,A,-,03,22350,,N,D,C,A,A,H,-,C,A,0,,,,,Y,,A,01,0,1,1,0,0,0,0,0,0,"- ","- ",,,"SAN FRANCISCO","SAN FRANCISCO",-122.43175506591797,37.778644561767578
9410028,2022,2022-03-22,3801,2022-02-12,0247,4043,CENTR,6,5,7,3801,0,0,0,,0,3A11E,"NEW MONTGOMERY ST","JESSIE ST",0.00,,Y,A,-,N,,,,,,,,,,N,3,0,1,2,A,-,03,22350,,F,C,G,A,A,H,-,C,D,0,,Y,,,Y,,A,01,0,1,0,0,0,0,1,0,0,"- ","- ",,,"SAN FRANCISCO","SAN FRANCISCO",-122.40099334716797,37.787868499755859
9410030,2022,2022-03-22,3801,2022-02-13,1038,2485,CENTR,7,5,7,3801,0,0,0,,0,1CAR,"CALIFORNIA ST","TAYLOR ST",0.00,,Y,A,-,N,,,,,,,,,,Y,4,0,3,2,A,-,09,21453,C,N,D,C,A,A,H,-,A,A,0,,,,,Y,,A,07,0,0,3,0,0,0,0,0,0,"- ","- ",,,"SAN FRANCISCO","SAN FRANCISCO",-122.41246032714844,37.791610717773438
9410078,2022,2022-03-11,3801,2022-01-22,1637,1039,MISSI,6,5,7,3801,0,0,0,,0,,"DOLORES ST","CHULA LN",36.00,S,N,A,-,N,,,,,,,,,,,3,0,1,2,D,-,00,,,N,B,G,A,A,H,-,A,D,0,,Y,,,Y,,-,"- ",0,1,0,0,0,0,1,0,0,"- ","- ",,,"SAN FRANCISCO","SAN FRANCISCO",-122.42636871337891,37.763839721679688
9410111,2022,2022-03-14,3801,2022-01-29,2128,1688,BAYVI,6,5,7,3801,0,0,0,,0,3C11E,"INDIANA ST","23RD ST",0.00,,Y,A,-,N,,,,,,,,,,N,3,0,1,2,A,-,12,22450,A,N,D,G,A,A,H,-,C,D,0,,Y,,,Y,,L,04,0,1,0,0,0,0,1,0,0,"- ","- ",,,"SAN FRANCISCO","SAN FRANCISCO",-122.39093017578125,37.755214691162109