CASE_ID,ACCIDENT_YEAR,PROC_DATE,JURIS,COLLISION_DATE,COLLISION_TIME,OFFICER_ID,REPORTING_DISTRICT,DAY_OF_WEEK,CHP_SHIFT,POPULATION,CNTY_CITY_LOC,SPECIAL_COND,BEAT_TYPE,CHP_BEAT_TYPE,CITY_DIVISION_LAPD,CHP_BEAT_CLASS,BEAT_NUMBER,PRIMARY_RD,SECONDARY_RD,DISTANCE,DIRECTION,INTERSECTION,WEATHER_1,WEATHER_2,STATE_HWY_IND,CALTRANS_COUNTY,CALTRANS_DISTRICT,STATE_ROUTE,ROUTE_SUFFIX,POSTMILE_PREFIX,POSTMILE,LOCATION_TYPE,RAMP_INTERSECTION,SIDE_OF_HWY,TOW_AWAY,COLLISION_SEVERITY,NUMBER_KILLED,NUMBER_INJURED,PARTY_COUNT,PRIMARY_COLL_FACTOR,PCF_CODE_OF_VIOL,PCF_VIOL_CATEGORY,PCF_VIOLATION,PCF_VIOL_SUBSECTION,HIT_AND_RUN,TYPE_OF_COLLISION,MVIW,PED_ACTION,ROAD_SURFACE,ROAD_COND_1,ROAD_COND_2,LIGHTING,CONTROL_DEVICE,CHP_ROAD_TYPE,PEDESTRIAN_ACCIDENT,BICYCLE_ACCIDENT,MOTORCYCLE_ACCIDENT,TRUCK_ACCIDENT,NOT_PRIVATE_PROPERTY,ALCOHOL_INVOLVED,STWD_VEHTYPE_AT_FAULT,CHP_VEHTYPE_AT_FAULT,COUNT_SEVERE_INJ,COUNT_VISIBLE_INJ,COUNT_COMPLAINT_PAIN,COUNT_PED_KILLED,COUNT_PED_INJURED,COUNT_BICYCLIST_KILLED,COUNT_BICYCLIST_INJURED,COUNT_MC_KILLED,COUNT_MC_INJURED,PRIMARY_RAMP,SECONDARY_RAMP,LATITUDE,LONGITUDE,COUNTY,CITY,POINT_X,POINT_Y
9410503,2022,2022-03-14,3801,2022-01-14,0900,826,BAYVI,5,5,7,3801,0,0,0,,0,03C,"DIVISADERO ST","OAK ST",50.00,N,N,A,-,N,,,,,,,,,,N,4,0,1,2,A,-,08,22107,,N,B,C,A,A,H,-,A,D,0,,,,,Y,,A,01,0,0,1,0,0,0,0,0,0,"- ","- ",,,"SAN FRANCISCO","SAN FRANCISCO",-122.43745422363281,37.773277282714844
9410525,2022,2022-02-15,3801,2022-01-10,1745,1909,NORTH,1,5,7,3801,0,0,0,,0,3E15D,"BRODERICK ST","LOMBARD ST",0.00,,Y,A,-,N,,,,,,,,,,N,3,0,1,2,A,-,12,21453,A,N,D,C,A,A,H,-,C,A,0,,,Y,,Y,,A,07,0,1,0,0,0,0,0,0,1,"- ","- ",,,"SAN FRANCISCO","SAN FRANCISCO",-122.44432830810547,37.798801422119141
9410538,2022,2022-02-15,3801,2022-01-04,1322,310,SOUTH,2,5,7,3801,0,0,0,,0,3B12C,"DIVISION ST","BRYANT ST",0.00,,Y,B,-,N,,,,,,,,,,Y,4,0,1,2,A,-,09,21453,C,F,D,C,A,B,H,-,A,A,0,,,,,Y,,A,01,0,0,1,0,0,0,0,0,0,"- ","- ",,,"SAN FRANCISCO","SAN FRANCISCO",-122.41082000732422,37.769309997558594
9418064,2022,2022-03-18,3801,2022-02-10,1635,1945,BAYVI,4,5,7,3801,0,0,0,,0,3C13D,"PALOU AV","KEITH ST",0.00,,Y,A,-,N,,,,,,,,,,N,3,0,1,2,A,-,12,22450,A,F,D,C,A,A,H,-,A,A,0,,,,,Y,,A,01,0,1,0,0,0,0,0,0,0,"- ","- ",,,"SAN FRANCISCO","SAN FRANCISCO",-122.38714599609375,37.731868743896484
9418077,2022,2022-03-17,3801,2022-02-22,1211,156,BAYVI,2,5,7,3801,0,0,0,,0,3C60,"3RD ST","FAIRFAX AV",0.00,,Y,A,-,N,,,,,,,,,,N,4,0,1,2,A,-,17,21200,A,N,D,G,A,A,H,-,A,A,0,,Y,,,Y,,L,04,0,0,1,0,0,0,1,0,0,"- ","- ",,,"SAN FRANCISCO","SAN FRANCISCO",-122.38829040527344,37.741966247558594
9418078,2022,2022-03-17,3801,2022-02-21,1321,101,INGLE,1,5,7,3801,0,0,0,,0,3H15A,"GENEVA AV","NAPLES ST",0.00,,-,A,-,N,,,,,,,,,,Y,3,0,1,3,A,-,07,21658,A,N,B,C,A,A,H,-,A,D,0,,,Y,,Y,,A,08,0,1,0,0,0,0,0,0,1,"- ","- ",,,"SAN FRANCISCO","SAN FRANCISCO",-122.43618774414062,37.714210510253906
9421312,2022,2022-03-25,3801,2022-02-06,0834,392,MISSI,7,5,7,3801,0,0,0,,0,3D13A,"GUERRERO ST","25TH ST",0.00,,Y,A,-,N,,,,,,,,,,N,3,0,1,2,A,-,08,22107,,N,D,C,A,A,H,-,A,A,0,,,Y,,Y,,A,01,0,1,0,0,0,0,0,0,1,"- ","- ",,,"SAN FRANCISCO","SAN FRANCISCO",-122.42272186279297,37.750392913818359
9425267,2022,2022-04-19,3801,2022-03-23,0616,310,SOUTH,3,5,7,3801,0,0,0,,0,3B14A,"11TH ST","NATOMA ST",0.00,,Y,-,-,N,,,,,,,,,,N,3,0,1,2,D,-,00,,,N,D,G,A,A,H,-,C,D,0,,Y,,,Y,,-,"- ",0,1,0,0,0,0,1,0,0,"- ","- ",,,"SAN FRANCISCO","SAN FRANCISCO",-122.41609954833984,37.773521423339844
9425278,2022,2022-04-20,3801,2022-03-14,1010,179,NORTH,1,5,7,3801,0,0,0,,0,3E12A,"LAGUNA ST","FULTON ST",0.00,,Y,A,-,N,,,,,,,,,,N,4,0,1,2,-,-,"- ",,A,N,D,C,A,A,H,-,A,A,0,,,,,Y,,A,01,0,0,1,0,0,0,0,0,0,"- ","- ",,,"SAN FRANCISCO","SAN FRANCISCO",-122.42664337158203,37.778327941894531
9427335,2022,2022-04-19,3801,2022-03-06,1347,1657,BAYVI,7,5,7,3801,0,0,0,,0,3801,"BAYSHORE BL","SILVER AV",23.00,S,N,A,-,N,,,,,,,,,,N,4,0,1,2,A,-,08,22107,,N,B,G,A,A,H,-,A,A,0,,Y,,,Y,,A,01,0,0,1,0,0,0,1,0,0,"- ","- ",,,"SAN FRANCISCO","SAN FRANCISCO",-122.40461730957031,37.732902526855469
9427340,2022,2022-04-19,3801,2022-03-07,1320,310,SOUTH,1,5,7,3801,0,0,0,,0,3B12A,"6TH ST","BRYANT ST",0.00,,Y,A,-,N,,,,,,,,,,Y,4,0,2,4,A,-,03,22350,,N,D,C,A,A,H,-,A,A,0,,,,,Y,,A,01,0,0,2,0,0,0,0,0,0,"- ","- ",,,"SAN FRANCISCO","SAN FRANCISCO",-122.40250396728516,37.776058197021484
9427346,2022,2022-04-20,3801,2022-03-07,1130,986,TARAV,1,5,7,3801,0,0,0,,0,3I15B,"33RD AV","RIVERA ST",0.00,,Y,A,-,N,,,,,,,,,,N,3,0,1,1,A,-,03,22350,,N,-,I,A,A,H,-,A,D,0,,,,,Y,,A,01,0,1,0,0,0,0,0,0,0,"- ","- ",,,"SAN FRANCISCO","SAN FRANCISCO",-122.49095916748047,37.746116638183594
9427354,2022,2022-04-20,3801,2022-03-02,1300,1053,TARAV,3,5,7,3801,0,0,0,,0,3I13A,"19TH AV","LINCOLN WY",27.00,N,N,A,-,N,,,,,,,,,,N,4,0,2,2,A,-,03,22350,,N,C,C,A,A,H,-,A,A,0,,,,,Y,,A,01,0,0,2,0,0,0,0,0,0,"- ","- ",,,"SAN FRANCISCO","SAN FRANCISCO",-122.47733306884766,37.76544189453125
9427936,2022,2022-04-13,3801,2022-02-25,1728,1330,INGLE,5,5,7,3801,0,0,0,,0,3H11D,"OCEAN AV","MISSION ST",0.00,,Y,A,-,N,,,,,,,,,,N,4,0,1,2,A,-,10,21950,A,N,G,B,B,A,H,-,B,A,0,Y,,,,Y,,A,01,0,0,1,0,1,0,0,0,0,"- ","- ",,,"SAN FRANCISCO","SAN FRANCISCO",-122.43540954589844,37.723888397216797
9431576,2022,2022-04-15,3801,2022-03-29,2228,101,INGLE,2,5,7,3801,0,0,0,,0,3H11E,"FOLSOM ST","CESAR CHAVEZ",83.00,S,N,A,-,N,,,,,,,,,,N,4,0,1,2,A,-,11,21955,,N,G,B,D,A,H,-,C,D,0,Y,,,,Y,,N,60,0,0,1,0,1,0,0,0,0,"- ","- ",,,"SAN FRANCISCO","SAN FRANCISCO",-122.41365814208984,37.748081207275391
9431588,2022,2022-04-18,3801,2022-03-08,1649,537,PARK,2,5,7,3801,0,0,0,,0,3F11D,"MARTIN LUTHER KING","7TH AV",75.00,E,N,A,-,N,,,,,,,,,,N,3,0,1,2,A,-,03,22350,,N,B,G,A,A,H,-,A,D,0,,Y,,,Y,,L,04,0,1,0,0,0,0,1,0,0,"- ","- ",,,"SAN FRANCISCO","SAN FRANCISCO",-122.46414947509766,37.766494750976562
9431597,2022,2022-04-19,3801,2022-03-06,2015,2704,SOUTH,7,5,7,3801,0,0,0,,0,3B2,"3RD ST","TOWNSEND ST",65.00,N,N,A,-,N,,,,,,,,,,Y,4,0,1,2,A,-,08,22107,,N,C,C,A,A,H,-,C,A,0,,,,,Y,Y,A,01,0,0,1,0,0,0,0,0,0,"- ","- ",,,"SAN FRANCISCO","SAN FRANCISCO",-122.39290618896484,37.778987884521484
9433188,2022,2022-08-05,3801,2022-05-12,0841,1931,NORTH,4,5,7,3801,0,0,0,,0,3E12C,"GEARY BL","FILLMORE ST",0.00,,Y,A,-,N,,,,,,,,,,Y,4,0,3,2,A,-,12,21453,A,N,D,C,A,A,H,-,A,A,0,,,,,Y,,A,07,0,0,3,0,0,0,0,0,0,"- ","- ",,,"SAN FRANCISCO","SAN FRANCISCO",-122.43294525146484,37.784530639648438
9433336,2022,2022-10-18,3801,2022-08-13,1515,1911,RICHM,6,5,7,3801,0,0,0,,0,3G12D,"PINE ST","BRODERICK ST",0.00,,Y,A,-,N,,,,,,,,,,Y,3,0,2,2,D,-,00,,,N,D,C,A,A,H,-,A,A,0,,,,,Y,,-,"- ",0,1,1,0,0,0,0,0,0,"- ","- ",,,"SAN FRANCISCO","SAN FRANCISCO",-122.44192504882812,37.786895751953125
9433688,2022,2022-10-17,3801,2022-06-13,2120,1430,TRAFF,1,5,7,3801,0,0,0,,0,BAYVIE,"3RD ST","18TH ST",0.00,,Y,A,-,N,,,,,,,,,,Y,4,0,1,2,B,-,22,,,N,-,C,A,A,H,-,D,A,0,,,,,Y,,J,48,0,0,1,0,0,0,0,0,0,"- ","- ",,,"SAN FRANCISCO","SAN FRANCISCO",-122.38884735107422,37.763038635253906
9434245,2022,2022-04-19,3801,2022-03-22,2355,727,BAYVI,2,5,7,3801,0,0,0,,0,3C15E,"3RD ST","YOSEMITE AV",43.00,N,N,A,-,N,,,,,,,,,,N,3,0,1,2,A,-,12,21453,A,F,D,G,A,A,H,-,C,A,0,,Y,,,Y,,A,01,0,1,0,0,0,0,1,0,0,"- ","- ",,,"SAN FRANCISCO","SAN FRANCISCO",-122.39327239990234,37.727912902832031
9434249,2022,2022-04-19,3801,2022-03-17,0808,244,NORTH,4,5,7,3801,0,0,0,,0,3E4A,"MCALLISTER ST","WEBSTER ST",0.00,,Y,A,-,N,,,,,,,,,,Y,3,0,1,2,A,-,09,21801,,N,D,C,A,A,H,-,A,A,0,,,,,Y,,A,01,0,1,0,0,0,0,0,0,0,"- ","- ",,,"SAN FRANCISCO","SAN FRANCISCO",-122.43010711669922,37.778839111328125
9434294,2022,2022-04-19,3801,2022-03-15,2314,2486,TENDE,2,5,7,3801,0,0,0,,0,3J15E,"GOLDEN GATE AV","GOLDEN GATE AV 243",0.00,,Y,A,-,N,,,,,,,,,,N,4,0,1,1,A,-,03,22350,,N,H,I,A,A,G,-,C,A,0,,,Y,,Y,,C,03,0,0,1,0,0,0,0,0,1,"- ","- ",,,"SAN FRANCISCO","SAN FRANCISCO",-122.47750854492188,37.810787200927734
9434299,2022,2022-04-19,3801,2022-03-21,0956,2496,PARK,1,5,7,3801,0,0,0,,0,003,"GROVE ST","BORDERICK ST",0.00,,Y,A,-,N,,,,,,,,,,N,3,0,1,2,A,-,10,21950,A,F,G,B,B,A,H,-,A,-,0,Y,,,,Y,,N,60,0,1,0,0,1,0,0,0,0,"- ","- ",,,"SAN FRANCISCO","SAN FRANCISCO",-122.43965911865234,37.775699615478516
9434585,2022,2022-04-15,3801,2022-02-04,0217,1574,NORTH,5,5,7,3801,0,0,0,,0,3E12E,"LOMBARD ST","LOMBARD ST 2576",0.00,,Y,A,-,N,,,,,,,,,,Y,4,0,1,1,A,-,03,22350,,N,E,I,A,A,H,-,C,A,0,,,,,Y,,A,01,0,0,1,0,0,0,0,0,0,"- ","- ",,,"SAN FRANCISCO","SAN FRANCISCO",-122.44487762451172,37.798858642578125
9434753,2022,2022-04-14,3801,2022-02-10,1952,33,RICHM,4,5,7,3801,0,0,0,,0,003,FULTON,"12TH AV",32.00,W,N,B,-,N,,,,,,,,,,Y,4,0,1,3,C,-,18,,,N,C,C,A,A,H,-,C,D,0,,,,,Y,,-,"- ",0,0,1,0,0,0,0,0,0,"- ","- ",,,"SAN FRANCISCO","SAN FRANCISCO",-122.47028350830078,37.773204803466797
9437214,2022,2022-05-16,3801,2022-04-03,1444,4358,BAYVI,7,5,7,3801,0,0,0,,0,901,"25TH ST","PENNSYLVANIA AV",0.00,E,N,A,-,N,,,,,,,,,,Y,4,0,2,1,A,-,01,23152,A,N,A,I,A,A,H,-,A,A,0,,,Y,,Y,Y,C,06,0,0,2,0,0,0,0,0,2,"- ","- ",,,"SAN FRANCISCO","SAN FRANCISCO",-122.39266204833984,37.752544403076172
9437219,2022,2022-05-16,3801,2022-04-17,1831,1160,SOUTH,7,5,7,3801,0,0,0,,0,0B1,"THE EMBARCADERO SOUTH","TOWNSEND ST",0.00,,Y,A,-,N,,,,,,,,,,N,3,0,2,3,A,-,02,22526,A,N,D,G,A,A,H,-,A,A,0,,Y,,,Y,,L,04,0,1,1,0,0,0,1,0,0,"- ","- ",,,"SAN FRANCISCO","SAN FRANCISCO",-122.38840484619141,37.781810760498047
9437527,2022,2022-05-16,3801,2022-04-03,2131,746,INGLE,7,5,7,3801,0,0,0,,0,3H13D,"RANDALL ST","SAN JOSE AV",0.00,,Y,A,-,N,,,,,,,,,,Y,4,0,1,2,A,-,12,21453,A,N,A,C,A,-,H,-,C,A,0,,,,,Y,Y,A,01,0,0,1,0,0,0,0,0,0,"- ","- ",,,"SAN FRANCISCO","SAN FRANCISCO",-122.42426300048828,37.739860534667969
9437536,2022,2022-05-13,3801,2022-04-22,1950,2239,INGLE,5,5,7,3801,0,0,0,,0,3H11D,"MISSION ST","VALENCIA ST",0.00,,N,A,-,N,,,,,,,,,,N,2,0,1,2,A,-,04,21703,,N,C,G,A,A,H,-,A,B,0,,Y,,,Y,,A,01,1,0,0,0,0,0,1,0,0,"- ","- ",,,"SAN FRANCISCO","SAN FRANCISCO",-122.41986846923828,37.745586395263672
9437543,2022,2022-05-16,3801,2022-04-23,1739,2441,INGLE,6,5,7,3801,0,0,0,,0,3H15D,"LONDON ST","GENEVA AV",0.00,,Y,A,-,N,,,,,,,,,,N,4,0,1,2,A,-,21,22106,,N,C,C,A,A,H,-,A,D,0,,,,,Y,,A,01,0,0,1,0,0,0,0,0,0,"- ","- ",,,"SAN FRANCISCO","SAN FRANCISCO",-122.44023895263672,37.716049194335938
9437557,2022,2022-05-13,3801,2022-04-13,1544,1160,SOUTH,3,5,7,3801,0,0,0,,0,0B2,"3RD ST","HOWARD ST",0.00,,Y,A,-,N,,,,,,,,,,N,4,0,1,2,A,-,06,21750,A,N,D,C,A,A,H,-,A,A,0,,,Y,,Y,,C,02,0,0,1,0,0,0,0,0,1,"- ","- ",,,"SAN FRANCISCO","SAN FRANCISCO",-122.40049743652344,37.785007476806641
9437560,2022,2022-05-13,3801,2022-04-21,2055,713,CENTR,4,5,7,3801,0,0,0,,0,3A14D,"THE EMBARCADERO NORTH","GRANT ST",19.00,E,N,A,-,N,,,,,,,,,,N,4,0,2,2,A,-,03,22350,,F,C,C,A,A,H,-,C,A,0,,,,,Y,,A,01,0,0,2,0,0,0,0,0,0,"- ","- ",,,"SAN FRANCISCO","SAN FRANCISCO",-122.40901947021484,37.808109283447266
9438989,2022,2022-06-06,3801,2022-04-27,1230,764,MISSI,3,5,7,3801,0,0,0,,0,3D44C,MISSION,"25TH ST",0.00,,Y,A,-,N,,,,,,,,,,N,4,0,1,2,A,-,08,22107,,N,B,C,A,A,H,-,A,A,0,,,,,Y,Y,A,01,0,0,1,0,0,0,0,0,0,"- ","- ",,,"SAN FRANCISCO","SAN FRANCISCO",-122.41830444335938,37.750663757324219
9442109,2022,2022-05-17,3801,2022-04-18,0100,1982,MISSI,1,5,7,3801,0,0,0,,0,3D15E,"VALENCIA ST","18TH ST",95.00,N,N,A,-,N,,,,,,,,,,N,4,0,1,2,A,-,21,22106,,F,B,G,A,A,H,-,C,D,0,,Y,,,Y,,A,01,0,0,1,0,0,0,1,0,0,"- ","- ",,,"SAN FRANCISCO","SAN FRANCISCO",-122.42158508300781,37.761970520019531
9446817,2022,2022-06-08,3801,2022-04-20,0045,2433,SOUTH,3,5,7,3801,0,0,0,,0,3B14E,"S VAN NESS AV","MISSION ST",0.00,,Y,A,-,N,,,,,,,,,,N,3,0,1,2,A,-,12,21453,A,F,G,B,B,A,H,-,C,A,0,Y,,,,Y,,A,07,0,1,0,0,1,0,0,0,0,"- ","- ",,,"SAN FRANCISCO","SAN FRANCISCO",-122.41863250732422,37.773109436035156
9446873,2022,2022-06-27,3801,2022-05-07,2056,628,RICHM,6,5,7,3801,0,0,0,,0,,"GEARY BL","16TH AV",73.00,W,N,A,-,N,,,,,,,,,,Y,4,0,1,1,A,-,17,21663,,N,E,I,A,A,H,-,C,D,0,,,,,Y,,A,01,0,0,1,0,0,0,0,0,0,"- ","- ",,,"SAN FRANCISCO","SAN FRANCISCO",-122.47536468505859,37.780567169189453
9446875,2022,2022-06-15,3801,2022-05-06,2000,2379,INGLE,5,5,7,3801,0,0,0,,0,3H13D,"JOOST AV","ACADIA ST",0.00,,Y,C,-,N,,,,,,,,,,N,3,0,2,2,A,-,08,22107,,N,A,C,A,B,H,-,B,D,0,,,,,Y,,A,01,0,1,1,0,0,0,0,0,0,"- ","- ",,,"SAN FRANCISCO","SAN FRANCISCO",-122.43746948242188,37.732383728027344
9453135,2022,2022-06-22,3801,2022-05-13,0749,2713,TARAV,5,5,7,3801,0,0,0,,0,4CAR,"WEST PORTAL AV","ULLOA ST",132.00,S,N,A,-,N,,,,,,,,,,N,4,0,1,2,A,-,11,21954,A,N,G,B,E,A,H,-,A,D,0,Y,,,,Y,,N,60,0,0,1,0,1,0,0,0,0,"- ","- ",,,"SAN FRANCISCO","SAN FRANCISCO",-122.466064453125,37.740619659423828
9453925,2022,2022-07-14,3801,2022-06-13,0552,283,MISSI,1,5,7,3801,0,0,0,,0,0D6,"S VAN NESS AV","16TH ST",149.00,S,N,A,-,N,,,,,,,,,,Y,3,0,1,2,A,-,03,22350,,N,C,E,A,A,H,-,B,A,0,,,,,Y,,A,01,0,1,0,0,0,0,0,0,0,"- ","- ",,,"SAN FRANCISCO","SAN FRANCISCO",-122.41745758056641,37.7647705078125
9453942,2022,2022-07-15,3801,2022-06-22,0902,2161,MISSI,3,5,7,3801,0,0,0,,0,3D13A,"VALENCIA ST","18TH ST",49.00,S,N,A,-,N,,,,,,,,,,N,3,0,1,2,A,-,09,21801,,N,D,G,A,A,H,-,A,D,0,,Y,,,Y,,A,01,0,1,0,0,0,0,1,0,0,"- ","- ",,,"SAN FRANCISCO","SAN FRANCISCO",-122.42154693603516,37.761577606201172
9453944,2022,2022-07-14,3801,2022-06-21,1928,1783,MISSI,2,5,7,3801,0,0,0,,0,3D11D,"15TH ST","LANDERS ST",0.00,,Y,A,-,N,,,,,,,,,,Y,4,0,1,3,A,-,03,22350,,N,H,C,A,A,H,-,A,D,0,,,Y,,Y,,C,02,0,0,1,0,0,0,0,0,1,"- ","- ",,,"SAN FRANCISCO","SAN FRANCISCO",-122.427734375,37.766197204589844
9453948,2022,2022-07-14,3801,2022-06-25,1820,2143,MISSI,6,5,7,3801,0,0,0,,0,3D13D,"CAPP ST","22ND ST",0.00,,Y,A,-,N,,,,,,,,,,N,4,0,4,2,A,-,12,22450,A,F,D,C,A,A,H,-,A,A,0,,,,,Y,Y,A,01,0,0,4,0,0,0,0,0,0,"- ","- ",,,"SAN FRANCISCO","SAN FRANCISCO",-122.41765594482422,37.755531311035156
9453967,2022,2022-07-14,3801,2022-06-21,0707,1061,SOUTH,2,5,7,3801,0,0,0,,0,3B12A,"5TH ST","CLARA ST",0.00,,Y,A,-,N,,,,,,,,,,Y,4,0,1,2,A,-,09,21801,A,N,D,C,A,A,H,-,A,D,0,,,Y,,Y,,A,01,0,0,1,0,0,0,0,0,1,"- ","- ",,,"SAN FRANCISCO","SAN FRANCISCO",-122.40238189697266,37.779453277587891
9453972,2022,2022-07-19,3801,2022-06-25,2013,2241,NORTH,6,5,7,3801,0,0,0,,0,3E12D,"WEBSTER ST","FULTON ST",0.00,,Y,A,-,N,,,,,,,,,,Y,4,0,2,2,-,-,"- ",,,N,D,C,A,A,H,-,B,A,0,,,,,Y,,-,"- ",0,0,2,0,0,0,0,0,0,"- ","- ",,,"SAN FRANCISCO","SAN FRANCISCO",-122.42990875244141,37.777912139892578
9453974,2022,2022-07-14,3801,2022-06-19,0952,1057,NORTH,7,5,7,3801,0,0,0,,0,3E11A,"FRANKLIN ST","FEDERAL ST",0.00,,Y,A,-,N,,,,,,,,,,N,4,0,1,2,A,-,12,21453,A,N,D,C,A,A,H,-,A,A,0,,,,,Y,,A,01,0,0,1,0,0,0,0,0,0,"- ","- ",,,"SAN FRANCISCO","SAN FRANCISCO",,
9453989,2022,2022-11-23,3801,2022-06-11,1607,2215,NORTH,6,5,7,3801,0,0,0,,0,3E12D,"POLK ST","POST ST",12.00,S,N,A,-,N,,,,,,,,,,N,3,0,1,2,D,-,00,,,F,B,C,A,A,H,-,A,A,0,,,,,Y,,-,"- ",0,1,0,0,0,0,0,0,0,"- ","- ",,,"SAN FRANCISCO","SAN FRANCISCO",-122.41989135742188,37.786796569824219
9453995,2022,2022-09-28,3801,2022-06-13,0925,156,BAYVI,1,5,7,3801,0,0,0,,0,3C60,"RHODE ISLAND ST","24TH ST",0.00,,Y,A,-,N,,,,,,,,,,Y,4,0,2,2,A,-,15,26453,,N,E,J,-,A,H,-,A,D,0,Y,,,,Y,,A,01,0,0,2,0,1,0,0,0,0,"- ","- ",,,"SAN FRANCISCO","SAN FRANCISCO",-122.40148162841797,37.753307342529297
9454054,2022,2022-07-15,3801,2022-06-03,1112,1157,BAYVI,5,5,7,3801,0,0,0,,0,3C13A,"MARIN ST","BAYSHORE BL",30.00,E,N,A,-,N,,,,,,,,,,N,4,0,2,2,A,-,21,22106,,N,D,C,A,A,H,-,A,A,0,,,,,Y,,A,01,0,0,2,0,0,0,0,0,0,"- ","- ",,,"SAN FRANCISCO","SAN FRANCISCO",-122.40341949462891,37.748130798339844
9454059,2022,2022-07-15,3801,2022-06-07,2259,2733,SOUTH,2,5,7,3801,0,0,0,,0,0B4,"MARKET ST","GOUGH ST",0.00,,Y,A,-,N,,,,,,,,,,Y,4,0,1,2,A,-,12,21453,A,N,D,C,A,A,H,-,C,A,0,,,,,Y,,A,01,0,0,1,0,0,0,0,0,0,"- ","- ",,,"SAN FRANCISCO","SAN FRANCISCO",-122.42221069335938,37.772872924804688
9454181,2022,2022-07-20,3801,2022-05-25,0455,2088,IMGLE,3,5,7,3801,0,0,0,,0,3H12C,"MISSION ST","AVALON AV",40.00,S,N,A,-,N,,,,,,,,,,N,3,0,2,3,A,-,03,22350,,F,C,C,A,A,H,-,C,A,0,,,Y,,Y,,A,01,0,1,1,0,0,0,0,0,1,"- ","- ",,,"SAN FRANCISCO","SAN FRANCISCO",-122.43243408203125,37.727638244628906
9454188,2022,2022-08-11,3801,2022-05-19,1750,1950,RICHM,4,5,7,3801,0,0,0,,0,3G5,"BALBOA ST","42ND AV",0.00,,Y,A,-,N,,,,,,,,,,N,4,0,1,2,A,-,09,21800,A,N,D,C,A,A,H,-,A,A,0,,,,,Y,,A,07,0,0,1,0,0,0,0,0,0,"- ","- ",,,"SAN FRANCISCO","SAN FRANCISCO",-122.50270080566406,37.775482177734375
9454190,2022,2022-07-11,3801,2022-05-19,1950,2359,TARVA,4,5,7,3801,0,0,0,,0,013,"SANTIAGO ST","45TH AV",0.00,,Y,A,-,N,,,,,,,,,,Y,3,0,1,2,A,-,09,21800,A,N,D,C,A,A,H,-,A,D,0,,,,,Y,,A,01,0,1,0,0,0,0,0,0,0,"- ","- ",,,"SAN FRANCISCO","SAN FRANCISCO",-122.50366973876953,37.743686676025391
9458574,2022,2022-06-13,3801,2022-04-29,1137,2202,INGLE,5,5,7,3801,0,0,0,,0,3H13A,"DAY ST","SANCHEZ ST",118.00,E,N,A,-,N,,,,,,,,,,N,3,0,1,2,A,-,21,22106,,N,G,B,E,A,H,-,A,D,0,Y,,,,Y,,A,01,0,1,0,0,1,0,0,0,0,"- ","- ",,,"SAN FRANCISCO","SAN FRANCISCO",-122.42838287353516,37.742786407470703
9459047,2022,2022-06-09,3801,2022-05-27,0059,341,NORTH,5,5,7,3801,0,0,0,,0,3E15E,"LOMBARD ST","STEINER ST",0.00,,Y,A,-,N,,,,,,,,,,N,4,0,1,2,A,-,11,21950,B,N,A,B,D,A,H,-,C,A,0,Y,,,,Y,Y,N,60,0,0,1,0,1,0,0,0,0,"- ","- ",,,"SAN FRANCISCO","SAN FRANCISCO",-122.43769073486328,37.799640655517578
9459050,2022,2022-06-09,3801,2022-05-27,1340,1631,SOUTH,5,5,7,3801,0,0,0,,0,,"MARKET ST","GUERRERO ST",40.00,E,N,A,-,N,,,,,,,,,,N,4,0,1,1,A,-,03,22350,,N,A,I,A,A,H,-,A,A,0,,Y,,,Y,,L,04,0,0,1,0,0,0,1,0,0,"- ","- ",,,"SAN FRANCISCO","SAN FRANCISCO",-122.42476654052734,37.770828247070312
9459380,2022,2022-06-14,3801,2022-03-14,1001,1423,TENDE,1,5,7,3801,0,0,0,,0,3J14A,"GOLDEN GATE AV","LEAVENWORTH ST",0.00,,Y,A,-,N,,,,,,,,,,N,4,0,1,2,A,-,11,21954,A,N,G,B,B,A,H,-,A,A,0,Y,,,,Y,,N,60,0,0,1,0,1,0,0,0,0,"- ","- ",,,"SAN FRANCISCO","SAN FRANCISCO",-122.41385650634766,37.781875610351562
9467656,2022,2022-12-08,3801,2022-10-05,1803,1994,TRAFF,3,5,7,3801,0,0,0,,0,4B3D,"3RD ST","STILLMAN ST",22.00,N,N,A,-,N,,,,,,,,,,N,4,0,1,2,A,-,08,22107,,N,B,C,A,A,H,-,A,D,0,,,,,Y,,A,01,0,0,1,0,0,0,0,0,0,"- ","- ",,,"SAN FRANCISCO","SAN FRANCISCO",-122.39646148681641,37.781795501708984
9468097,2022,2023-01-11,3801,2022-12-28,0038,2421,PARK,3,5,7,3801,0,0,0,,0,3D1,"18TH ST","SANCHEZ ST",0.00,,Y,A,-,N,,,,,,,,,,Y,4,0,5,3,A,-,03,22350,,N,C,C,A,A,H,-,C,A,0,,,,,Y,,J,48,0,0,5,0,0,0,0,0,0,"- ","- ",,,"SAN FRANCISCO","SAN FRANCISCO",-122.43056488037109,37.761146545410156