CASE_ID,ACCIDENT_YEAR,PROC_DATE,JURIS,COLLISION_DATE,COLLISION_TIME,OFFICER_ID,REPORTING_DISTRICT,DAY_OF_WEEK,CHP_SHIFT,POPULATION,CNTY_CITY_LOC,SPECIAL_COND,BEAT_TYPE,CHP_BEAT_TYPE,CITY_DIVISION_LAPD,CHP_BEAT_CLASS,BEAT_NUMBER,PRIMARY_RD,SECONDARY_RD,DISTANCE,DIRECTION,INTERSECTION,WEATHER_1,WEATHER_2,STATE_HWY_IND,CALTRANS_COUNTY,CALTRANS_DISTRICT,STATE_ROUTE,ROUTE_SUFFIX,POSTMILE_PREFIX,POSTMILE,LOCATION_TYPE,RAMP_INTERSECTION,SIDE_OF_HWY,TOW_AWAY,COLLISION_SEVERITY,NUMBER_KILLED,NUMBER_INJURED,PARTY_COUNT,PRIMARY_COLL_FACTOR,PCF_CODE_OF_VIOL,PCF_VIOL_CATEGORY,PCF_VIOLATION,PCF_VIOL_SUBSECTION,HIT_AND_RUN,TYPE_OF_COLLISION,MVIW,PED_ACTION,ROAD_SURFACE,ROAD_COND_1,ROAD_COND_2,LIGHTING,CONTROL_DEVICE,CHP_ROAD_TYPE,PEDESTRIAN_ACCIDENT,BICYCLE_ACCIDENT,MOTORCYCLE_ACCIDENT,TRUCK_ACCIDENT,NOT_PRIVATE_PROPERTY,ALCOHOL_INVOLVED,STWD_VEHTYPE_AT_FAULT,CHP_VEHTYPE_AT_FAULT,COUNT_SEVERE_INJ,COUNT_VISIBLE_INJ,COUNT_COMPLAINT_PAIN,COUNT_PED_KILLED,COUNT_PED_INJURED,COUNT_BICYCLIST_KILLED,COUNT_BICYCLIST_INJURED,COUNT_MC_KILLED,COUNT_MC_INJURED,PRIMARY_RAMP,SECONDARY_RAMP,LATITUDE,LONGITUDE,COUNTY,CITY,POINT_X,POINT_Y
9468613,2023,2023-09-28,3801,2023-08-20,2135,4103,MISSI,7,5,7,3801,0,0,0,,0,903,"FOLSOM ST","20TH ST",0.00,,Y,A,-,N,,,,,,,,,,N,3,0,1,2,A,-,09,21801,A,N,A,C,A,A,H,-,C,A,0,,,Y,,Y,,A,01,0,1,0,0,0,0,0,0,1,"- ","- ",,,"SAN FRANCISCO","SAN FRANCISCO",,
9468640,2023,2023-09-08,3801,2023-08-23,1128,1518,CENTR,3,5,7,3801,0,0,0,,0,3A44C,"STOCKTON ST","CLAY ST",0.00,,Y,A,-,N,,,,,,,,,,N,3,0,1,2,A,-,11,21456,A,N,A,B,B,A,H,-,A,A,0,Y,,,,Y,,N,60,0,1,0,0,1,0,0,0,0,"- ","- ",,,"SAN FRANCISCO","SAN FRANCISCO",,
9468643,2023,2023-09-08,3801,2023-08-16,1825,1039,MISSI,3,5,7,3801,0,0,0,,0,006,"FLORIDA ST","16TH ST",515.00,N,N,A,-,N,,,,,,,,,,Y,3,0,1,2,A,-,09,21804,A,N,B,C,A,A,H,-,A,D,0,,,,,Y,,A,01,0,1,0,0,0,0,0,0,0,"- ","- ",,,"SAN FRANCISCO","SAN FRANCISCO",-122.41158294677734,37.766960144042969
9468644,2023,2023-09-08,3801,2023-08-17,"220 ",2035,MISSI,4,5,7,3801,0,0,0,,0,3D16E,"SOUTH VAN NESS AV","17TH ST",0.00,,Y,A,-,N,,,,,,,,,,Y,4,0,2,2,A,-,12,21453,A,F,D,C,A,A,H,-,C,A,0,,,,,Y,,A,01,0,0,2,0,0,0,0,0,0,"- ","- ",,,"SAN FRANCISCO","SAN FRANCISCO",,
9468673,2023,2023-09-21,3801,2023-08-18,"19  ",715,MISSI,5,5,7,3801,0,0,0,,0,0D4,"MISSION ST","26TH ST",0.00,,Y,B,-,N,,,,,,,,,,Y,4,0,2,2,A,-,12,21453,A,N,D,C,A,A,H,-,C,A,0,,,,,Y,,A,01,0,0,2,0,0,0,0,0,0,"- ","- ",,,"SAN FRANCISCO","SAN FRANCISCO",,
9468677,2023,2023-09-08,3801,2023-08-20,1928,1787,NORTH,7,5,7,3801,0,0,0,,0,NORTHE,"BAY ST","OCTAVIA ST",0.00,,Y,A,-,N,,,,,,,,,,Y,4,0,1,2,A,-,12,21453,A,F,D,D,A,A,H,-,A,A,0,,,,,Y,,A,01,0,0,1,0,0,0,0,0,0,"- ","- ",,,"SAN FRANCISCO","SAN FRANCISCO",,
9468694,2023,2023-09-14,3801,2023-08-11,"920 ",4798,NORTH,5,5,7,3801,0,0,0,,0,3E00,"LAWTON ST","7TH AV",60.00,S,N,-,-,N,,,,,,,,,,N,3,0,1,2,A,-,08,22100,,N,B,G,A,A,H,-,A,A,0,,Y,,,Y,,A,01,0,1,0,0,0,0,1,0,0,"- ","- ",,,"SAN FRANCISCO","SAN FRANCISCO",-122.46382904052734,37.758541107177734
9468705,2023,2023-09-15,3801,2023-08-07,2127,1750,NORTH,1,5,7,3801,0,0,0,,0,0E5,"LOMBARD ST","DIVISADERO ST",74.00,E,N,F,-,N,,,,,,,,,,N,3,0,1,2,A,-,11,21954,A,N,G,B,D,A,-,-,C,A,0,Y,,,,Y,,N,60,0,1,0,0,1,0,0,0,0,"- ","- ",,,"SAN FRANCISCO","SAN FRANCISCO",-122.44239807128906,37.799045562744141
9468764,2023,2023-09-12,3801,2023-07-29,2342,1480,MISSI,6,5,7,3801,0,0,0,,0,3D15E,"MISSION ST","DUBOCE AV",0.00,,Y,A,-,N,,,,,,,,,,Y,3,0,1,2,A,-,12,21453,A,F,-,C,A,A,-,-,C,A,0,,,,,Y,,A,01,0,1,0,0,0,0,0,0,0,"- ","- ",,,"SAN FRANCISCO","SAN FRANCISCO",,
9468784,2023,2023-09-12,3801,2023-07-29,1819,964,NORTH,6,5,7,3801,0,0,0,,0,3E13D,"FRANKLIN ST","GEARY BL",0.00,,Y,A,-,N,,,,,,,,,,N,2,0,1,2,A,-,05,21650,1,N,A,G,A,A,H,-,A,A,0,,Y,,,Y,,L,04,1,0,0,0,0,0,1,0,0,"- ","- ",,,"SAN FRANCISCO","SAN FRANCISCO",,
9468792,2023,2023-09-12,3801,2023-07-29,"937 ",2707,TARAV,6,5,7,3801,0,0,0,,0,6CAR,"SAN JOSE AV","ALEMANY BL",0.00,,Y,A,-,N,,,,,,,,,,Y,3,0,1,2,A,-,12,21453,A,N,D,C,A,A,H,-,A,A,0,,,,,Y,,A,01,0,1,0,0,0,0,0,0,0,"- ","- ",,,"SAN FRANCISCO","SAN FRANCISCO",,
9468808,2023,2023-09-11,3801,2023-07-30,"45  ",1827,MISSI,7,5,7,3801,0,0,0,,0,3D15E,"14TH ST","MISSION ST",0.00,,Y,A,-,N,,,,,,,,,,N,3,0,1,2,A,-,11,21954,A,N,A,B,D,A,H,-,C,A,0,Y,,,,Y,Y,N,60,0,1,0,0,1,0,0,0,0,"- ","- ",,,"SAN FRANCISCO","SAN FRANCISCO",,
9468827,2023,2023-09-13,3801,2023-07-12,1230,1061,SOUTH,3,5,7,3801,0,0,0,,0,3B5A,"BERRY ST","BERRY ST 150",0.00,,N,A,-,N,,,,,,,,,,N,4,0,1,2,D,-,00,,,N,D,C,A,A,H,-,A,D,0,,,Y,,Y,Y,-,"- ",0,0,1,0,0,0,0,0,1,"- ","- ",,,"SAN FRANCISCO","SAN FRANCISCO",,
9469446,2023,2023-09-13,3801,2023-08-29,1523,1557,TARAV,2,5,7,3801,0,0,0,,0,3114A,"SLOAT BL","19TH AV",0.00,,Y,A,-,N,,,,,,,,,,Y,3,0,1,2,A,-,09,21801,A,N,D,C,A,A,H,-,A,A,0,,,Y,,Y,,C,03,0,1,0,0,0,0,0,0,1,"- ","- ",,,"SAN FRANCISCO","SAN FRANCISCO",,
9469455,2023,2023-09-13,3801,2023-07-08,2328,592,TENDE,6,5,7,3801,0,0,0,,0,0J3,"GOLDEN GATE AV","HYDE ST",0.00,,Y,A,-,N,,,,,,,,,,Y,4,0,2,2,A,-,12,21453,A,F,D,C,A,A,H,-,C,A,0,,,,,Y,,A,01,0,0,2,0,0,0,0,0,0,"- ","- ",,,"SAN FRANCISCO","SAN FRANCISCO",,
9469521,2023,2023-12-15,3801,2023-08-28,"659 ",1825,SOUTH,1,5,7,3801,0,0,0,,0,3B2A,"2ND ST","HOWARD ST",0.00,,Y,A,-,N,,,,,,,,,,Y,3,0,1,2,A,-,17,21461,A,N,G,B,B,A,H,-,A,A,0,Y,,,,Y,,A,07,0,1,0,0,1,0,0,0,0,"- ","- ",,,"SAN FRANCISCO","SAN FRANCISCO",,
9469527,2023,2023-10-02,3801,2023-08-26,2229,2186,INGLE,6,5,7,3801,0,0,0,,0,3H15E,"ALEMANY BL","SENECA AV",620.00,S,N,A,-,N,,,,,,,,,,N,3,0,1,2,A,-,11,21954,A,N,G,B,D,A,H,-,C,D,0,Y,,,,Y,,N,60,0,1,0,0,1,0,0,0,0,"- ","- ",,,"SAN FRANCISCO","SAN FRANCISCO",-122.44288635253906,37.717464447021484
9469545,2023,2023-10-03,3801,2023-08-19,2200,1123,SOUTH,6,5,7,3801,0,0,0,,0,3B109,"10TH ST","FOLSOM ST",100.00,S,N,A,-,N,,,,,,,,,,Y,4,0,1,4,A,-,01,23152,A,N,B,E,A,A,H,-,C,D,0,,,,,Y,Y,A,01,0,0,1,0,0,0,0,0,0,"- ","- ",,,"SAN FRANCISCO","SAN FRANCISCO",-122.41257476806641,37.772628784179688
9472265,2022,2022-07-20,3801,2022-03-16,1520,4314,RICHM,3,5,7,3801,0,0,0,,0,0G3,"8TH AV","CLEMENT ST",166.00,S,N,A,-,N,,,,,,,,,,Y,3,0,3,3,A,-,21,22106,,N,D,C,E,A,H,-,A,D,0,Y,,,,Y,,A,01,0,1,2,0,1,0,0,0,0,"- ","- ",,,"SAN FRANCISCO","SAN FRANCISCO",-122.46652984619141,37.782386779785156
9478958,2022,2022-08-10,3801,2022-07-09,1607,1926,NORTH,6,5,7,3801,0,0,0,,0,3E13D,"VAN NESS AV","UNION ST",0.00,,Y,A,-,N,,,,,,,,,,Y,2,0,2,2,A,-,08,22107,,N,D,C,A,A,H,-,A,A,0,,,Y,,Y,,C,02,1,0,1,0,0,0,0,0,2,"- ","- ",,,"SAN FRANCISCO","SAN FRANCISCO",-122.42391967773438,37.798561096191406
9481268,2022,2022-08-08,3801,2022-07-08,2220,740,MISSI,5,5,7,3801,0,0,0,,0,0D6,"16TH ST","S VAN NESS AV",66.00,E,N,A,B,N,,,,,,,,,,N,3,0,1,2,A,-,17,22517,,N,H,G,A,A,H,-,C,D,0,,Y,,,Y,,D,22,0,1,0,0,0,0,1,0,0,"- ","- ",,,"SAN FRANCISCO","SAN FRANCISCO",-122.41725921630859,37.765190124511719
9481465,2022,2022-08-08,3801,2022-07-23,1715,4361,MISSI,6,5,7,3801,0,0,0,,0,3D00,"GUERRERO ST","19TH ST",0.00,,Y,F,-,N,,,,,,,,,,N,3,0,1,2,A,-,17,21235,G,N,A,B,F,A,G,-,A,-,0,Y,,,,Y,,M,94,0,1,0,0,1,0,0,0,0,"- ","- ",,,"SAN FRANCISCO","SAN FRANCISCO",-122.42362976074219,37.759975433349609
9481477,2022,2022-08-08,3801,2022-07-04,2126,2741,MISSI,1,5,7,3801,0,0,0,,0,901,"BRYANT ST","20TH ST",295.00,S,N,A,-,N,,,,,,,,,,N,4,0,1,2,A,-,03,22350,,M,G,B,E,A,G,-,B,D,0,Y,,,,Y,,-,99,0,0,1,0,1,0,0,0,0,"- ","- ",,,"SAN FRANCISCO","SAN FRANCISCO",-122.40967559814453,37.758403778076172
9481478,2022,2022-08-08,3801,2022-07-06,1541,4001,MISSI,3,5,7,3801,0,0,0,,0,3D4C,"BRYANT ST","25TH ST",177.00,S,N,A,-,N,,,,,,,,,,N,4,0,1,2,A,-,21,22106,,F,C,E,A,A,H,-,A,D,0,,,,,Y,,A,01,0,0,1,0,0,0,0,0,0,"- ","- ",,,"SAN FRANCISCO","SAN FRANCISCO",-122.40895843505859,37.750705718994141
9481480,2022,2022-08-23,3801,2022-07-16,1335,4132,MISSI,6,5,7,3801,0,0,0,,0,1CAR,"NOE ST","FORD ST",48.00,N,N,A,-,N,,,,,,,,,,N,3,0,1,2,A,-,08,22107,,N,B,C,A,A,H,-,A,D,0,,,Y,,Y,,A,01,0,1,0,0,0,0,0,0,1,"- ","- ",,,"SAN FRANCISCO","SAN FRANCISCO",-122.43289184570312,37.761940002441406
9481489,2022,2022-08-08,3801,2022-07-08,1808,203,MISSI,5,5,7,3801,0,0,0,,0,,"MISSION ST","24TH ST",44.00,N,N,A,-,N,,,,,,,,,,N,3,0,1,2,A,-,11,21950,B,N,G,B,D,A,H,-,A,D,0,Y,,Y,,Y,,N,60,0,1,0,0,1,0,0,0,0,"- ","- ",,,"SAN FRANCISCO","SAN FRANCISCO",-122.41849517822266,37.75238037109375
9481492,2022,2022-08-08,3801,2022-07-09,1846,4023,MISSI,6,5,7,3801,0,0,0,,0,,"DOLORES ST","19TH ST",0.00,,Y,B,-,N,,,,,,,,,,,3,0,1,2,A,-,03,22350,,N,B,G,A,A,G,-,A,D,0,,Y,,,Y,,L,04,0,1,0,0,0,0,1,0,0,"- ","- ",,,"SAN FRANCISCO","SAN FRANCISCO",-122.42600250244141,37.759849548339844
9481516,2022,2022-08-10,3801,2022-07-21,2057,2467,CENTR,4,5,7,3801,0,0,0,,0,,"POST ST","POWELL ST",0.00,,Y,A,-,N,,,,,,,,,,Y,3,0,1,2,A,-,08,22107,,F,-,A,A,A,H,-,C,A,0,,,Y,,Y,,-,,0,1,0,0,0,0,0,0,1,"- ","- ",,,"SAN FRANCISCO","SAN FRANCISCO",-122.40840148925781,37.788291931152344
9481897,2022,2022-10-05,3801,2022-03-15,2045,4314,RICHM,2,5,7,3801,0,0,0,,0,0G2,"GEARY BL","STANYAN ST",0.00,,N,B,-,N,,,,,,,,,,N,4,0,1,2,A,-,04,21703,,N,C,C,A,A,H,-,C,A,0,,,Y,,Y,,A,01,0,0,1,0,0,0,0,0,1,"- ","- ",,,"SAN FRANCISCO","SAN FRANCISCO",-122.45630645751953,37.781440734863281
9483338,2022,2022-08-08,3801,2022-07-01,1228,2400,BAYVI,5,5,7,3801,0,0,0,,0,,"OAKDALE AV","QUINT ST",0.00,,Y,B,-,N,,,,,,,,,,N,4,0,1,2,A,-,21,22106,,N,D,C,A,A,H,-,A,A,0,,,,,Y,,D,22,0,0,1,0,0,0,0,0,0,"- ","- ",,,"SAN FRANCISCO","SAN FRANCISCO",-122.39596557617188,37.737800598144531
9483458,2022,2022-08-08,3801,2022-07-16,0950,1952,BAYVI,6,5,7,3801,0,0,0,,0,3C15D,"18TH ST","CASTRO ST",20.00,W,N,A,-,N,,,,,,,,,,N,2,0,1,2,A,-,"- ",,,M,B,G,A,A,H,-,A,A,0,,Y,,,Y,,A,01,1,0,0,0,0,0,1,0,0,"- ","- ",,,"SAN FRANCISCO","SAN FRANCISCO",-122.43506622314453,37.760887145996094
9483470,2022,2022-08-26,3801,2022-07-14,2146,1252,RICHM,4,5,7,3801,0,0,0,,0,0G4,"BALBOA ST","22ND AV",0.00,,Y,A,-,N,,,,,,,,,,N,4,0,1,2,A,-,09,21802,A,N,D,D,A,A,H,-,C,D,0,,,,,Y,,A,01,0,0,1,0,0,0,0,0,0,"- ","- ",,,"SAN FRANCISCO","SAN FRANCISCO",-122.48126220703125,37.776454925537109
9483547,2022,2022-08-08,3801,2022-06-18,2005,273,CENTR,6,5,7,3801,0,0,0,,0,3A11D,"CALIFORNIA ST","KEARNY ST",45.00,E,N,A,-,N,,,,,,,,,,Y,4,0,1,2,A,-,08,22107,,N,B,C,A,A,H,-,C,D,0,,,,,Y,,A,01,0,0,1,0,0,0,0,0,0,"- ","- ",,,"SAN FRANCISCO","SAN FRANCISCO",-122.40422821044922,37.792701721191406
9483550,2022,2022-08-08,3801,2022-06-28,0757,610,MISSI,2,5,7,3801,0,0,0,,0,3D11A,"GUERRERO ST","15TH ST",0.00,,Y,A,-,N,,,,,,,,,,Y,3,0,3,2,A,-,12,21453,A,N,-,-,A,A,H,-,A,-,0,,,,,Y,,A,01,0,1,2,0,0,0,0,0,0,"- ","- ",,,"SAN FRANCISCO","SAN FRANCISCO",-122.42424011230469,37.766403198242188
9483558,2022,2022-08-08,3801,2022-06-29,1120,1609,RICHM,3,5,7,3801,0,0,0,,0,3G13C,"GEARY BL","PALM AV",115.00,E,N,B,-,N,,,,,,,,,,N,4,0,1,2,A,-,03,22350,,F,G,B,F,A,H,-,A,D,0,Y,,,,Y,,-,,0,0,1,0,1,0,0,0,0,"- ","- ",,,"SAN FRANCISCO","SAN FRANCISCO",-122.45735168457031,37.781394958496094
9483568,2022,2022-08-08,3801,2022-07-09,1131,1961,INGLE,6,5,7,3801,0,0,0,,0,3H13C,"MISSION ST","MURRAY ST",0.00,,Y,A,-,N,,,,,,,,,,N,3,0,1,2,A,-,09,21801,A,M,D,C,A,A,-,-,A,A,0,,,Y,,Y,Y,A,01,0,1,0,0,0,0,0,0,1,"- ","- ",,,"SAN FRANCISCO","SAN FRANCISCO",-122.42644500732422,37.733669281005859
9483594,2022,2022-08-17,3801,2022-07-21,2232,1871,INGLE,4,5,7,3801,0,0,0,,0,901,"ALEMANY BL","TINGLEY ST",0.00,,Y,A,-,N,,,,,,,,,,N,3,0,2,2,A,-,05,21650,,N,D,C,A,A,H,-,C,A,0,,,,,Y,,-,,0,2,0,0,0,0,0,0,0,"- ","- ",,,"SAN FRANCISCO","SAN FRANCISCO",-122.43402099609375,37.729358673095703
9483596,2022,2022-08-05,3801,2022-07-05,1800,942,TENDE,2,5,7,3801,0,0,0,,0,3J14D,"MCALLISTER ST","LEAVENWORTH ST",0.00,,Y,A,-,N,,,,,,,,,,N,3,0,1,2,A,-,03,22350,,N,C,C,A,A,H,-,A,A,0,,,Y,,Y,,C,03,0,1,0,0,0,0,0,0,1,"- ","- ",,,"SAN FRANCISCO","SAN FRANCISCO",-122.41368865966797,37.780929565429688
9502408,2022,2022-10-07,3801,2022-08-18,1857,2328,BAYVI,4,5,7,3801,0,0,0,,0,901,"CORTLAND AV","BAY SHORE BL",0.00,,Y,B,-,N,,,,,,,,,,Y,4,0,1,2,A,-,03,22350,,N,C,C,A,A,H,-,A,A,0,,,,,Y,,D,22,0,0,1,0,0,0,0,0,0,"- ","- ",,,"SAN FRANCISCO","SAN FRANCISCO",-122.40699005126953,37.739582061767578
9502468,2022,2022-09-30,3801,2022-06-18,1103,1936,TRAFF,6,5,7,3801,0,0,0,,0,4B1D,"RT 101","FILLMORE ST",0.00,,Y,A,-,Y,SF,4,101,-,-,7.376,I,5,N,Y,2,0,7,7,A,-,01,23152,G,N,D,C,-,A,H,-,A,A,0,Y,,,,Y,Y,A,07,4,0,3,0,4,0,0,0,0,"- ","- ",,,"SAN FRANCISCO","SAN FRANCISCO",-122.43606567382812,37.799911499023438
9502471,2022,2022-09-22,3801,2022-08-08,1820,1148,MISSI,1,5,7,3801,0,0,0,,0,3D16D,"VAN NESS AV","GEARY ST",35.00,N,N,F,-,N,,,,,,,,,,N,4,0,1,2,A,-,04,21703,,N,C,-,A,A,H,-,A,A,0,,,,Y,Y,,F,21,0,0,1,0,0,0,0,0,0,"- ","- ",,,"SAN FRANCISCO","SAN FRANCISCO",-122.42134094238281,37.785793304443359
9502476,2022,2022-09-27,3801,2022-08-30,0737,2476,BAYVI,2,5,7,3801,0,0,0,,0,3C4A,"BACON ST","SOMERSET ST",0.00,,Y,A,-,N,,,,,,,,,,N,4,0,1,2,A,-,10,21950,A,N,G,B,B,A,H,-,A,D,0,Y,,,,Y,,D,22,0,0,1,0,1,0,0,0,0,"- ","- ",,,"SAN FRANCISCO","SAN FRANCISCO",-122.40755462646484,37.726615905761719
9502973,2022,2022-09-29,3801,2022-08-22,1557,654,PARK,1,5,7,3801,0,0,0,,0,3F13D,"HAYES ST","COLE ST",0.00,,Y,A,-,N,,,,,,,,,,N,3,0,1,2,D,-,00,,,N,D,C,A,A,H,-,A,A,0,,,Y,,Y,,-,"- ",0,1,0,0,0,0,0,0,1,"- ","- ",,,"SAN FRANCISCO","SAN FRANCISCO",-122.45095825195312,37.773334503173828
9503050,2022,2022-09-21,3801,2022-08-17,1525,4046,INGLE,3,5,7,3801,0,0,0,,0,3H12D,"OCEAN AV","ALEMANY BL",90.00,W,N,A,-,N,,,,,,,,,,N,3,0,2,3,A,-,10,21954,B,F,B,B,E,A,H,-,A,D,0,Y,,,,Y,,A,01,0,2,0,0,2,0,0,0,0,"- ","- ",,,"SAN FRANCISCO","SAN FRANCISCO",-122.43785095214844,37.723686218261719
9503060,2022,2022-11-03,3801,2022-08-18,0840,1057,NORTH,4,5,7,3801,0,0,0,,0,3E13A,"FULTON ST","FILLMORE ST",0.00,,Y,A,-,N,,,,,,,,,,N,4,0,1,1,A,-,03,22350,,N,-,A,A,A,H,-,A,A,0,,Y,,,Y,,L,04,0,0,1,0,0,0,1,0,0,"- ","- ",,,"SAN FRANCISCO","SAN FRANCISCO",-122.43155670166016,37.777690887451172
9503091,2022,2022-09-21,3801,2022-08-16,1314,892,SOUTH,2,5,7,3801,0,0,0,,0,0B3,"NATOMA ST","7TH ST",0.00,,Y,A,-,N,,,,,,,,,,N,3,0,1,2,A,-,11,21954,A,F,G,B,E,A,H,-,A,A,0,Y,Y,,,Y,,N,60,0,1,0,0,1,0,0,0,0,"- ","- ",,,"SAN FRANCISCO","SAN FRANCISCO",-122.40989685058594,37.778400421142578
9503093,2022,2022-11-03,3801,2022-08-13,1400,282,TARAV,6,5,7,3801,0,0,0,,0,3I41,"IRVING ST","IRVING ST 2050",0.00,,N,A,-,N,,,,,,,,,,N,4,0,1,2,A,-,11,21954,A,N,G,B,D,A,H,-,A,D,0,Y,,,,Y,,N,60,0,0,1,0,1,0,0,0,0,"- ","- ",,,"SAN FRANCISCO","SAN FRANCISCO",,
9503111,2022,2022-11-03,3801,2022-08-12,2155,1961,INGLE,5,5,7,3801,0,0,0,,0,3H16E,"OSHAUGHNESSY BL","OSHAUGHNESSY BL 8415",0.00,,N,A,-,N,,,,,,,,,,N,2,0,1,1,A,-,03,22350,,N,H,A,A,A,B,-,C,D,0,,Y,,,Y,,L,04,1,0,0,0,0,0,1,0,0,"- ","- ",,,"SAN FRANCISCO","SAN FRANCISCO",,
9503113,2022,2022-09-21,3801,2022-08-12,1410,2580,TENDE,5,5,7,3801,0,0,0,,0,901,"HOWARD ST","10TH ST",0.00,,Y,A,-,N,,,,,,,,,,Y,4,0,1,2,D,-,00,,,N,C,C,A,-,H,-,A,A,0,,,,,Y,,-,"- ",0,0,1,0,0,0,0,0,0,"- ","- ",,,"SAN FRANCISCO","SAN FRANCISCO",-122.41436767578125,37.774024963378906
9503147,2022,2022-09-28,3801,2022-07-29,1236,713,CENTR,5,5,7,3801,0,0,0,,0,3A14D,"THE EMBARCADERO","BAY ST",298.00,S,N,A,-,N,,,,,,,,,,N,3,0,1,1,A,-,03,22350,,N,H,A,A,A,H,-,A,D,0,,,,,Y,,-,,0,1,0,0,0,0,0,0,0,"- ","- ",,,"SAN FRANCISCO","SAN FRANCISCO",-122.40510559082031,37.806186676025391
9503168,2022,2022-09-20,3801,2022-07-16,1645,1052,RICHM,6,5,7,3801,0,0,0,,0,3G5D,"GEARY BL","30TH AV",0.00,,Y,A,-,N,,,,,,,,,,N,3,0,2,2,A,-,09,21801,A,N,D,C,A,A,H,-,A,A,0,,,,,Y,Y,A,01,0,1,1,0,0,0,0,0,0,"- ","- ",,,"SAN FRANCISCO","SAN FRANCISCO",-122.49007415771484,37.779911041259766
9503186,2022,2022-10-05,3801,2022-08-24,1510,986,TARAV,3,5,7,3801,0,0,0,,0,3115B,"SUNSET BL","YORBA ST",0.00,,Y,A,-,N,,,,,,,,,,N,3,0,1,2,D,-,00,,,N,G,B,B,A,H,-,A,A,0,Y,,,,Y,,-,"- ",0,1,0,0,1,0,0,0,0,"- ","- ",,,"SAN FRANCISCO","SAN FRANCISCO",-122.4940185546875,37.735000610351562
9503192,2022,2022-09-21,3801,2022-08-29,1646,445,INGLE,1,5,7,3801,0,0,0,,0,004,"CAYUGA AV","SANTA YNEZ ST",0.00,,Y,A,-,N,,,,,,,,,,N,4,0,3,2,A,-,09,21802,A,N,D,C,A,A,H,-,A,A,0,,,,,Y,,A,01,0,0,3,0,0,0,0,0,0,"- ","- ",,,"SAN FRANCISCO","SAN FRANCISCO",-122.43866729736328,37.723823547363281
9503230,2022,2022-09-21,3801,2022-08-01,1626,1371,NORTH,1,5,7,3801,0,0,0,,0,003,"FRANKLIN ST","GEARY BL",0.00,,Y,A,-,N,,,,,,,,,,Y,4,0,1,2,A,-,08,22107,,N,B,C,A,A,H,-,A,A,0,,,,,Y,,A,01,0,0,1,0,0,0,0,0,0,"- ","- ",,,"SAN FRANCISCO","SAN FRANCISCO",-122.42301940917969,37.785484313964844
9503236,2022,2022-09-21,3801,2022-08-31,1445,1246,BAYVI,3,5,7,3801,0,0,0,,0,3C1C,"CESAR CHAVEZ ST","VERMONT ST",0.00,,Y,A,-,N,,,,,,,,,,N,4,0,1,2,A,-,11,21954,A,N,G,B,E,A,H,-,A,D,0,Y,,,,Y,Y,N,60,0,0,1,0,1,0,0,0,0,"- ","- ",,,"SAN FRANCISCO","SAN FRANCISCO",-122.40283966064453,37.749393463134766
9503361,2022,2022-09-22,3801,2022-08-05,0354,2740,TARAV,5,5,7,3801,0,0,0,,0,0I5,"JUNIPERO SERRA BL","PALMETTO AV",223.00,S,N,A,-,N,,,,,,,,,,Y,3,0,1,1,A,-,03,22350,,M,A,I,A,A,H,-,C,D,0,,,,,Y,,A,01,0,1,0,0,0,0,0,0,0,"- ","- ",,,"SAN FRANCISCO","SAN FRANCISCO",-122.47104644775391,37.710025787353516
9503430,2022,2022-09-23,3801,2022-06-30,0824,707,TRAFF,4,5,7,3801,0,0,0,,0,901,"EVANS AV","TOLAND ST",0.00,,Y,B,-,N,,,,,,,,,,Y,3,0,1,2,A,-,17,21461,A,N,A,C,A,A,H,-,A,D,0,,,,,Y,,A,07,0,1,0,0,0,0,0,0,0,"- ","- ",,,"SAN FRANCISCO","SAN FRANCISCO",-122.39595031738281,37.747234344482422
9503695,2022,2022-09-23,3801,2022-04-07,0835,2404,MISSI,4,5,7,3801,0,0,0,,0,,"18TH ST","FLORIDA ST",0.00,,Y,A,-,N,,,,,,,,,,N,4,0,1,2,A,-,10,21950,A,M,G,B,C,A,H,-,A,-,0,Y,,,,Y,Y,A,01,0,0,1,0,1,0,0,0,0,"- ","- ",,,"SAN FRANCISCO","SAN FRANCISCO",-122.41107177734375,37.761714935302734
9505612,2022,2022-11-15,3801,2022-09-29,1508,1771,TENDE,4,5,7,3801,0,0,0,,0,3J12D,"MARKET ST","5TH ST",200.00,E,N,A,-,N,,,,,,,,,,N,4,0,1,2,-,-,"- ",,,N,H,J,A,A,H,-,A,A,0,,,,,Y,,-,"- ",0,0,1,0,0,0,0,0,0,"- ","- ",,,"SAN FRANCISCO","SAN FRANCISCO",-122.40756225585938,37.784381866455078
9505644,2022,2022-11-22,3801,2022-09-29,1240,2402,TARAV,4,5,7,3801,0,0,0,,0,3I13A,"GREAT HWY","JUDAH ST",342.00,N,N,A,-,N,,,,,,,,,,Y,4,0,2,3,A,-,01,23152,A,N,C,E,A,A,H,-,A,D,0,,,,,Y,Y,A,01,0,0,2,0,0,0,0,0,0,"- ","- ",,,"SAN FRANCISCO","SAN FRANCISCO",-122.51006317138672,37.761184692382812
9505772,2022,2022-11-22,3801,2022-09-03,1119,1987,TENDE,6,5,7,3801,0,0,0,,0,3J90C,"EDDY ST","HYDE ST",0.00,,Y,A,-,N,,,,,,,,,,N,3,0,1,2,A,-,10,21950,A,N,G,B,C,A,H,-,A,A,0,Y,,,,Y,,A,01,0,1,0,0,1,0,0,0,0,"- ","- ",,,"SAN FRANCISCO","SAN FRANCISCO",-122.41588592529297,37.783512115478516
9505819,2022,2022-11-22,3801,2022-10-25,2035,426,NORTH,2,5,7,3801,0,0,0,,0,3E13D,"VAN NESS AV","HAYES ST",0.00,,Y,A,-,N,,,,,,,,,,,4,0,1,2,A,-,12,21453,A,F,D,C,A,A,H,-,C,A,0,,,,,Y,,A,01,0,0,1,0,0,0,0,0,0,"- ","- ",,,"SAN FRANCISCO","SAN FRANCISCO",-122.419677734375,37.777294158935547