CASE_ID,ACCIDENT_YEAR,PROC_DATE,JURIS,COLLISION_DATE,COLLISION_TIME,OFFICER_ID,REPORTING_DISTRICT,DAY_OF_WEEK,CHP_SHIFT,POPULATION,CNTY_CITY_LOC,SPECIAL_COND,BEAT_TYPE,CHP_BEAT_TYPE,CITY_DIVISION_LAPD,CHP_BEAT_CLASS,BEAT_NUMBER,PRIMARY_RD,SECONDARY_RD,DISTANCE,DIRECTION,INTERSECTION,WEATHER_1,WEATHER_2,STATE_HWY_IND,CALTRANS_COUNTY,CALTRANS_DISTRICT,STATE_ROUTE,ROUTE_SUFFIX,POSTMILE_PREFIX,POSTMILE,LOCATION_TYPE,RAMP_INTERSECTION,SIDE_OF_HWY,TOW_AWAY,COLLISION_SEVERITY,NUMBER_KILLED,NUMBER_INJURED,PARTY_COUNT,PRIMARY_COLL_FACTOR,PCF_CODE_OF_VIOL,PCF_VIOL_CATEGORY,PCF_VIOLATION,PCF_VIOL_SUBSECTION,HIT_AND_RUN,TYPE_OF_COLLISION,MVIW,PED_ACTION,ROAD_SURFACE,ROAD_COND_1,ROAD_COND_2,LIGHTING,CONTROL_DEVICE,CHP_ROAD_TYPE,PEDESTRIAN_ACCIDENT,BICYCLE_ACCIDENT,MOTORCYCLE_ACCIDENT,TRUCK_ACCIDENT,NOT_PRIVATE_PROPERTY,ALCOHOL_INVOLVED,STWD_VEHTYPE_AT_FAULT,CHP_VEHTYPE_AT_FAULT,COUNT_SEVERE_INJ,COUNT_VISIBLE_INJ,COUNT_COMPLAINT_PAIN,COUNT_PED_KILLED,COUNT_PED_INJURED,COUNT_BICYCLIST_KILLED,COUNT_BICYCLIST_INJURED,COUNT_MC_KILLED,COUNT_MC_INJURED,PRIMARY_RAMP,SECONDARY_RAMP,LATITUDE,LONGITUDE,COUNTY,CITY,POINT_X,POINT_Y
9505932,2022,2022-11-14,3801,2022-10-10,1422,310,SOUTH,1,5,7,3801,0,0,0,,0,3B12A,"FOLSOM ST","FREMONT ST",105.00,E,N,A,-,N,,,,,,,,,,Y,4,0,1,1,A,-,03,22350,,N,E,I,A,A,H,-,A,D,0,,,Y,,Y,,C,03,0,0,1,0,0,0,0,0,1,"- ","- ",,,"SAN FRANCISCO","SAN FRANCISCO",-122.39334869384766,37.7882080078125
9505935,2022,2022-11-14,3801,2022-10-09,1222,4117,TARAV,7,5,7,3801,0,0,0,,0,3I15A,"LAKE MERCED BL","WINSTON ST",0.00,,Y,A,-,N,,,,,,,,,,Y,4,0,1,4,A,-,03,22350,,N,B,C,A,A,H,-,A,A,0,,,,,Y,,A,01,0,0,1,0,0,0,0,0,0,"- ","- ",,,"SAN FRANCISCO","SAN FRANCISCO",-122.48397064208984,37.727001190185547
9505951,2022,2022-11-22,3801,2022-10-01,1717,1414,MISSI,6,5,7,3801,0,0,0,,0,3D13D,"LEXINGTON ST","19TH ST",320.00,S,N,B,-,N,,,,,,,,,,N,4,0,1,2,A,-,08,22107,,N,B,C,A,A,H,-,A,D,0,,,,,Y,,-,,0,0,1,0,0,0,0,0,0,"- ","- ",,,"SAN FRANCISCO","SAN FRANCISCO",-122.42055511474609,37.759284973144531
9505956,2022,2022-11-21,3801,2022-10-07,1848,2425,MISSI,5,5,7,3801,0,0,0,,0,3D16D,"19TH ST","CAPP ST",25.00,N,N,A,-,N,,,,,,,,,,N,4,0,1,2,A,-,09,21800,A,N,D,C,A,A,H,-,A,A,0,,,Y,,Y,,A,07,0,0,1,0,0,0,0,0,1,"- ","- ",,,"SAN FRANCISCO","SAN FRANCISCO",-122.41802215576172,37.760295867919922
9505958,2022,2022-11-21,3801,2022-10-17,1010,1572,SOUTH,1,5,7,3801,0,0,0,,0,3B1A,TOWNSEND,"5TH ST",0.00,,Y,A,-,N,,,,,,,,,,N,4,0,1,2,A,-,12,22450,A,F,D,J,A,A,H,-,A,A,0,,,,,Y,,A,01,0,0,1,0,0,0,0,0,0,"- ","- ",,,"SAN FRANCISCO","SAN FRANCISCO",-122.39722442626953,37.775348663330078
9505972,2022,2022-11-14,3801,2022-10-13,1401,1833,NORTH,4,5,7,3801,0,0,0,,0,3E13C,"EDDY ST","POLK ST",0.00,,Y,A,-,N,,,,,,,,,,Y,2,0,3,2,A,-,09,21801,,N,A,C,A,A,H,-,A,A,0,,,,,Y,,A,01,1,0,2,0,0,0,0,0,0,"- ","- ",,,"SAN FRANCISCO","SAN FRANCISCO",-122.41918182373047,37.7830810546875
9505974,2022,2022-11-14,3801,2022-10-12,1735,2328,BAYVI,3,5,7,3801,0,0,0,,0,901,"BAY SHORE BL","INDUSTRIAL ST",0.00,,Y,B,-,N,,,,,,,,,,N,2,0,1,1,A,-,03,22350,,N,F,A,A,A,H,-,A,A,0,,,Y,,Y,,C,02,1,0,0,0,0,0,0,0,1,"- ","- ",,,"SAN FRANCISCO","SAN FRANCISCO",-122.40695953369141,37.737998962402344
9505975,2022,2022-11-14,3801,2022-10-14,1804,2231,SOUTH,5,5,7,3801,0,0,0,,0,3B12D,"3RD ST","TOWNSEND ST",0.00,N,N,A,-,N,,,,,,,,,,N,4,0,1,2,A,-,00,21655,1,N,B,G,A,A,H,-,A,A,0,,Y,,,Y,Y,A,01,0,0,1,0,0,0,1,0,0,"- ","- ",,,"SAN FRANCISCO","SAN FRANCISCO",-122.39275360107422,37.778858184814453
9505980,2022,2022-11-14,3801,2022-10-24,1853,445,INGLE,1,5,7,3801,0,0,0,,0,3H15D,"FRIDA KAHLO WY","CITY COLLEGE TERMINAL",293.00,N,N,A,-,N,,,,,,,,,,N,3,0,1,2,A,-,11,21954,A,N,G,B,D,A,H,-,C,D,0,Y,,,,Y,,N,60,0,1,0,0,1,0,0,0,0,"- ","- ",,,"SAN FRANCISCO","SAN FRANCISCO",,
9506039,2022,2022-11-22,3801,2022-10-10,0200,1574,INGLE,1,5,7,3801,0,0,0,,0,3H13E,"PERSIA AV","NAPLES ST",0.00,,Y,A,-,N,,,,,,,,,,Y,3,0,1,5,A,-,12,22450,A,N,D,C,A,A,H,-,C,D,0,,,,,Y,,A,01,0,1,0,0,0,0,0,0,0,"- ","- ",,,"SAN FRANCISCO","SAN FRANCISCO",-122.43121337890625,37.720863342285156
9506042,2022,2022-11-10,3801,2022-10-13,1021,A20702,NORTH,4,5,7,3801,0,0,0,,0,3E13A,"FRANKLIN ST","GOLDEN GATE AV",0.00,,Y,A,-,N,,,,,,,,,,N,4,0,1,2,A,-,04,21703,,N,C,C,A,A,H,-,A,A,0,,,,,Y,,A,01,0,0,1,0,0,0,0,0,0,"- ","- ",,,"SAN FRANCISCO","SAN FRANCISCO",-122.42209625244141,37.78082275390625
9506067,2022,2022-11-17,3801,2022-10-06,1420,LARA,CENTR,4,5,7,3801,0,0,0,,0,3A50A,"THE EMBARCADERO","BAY ST",0.00,,Y,A,-,N,,,,,,,,,,N,4,0,1,2,C,-,18,,,N,B,G,A,A,H,-,A,A,0,,Y,,,Y,,-,"- ",0,0,1,0,0,0,1,0,0,"- ","- ",,,"SAN FRANCISCO","SAN FRANCISCO",-122.40596771240234,37.806632995605469
9506239,2022,2022-10-31,3801,2022-06-15,1421,2081,CENTR,3,5,7,3801,0,0,0,,0,005,"PIER 5","THE EMBARCADERO NORTH",0.00,,Y,A,-,N,,,,,,,,,,N,2,0,2,2,A,-,03,22350,,N,A,-,A,A,H,-,A,D,0,,Y,,,Y,,-,"- ",1,0,1,0,0,0,1,0,0,"- ","- ",,,"SAN FRANCISCO","SAN FRANCISCO",-122.39646148681641,37.798084259033203
9506388,2022,2022-10-11,3801,2022-09-11,1738,1198,MISSI,7,5,7,3801,0,0,0,,0,,"MISSION ST","ERIE ST",56.00,S,N,A,-,N,,,,,,,,,,Y,4,0,1,3,A,-,09,21804,,N,D,C,A,A,H,-,A,D,0,,,Y,,Y,Y,C,02,0,0,1,0,0,0,0,0,1,"- ","- ",,,"SAN FRANCISCO","SAN FRANCISCO",-122.42002868652344,37.768917083740234
9506434,2022,2022-10-11,3801,2022-09-05,0100,2354,TARAV,1,5,7,3801,0,0,0,,0,2CAR,"QUINTARA ST","27TH AV",0.00,,Y,A,-,N,,,,,,,,,,Y,4,0,2,1,A,-,03,22350,,N,E,I,A,A,H,-,C,D,0,,,,,Y,,A,01,0,0,2,0,0,0,0,0,0,"- ","- ",,,"SAN FRANCISCO","SAN FRANCISCO",-122.48465728759766,37.748260498046875
9506484,2022,2022-10-10,3801,2022-09-13,1859,539,NORTH,2,5,7,3801,0,0,0,,0,5CAR,"MARINA GREEN DR","MARINA BL",74.00,N,N,A,-,N,,,,,,,,,,N,3,0,1,1,A,-,03,22350,,N,F,J,A,A,H,-,A,D,0,,Y,,,Y,,L,04,0,1,0,0,0,0,1,0,0,"- ","- ",,,"SAN FRANCISCO","SAN FRANCISCO",-122.43590545654297,37.806594848632812
9506493,2022,2022-10-10,3801,2022-09-06,0316,901,INGLE,2,5,7,3801,0,0,0,,0,3H12E,"ALEMANY BL","ELLSWORTH ST",317.00,E,N,A,-,N,,,,,,,,,,N,3,0,1,1,A,-,08,22107,,N,H,J,A,A,H,-,C,D,0,,,Y,,Y,,C,02,0,1,0,0,0,0,0,0,1,"- ","- ",,,"SAN FRANCISCO","SAN FRANCISCO",-122.41792297363281,37.732231140136719
9506504,2022,2022-10-11,3801,2022-09-12,2225,317,CENTR,1,5,7,3801,0,0,0,,0,SECTOR,"SANSOME ST","CLAY ST",0.00,,Y,A,-,N,,,,,,,,,,N,4,0,1,2,A,-,08,22107,,N,G,B,B,A,H,-,C,A,0,Y,,,,Y,,A,07,0,0,1,0,1,0,0,0,0,"- ","- ",,,"SAN FRANCISCO","SAN FRANCISCO",-122.40148162841797,37.794868469238281
9506512,2022,2022-10-11,3801,2022-09-16,2013,1454,NORTH,5,5,7,3801,0,0,0,,0,3E14D,"DIVISADERO ST","HAYES ST",0.00,,Y,A,-,N,,,,,,,,,,N,4,0,1,2,A,-,11,21456,B,M,G,B,B,A,H,-,C,A,0,Y,,,,Y,Y,N,60,0,0,1,0,1,0,0,0,0,"- ","- ",,,"SAN FRANCISCO","SAN FRANCISCO",-122.43778991699219,37.774978637695312
9506524,2022,2022-10-11,3801,2022-09-20,2220,2315,MISSI,2,5,7,3801,0,0,0,,0,3D11E,"CASTRO ST","MARKET ST",310.00,S,N,A,-,N,,,,,,,,,,N,3,0,1,2,A,-,11,21955,,N,G,B,D,A,H,-,C,D,0,Y,,,,Y,Y,N,60,0,1,0,0,1,0,0,0,0,"- ","- ",,,"SAN FRANCISCO","SAN FRANCISCO",-122.43508148193359,37.761791229248047
9506586,2022,2022-10-11,3801,2022-09-09,2500,899,NORTH,5,5,7,3801,0,0,0,,0,3E13E,"FILLMORE ST","PINE ST",0.00,,Y,A,-,N,,,,,,,,,,Y,4,0,1,2,A,-,17,21657,,N,D,C,A,A,H,-,C,A,0,,,,,Y,,A,01,0,0,1,0,0,0,0,0,0,"- ","- ",,,"SAN FRANCISCO","SAN FRANCISCO",-122.43363189697266,37.787956237792969
9506601,2022,2022-10-12,3801,2022-09-20,0730,310,SOUTH,2,5,7,3801,0,0,0,,0,3B12A,"4TH ST","BERRY ST",315.00,S,N,A,-,N,,,,,,,,,,N,3,0,2,1,C,-,18,,,N,H,I,A,A,H,-,A,D,0,,Y,,,Y,,-,"- ",0,2,0,0,0,0,2,0,0,"- ","- ",,,"SAN FRANCISCO","SAN FRANCISCO",-122.39257049560547,37.775169372558594
9506607,2022,2022-10-10,3801,2022-09-19,1707,2487,BAYVI,1,5,7,3801,0,0,0,,0,0C3,"DONAHUE ST","CLEO RAND AV",0.00,,Y,A,-,N,,,,,,,,,,Y,3,0,1,2,A,-,03,22350,,M,B,E,A,A,H,-,A,D,0,,,Y,,Y,,C,02,0,1,0,0,0,0,0,0,1,"- ","- ",,,"SAN FRANCISCO","SAN FRANCISCO",-122.37036895751953,37.72857666015625
9507635,2022,2022-10-28,3801,2022-09-03,0720,1540,TARAV,6,5,7,3801,0,0,0,,0,3II3A,"19TH AV","KIRKHAM ST",0.00,,Y,A,-,N,,,,,,,,,,Y,3,0,1,2,D,-,00,,,N,D,C,A,A,H,-,A,A,0,,,,,Y,,-,"- ",0,1,0,0,0,0,0,0,0,"- ","- ",,,"SAN FRANCISCO","SAN FRANCISCO",-122.47682952880859,37.759834289550781
9507672,2022,2022-10-13,3801,2022-09-21,1011,IMHOFF8,NORTH,3,5,7,3801,0,0,0,,0,3E1A,"FEEL ST","LAGUNA ST",136.00,W,N,A,-,N,,,,,,,,,,Y,4,0,1,4,A,-,03,22350,,N,C,C,A,-,H,-,A,D,0,,,,Y,Y,,F,26,0,0,1,0,0,0,0,0,0,"- ","- ",,,"SAN FRANCISCO","SAN FRANCISCO",,
9507917,2022,2022-10-17,3801,2022-03-03,1325,1297,PARK,4,5,7,3801,0,0,0,,0,3F14A,"DUBOCE AV","STEINER ST",0.00,,Y,A,-,N,,,,,,,,,,N,3,0,1,2,C,-,18,,,N,C,G,A,A,H,-,A,A,0,,Y,,,Y,,-,"- ",0,1,0,0,0,0,1,0,0,"- ","- ",,,"SAN FRANCISCO","SAN FRANCISCO",-122.43157958984375,37.769317626953125
9507919,2022,2022-10-17,3801,2022-03-30,1415,455,SOUTH,3,5,7,3801,0,0,0,,0,03B,"4TH ST","BRANNAN ST",0.00,,Y,A,-,N,,,,,,,,,,N,4,0,1,2,A,-,08,22107,,N,D,C,A,A,H,-,A,A,0,,,,,Y,,-,,0,0,1,0,0,0,0,0,0,"- ","- ",,,"SAN FRANCISCO","SAN FRANCISCO",-122.39653778076172,37.778327941894531
9509941,2022,2022-12-15,3801,2022-11-01,0712,392,MISSI,2,5,7,3801,0,0,0,,0,34D14A,"CHURCH ST","16TH ST",79.00,S,N,B,F,N,,,,,,,,,,Y,4,0,1,1,A,-,07,21658,A,N,A,I,A,B,H,-,C,D,0,,,,,Y,,A,01,0,0,1,0,0,0,0,0,0,"- ","- ",,,"SAN FRANCISCO","SAN FRANCISCO",-122.42862701416016,37.7642822265625
9509946,2022,2022-12-15,3801,2022-11-09,2120,2315,MISSI,3,5,7,3801,0,0,0,,0,3D14E,"24TH ST","MISSION ST",70.00,E,N,A,-,N,,,,,,,,,,N,4,0,1,2,A,-,03,22350,,F,G,B,-,A,H,-,C,A,0,Y,,,,Y,,A,01,0,0,1,0,1,0,0,0,0,"- ","- ",,,"SAN FRANCISCO","SAN FRANCISCO",-122.41825103759766,37.752269744873047
9509947,2022,2022-12-15,3801,2022-11-09,1830,2017,MISSI,3,5,7,3801,0,0,0,,0,3D14D,"MISSION ST","CESAR CHAVEZ ST",0.00,,Y,A,-,N,,,,,,,,,,Y,3,0,2,2,A,-,12,21453,A,N,D,C,A,A,H,-,C,A,0,,,,,Y,,A,01,0,1,1,0,0,0,0,0,0,"- ","- ",,,"SAN FRANCISCO","SAN FRANCISCO",-122.41819763183594,37.748222351074219
9509948,2022,2022-12-15,3801,2022-11-10,1745,2470,CENTR,4,5,7,3801,0,0,0,,0,3A13D,"BAY ST","LEAVENWORTH ST",0.00,,Y,A,-,N,,,,,,,,,,N,3,0,1,2,A,-,08,22101,D,N,D,C,A,A,H,-,C,A,0,,,Y,,Y,,A,01,0,1,0,0,0,0,0,0,1,"- ","- ",,,"SAN FRANCISCO","SAN FRANCISCO",-122.41855621337891,37.805030822753906
9509959,2022,2022-12-15,3801,2022-11-10,1920,1741,RICHM,4,5,7,3801,0,0,0,,0,901,"11TH AV","CALIFORNIA ST",0.00,,Y,A,-,N,,,,,,,,,,N,3,0,1,2,A,-,11,21950,B,N,G,B,D,A,H,-,B,A,0,Y,,,,Y,,N,60,0,1,0,0,1,0,0,0,0,"- ","- ",,,"SAN FRANCISCO","SAN FRANCISCO",-122.46990966796875,37.784572601318359
9509960,2022,2022-12-15,3801,2022-11-10,0810,2493,PARK,4,5,7,3801,0,0,0,,0,3F13A,"HAIGHT ST","BAKER ST",0.00,,Y,A,-,N,,,,,,,,,,Y,3,0,2,2,A,-,09,21801,A,N,A,C,A,A,H,-,A,A,0,,,,,Y,,A,01,0,1,1,0,0,0,0,0,0,"- ","- ",,,"SAN FRANCISCO","SAN FRANCISCO",-122.44032287597656,37.770847320556641
9509992,2022,2022-12-21,3801,2022-11-15,1634,2038,PARK,2,5,7,3801,0,0,0,,0,3F12D,"LAGUNA HONDA BL","CLARENDON AV",144.00,S,N,A,-,N,,,,,,,,,,N,4,0,1,2,A,-,08,22107,,N,D,C,A,A,H,-,A,D,0,,,Y,,Y,,A,01,0,0,1,0,0,0,0,0,1,"- ","- ",,,"SAN FRANCISCO","SAN FRANCISCO",-122.46133422851562,37.751129150390625
9509999,2022,2022-12-16,3801,2022-11-14,2020,1421,RICHM,1,5,7,3801,0,0,0,,0,,"BALBOA ST","36TH AV",0.00,,Y,A,-,N,,,,,,,,,,Y,4,0,2,2,B,-,22,,,F,D,-,A,A,H,-,C,A,0,,,,,Y,,A,01,0,0,2,0,0,0,0,0,0,"- ","- ",,,"SAN FRANCISCO","SAN FRANCISCO",-122.49628448486328,37.775764465332031
9510001,2022,2023-01-06,3801,2022-11-15,1520,4047,MISSI,2,5,7,3801,0,0,0,,0,3D16D,"VALENCIA ST","19TH ST",0.00,,Y,A,-,N,,,,,,,,,,N,3,0,1,2,A,-,12,21453,A,N,D,G,A,A,H,-,A,A,0,,Y,,,Y,,L,04,0,1,0,0,0,0,1,0,0,"- ","- ",,,"SAN FRANCISCO","SAN FRANCISCO",-122.42140197753906,37.760112762451172
9510002,2022,2023-01-06,3801,2022-11-15,1102,1183,MISSI,2,5,7,3801,0,0,0,,0,3D14A,"DOLORES ST","20TH ST",0.00,,Y,A,-,N,,,,,,,,,,N,3,0,1,2,A,-,"- ",,,N,D,J,-,A,H,-,A,A,0,Y,,,,Y,,N,60,0,1,0,0,1,0,0,0,0,"- ","- ",,,"SAN FRANCISCO","SAN FRANCISCO",-122.42582702636719,37.758213043212891
9510007,2022,2022-12-20,3801,2022-11-17,0059,1750,NORTH,4,5,7,3801,0,0,0,,0,0E1,"HAYES ST","FILLMORE ST",0.00,,Y,A,B,N,,,,,,,,,,N,2,0,1,2,A,-,11,21453,D,N,G,B,B,A,H,-,C,A,0,Y,,,,Y,,N,60,1,0,0,0,1,0,0,0,0,"- ","- ",,,"SAN FRANCISCO","SAN FRANCISCO",-122.43118286132812,37.775825500488281
9510008,2022,2022-12-20,3801,2022-11-16,2234,2724,SOUTH,3,5,7,3801,0,0,0,,0,3B15E,"BRANNAN ST","HARRIET ST",0.00,,Y,A,-,N,,,,,,,,,,N,4,0,1,2,A,-,05,21650,,N,A,C,A,A,H,-,C,A,0,,,,,Y,,M,94,0,0,1,0,0,0,0,0,0,"- ","- ",,,"SAN FRANCISCO","SAN FRANCISCO",-122.40151214599609,37.774402618408203
9510068,2022,2022-12-08,3801,2022-10-28,2154,740,MISSI,5,5,7,3801,0,0,0,,0,0D3,"S VAN NESS AV","24TH ST",100.00,S,N,A,-,N,,,,,,,,,,N,4,0,1,2,A,-,04,21703,,F,C,C,A,A,H,-,C,D,0,,,,,Y,,A,07,0,0,1,0,0,0,0,0,0,"- ","- ",,,"SAN FRANCISCO","SAN FRANCISCO",-122.416259765625,37.752105712890625
9510370,2022,2022-12-23,3801,2022-11-10,1030,2310,BAYVI,4,5,7,3801,0,0,0,,0,3C15A,"OAKDALE AV","LOOMIS ST",0.00,,Y,A,-,N,,,,,,,,,,Y,4,0,1,2,A,-,12,22450,A,N,B,C,A,A,H,-,A,A,0,,,,,Y,,A,01,0,0,1,0,0,0,0,0,0,"- ","- ",,,"SAN FRANCISCO","SAN FRANCISCO",-122.40431213378906,37.742527008056641
9518810,2022,2023-02-10,3801,2022-01-31,0900,2126,CENTR,1,5,7,3801,0,0,0,,0,,"POWELL ST","CLAY ST",18.00,S,N,A,-,N,,,,,,,,,,N,4,0,1,2,A,-,11,21954,A,N,G,B,E,A,H,-,A,A,0,Y,,,,Y,,N,60,0,0,1,0,1,0,0,0,0,"- ","- ",,,"SAN FRANCISCO","SAN FRANCISCO",-122.40952301025391,37.793830871582031
9522322,2022,2022-12-20,3801,2022-11-19,2018,1198,MISSI,6,5,7,3801,0,0,0,,0,,"DOLORES ST","14TH ST",0.00,,Y,A,-,N,,,,,,,,,,N,4,0,1,2,A,-,08,22107,,N,D,C,A,A,H,-,C,A,0,,,Y,,Y,,A,01,0,0,1,0,0,0,0,0,1,"- ","- ",,,"SAN FRANCISCO","SAN FRANCISCO",-122.42677307128906,37.767879486083984
9522333,2022,2022-12-19,3801,2022-11-18,1500,52,SOUTH,5,5,7,3801,0,0,0,,0,0B3,"6TH ST","BRYANT ST",50.00,N,N,A,-,N,,,,,,,,,,N,4,0,2,2,A,-,03,22350,,F,C,C,A,A,H,-,A,A,0,,,,,Y,,A,01,0,0,2,0,0,0,0,0,0,"- ","- ",,,"SAN FRANCISCO","SAN FRANCISCO",-122.40261840820312,37.776157379150391
9522348,2022,2022-12-20,3801,2022-11-10,1620,460,INGLE,4,5,7,3801,0,0,0,,0,3H14D,"JOOST AV","EDNA ST",0.00,,Y,A,-,N,,,,,,,,,,Y,3,0,2,2,A,-,08,22100,B,N,D,C,A,A,H,-,A,A,0,,,,,Y,,A,07,0,1,1,0,0,0,0,0,0,"- ","- ",,,"SAN FRANCISCO","SAN FRANCISCO",-122.44734191894531,37.732318878173828
9522362,2022,2022-12-19,3801,2022-11-04,0239,1184,MISSI,5,5,7,3801,0,0,0,,0,3D16E,"HARRISON ST","17TH ST",0.00,,Y,A,-,N,,,,,,,,,,N,4,0,1,2,A,-,04,21703,,F,C,C,A,A,H,-,C,A,0,,,,,Y,,A,07,0,0,1,0,0,0,0,0,0,"- ","- ",,,"SAN FRANCISCO","SAN FRANCISCO",-122.41303253173828,37.764091491699219
9522377,2022,2022-12-19,3801,2022-11-18,1816,1173,RICHM,5,5,7,3801,0,0,0,,0,901,"POINT LOBOS AV","43RD AV",0.00,,Y,A,-,N,,,,,,,,,,N,3,0,1,2,A,-,12,22450,,N,D,-,A,A,H,-,C,A,0,,,,,Y,,A,01,0,1,0,0,0,0,0,0,0,"- ","- ",,,"SAN FRANCISCO","SAN FRANCISCO",-122.50400543212891,37.77972412109375
9522396,2022,2022-12-12,3801,2022-10-31,2033,1994,SOUTH,1,5,7,3801,0,0,0,,0,4B3D,"FOLSOM ST","8TH ST",8.00,E,N,A,-,N,,,,,,,,,,N,4,0,1,2,A,-,10,21950,A,N,G,B,B,A,H,-,C,A,0,Y,,,,Y,,A,01,0,0,1,0,1,0,0,0,0,"- ","- ",,,"SAN FRANCISCO","SAN FRANCISCO",-122.4100341796875,37.775005340576172
9522563,2022,2022-12-22,3801,2022-11-01,1509,1499,MISSI,2,5,7,3801,0,0,0,,0,3D12E,"LOMBARD ST","BUCHANAN ST",171.00,E,N,A,-,N,,,,,,,,,,Y,4,0,1,2,A,-,03,22350,A,F,B,E,A,A,H,-,A,D,0,,,,,Y,,A,01,0,0,1,0,0,0,0,0,0,"- ","- ",,,"SAN FRANCISCO","SAN FRANCISCO",-122.43217468261719,37.800338745117188
9522565,2022,2022-12-09,3801,2022-08-30,0653,2425,MISSI,2,5,7,3801,0,0,0,,0,3D11A,"PORTOLA DR","CLIPPER ST",273.00,N,N,A,-,N,,,,,,,,,,Y,3,0,1,1,A,-,03,22350,,N,E,I,A,-,H,-,A,A,0,,,,,Y,,A,01,0,1,0,0,0,0,0,0,0,"- ","- ",,,"SAN FRANCISCO","SAN FRANCISCO",-122.44410705566406,37.74737548828125
9527063,2023,2023-02-24,3801,2023-01-25,1638,4041,TARAV,3,5,7,3801,0,0,0,,0,3I13D,"SUNSET BL","VICENTE ST",0.00,,Y,A,-,N,,,,,,,,,,N,3,0,2,3,A,-,10,21950,A,N,G,B,B,A,H,-,A,A,0,Y,,,,Y,,A,01,0,2,0,0,2,0,0,0,0,"- ","- ",,,"SAN FRANCISCO","SAN FRANCISCO",,
9527171,2023,2023-03-04,3801,2023-01-25,"950 ",1897,INGLE,3,5,7,3801,0,0,0,,0,3H13A,"29TH ST","TIFFANY AV",0.00,,Y,A,-,N,,,,,,,,,,N,4,0,1,2,A,-,10,21950,A,N,G,B,B,A,H,-,-,D,0,Y,,,,Y,Y,A,01,0,0,1,0,1,0,0,0,0,"- ","- ",,,"SAN FRANCISCO","SAN FRANCISCO",,
9530976,2022,2022-12-21,3801,2022-11-15,1900,317,CENTR,2,5,7,3801,0,0,0,,0,SECTOR,"SACRAMENTO ST","JONES ST",52.00,W,N,A,-,N,,,,,,,,,,N,4,0,1,2,A,-,21,22106,,N,C,C,A,A,H,-,C,D,0,,,,,Y,,D,22,0,0,1,0,0,0,0,0,0,"- ","- ",,,"SAN FRANCISCO","SAN FRANCISCO",-122.41447448730469,37.792327880859375
9531188,2022,2022-12-22,3801,2022-11-26,1428,737,NORTH,6,5,7,3801,0,0,0,,0,3E11C,"BUSH ST","POLK ST",84.00,E,N,A,-,N,,,,,,,,,,N,4,0,1,2,A,-,04,21703,,N,C,C,A,A,H,-,A,D,0,,,,,Y,Y,A,01,0,0,1,0,0,0,0,0,0,"- ","- ",,,"SAN FRANCISCO","SAN FRANCISCO",-122.42001342773438,37.788726806640625
9531340,2022,2022-12-21,3801,2022-11-08,2359,299,CENTR,2,5,7,3801,0,0,0,,0,3A12E,"MONTGOMERY ST","CLAY ST",0.00,,Y,A,-,N,,,,,,,,,,N,4,0,1,2,A,-,10,21950,A,F,G,B,B,B,H,-,C,A,0,Y,,,,Y,,-,,0,0,1,0,1,0,0,0,0,"- ","- ",,,"SAN FRANCISCO","SAN FRANCISCO",-122.40312194824219,37.794681549072266
9531444,2022,2022-11-14,3801,2022-10-29,2002,875,CENTR,6,5,7,3801,0,0,0,,0,3A12D,"SUTTER ST","POWELL ST",5.00,S,N,A,-,N,,,,,,,,,,N,3,0,1,2,A,-,08,22107,,N,B,C,A,A,H,-,C,A,0,,,Y,,Y,,C,03,0,1,0,0,0,0,0,0,1,"- ","- ",,,"SAN FRANCISCO","SAN FRANCISCO",-122.40863037109375,37.789226531982422
9531446,2022,2022-11-10,3801,2022-10-29,1250,4335,RICHM,6,5,7,3801,0,0,0,,0,901,"BAKER ST","BUSH ST",0.00,,Y,A,-,N,,,,,,,,,,Y,3,0,2,2,A,-,09,21801,A,N,A,C,A,A,H,-,A,A,0,,,,,Y,,A,07,0,1,1,0,0,0,0,0,0,"- ","- ",,,"SAN FRANCISCO","SAN FRANCISCO",-122.44337463378906,37.785751342773438
9531447,2022,2022-11-23,3801,2022-10-27,0915,1118,SOUTH,4,5,7,3801,0,0,0,,0,3B14A,"TERRY A FRANCOIS BL","PIERPOINT LN",0.00,,Y,A,-,N,,,,,,,,,,N,3,0,1,2,A,-,08,22107,,N,D,-,A,A,-,-,A,D,0,,Y,,,Y,,A,07,0,1,0,0,0,0,1,0,0,"- ","- ",,,"SAN FRANCISCO","SAN FRANCISCO",-122.38639831542969,37.769966125488281
9531455,2022,2022-11-09,3801,2022-10-05,1614,1133,CENTR,3,5,7,3801,0,0,0,,0,04A,"COLUMBUS AV","VALLEJO ST",0.00,,Y,A,-,N,,,,,,,,,,N,3,0,1,2,A,-,10,21950,A,N,G,B,B,A,H,-,A,A,0,Y,,,,Y,,A,01,0,1,0,0,1,0,0,0,0,"- ","- ",,,"SAN FRANCISCO","SAN FRANCISCO",-122.40789031982422,37.798721313476562
9531458,2022,2022-11-09,3801,2022-10-04,0423,2461,MISSI,2,5,7,3801,0,0,0,,0,3D13E,"22ND ST","CAPP ST",0.00,,Y,A,-,N,,,,,,,,,,Y,3,0,1,2,A,-,01,23152,A,N,D,C,A,A,H,-,C,D,0,,,,,Y,Y,A,08,0,1,0,0,0,0,0,0,0,"- ","- ",,,"SAN FRANCISCO","SAN FRANCISCO",-122.41765594482422,37.755531311035156