CASE_ID,ACCIDENT_YEAR,PROC_DATE,JURIS,COLLISION_DATE,COLLISION_TIME,OFFICER_ID,REPORTING_DISTRICT,DAY_OF_WEEK,CHP_SHIFT,POPULATION,CNTY_CITY_LOC,SPECIAL_COND,BEAT_TYPE,CHP_BEAT_TYPE,CITY_DIVISION_LAPD,CHP_BEAT_CLASS,BEAT_NUMBER,PRIMARY_RD,SECONDARY_RD,DISTANCE,DIRECTION,INTERSECTION,WEATHER_1,WEATHER_2,STATE_HWY_IND,CALTRANS_COUNTY,CALTRANS_DISTRICT,STATE_ROUTE,ROUTE_SUFFIX,POSTMILE_PREFIX,POSTMILE,LOCATION_TYPE,RAMP_INTERSECTION,SIDE_OF_HWY,TOW_AWAY,COLLISION_SEVERITY,NUMBER_KILLED,NUMBER_INJURED,PARTY_COUNT,PRIMARY_COLL_FACTOR,PCF_CODE_OF_VIOL,PCF_VIOL_CATEGORY,PCF_VIOLATION,PCF_VIOL_SUBSECTION,HIT_AND_RUN,TYPE_OF_COLLISION,MVIW,PED_ACTION,ROAD_SURFACE,ROAD_COND_1,ROAD_COND_2,LIGHTING,CONTROL_DEVICE,CHP_ROAD_TYPE,PEDESTRIAN_ACCIDENT,BICYCLE_ACCIDENT,MOTORCYCLE_ACCIDENT,TRUCK_ACCIDENT,NOT_PRIVATE_PROPERTY,ALCOHOL_INVOLVED,STWD_VEHTYPE_AT_FAULT,CHP_VEHTYPE_AT_FAULT,COUNT_SEVERE_INJ,COUNT_VISIBLE_INJ,COUNT_COMPLAINT_PAIN,COUNT_PED_KILLED,COUNT_PED_INJURED,COUNT_BICYCLIST_KILLED,COUNT_BICYCLIST_INJURED,COUNT_MC_KILLED,COUNT_MC_INJURED,PRIMARY_RAMP,SECONDARY_RAMP,LATITUDE,LONGITUDE,COUNTY,CITY,POINT_X,POINT_Y
9531545,2022,2022-11-21,3801,2022-08-15,1657,812,BAYVI,1,5,7,3801,0,0,0,,0,005,"3RD ST","FITZGERALD AV",0.00,,Y,A,-,N,,,,,,,,,,Y,4,0,1,2,A,-,08,22107,,F,D,F,A,A,H,-,A,A,0,,,,,Y,,A,01,0,0,1,0,0,0,0,0,0,"- ","- ",,,"SAN FRANCISCO","SAN FRANCISCO",-122.39539337158203,37.723201751708984
9531772,2022,2022-11-14,3801,2022-10-18,1035,257,RICHM,2,5,7,3801,0,0,0,,0,3G5A,"20TH AV","BALBOA ST",0.00,,Y,A,-,N,,,,,,,,,,Y,3,0,1,3,A,-,21,22106,,N,D,C,A,A,H,-,A,D,0,,,,,Y,,A,01,0,1,0,0,0,0,0,0,0,"- ","- ",,,"SAN FRANCISCO","SAN FRANCISCO",-122.4791259765625,37.776538848876953
9532088,2022,2022-11-22,3801,2022-10-27,1622,1260,BAYVI,4,5,7,3801,0,0,0,,0,3C105,"PALOU AV",NEWHALL,0.00,,Y,A,-,N,,,,,,,,,,N,4,0,1,2,A,-,10,21950,A,N,G,-,B,A,H,-,A,-,0,Y,,,,Y,,A,01,0,0,1,0,1,0,0,0,0,"- ","- ",,,"SAN FRANCISCO","SAN FRANCISCO",-122.39278411865234,37.735027313232422
9532110,2022,2022-11-21,3801,2022-05-17,0800,1507,TENDE,2,5,7,3801,0,0,0,,0,0J3,"TURK ST","LARKIN ST",180.00,W,N,A,-,N,,,,,,,,,,N,4,0,1,2,A,-,03,22350,,N,B,C,A,A,D,-,A,D,0,,,,,Y,,-,"- ",0,0,1,0,0,0,0,0,0,"- ","- ",,,"SAN FRANCISCO","SAN FRANCISCO",-122.41795349121094,37.782302856445312
9535004,2022,2023-01-17,3801,2022-11-13,1545,1666,PARK,7,5,7,3801,0,0,0,,0,4CAR,"HERMANN ST","LAGUNA ST",100.00,N,N,A,-,N,,,,,,,,,,Y,3,0,1,3,A,-,09,21801,A,N,D,C,A,A,H,-,A,A,0,,,Y,,Y,,A,01,0,1,0,0,0,0,0,0,1,"- ","- ",,,"SAN FRANCISCO","SAN FRANCISCO",-122.42513275146484,37.770881652832031
9543006,2022,2023-01-11,3801,2022-07-24,0728,1857,RICHM,7,5,7,3801,0,0,0,,0,3G15A,"FULTON ST","8TH AV",0.00,,Y,B,-,N,,,,,,,,,,Y,3,0,3,2,A,-,08,22101,D,N,D,C,A,A,H,-,B,A,0,,,,,Y,,A,01,0,2,1,0,0,0,0,0,0,"- ","- ",,,"SAN FRANCISCO","SAN FRANCISCO",-122.46588134765625,37.77337646484375
9543085,2022,2023-02-08,3801,2022-12-28,1729,4314,RICHM,3,5,7,3801,0,0,0,,0,0G1,"PARK PRESIDIO BL","FULTON ST",90.00,S,N,A,-,N,,,,,,,,,,Y,4,0,6,4,A,-,03,22350,,F,C,C,A,A,H,-,C,D,0,,,,,Y,,A,07,0,0,6,0,0,0,0,0,0,"- ","- ",,,"SAN FRANCISCO","SAN FRANCISCO",-122.47177886962891,37.773128509521484
9543093,2022,2023-02-07,3801,2022-12-14,2355,A23187,CENTR,3,5,7,3801,0,0,0,,0,3A11E,"POST ST","LEAVENWORTH ST",0.00,,Y,A,-,N,,,,,,,,,,Y,4,0,2,2,A,-,12,21453,A,F,D,C,A,A,H,-,C,A,0,,,,,Y,,A,01,0,0,2,0,0,0,0,0,0,"- ","- ",,,"SAN FRANCISCO","SAN FRANCISCO",-122.41499328613281,37.787452697753906
9543149,2022,2023-02-08,3801,2022-12-09,0630,4370,INGLE,5,5,7,3801,0,0,0,,0,3H15A,"MISSION ST","CESAR CHAVEZ ST",6.00,S,N,A,-,N,,,,,,,,,,N,4,0,1,2,A,-,10,21950,A,F,G,B,B,A,H,-,C,A,0,Y,,,,Y,,A,01,0,0,1,0,1,0,0,0,0,"- ","- ",,,"SAN FRANCISCO","SAN FRANCISCO",-122.418212890625,37.748207092285156
9543189,2022,2023-02-04,3801,2022-12-03,1250,2706,RICHM,6,5,7,3801,0,0,0,,0,,"FULTON ST","FUNSTON AV",0.00,,Y,B,C,N,,,,,,,,,,N,4,0,1,2,A,-,03,22350,,N,G,B,B,B,-,-,A,-,0,Y,,,,Y,,A,01,0,0,1,0,1,0,0,0,0,"- ","- ",,,"SAN FRANCISCO","SAN FRANCISCO",-122.47123718261719,37.773151397705078
9543197,2022,2023-02-04,3801,2022-12-05,0618,54,TARAV,1,5,7,3801,0,0,0,,0,3I15A,"JUNIPERO SIERRA BL","WOODACRE DR",0.00,,Y,C,-,N,,,,,,,,,,Y,4,0,1,1,A,-,03,22350,,N,E,I,A,B,H,-,C,A,0,,,,,Y,,A,01,0,0,1,0,0,0,0,0,0,"- ","- ",,,"SAN FRANCISCO","SAN FRANCISCO",-122.47203826904297,37.733787536621094
9543228,2022,2023-02-16,3801,2022-12-16,1607,158,NORTH,5,5,7,3801,0,0,0,,0,3E14D,"POST ST","STEINER ST",0.00,,Y,A,-,N,,,,,,,,,,Y,4,0,1,2,A,-,12,21453,A,N,D,C,A,A,H,-,A,A,0,,,,,Y,,A,01,0,0,1,0,0,0,0,0,0,"- ","- ",,,"SAN FRANCISCO","SAN FRANCISCO",-122.43472290039062,37.784942626953125
9543243,2022,2023-02-07,3801,2022-12-04,0137,1548,SOUTH,7,5,7,3801,0,0,0,,0,3B13E,"GOUGH ST","MARKET ST",0.00,,Y,C,-,N,,,,,,,,,,Y,4,0,1,2,A,-,12,21453,A,F,D,-,A,B,H,-,C,A,0,,,,,Y,,A,01,0,0,1,0,0,0,0,0,0,"- ","- ",,,"SAN FRANCISCO","SAN FRANCISCO",-122.42221069335938,37.772872924804688
9543251,2022,2023-02-06,3801,2022-12-11,1108,229,MISSI,7,5,7,3801,0,0,0,,0,0D4,"FOLSOM ST","13TH ST",0.00,,Y,B,-,N,,,,,,,,,,N,3,0,1,2,A,-,10,21950,A,N,G,B,B,A,H,-,A,A,0,Y,,,,Y,,A,01,0,1,0,0,1,0,0,0,0,"- ","- ",,,"SAN FRANCISCO","SAN FRANCISCO",-122.41558837890625,37.769515991210938
9543255,2022,2023-02-06,3801,2022-12-10,2004,2740,TARAV,6,5,7,3801,0,0,0,,0,0I2,"20TH AV","RIVERA ST",301.00,S,N,C,-,N,,,,,,,,,,N,4,0,1,1,A,-,08,22107,,N,E,I,A,B,H,-,C,D,0,,,,,Y,,A,01,0,0,1,0,0,0,0,0,0,"- ","- ",,,"SAN FRANCISCO","SAN FRANCISCO",-122.47697448730469,37.745895385742188
9543263,2022,2023-02-01,3801,2022-11-22,1149,4259,RICHM,2,5,7,3801,0,0,0,,0,3G13A,"4TH AV","GEARY BL",0.00,,Y,-,-,N,,,,,,,,,,N,4,0,1,2,A,-,05,21651,B,N,A,C,A,A,H,-,A,A,0,,,,,Y,,M,93,0,0,1,0,0,0,0,0,0,"- ","- ",,,"SAN FRANCISCO","SAN FRANCISCO",-122.46215057373047,37.78118896484375
9543277,2022,2023-01-24,3801,2022-11-24,1831,1480,MISSI,4,5,7,3801,0,0,0,,0,3D15E,"GUERRERO ST","14TH ST",0.00,,Y,A,-,N,,,,,,,,,,N,2,0,1,2,A,-,12,21453,A,N,D,G,A,A,H,-,C,A,0,,Y,,,Y,,L,04,1,0,0,0,0,0,1,0,0,"- ","- ",,,"SAN FRANCISCO","SAN FRANCISCO",-122.42440795898438,37.768024444580078
9545258,2023,2023-02-27,3801,2023-01-23,1419,1514,MISSI,1,5,7,3801,0,0,0,,0,,"24TH ST","POTRERO AV",0.00,W,N,A,-,N,,,,,,,,,,N,3,0,1,2,A,-,11,21954,A,N,G,B,-,A,H,-,A,D,0,Y,,,,Y,,N,60,0,1,0,0,1,0,0,0,0,"- ","- ",,,"SAN FRANCISCO","SAN FRANCISCO",-122.40631866455078,37.752994537353516
9545270,2023,2023-02-24,3801,2023-01-18,"930 ",1438,INGLE,3,5,7,3801,0,0,0,,0,COB4CA,"MISSION ST","10TH ST",0.00,,Y,F,-,N,,,,,,,,,,N,4,0,1,2,A,-,07,21658,A,F,B,C,A,-,G,-,A,D,0,,,,,Y,Y,D,22,0,0,1,0,0,0,0,0,0,"- ","- ",,,"SAN FRANCISCO","SAN FRANCISCO",,
9545377,2023,2023-02-16,3801,2023-01-22,1740,426,NORTH,7,5,7,3801,0,0,0,,0,3E13D,POLK,"POST ST",3.00,S,N,A,-,N,,,,,,,,,,N,3,0,2,2,A,-,12,21453,,N,D,G,A,A,H,-,C,A,0,,Y,Y,,Y,,L,04,0,1,1,0,0,0,1,0,1,"- ","- ",,,"SAN FRANCISCO","SAN FRANCISCO",-122.41989898681641,37.786823272705078
9545394,2023,2023-02-24,3801,2023-01-17,1838,1572,SOUTH,2,5,7,3801,0,0,0,,0,3B5D,"4TH ST","16TH ST",0.00,,Y,-,-,N,,,,,,,,,,N,4,0,1,2,A,-,08,22107,,N,B,G,A,A,H,-,C,A,0,,Y,,,Y,,A,01,0,0,1,0,0,0,1,0,0,"- ","- ",,,"SAN FRANCISCO","SAN FRANCISCO",,
9545398,2023,2023-03-09,3801,2023-01-20,1545,1534,INGLE,5,5,7,3801,0,0,0,,0,3H15D,"VIENNA ST","AVALON AV",0.00,,N,A,-,N,,,,,,,,,,N,4,0,1,2,A,-,12,22450,,F,D,C,A,A,H,-,A,-,0,,,,,Y,,A,01,0,0,1,0,0,0,0,0,0,"- ","- ",,,"SAN FRANCISCO","SAN FRANCISCO",,
9545426,2022,2023-02-24,3801,2022-12-07,0932,1316,RICHM,3,5,7,3801,0,0,0,,0,3G14A,"CALIFORNIA AV","7TH AV",0.00,,Y,A,-,N,,,,,,,,,,Y,4,0,1,2,A,-,09,21800,A,N,D,C,A,A,H,-,A,A,0,,,,,Y,,A,01,0,0,1,0,0,0,0,0,0,"- ","- ",,,"SAN FRANCISCO","SAN FRANCISCO",-122.46564483642578,37.784862518310547
9545454,2023,2023-03-01,3801,2023-01-10,1335,257,RICHM,2,5,7,3801,0,0,0,,0,3G4A,"FULTON ST","20TH AV",0.00,,Y,B,-,N,,,,,,,,,,Y,4,0,1,2,C,-,18,,,N,H,J,A,B,H,-,A,D,0,,,,,Y,,-,"- ",0,0,1,0,0,0,0,0,0,"- ","- ",,,"SAN FRANCISCO","SAN FRANCISCO",,
9545548,2023,2023-02-24,3801,2023-01-17,1530,1978,BAYVI,2,5,7,3801,0,0,0,,0,002,"NEWHALL ST","BITTING AV",75.00,N,N,A,-,N,,,,,,,,,,N,4,0,1,2,A,-,08,22103,,N,D,C,A,-,H,-,A,D,0,,,,,Y,,A,01,0,0,1,0,0,0,0,0,0,"- ","- ",,,"SAN FRANCISCO","SAN FRANCISCO",-122.39901733398438,37.727458953857422
9545555,2023,2023-02-24,3801,2023-01-13,1159,1870,RICHM,5,5,7,3801,0,0,0,,0,005,"CLEMENT ST","40TH ST",0.00,,Y,C,-,N,,,,,,,,,,Y,2,0,2,3,A,-,09,21802,A,N,D,C,A,B,H,-,A,A,0,,,,,Y,,A,01,1,0,1,0,0,0,0,0,0,"- ","- ",,,"SAN FRANCISCO","SAN FRANCISCO",,
9545560,2023,2023-02-24,3801,2023-01-18,1753,1260,BAYVI,3,5,7,3801,0,0,0,,0,3C13D,"LANE ST","NEWCOMB AV",68.00,S,N,A,-,N,,,,,,,,,,Y,4,0,1,1,C,-,18,,,N,F,I,A,A,H,-,C,D,0,,,,,Y,,-,"- ",0,0,1,0,0,0,0,0,0,"- ","- ",,,"SAN FRANCISCO","SAN FRANCISCO",-122.3880615234375,37.734020233154297
9545567,2023,2023-03-04,3801,2023-01-06,"637 ",1519,BAYVI,5,5,7,3801,0,0,0,,0,,"3RD ST","PAUL AV",0.00,,Y,B,-,N,,,,,,,,,,N,3,0,1,2,A,-,11,21453,D,N,G,B,B,A,H,-,C,A,0,Y,,,,Y,,N,60,0,1,0,0,1,0,0,0,0,"- ","- ",,,"SAN FRANCISCO","SAN FRANCISCO",,
9545693,2022,2023-02-10,3801,2022-09-22,2130,899,NORTH,4,5,7,3801,0,0,0,,0,3E13E,"DIVISADERO ST","PINE ST",0.00,,Y,A,-,N,,,,,,,,,,N,4,0,1,2,A,-,12,21453,A,N,D,C,A,A,H,-,C,A,0,,,Y,,Y,,A,01,0,0,1,0,0,0,0,0,1,"- ","- ",,,"SAN FRANCISCO","SAN FRANCISCO",-122.44023895263672,37.787120819091797
9545701,2022,2023-02-10,3801,2022-10-18,0830,2126,CENTR,2,5,7,3801,0,0,0,,0,,"KEARNY ST","CALIFORNIA ST",18.00,S,N,A,-,N,,,,,,,,,,N,4,0,1,2,A,-,07,21658,,N,B,G,A,A,H,-,A,A,0,,Y,,,Y,,L,04,0,0,1,0,0,0,1,0,0,"- ","- ",,,"SAN FRANCISCO","SAN FRANCISCO",-122.40437316894531,37.792629241943359
9545725,2022,2023-02-13,3801,2022-12-29,1945,2341,INGLE,4,5,7,3801,0,0,0,,0,3H12C,"BOSWORTH ST","RT 280",0.00,,Y,C,-,N,,,,,,,,,,N,4,0,1,2,A,-,10,21950,A,N,G,B,B,B,H,-,C,D,0,Y,,,,Y,,A,01,0,0,1,0,1,0,0,0,0,"- ",SO,,,"SAN FRANCISCO","SAN FRANCISCO",,
9545731,2022,2023-02-09,3801,2022-12-28,0802,4286,RICHM,3,5,7,3801,0,0,0,,0,0G4,"20TH AV","CALIFORNIA ST",270.00,S,N,A,-,N,,,,,,,,,,N,4,0,2,2,A,-,21,22106,,N,D,C,A,A,H,-,A,D,0,,,,,Y,,A,01,0,0,2,0,0,0,0,0,0,"- ","- ",,,"SAN FRANCISCO","SAN FRANCISCO",-122.4796142578125,37.783378601074219
9545747,2022,2023-02-09,3801,2022-12-11,0009,A23187,CENTR,7,5,7,3801,0,0,0,,0,3A11E,"WENTWORTH ST","JACKSON ST",10.00,S,N,C,-,N,,,,,,,,,,N,4,0,1,2,A,-,11,21954,A,N,G,B,D,B,H,-,C,D,0,Y,,,,Y,,N,60,0,0,1,0,1,0,0,0,0,"- ","- ",,,"SAN FRANCISCO","SAN FRANCISCO",-122.40621185302734,37.796043395996094
9545753,2022,2023-02-09,3801,2022-12-22,0825,1796,RICHM,4,5,7,3801,0,0,0,,0,3G14A,"CLEMENT ST","28TH AV",0.00,,Y,B,-,N,,,,,,,,,,Y,4,0,1,3,A,-,12,22450,A,N,D,C,A,A,H,-,A,D,0,,,,,Y,,-,,0,0,1,0,0,0,0,0,0,"- ","- ",,,"SAN FRANCISCO","SAN FRANCISCO",-122.48807525634766,37.781856536865234
9553758,2023,2023-03-30,3801,2023-02-04,2500,2488,NORTH,6,5,7,3801,0,0,0,,0,3E15E,"GOLDEN GATE AV","FRANKLIN ST",20.00,E,N,A,-,N,,,,,,,,,,N,3,0,1,3,A,-,00,21760,C,N,B,G,A,A,H,-,C,D,0,,Y,,,Y,Y,A,01,0,1,0,0,0,0,1,0,0,"- ","- ",,,"SAN FRANCISCO","SAN FRANCISCO",-122.42203521728516,37.780826568603516
9553870,2022,2023-03-21,3801,2022-10-23,0601,2122,TENDE,7,5,7,3801,0,0,0,,0,3J12A,"6TH ST","STEVENSON ST",0.00,,Y,A,-,N,,,,,,,,,,N,3,0,1,2,A,-,03,22350,,F,D,C,A,A,D,-,C,A,0,,,,,Y,,A,01,0,1,0,0,0,0,0,0,0,"- ","- ",,,"SAN FRANCISCO","SAN FRANCISCO",-122.40966796875,37.781764984130859
9553934,2023,2023-03-25,3801,2023-02-01,2115,899,NORTH,3,5,7,3801,0,0,0,,0,3E13E,"POLK ST","EDDY ST",33.00,S,N,A,-,N,,,,,,,,,,Y,4,0,1,2,A,-,08,22107,,N,C,C,A,A,H,-,C,D,0,,,,,Y,,A,01,0,0,1,0,0,0,0,0,0,"- ","- ",,,"SAN FRANCISCO","SAN FRANCISCO",-122.41915893554688,37.782989501953125
9553936,2023,2023-03-25,3801,2023-02-01,1300,4283,RICHM,3,5,7,3801,0,0,0,,0,4CAR,"CLEMENT ST","24TH AV",0.00,,Y,A,-,N,,,,,,,,,,,3,0,1,2,A,-,10,21950,A,N,G,B,B,A,H,-,A,-,0,Y,,,,Y,,A,01,0,1,0,0,1,0,0,0,0,"- ","- ",,,"SAN FRANCISCO","SAN FRANCISCO",,
9553945,2023,2023-04-11,3801,2023-02-10,2156,1982,MISSI,5,5,7,3801,0,0,0,,0,3D11E,"17TH ST","VALENCIA ST",0.00,,Y,C,-,N,,,,,,,,,,N,4,0,1,2,A,-,05,21651,,N,B,C,A,B,H,-,C,A,0,,,Y,,Y,,C,03,0,0,1,0,0,0,0,0,1,"- ","- ",,,"SAN FRANCISCO","SAN FRANCISCO",,
9553963,2023,2023-04-11,3801,2023-02-24,1650,2441,INGLE,5,5,7,3801,0,0,0,,0,3H15D,"OCEAN AV","ALEMANY BL",0.00,,Y,A,-,N,,,,,,,,,,N,3,0,1,2,A,-,11,21955,,N,G,B,D,A,H,-,A,A,0,Y,,,,Y,,N,60,0,1,0,0,1,0,0,0,0,"- ","- ",,,"SAN FRANCISCO","SAN FRANCISCO",,
9553967,2023,2023-04-11,3801,2023-02-08,1210,4375,TRAFF,3,5,7,3801,0,0,0,,0,4B1F,"LINDEN ST","OCTAVIA ST",0.00,,Y,A,-,N,,,,,,,,,,Y,2,0,1,1,A,-,03,22350,,N,E,-,A,A,H,-,A,-,0,,,,,Y,,A,01,1,0,0,0,0,0,0,0,0,"- ","- ",,,"SAN FRANCISCO","SAN FRANCISCO",,
9553977,2023,2023-04-07,3801,2023-02-08,1733,1591,INGLE,3,5,7,3801,0,0,0,,0,3H15D,"ALEMANY BL","SENECA AV",0.00,,Y,A,-,N,,,,,,,,,,Y,4,0,1,2,A,-,12,21453,A,N,D,C,A,A,H,-,A,A,0,,,,,Y,,A,01,0,0,1,0,0,0,0,0,0,"- ","- ",,,"SAN FRANCISCO","SAN FRANCISCO",,
9554109,2023,2023-03-16,3801,2023-02-01,1601,34,TRAFF,3,5,7,3801,0,0,0,,0,4B4A,"14TH AV","CABRILLO AV",0.00,,Y,A,-,N,,,,,,,,,,N,2,0,1,2,A,-,21,22106,,N,G,B,B,A,H,-,A,A,0,Y,,,,Y,,A,01,1,0,0,0,1,0,0,0,0,"- ","- ",,,"SAN FRANCISCO","SAN FRANCISCO",,
9554110,2023,2023-03-22,3801,2023-02-21,1315,2748,MISSI,2,5,7,3801,0,0,0,,0,3D11C,"VALENCIA ST","20TH ST",0.00,,Y,A,G,N,,,,,,,,,,N,4,0,1,3,A,-,04,21703,,N,C,C,A,A,H,-,A,B,0,,,,,Y,Y,A,01,0,0,1,0,0,0,0,0,0,"- ","- ",,,"SAN FRANCISCO","SAN FRANCISCO",,
9554129,2023,2023-03-25,3801,2023-02-02,1355,1396,SOUTH,4,5,7,3801,0,0,0,,0,3B13A,"HOWARD ST","8TH ST",0.00,,Y,A,-,N,,,,,,,,,,N,3,0,1,2,D,-,00,,,F,D,J,A,A,H,-,A,A,0,,,Y,,Y,Y,-,"- ",0,1,0,0,0,0,0,0,0,"- ","- ",,,"SAN FRANCISCO","SAN FRANCISCO",,
9554137,2023,2023-03-25,3801,2023-02-05,1958,1527,NORTH,7,5,7,3801,0,0,0,,0,0E1,"WEBSTER ST","FELL ST",40.00,N,N,A,-,N,,,,,,,,,,Y,4,0,1,4,A,-,08,22107,,F,A,E,A,A,H,-,C,D,0,,,,,Y,,A,01,0,0,1,0,0,0,0,0,0,"- ","- ",,,"SAN FRANCISCO","SAN FRANCISCO",-122.42935943603516,37.775226593017578
9560962,2023,2023-04-20,3801,2023-02-28,"716 ",1514,MISSI,2,5,7,3801,0,0,0,,0,001,"VALENCIA ST","16TH ST",5.00,S,N,C,-,N,,,,,,,,,,N,4,0,1,2,A,-,11,21456,A,N,B,B,B,B,H,-,A,A,0,Y,,,,Y,,N,60,0,0,1,0,1,0,0,0,0,"- ","- ",,,"SAN FRANCISCO","SAN FRANCISCO",-122.42189025878906,37.764896392822266
9561022,2023,2023-05-08,3801,2023-03-11,"138 ",1688,BAYVI,6,5,7,3801,0,0,0,,0,005,"REVERE AV","INGALLS ST",238.00,W,N,A,-,N,,,,,,,,,,Y,4,0,3,2,A,-,05,21650,,N,A,C,A,A,H,-,C,A,0,,,,,Y,,-,"- ",0,0,3,0,0,0,0,0,0,"- ","- ",,,"SAN FRANCISCO","SAN FRANCISCO",-122.38523101806641,37.728866577148438
9561203,2023,2023-04-24,3801,2023-03-07,"754 ",1442,NORTH,2,5,7,3801,0,0,0,,0,3E15A,"RICHARDSON AV","LOMBARD ST",26.00,W,N,A,-,N,,,,,,,,,,N,2,0,1,4,A,-,04,21703,,N,C,C,A,B,H,-,A,A,0,,,Y,,Y,,C,02,1,0,0,0,0,0,0,0,1,"- ","- ",,,"SAN FRANCISCO","SAN FRANCISCO",-122.44495391845703,37.798896789550781
9561229,2023,2023-05-15,3801,2023-03-01,1514,1207,SOUTH,3,5,7,3801,0,0,0,,0,0B1,"RT 80","HARRISON ST",0.00,,N,A,-,Y,SF,4,80,-,-,5.610,H,-,W,N,4,0,1,2,D,-,00,,,N,C,C,A,A,-,-,A,D,0,,,,,Y,Y,-,"- ",0,0,1,0,0,0,0,0,0,"- ","- ",37.785560607910156,-122.39173126220703,"SAN FRANCISCO","SAN FRANCISCO",-122.39164733886719,37.785480499267578
9561256,2023,2023-04-14,3801,2023-03-14,2004,2744,SOUTH,2,5,7,3801,0,0,0,,0,3B2,"3RD ST","BRANNAN ST",0.00,,Y,B,-,N,,,,,,,,,,N,3,0,1,2,A,-,10,21950,A,N,D,B,B,B,H,-,C,A,0,Y,,,,Y,Y,A,07,0,1,0,0,1,0,0,0,0,"- ","- ",,,"SAN FRANCISCO","SAN FRANCISCO",,
9561283,2023,2023-04-12,3801,2023-02-27,2155,492,SOUTH,1,5,7,3801,0,0,0,,0,3B15A,"BERRY ST","KING ST",0.00,,Y,C,-,N,,,,,,,,,,N,4,0,1,2,D,-,00,,,N,D,J,A,B,H,-,C,D,0,,,,,Y,,-,"- ",0,0,1,0,0,0,0,0,0,"- ","- ",,,"SAN FRANCISCO","SAN FRANCISCO",,
9561284,2023,2023-04-12,3801,2023-02-20,1940,1435,TRAFF,1,5,7,3801,0,0,0,,0,4B4C,"GEARY BL","LARKIN ST",3.00,W,N,A,-,N,,,,,,,,,,Y,2,0,1,2,A,-,03,22350,,F,C,C,A,A,H,-,C,A,0,,,Y,,Y,,A,07,1,0,0,0,0,0,0,0,1,"- ","- ",,,"SAN FRANCISCO","SAN FRANCISCO",-122.41812133789062,37.786109924316406
9561293,2023,2023-04-12,3801,2023-02-23,1443,4006,TARAV,4,5,7,3801,0,0,0,,0,3I3B,"RIVERA ST","20TH AV",0.00,,Y,A,-,N,,,,,,,,,,N,4,0,2,2,A,-,09,21802,A,N,D,C,A,A,H,-,A,A,0,,,,,Y,,A,01,0,0,2,0,0,0,0,0,0,"- ","- ",,,"SAN FRANCISCO","SAN FRANCISCO",,
9561299,2023,2023-04-13,3801,2023-02-27,1616,2132,PARK,1,5,7,3801,0,0,0,,0,3F13D,"HAYES ST","MASONIC AV",0.00,,Y,A,-,N,,,,,,,,,,N,4,0,1,2,A,-,12,21453,A,N,D,J,A,A,H,-,A,A,0,,,,,Y,,M,94,0,0,1,0,0,0,0,0,0,"- ","- ",,,"SAN FRANCISCO","SAN FRANCISCO",,
9561302,2023,2023-04-28,3801,2023-03-21,1026,1857,NORTH,2,5,7,3801,0,0,0,,0,3E61,"VAN NESS AV",BROADWAY,0.00,,Y,C,-,N,,,,,,,,,,N,4,0,1,2,A,-,10,21950,A,N,G,B,B,B,H,-,A,A,0,Y,,,,Y,,A,01,0,0,1,0,1,0,0,0,0,"- ","- ",,,"SAN FRANCISCO","SAN FRANCISCO",,
9561304,2023,2023-04-28,3801,2023-03-20,1759,426,NORTH,1,5,7,3801,0,0,0,,0,3E13D,"GEARY ST","FRANKLIN ST",200.00,E,N,A,-,N,,,,,,,,,,N,2,0,1,2,A,-,10,21950,,F,G,B,F,A,H,-,A,D,0,Y,,,,Y,,A,07,1,0,0,0,1,0,0,0,0,"- ","- ",,,"SAN FRANCISCO","SAN FRANCISCO",-122.42234039306641,37.785568237304688
9561307,2023,2023-05-08,3801,2023-03-24,"401 ",245,PARK,5,5,7,3801,0,0,0,,0,3CAR,"EDDY ST","SAINT JOSEPHS AV",0.00,,Y,A,-,N,,,,,,,,,,N,4,0,1,3,A,-,03,22350,,F,A,C,A,A,H,-,C,D,0,,,,,Y,,D,22,0,0,1,0,0,0,0,0,0,"- ","- ",,,"SAN FRANCISCO","SAN FRANCISCO",,
9561311,2023,2023-04-28,3801,2023-03-24,1054,2191,NORTH,5,5,7,3801,0,0,0,,0,3E38F,"FELL ST","STEINER ST",0.00,,Y,A,-,N,,,,,,,,,,Y,4,0,1,3,A,-,12,21453,A,F,D,C,A,A,H,-,A,A,0,,,,,Y,,A,01,0,0,1,0,0,0,0,0,0,"- ","- ",,,"SAN FRANCISCO","SAN FRANCISCO",,
9561347,2023,2023-04-17,3801,2023-03-11,2325,2035,MISSI,6,5,7,3801,0,0,0,,0,3D16E,"SOUTH VAN NESS AV","14TH ST",0.00,,Y,B,-,N,,,,,,,,,,Y,4,0,1,2,A,-,12,21453,A,N,D,C,A,B,H,-,C,A,0,,,,,Y,,-,,0,0,1,0,0,0,0,0,0,"- ","- ",,,"SAN FRANCISCO","SAN FRANCISCO",,
9561353,2023,2023-04-17,3801,2023-03-12,1056,4040,SOUTH,7,5,7,3801,0,0,0,,0,3B12A,"4TH ST","HARRISON ST",0.00,,Y,C,-,N,,,,,,,,,,N,4,0,1,2,A,-,08,22101,D,N,B,C,A,B,H,-,A,A,0,,,,,Y,,A,01,0,0,1,0,0,0,0,0,0,"- ","- ",,,"SAN FRANCISCO","SAN FRANCISCO",,
9561359,2023,2023-04-17,3801,2023-03-15,"904 ",1825,SOUTH,3,5,7,3801,0,0,0,,0,3B60,"3RD ST","HOWARD ST",174.00,N,N,A,-,N,,,,,,,,,,N,4,0,1,2,A,-,08,22107,,N,D,C,A,A,H,-,A,D,0,,,Y,,Y,,C,02,0,0,1,0,0,0,0,0,1,"- ","- ",,,"SAN FRANCISCO","SAN FRANCISCO",-122.40090179443359,37.785366058349609
9565804,2023,2023-04-12,3801,2023-03-03,1352,1591,INGLE,5,5,7,3801,0,0,0,,0,3H15D,"PHELPS ST","EVANS AV",0.00,,Y,A,-,N,,,,,,,,,,Y,3,0,2,2,A,-,12,21453,A,N,D,C,A,A,H,-,A,A,0,,,,,Y,,J,48,0,1,1,0,0,0,0,0,0,"- ","- ",,,"SAN FRANCISCO","SAN FRANCISCO",,