CASE_ID,ACCIDENT_YEAR,PROC_DATE,JURIS,COLLISION_DATE,COLLISION_TIME,OFFICER_ID,REPORTING_DISTRICT,DAY_OF_WEEK,CHP_SHIFT,POPULATION,CNTY_CITY_LOC,SPECIAL_COND,BEAT_TYPE,CHP_BEAT_TYPE,CITY_DIVISION_LAPD,CHP_BEAT_CLASS,BEAT_NUMBER,PRIMARY_RD,SECONDARY_RD,DISTANCE,DIRECTION,INTERSECTION,WEATHER_1,WEATHER_2,STATE_HWY_IND,CALTRANS_COUNTY,CALTRANS_DISTRICT,STATE_ROUTE,ROUTE_SUFFIX,POSTMILE_PREFIX,POSTMILE,LOCATION_TYPE,RAMP_INTERSECTION,SIDE_OF_HWY,TOW_AWAY,COLLISION_SEVERITY,NUMBER_KILLED,NUMBER_INJURED,PARTY_COUNT,PRIMARY_COLL_FACTOR,PCF_CODE_OF_VIOL,PCF_VIOL_CATEGORY,PCF_VIOLATION,PCF_VIOL_SUBSECTION,HIT_AND_RUN,TYPE_OF_COLLISION,MVIW,PED_ACTION,ROAD_SURFACE,ROAD_COND_1,ROAD_COND_2,LIGHTING,CONTROL_DEVICE,CHP_ROAD_TYPE,PEDESTRIAN_ACCIDENT,BICYCLE_ACCIDENT,MOTORCYCLE_ACCIDENT,TRUCK_ACCIDENT,NOT_PRIVATE_PROPERTY,ALCOHOL_INVOLVED,STWD_VEHTYPE_AT_FAULT,CHP_VEHTYPE_AT_FAULT,COUNT_SEVERE_INJ,COUNT_VISIBLE_INJ,COUNT_COMPLAINT_PAIN,COUNT_PED_KILLED,COUNT_PED_INJURED,COUNT_BICYCLIST_KILLED,COUNT_BICYCLIST_INJURED,COUNT_MC_KILLED,COUNT_MC_INJURED,PRIMARY_RAMP,SECONDARY_RAMP,LATITUDE,LONGITUDE,COUNTY,CITY,POINT_X,POINT_Y
91724326,2022,2022-03-16,9335,2022-03-08,1346,022860,,2,1,7,3801,0,1,1,,2,080,"I-80 EASTBOUND","8TH STREET",50.00,E,N,A,-,Y,SF,,80,,,4.284,H,,R,N,4,0,1,2,A,-,03,22350,,N,C,C,A,A,H,-,A,D,0,,,,,Y,,A,07,0,0,1,0,0,0,0,0,0,"- ","- ",37.772239685058594,-122.40640258789062,"SAN FRANCISCO","SAN FRANCISCO",-122.40645599365234,37.772224426269531
91725192,2022,2022-03-17,9335,2022-01-31,1815,018688,,1,2,7,3801,0,1,1,,2,080,"I-80 W/B","7TH ST.",155.00,E,N,B,-,Y,SF,,80,,,4.530,H,,L,N,4,0,2,2,A,-,03,22350,,F,C,C,A,A,H,-,C,D,0,,,,,Y,,-,99,0,0,2,0,0,0,0,0,0,"- ","- ",37.775730133056641,-122.40566253662109,"SAN FRANCISCO","SAN FRANCISCO",-122.40565490722656,37.775726318359375
91727254,2022,2022-03-21,9335,2022-03-09,1715,022823,,3,2,7,3801,0,1,1,,2,022,"I-280 NB","SAN JOSE AVE OVERCROSSING",654.00,S,N,A,-,Y,SF,,280,,R,1.335,H,,R,Y,4,0,4,3,A,-,03,22350,,N,C,C,A,A,H,-,A,D,0,,,,,Y,,A,01,0,0,4,0,0,0,0,0,0,"- ","- ",37.716758728027344,-122.44870758056641,"SAN FRANCISCO","SAN FRANCISCO",-122.44878387451172,37.716781616210938
91730889,2022,2022-03-24,9335,2022-03-14,0540,018053,,1,3,7,3801,0,1,1,,2,080,"I-80 W/B","2ND STREET U/C",164.00,E,N,A,-,Y,SF,,80,,,5.446,H,,L,Y,4,0,2,2,A,-,03,22350,,N,C,C,A,A,H,-,D,D,0,,,,,Y,,D,22,0,0,2,0,0,0,0,0,0,"- ","- ",37.784191131591797,-122.39411163330078,"SAN FRANCISCO","SAN FRANCISCO",-122.39409637451172,37.784175872802734
91730957,2022,2022-03-24,9335,2022-03-14,1612,018688,,1,2,7,3801,0,1,1,,1,083,"I-80 E/B","SFOBB CENTER ANCHORAGE",300.00,W,N,A,-,Y,SF,,80,,,6.690,H,,R,Y,4,0,1,4,A,-,03,22350,,N,C,C,A,A,H,-,A,D,0,,,,,Y,,A,07,0,0,1,0,0,0,0,0,0,"- ","- ",37.797389984130859,-122.37846374511719,"SAN FRANCISCO","SAN FRANCISCO",-122.37851715087891,37.797428131103516
91733834,2022,2022-03-25,9335,2022-03-15,0830,019949,,2,1,7,3801,0,1,1,,2,024,"I-280 N/B","18TH STREET OC",50.00,N,N,B,-,Y,,,,,,,,,,Y,4,0,1,3,A,-,03,22350,,N,C,C,A,A,H,-,A,D,0,,,,,Y,,D,22,0,0,1,0,0,0,0,0,0,"- ","- ",,,"SAN FRANCISCO","SAN FRANCISCO",-122.39261627197266,37.763339996337891
91739243,2022,2022-04-04,9335,2022-04-01,1510,021222,,5,2,7,3801,0,1,2,,2,014,"US-101 SOUTHBOUND","23RD STREET",320.00,S,N,A,-,Y,SF,,101,,,3.299,H,,L,Y,4,0,1,3,A,-,03,22350,,N,C,C,A,A,H,-,A,D,0,,,,,Y,,A,01,0,0,1,0,0,0,0,0,0,"- ","- ",37.7535400390625,-122.40308380126953,"SAN FRANCISCO","SAN FRANCISCO",-122.40305328369141,37.7535400390625
91739473,2022,2022-04-04,9335,2022-03-24,1150,018399,,4,1,7,3801,0,1,1,,1,081,"I-80 W/B","TREASURE ISLAND RD",2534.00,W,N,A,-,Y,SF,,80,,,7.260,H,,L,N,3,0,2,2,A,-,03,22350,,N,C,C,A,A,H,-,A,D,0,,,,,Y,,A,01,0,2,0,0,0,0,0,0,0,"- ","- ",37.803798675537109,-122.37167358398438,"SAN FRANCISCO","SAN FRANCISCO",-122.37165069580078,37.803787231445312
91739482,2022,2022-04-04,9335,2022-03-26,1512,018399,,6,2,7,3801,0,1,1,,1,083,"I-80 E/B","TREASURE ISLAND RD",1584.00,W,N,A,-,Y,SF,,80,,,7.426,H,,R,N,4,0,2,2,A,-,03,22350,,N,C,C,A,A,H,-,A,D,0,,,,,Y,,A,07,0,0,2,0,0,0,0,0,0,"- ","- ",37.805629730224609,-122.36963653564453,"SAN FRANCISCO","SAN FRANCISCO",-122.36966705322266,37.805644989013672
91740633,2022,2022-04-04,9335,2022-03-24,1615,021390,,4,2,7,3801,0,1,1,,1,083,"I-80 E/B","THE EMBARCADERO UNDERCROSSING",975.00,E,N,B,-,Y,SF,,80,,,6.102,H,,R,N,4,0,1,2,A,-,03,22350,,N,B,C,A,A,H,-,A,D,0,,,Y,,Y,,C,02,0,0,1,0,0,0,0,0,1,"- ","- ",37.790809631347656,-122.385498046875,"SAN FRANCISCO","SAN FRANCISCO",-122.38563537597656,37.790901184082031
91742632,2022,2022-04-06,9335,2022-02-14,1425,022007,,1,2,7,3801,0,1,1,,2,080,"I-80 E/B","DIVISION STREET",171.00,W,N,A,-,Y,SF,,80,,,4.058,H,,R,N,4,0,1,3,A,-,03,22350,,M,C,C,A,A,H,-,A,D,0,,,,,Y,,-,99,0,0,1,0,0,0,0,0,0,"- ","- ",37.769229888916016,-122.40516662597656,"SAN FRANCISCO","SAN FRANCISCO",-122.40516662597656,37.769229888916016
91748025,2022,2022-04-14,9335,2022-04-12,0825,020610,,2,1,7,3801,0,1,1,,2,023,"I-280 S/B","MISSION STREET O/C",155.00,S,N,A,-,Y,SF,,280,,R,3.076,H,,L,Y,4,0,3,3,A,-,03,22350,,N,C,C,A,A,H,-,A,D,0,,,,,Y,,A,01,0,0,3,0,0,0,0,0,0,"- ","- ",37.732189178466797,-122.4287109375,"SAN FRANCISCO","SAN FRANCISCO",-122.42871856689453,37.732162475585938
91750351,2022,2022-04-18,9335,2022-04-09,2045,017672,,6,2,7,3801,0,1,1,,2,080,"I-80 E/B","8TH STREET ON-RAMP",575.00,E,N,A,-,Y,SF,,80,,,4.607,H,,R,N,4,0,1,2,A,-,07,21658,A,N,C,C,A,A,H,-,D,D,0,,,,,Y,,A,01,0,0,1,0,0,0,0,0,0,"- ","- ",37.776378631591797,-122.40428161621094,"SAN FRANCISCO","SAN FRANCISCO",-122.40431213378906,37.776412963867188
91756527,2022,2022-04-26,9350,2022-04-16,1540,022432,,6,2,7,3801,0,1,2,,2,020,"US-101 N/B","LINCOLN BLVD",528.00,N,N,A,-,Y,,,,,,,,,,N,4,0,2,3,A,-,03,22350,,N,C,C,A,A,H,-,A,D,0,,,,,Y,,A,01,0,0,2,0,0,0,0,0,0,"- ","- ",37.807830810546875,-122.47608184814453,"SAN FRANCISCO","SAN FRANCISCO",-122.47611999511719,37.807781219482422
91757557,2022,2022-04-27,9350,2022-04-15,1720,022634,,5,2,7,3801,0,1,3,,2,011,"SR-1 S/B","LAKE ST",1283.00,N,N,A,-,Y,SF,,1,,,6.137,H,,L,N,3,0,7,2,A,-,01,23152,A,N,C,C,A,A,H,-,A,D,0,,,,,Y,Y,A,07,0,4,3,0,0,0,0,0,0,"- ","- ",37.789901733398438,-122.47078704833984,"SAN FRANCISCO","SAN FRANCISCO",-122.47077941894531,37.789897918701172
91769686,2022,2022-05-11,9335,2022-05-05,1300,018053,,4,1,7,3801,0,1,2,,2,015,"US-101 NB TO DUBOCE AVENUE","SOUTH VAN NESS AVENUE U/C",32.00,S,N,A,-,Y,SF,,101,,R,5.098,H,,R,Y,4,0,2,3,A,-,03,22350,,N,C,C,A,A,H,-,A,D,0,,,,,Y,,A,01,0,0,2,0,0,0,0,0,0,"- ","- ",37.769950866699219,-122.41754913330078,"SAN FRANCISCO","SAN FRANCISCO",-122.41757202148438,37.769851684570312
91770872,2022,2022-05-12,9335,2022-04-30,2105,022186,,6,2,7,3801,0,1,2,,2,014,"US-101 S/B","23RD STREET O/C",93.00,S,N,A,-,Y,SF,,101,,,3.343,H,,L,Y,4,0,2,3,A,-,03,22350,,N,C,C,A,A,H,-,C,D,0,,,,,Y,,A,01,0,0,2,0,0,0,0,0,0,"- ","- ",37.754180908203125,-122.40306091308594,"SAN FRANCISCO","SAN FRANCISCO",-122.40311431884766,37.754177093505859
91771005,2022,2022-05-12,9335,2022-05-10,1540,018688,,2,2,7,3801,0,1,1,,1,083,"I-80 E/B","YERBA BUENA ISLAND TUNNEL (WEST EDGE)",765.00,W,N,A,G,Y,SF,,80,,,7.540,H,,R,N,4,0,1,2,A,-,03,22350,,N,C,C,A,A,H,-,A,D,0,,,,,Y,,A,01,0,0,1,0,0,0,0,0,0,"- ","- ",37.806880950927734,-122.36826324462891,"SAN FRANCISCO","SAN FRANCISCO",-122.36830902099609,37.806911468505859
91784276,2022,2022-05-30,9335,2022-05-15,2030,022802,,7,2,7,3801,0,1,1,,1,083,"I-80 E/B","THE NORTHGATE RD U/C",2217.00,E,N,A,-,Y,SF,,80,,R,8.520,H,,R,Y,4,0,2,2,A,-,08,22107,,N,C,C,A,A,H,-,C,D,0,,,,,Y,,A,01,0,0,2,0,0,0,0,0,0,"- ","- ",37.816810607910156,-122.35537719726562,"SAN FRANCISCO","SAN FRANCISCO",-122.35543823242188,37.816879272460938
91784545,2022,2022-05-31,9335,2022-05-20,1040,021301,,5,1,7,3801,0,1,1,,2,024,"I-280 S/B","22ND ST UNDER-CROSSING",516.00,S,N,A,-,Y,SF,,280,,R,6.035,H,,L,Y,4,0,4,1,A,-,08,22107,,N,E,I,A,A,H,-,A,D,0,,,,,Y,,A,07,0,0,4,0,0,0,0,0,0,"- ","- ",37.756198883056641,-122.39230346679688,"SAN FRANCISCO","SAN FRANCISCO",-122.39242553710938,37.756187438964844
91786546,2022,2022-06-02,9335,2022-05-20,1505,022241,,5,2,7,3801,0,1,2,,2,015,"US-101 N/B","FOLSOM STREET UNDERCROSSING",100.00,S,N,A,-,Y,SF,,101,,R,4.961,H,,R,Y,3,0,1,1,A,-,08,22107,,N,E,I,A,A,H,-,A,D,0,,,,,Y,,A,01,0,1,0,0,0,0,0,0,0,"- ","- ",37.769691467285156,-122.41510009765625,"SAN FRANCISCO","SAN FRANCISCO",-122.41510009765625,37.769645690917969
91786990,2022,2022-06-02,9335,2022-04-23,0110,022795,,6,3,7,3801,0,1,2,,2,015,"US-101 SOUTHBOUND TO I-80 EASTBOUND","DIVISION STREET UNDERCROSSING",120.00,S,N,A,-,Y,SF,,80,,L,4.125,H,,R,Y,4,0,1,1,A,-,01,23152,A,N,E,I,A,A,H,-,C,D,0,,,,,Y,Y,A,01,0,0,1,0,0,0,0,0,0,"- ","- ",37.770099639892578,-122.40538787841797,"SAN FRANCISCO","SAN FRANCISCO",-122.40543365478516,37.770095825195312
91787032,2022,2022-06-02,9335,2022-05-25,1435,021886,,3,2,7,3801,0,1,1,,2,080,"I-80 E/B","2ND ST U/C",251.00,W,N,A,-,Y,SF,,80,,,5.357,H,,R,N,4,0,1,2,A,-,07,21658,A,N,B,C,A,A,H,-,A,D,0,,,Y,,Y,Y,A,01,0,0,1,0,0,0,0,0,1,"- ","- ",37.783119201660156,-122.39505767822266,"SAN FRANCISCO","SAN FRANCISCO",-122.39509582519531,37.783145904541016
91790069,2022,2022-06-07,9350,2022-06-02,1640,022656,,4,2,7,3801,0,1,3,,2,011,"SR-1 SB","LAKE ST",1531.00,N,N,A,-,Y,SF,,1,,,6.164,H,,L,N,3,0,1,2,A,-,03,22350,,N,C,C,A,A,H,-,A,D,0,,,,,Y,,D,22,0,1,0,0,0,0,0,0,0,"- ","- ",37.790241241455078,-122.47052001953125,"SAN FRANCISCO","SAN FRANCISCO",-122.47052764892578,37.790245056152344
91795041,2022,2022-06-14,9335,2022-06-09,1300,020658,,4,1,7,3801,0,1,1,,1,081,"I-80 W/B","SPEAR STREET",600.00,E,N,A,-,Y,SF,,80,,,5.976,H,,L,Y,3,0,1,2,A,-,03,22350,,N,C,C,A,A,H,-,A,D,0,,,,,Y,,A,08,0,1,0,0,0,0,0,0,0,"- ","- ",37.789478302001953,-122.38713836669922,"SAN FRANCISCO","SAN FRANCISCO",-122.38716125488281,37.789497375488281
91796200,2022,2022-06-15,9335,2022-06-14,1610,021756,,2,2,7,3801,0,1,1,,1,081,"I-80 WESTBOUND","BEALE ST.",39.00,W,N,A,-,Y,SF,,80,,,5.722,H,,L,N,4,0,1,2,A,-,03,22350,,N,C,C,A,A,H,-,A,D,0,,,,,Y,,A,01,0,0,1,0,0,0,0,0,0,"- ","- ",37.786609649658203,-122.39012908935547,"SAN FRANCISCO","SAN FRANCISCO",-122.39023590087891,37.78668212890625
91796861,2022,2022-06-16,9335,2022-06-04,1435,022186,,6,2,7,3801,0,1,1,,1,081,"I-80 W/B","SPEAR STREET U/C",1660.00,E,N,B,-,Y,SF,,80,,,6.170,H,,L,Y,4,0,2,4,A,-,03,22350,,N,C,C,A,A,H,-,A,D,0,,,,,Y,,A,01,0,0,2,0,0,0,0,0,0,"- ","- ",37.791561126708984,-122.38465881347656,"SAN FRANCISCO","SAN FRANCISCO",-122.38480377197266,37.791660308837891
91798035,2022,2022-06-20,9335,2022-06-05,0300,022703,,7,3,7,3801,0,1,1,,1,083,"I-80 EASTBOUND","THE TREAURE ISLAND ROAD OVERCROSSING.",1900.00,W,N,C,-,Y,SF,,80,,,7.405,H,,R,Y,3,0,1,1,A,-,01,23152,A,N,E,I,A,B,H,-,C,D,0,,,,,Y,Y,A,01,0,1,0,0,0,0,0,0,0,"- ","- ",37.805389404296875,-122.36988067626953,"SAN FRANCISCO","SAN FRANCISCO",-122.36991119384766,37.805412292480469
91798827,2022,2022-06-20,9335,2022-06-08,2120,022823,,3,2,7,3801,0,1,1,,1,083,"I-80 E/B","YERBA BUENA ISLAND TUNNEL EDGE",650.00,W,N,A,-,Y,SF,,80,,,7.599,H,,R,Y,4,0,1,3,A,-,07,21658,A,F,B,C,A,A,H,-,C,D,0,,,,,Y,,-,99,0,0,1,0,0,0,0,0,0,"- ","- ",37.807491302490234,-122.36746215820312,"SAN FRANCISCO","SAN FRANCISCO",-122.36759948730469,37.807582855224609
91804199,2022,2022-06-27,9335,2022-06-05,0511,022241,,7,3,7,3801,0,1,1,,1,083,"I-80 E/B","TREASURE ISLAND ROAD",3606.00,W,N,C,-,Y,SF,,80,,,7.044,H,,R,Y,3,0,2,3,A,-,01,23152,F,N,C,C,E,B,H,-,C,D,0,Y,,,Y,Y,,A,01,0,1,1,0,0,0,0,0,0,"- ","- ",37.80126953125,-122.37409973144531,"SAN FRANCISCO","SAN FRANCISCO",-122.37423706054688,37.801364898681641
91810634,2022,2022-07-05,9335,2022-07-01,1420,021222,,5,2,7,3801,0,1,2,,2,013,"US-101 NORTHBOUND","PAUL AVENUE",800.00,S,N,A,-,Y,SF,,101,,,0.958,H,,R,N,4,0,1,2,A,-,03,22350,,N,C,C,A,A,H,-,A,D,0,,,,,Y,,A,01,0,0,1,0,0,0,0,0,0,"- ","- ",37.721519470214844,-122.400146484375,"SAN FRANCISCO","SAN FRANCISCO",-122.40021514892578,37.721504211425781
91811520,2022,2022-07-06,9335,2022-06-23,1250,022802,,4,1,7,3801,0,1,2,,2,014,"US-101 S/B","THE 23RD ST O/C",330.00,N,N,A,-,Y,SF,,101,,,3.428,H,,L,Y,4,0,1,2,A,-,08,22107,,N,E,I,A,A,H,-,A,D,0,,,,Y,Y,,F,26,0,0,1,0,0,0,0,0,0,"- ","- ",37.755481719970703,-122.40316772460938,"SAN FRANCISCO","SAN FRANCISCO",-122.40322875976562,37.755477905273438
91813772,2022,2022-07-11,9335,2022-06-27,0140,022703,,1,3,7,3801,0,1,2,,2,015,"US-101 SOUTHBOUND TO I-80 EASTBOUND","THE DIVISON STREET UNDERCROSSING.",40.00,S,N,A,-,Y,SF,,80,,L,4.079,H,,R,N,3,0,2,1,A,-,01,23152,A,N,E,I,A,A,H,-,C,D,0,,,,,Y,Y,A,01,0,2,0,0,0,0,0,0,0,"- ","- ",37.769611358642578,-122.40547180175781,"SAN FRANCISCO","SAN FRANCISCO",-122.40546417236328,37.769607543945312
91816276,2022,2022-07-13,9335,2022-07-06,1415,021588,,3,2,7,3801,0,1,1,,1,081,"I-80 W/B","THE EMBARCADERO",150.00,E,N,A,-,Y,SF,,80,,,5.911,H,,L,N,4,0,1,2,A,-,03,22350,,N,C,C,A,A,H,-,A,D,0,,,,,Y,,A,01,0,0,1,0,0,0,0,0,0,"- ","- ",37.788688659667969,-122.3878173828125,"SAN FRANCISCO","SAN FRANCISCO",-122.38794708251953,37.788776397705078
91817435,2022,2022-07-14,9335,2022-07-07,1525,017672,,4,2,7,3801,0,1,1,,1,083,"I-80 E/B","TOWER W-2",202.00,E,N,A,-,Y,SF,,80,,,6.133,H,,R,N,4,0,1,2,A,-,07,21658,A,N,B,C,A,A,H,-,A,D,0,,,,Y,Y,,F,27,0,0,1,0,0,0,0,0,0,"- ","- ",37.791271209716797,-122.38529968261719,"SAN FRANCISCO","SAN FRANCISCO",-122.38526153564453,37.791244506835938
91820480,2022,2022-07-19,9335,2022-07-13,2355,021754,,3,3,7,3801,0,1,2,,2,013,"US-101 N/B FROM CESAR CHAVEZ STREET E/B","CESAR CHAVEZ STREET U/C",450.00,S,N,A,-,Y,SF,,101,,,2.910,H,,R,N,3,0,1,1,A,-,08,22107,,N,E,I,A,A,H,-,C,D,0,,,Y,,Y,,C,02,0,1,0,0,0,0,0,0,1,"- ","- ",37.748050689697266,-122.40438079833984,"SAN FRANCISCO","SAN FRANCISCO",-122.404052734375,37.74798583984375
91827422,2022,2022-10-31,9335,2022-07-15,1250,022897,,5,1,7,3801,0,1,2,,2,014,"US-101 N/B","23RD ST. OVERCROSSING",640.00,N,N,A,-,Y,SF,,101,,,3.488,H,,R,N,4,0,1,2,A,-,07,21658,A,N,B,C,A,A,H,-,A,D,0,,,Y,,Y,,A,01,0,0,1,0,0,0,0,0,1,"- ","- ",37.756401062011719,-122.40328216552734,"SAN FRANCISCO","SAN FRANCISCO",-122.40318298339844,37.756416320800781
91832364,2022,2022-08-03,9335,2022-07-28,1250,022897,,4,1,7,3801,0,1,2,,2,015,"US-101 S/B TO I-80 E/B","DIVISION ST",78.00,N,N,B,-,Y,SF,,80,,L,4.074,H,,R,N,4,0,1,2,A,-,08,22107,,N,E,I,A,A,H,-,A,A,0,,,,Y,Y,,F,26,0,0,1,0,0,0,0,0,0,"- ","- ",37.769561767578125,-122.40541839599609,"SAN FRANCISCO","SAN FRANCISCO",-122.40547180175781,37.769565582275391
91832991,2022,2022-08-04,9335,2022-07-24,0215,022196,,7,3,7,3801,0,1,2,,2,015,"US-101 S/B","BRYANT STREET",60.00,N,N,A,-,Y,SF,,101,,R,4.739,H,,L,N,4,0,1,1,A,-,01,23152,A,N,E,I,A,A,H,-,C,D,0,,,,,Y,Y,A,01,0,0,1,0,0,0,0,0,0,"- ","- ",37.769371032714844,-122.41111755371094,"SAN FRANCISCO","SAN FRANCISCO",-122.41112518310547,37.769359588623047
91838852,2022,2022-08-12,9335,2022-08-05,2110,021222,,5,2,7,3801,0,1,1,,2,080,"I-80 EASTBOUND","HARRIET STREET",70.00,W,N,A,-,Y,SF,,80,,,4.599,H,,R,N,4,0,1,1,A,-,03,22350,,N,F,A,A,A,H,-,C,D,0,,,Y,,Y,,C,02,0,0,1,0,0,0,0,0,1,"- ","- ",37.776348114013672,-122.40442657470703,"SAN FRANCISCO","SAN FRANCISCO",-122.4044189453125,37.776340484619141
91838888,2022,2022-08-12,9335,2022-08-03,1600,022920,,3,2,7,3801,0,1,1,,2,022,"I-280 N/B","THE OCEAN AVENUE OVERCROSSING",190.00,N,N,A,-,Y,SF,,280,,R,1.812,H,,R,Y,4,0,2,2,A,-,07,21658,A,N,B,C,A,A,H,-,A,D,0,,,,,Y,,A,01,0,0,2,0,0,0,0,0,0,"- ","- ",37.723590850830078,-122.44744110107422,"SAN FRANCISCO","SAN FRANCISCO",-122.447509765625,37.723609924316406
91840669,2022,2022-08-15,9335,2022-08-11,0658,018053,,4,1,7,3801,0,1,1,,1,083,"I-80 E/B","YERBA BUENA ISLAND TUNNEL EAST EDGE",105.00,E,N,A,-,Y,,,,,,,,,,Y,4,0,1,2,A,-,07,21658,A,M,E,I,A,A,H,-,A,D,0,,,,,Y,,A,01,0,0,1,0,0,0,0,0,0,"- ","- ",37.810920715332031,-122.36360931396484,"SAN FRANCISCO","SAN FRANCISCO",-122.36405944824219,37.811370849609375
91845283,2022,2022-08-22,9335,2022-08-12,1330,017672,,5,1,7,3801,0,1,1,,1,083,"I-80 E/B","TREASURE ISLAND OFF-RAMP",2640.00,W,N,A,-,Y,SF,,80,,,7.226,H,,R,N,3,0,2,2,A,-,03,22350,,F,C,C,A,A,H,-,A,D,0,,,,,Y,,A,01,0,1,1,0,0,0,0,0,0,"- ","- ",37.803379058837891,-122.37203979492188,"SAN FRANCISCO","SAN FRANCISCO",-122.37206268310547,37.803398132324219
91845556,2022,2022-08-22,9335,2022-08-14,1750,021916,,7,2,7,3801,0,1,1,,2,023,"I-280 S/B","LYELL STREET UNDERCROSSING",285.00,N,N,A,-,Y,SF,,280,,R,2.964,H,,L,N,4,0,1,2,A,-,07,21658,A,N,B,C,A,A,H,-,A,D,0,,,,,Y,,A,01,0,0,1,0,0,0,0,0,0,"- ","- ",37.732318878173828,-122.43080139160156,"SAN FRANCISCO","SAN FRANCISCO",-122.43080139160156,37.732379913330078
91847732,2022,2022-08-24,9335,2022-08-18,1852,022897,,4,2,7,3801,0,1,1,,2,021,"I-280 N/B","SCHOOL ST. OVERCROSSING",60.00,N,N,B,-,Y,SM,,280,,R,26.362,H,,R,Y,3,0,1,2,A,-,07,21658,A,N,B,C,A,A,H,-,A,D,0,,,,,Y,,A,01,0,1,0,0,0,0,0,0,0,"- ","- ",37.693588256835938,-122.47023773193359,"SAN FRANCISCO","SAN FRANCISCO",-122.47028350830078,37.693588256835938
91852153,2022,2022-08-29,9335,2022-08-24,0725,019949,,3,1,7,3801,0,1,1,,2,023,"I-280 S/B","MONTEREY BLVD. OVERCROSSING",1584.00,N,N,A,-,Y,SF,,280,,R,2.932,H,,L,N,4,0,1,2,A,-,03,22350,,N,C,C,A,A,H,-,A,D,0,,,,,Y,,A,01,0,0,1,0,0,0,0,0,0,"- ","- ",37.732379913330078,-122.43141174316406,"SAN FRANCISCO","SAN FRANCISCO",-122.43140411376953,37.732345581054688
91868060,2022,2022-09-19,9335,2022-07-16,1930,022823,,6,2,7,3801,0,1,2,,2,013,"US-101 S/B TO PAUL AVENUE","SAN BRUNO AVENUE",60.00,N,N,A,-,Y,,,,,,,,,,Y,4,0,1,1,A,-,01,23152,A,N,E,8,A,A,H,-,A,A,0,,,,,Y,Y,A,01,0,0,1,0,0,0,0,0,0,"- ","- ",37.721668243408203,-122.40093231201172,"SAN FRANCISCO","SAN FRANCISCO",-122.40093231201172,37.721668243408203
91869010,2022,2022-09-20,9335,2022-09-15,0910,022032,,4,1,7,3801,0,1,1,,2,080,"I-80 W/B","HARRIET ST",200.00,W,N,B,-,Y,SF,,80,,,4.585,H,,L,N,3,0,1,2,A,-,07,21658,A,F,B,2,A,A,H,-,A,D,0,,,Y,,Y,,-,99,0,1,0,0,0,0,0,0,1,"- ","- ",37.776229858398438,-122.40486907958984,"SAN FRANCISCO","SAN FRANCISCO",-122.40489196777344,37.776248931884766
91869137,2022,2022-09-20,9335,2022-09-12,1650,022860,,1,2,7,3801,0,1,2,,2,014,"US-101 S/B","22ND ST PEDESTRIAN OVERCROSSING",350.00,S,N,A,-,Y,SF,,101,,,3.456,H,,L,N,4,0,1,2,A,-,03,22350,,N,C,C,A,A,H,-,A,D,0,,,,,Y,,D,22,0,0,1,0,0,0,0,0,0,"- ","- ",37.755908966064453,-122.40323638916016,"SAN FRANCISCO","SAN FRANCISCO",-122.40327453613281,37.755905151367188
91870824,2022,2022-09-22,9335,2022-05-23,0925,014455,,1,1,7,3801,0,1,1,,1,081,"I-80 W/B","EAST EDGE OF THE TREASURE ISLAND TUNNEL",100.00,W,N,A,-,Y,SF,,80,,,7.785,H,,L,N,4,0,1,2,A,-,03,22350,,N,C,C,A,A,H,-,A,D,0,,,,,Y,,A,01,0,0,1,0,0,0,0,0,0,"- ","- ",37.809829711914062,-122.36559295654297,"SAN FRANCISCO","SAN FRANCISCO",-122.36547088623047,37.809745788574219