CASE_ID,ACCIDENT_YEAR,PROC_DATE,JURIS,COLLISION_DATE,COLLISION_TIME,OFFICER_ID,REPORTING_DISTRICT,DAY_OF_WEEK,CHP_SHIFT,POPULATION,CNTY_CITY_LOC,SPECIAL_COND,BEAT_TYPE,CHP_BEAT_TYPE,CITY_DIVISION_LAPD,CHP_BEAT_CLASS,BEAT_NUMBER,PRIMARY_RD,SECONDARY_RD,DISTANCE,DIRECTION,INTERSECTION,WEATHER_1,WEATHER_2,STATE_HWY_IND,CALTRANS_COUNTY,CALTRANS_DISTRICT,STATE_ROUTE,ROUTE_SUFFIX,POSTMILE_PREFIX,POSTMILE,LOCATION_TYPE,RAMP_INTERSECTION,SIDE_OF_HWY,TOW_AWAY,COLLISION_SEVERITY,NUMBER_KILLED,NUMBER_INJURED,PARTY_COUNT,PRIMARY_COLL_FACTOR,PCF_CODE_OF_VIOL,PCF_VIOL_CATEGORY,PCF_VIOLATION,PCF_VIOL_SUBSECTION,HIT_AND_RUN,TYPE_OF_COLLISION,MVIW,PED_ACTION,ROAD_SURFACE,ROAD_COND_1,ROAD_COND_2,LIGHTING,CONTROL_DEVICE,CHP_ROAD_TYPE,PEDESTRIAN_ACCIDENT,BICYCLE_ACCIDENT,MOTORCYCLE_ACCIDENT,TRUCK_ACCIDENT,NOT_PRIVATE_PROPERTY,ALCOHOL_INVOLVED,STWD_VEHTYPE_AT_FAULT,CHP_VEHTYPE_AT_FAULT,COUNT_SEVERE_INJ,COUNT_VISIBLE_INJ,COUNT_COMPLAINT_PAIN,COUNT_PED_KILLED,COUNT_PED_INJURED,COUNT_BICYCLIST_KILLED,COUNT_BICYCLIST_INJURED,COUNT_MC_KILLED,COUNT_MC_INJURED,PRIMARY_RAMP,SECONDARY_RAMP,LATITUDE,LONGITUDE,COUNTY,CITY,POINT_X,POINT_Y
91872295,2022,2022-09-23,9350,2022-09-20,1720,021696,,2,2,7,3801,0,1,2,,1,120,"US-101 N/B (GGB EAST SIDEWALK)","GOLDEN GATE BRIDGE SOUTH TOWER",40.00,S,N,A,-,Y,,,,,,,,,,N,2,0,1,1,A,-,21,22106,,N,E,A,A,A,H,-,A,D,0,,Y,,,Y,,L,04,1,0,0,0,0,0,1,0,0,"- ","- ",37.813980102539062,-122.47775268554688,"SAN FRANCISCO","SAN FRANCISCO",-122.47794342041016,37.813953399658203
91874373,2022,2022-09-27,9335,2022-09-18,1210,023078,,7,1,7,3801,0,1,1,,2,023,"I-280 N/B","BADEN ST",400.00,S,N,C,-,Y,SF,,280,,R,2.438,H,,R,Y,2,0,1,2,A,-,03,22350,,N,B,C,A,B,H,-,A,D,0,,,,,Y,,A,01,1,0,0,0,0,0,0,0,0,"- ","- ",37.729869842529297,-122.43984985351562,"SAN FRANCISCO","SAN FRANCISCO",-122.43982696533203,37.729824066162109
91875402,2022,2022-09-28,9335,2022-09-19,1355,023078,,1,1,7,3801,0,1,1,,2,024,"I- 280 NORTHBOUND","BRANNAN ST",305.00,S,N,A,-,Y,SF,,280,,T,7.496,H,,R,Y,4,0,1,2,A,-,03,22350,,N,C,C,A,A,H,-,A,D,0,,,,,Y,,D,22,0,0,1,0,0,0,0,0,0,"- ","- ",37.774421691894531,-122.40025329589844,"SAN FRANCISCO","SAN FRANCISCO",-122.40046691894531,37.774299621582031
91881454,2022,2023-08-24,9335,2022-09-26,1935,022920,,1,2,7,3801,0,1,2,,2,013,"US-101 N/B","THE CORTLAND AVENUE UNDERCROSSING",520.00,N,N,A,-,Y,SF,,101,,,2.383,H,,R,Y,4,0,1,2,A,-,03,22350,,N,C,C,A,A,G,-,D,D,0,,,,,Y,,D,22,0,0,1,0,0,0,0,0,0,"- ","- ",37.741081237792969,-122.40753936767578,"SAN FRANCISCO","SAN FRANCISCO",-122.40763092041016,37.741111755371094
91886024,2022,2022-10-10,9335,2022-09-29,2357,022897,,4,3,7,3801,0,1,2,,2,015,"US-101 N/B","10TH STREET",20.00,W,N,A,-,Y,SF,,101,,R,4.619,H,,R,Y,2,0,1,1,A,-,03,22350,,N,E,I,A,A,H,-,C,A,0,,,Y,,Y,,C,02,1,0,0,0,0,0,0,0,1,"- ","- ",37.769851684570312,-122.40910339355469,"SAN FRANCISCO","SAN FRANCISCO",-122.40907287597656,37.769824981689453
91895656,2022,2022-10-20,9335,2022-10-11,1955,022920,,2,2,7,3801,0,1,1,,2,080,"I-80 E/B","THE DIVISION STREET UNDERCROSSING",120.00,W,N,A,-,Y,SF,,80,,,3.910,H,,R,N,4,0,1,2,A,-,03,22350,,N,C,C,A,A,H,-,D,D,0,,,,,Y,,A,01,0,0,1,0,0,0,0,0,0,"- ","- ",37.767139434814453,-122.40496826171875,"SAN FRANCISCO","SAN FRANCISCO",-122.40496826171875,37.767139434814453
91896553,2022,2022-10-21,9350,2022-10-16,1305,022432,,7,1,7,3801,0,1,2,,2,020,"US-101 S/B","LINCOLN BLVD",2640.00,N,N,B,-,Y,,,,,,,,,,N,3,0,1,1,A,-,08,22107,,N,E,I,A,A,H,-,A,D,0,,,,,Y,,D,22,0,1,0,0,0,0,0,0,0,"- ","- ",37.807178497314453,-122.47582244873047,"SAN FRANCISCO","SAN FRANCISCO",-122.47578430175781,37.807216644287109
91897435,2022,2022-10-24,9335,2022-10-15,0233,022703,,6,3,7,3801,0,1,2,,2,014,"US-101 NORTHBOUND","THE 22ND STREET PEDESTRIAN OVERCROSSING.",1030.00,N,N,A,-,Y,SF,,101,,,3.725,H,,R,Y,4,0,1,2,A,-,03,22350,,N,C,C,A,A,H,-,D,D,0,,,,,Y,,A,01,0,0,1,0,0,0,0,0,0,"- ","- ",37.759029388427734,-122.40576934814453,"SAN FRANCISCO","SAN FRANCISCO",-122.40575408935547,37.759037017822266
91898835,2022,2022-10-25,9335,2022-10-16,1110,023063,,7,1,7,3801,0,1,1,,2,080,"I-80 WESTBOUND","15TH ST. UNDERCROSSING",231.00,E,N,B,-,Y,SF,,80,,,3.960,H,,L,N,4,0,1,4,A,-,03,22350,,F,C,C,A,A,H,-,A,D,0,,,,,Y,,-,99,0,0,1,0,0,0,0,0,0,"- ","- ",37.767848968505859,-122.40534210205078,"SAN FRANCISCO","SAN FRANCISCO",-122.4053955078125,37.767845153808594
91898861,2022,2022-10-25,9335,2022-10-14,2245,022860,,5,3,7,3801,0,1,1,,2,080,"I-80 E/B","4TH STREET UNDERCROSSING",400.00,E,N,A,-,Y,SF,,80,,,5.143,H,,R,N,4,0,1,2,A,-,07,21658,A,F,B,C,A,A,H,-,C,D,0,,,,,Y,,-,99,0,0,1,0,0,0,0,0,0,"- ","- ",37.780918121337891,-122.39768981933594,"SAN FRANCISCO","SAN FRANCISCO",-122.39768981933594,37.780921936035156
91905366,2022,2022-10-31,9335,2022-08-01,0355,022241,,1,3,7,3801,0,1,1,,1,082,"I-80 W/B","NORTHGATE DRIVE UNDERCROSSING",4318.00,E,N,A,-,Y,ALA,,80,,R,0.053,H,,L,N,3,0,2,2,A,-,01,23152,G,M,C,C,A,A,H,-,C,D,0,,,,,Y,Y,A,01,0,1,1,0,0,0,0,0,0,"- ","- ",37.819339752197266,-122.34874725341797,"SAN FRANCISCO","SAN FRANCISCO",-122.3487548828125,37.819370269775391
91905604,2022,2022-10-31,9335,2022-08-28,0915,022823,,7,1,7,3801,0,1,1,,2,023,"I-280 N/B","ALEMANY BLVD.",48.00,S,N,A,-,Y,SF,,280,,R,3.852,H,,R,Y,4,0,3,2,A,-,03,22350,,N,C,C,A,A,H,-,A,D,0,,,,,Y,,A,01,0,0,3,0,0,0,0,0,0,"- ","- ",37.732051849365234,-122.41487121582031,"SAN FRANCISCO","SAN FRANCISCO",-122.41490173339844,37.732120513916016
91907688,2022,2022-11-02,9350,2022-10-31,0645,022432,,1,1,7,3801,0,1,2,,2,020,"US-101 S/B","LINCOLN BLVD",475.00,N,N,B,-,Y,,,,,,,,,,N,4,0,1,1,A,-,08,22107,,N,E,I,A,A,H,-,B,D,0,,,,,Y,,D,22,0,0,1,0,0,0,0,0,0,"- ","- ",37.807209014892578,-122.47577667236328,"SAN FRANCISCO","SAN FRANCISCO",-122.47577667236328,37.807209014892578
91909907,2022,2022-11-04,9335,2022-11-03,1510,020828,,4,2,7,3801,0,1,2,,2,013,"US-101 S/B (BASHORE FWY)",I-280,2105.00,N,N,A,-,Y,SF,,101,,,2.411,H,,L,N,4,0,1,2,A,-,03,22350,,M,C,C,A,A,H,-,A,D,0,,,,,Y,,-,99,0,0,1,0,0,0,0,0,0,"- ","- ",37.741539001464844,-122.40772247314453,"SAN FRANCISCO","SAN FRANCISCO",-122.40764617919922,37.74151611328125
91912836,2022,2022-11-08,9335,2022-11-04,1804,022823,,5,2,7,3801,0,1,2,,2,013,"US-101 S/B","BLANKEN AVE.",177.00,S,N,A,-,Y,SF,,101,,,0.141,H,,L,N,4,0,1,2,A,-,03,22350,,N,C,C,A,A,H,-,C,D,0,,,,,Y,,A,01,0,0,1,0,0,0,0,0,0,"- ","- ",37.710399627685547,-122.39550018310547,"SAN FRANCISCO","SAN FRANCISCO",-122.39559173583984,37.71038818359375
91921227,2022,2022-11-18,9335,2022-11-14,1345,022920,,1,1,7,3801,0,1,2,,2,014,"US-101 S/B","THE 23RD STREET OVERCROSSING",100.00,N,N,A,-,Y,SF,,101,,,3.388,H,,L,N,4,0,2,2,A,-,03,22350,,N,C,C,A,A,H,-,A,D,0,,,,,Y,,D,22,0,0,2,0,0,0,0,0,0,"- ","- ",37.754840850830078,-122.40325164794922,"SAN FRANCISCO","SAN FRANCISCO",-122.40317535400391,37.754844665527344
91921255,2022,2022-11-18,9335,2022-11-14,1800,021328,,1,2,7,3801,0,1,2,,2,013,"US-101 S/B","CESAR CHAVEZ UNDERCROSSING",1300.00,S,N,A,-,Y,SF,,101,,,2.746,H,,L,N,4,0,1,2,A,-,03,22350,,N,C,C,A,A,H,-,C,D,0,,,,,Y,,A,01,0,0,1,0,0,0,0,0,0,"- ","- ",37.745761871337891,-122.405029296875,"SAN FRANCISCO","SAN FRANCISCO",-122.40495300292969,37.745742797851562
91925173,2022,2022-11-23,9335,2022-11-15,1533,018688,,2,2,7,3801,0,1,1,,1,083,"I-80 E/B","TREASURE ISLAND ON RAMP PHYSICAL GORE POINT",1086.00,E,N,A,-,Y,SF,,80,,R,8.229,H,,R,N,4,0,2,3,A,-,07,21658,A,F,F,0,A,A,H,-,A,D,0,,,,,Y,,-,99,0,0,2,0,0,0,0,0,0,"- ","- ",37.814308166503906,-122.35974884033203,"SAN FRANCISCO","SAN FRANCISCO",-122.35986328125,37.814434051513672
91927424,2022,2022-11-28,9335,2022-11-17,1755,023063,,4,2,7,3801,0,1,1,,2,080,"I-80 EB","3RD ST.",143.00,E,N,A,-,Y,SF,,80,,,5.279,H,,R,N,4,0,1,3,A,-,03,22350,,N,C,C,A,A,H,-,D,D,0,,,,,Y,,A,01,0,0,1,0,0,0,0,0,0,"- ","- ",37.782318115234375,-122.39600372314453,"SAN FRANCISCO","SAN FRANCISCO",-122.39603424072266,37.782341003417969
91929135,2022,2022-11-29,9335,2022-11-20,0500,022802,,7,3,7,3801,0,1,1,,1,083,"I-80 E/B","THE TREASURE ISLAND RD O/C",2215.00,W,N,A,-,Y,SF,,80,,,7.302,H,,R,Y,4,0,2,2,A,-,03,22350,,N,C,C,A,A,H,-,C,D,0,,,,,Y,,A,01,0,0,2,0,0,0,0,0,0,"- ","- ",37.804191589355469,-122.37104797363281,"SAN FRANCISCO","SAN FRANCISCO",-122.37114715576172,37.804256439208984
91933921,2022,2022-12-05,9335,2022-11-23,1500,023044,,3,2,7,3801,0,1,1,,2,023,"I-280 NORTHBOUND","GENEVA AVENUE",235.00,S,N,A,-,Y,SF,,280,,R,1.597,H,,R,N,3,0,2,2,A,-,03,22350,,N,C,C,A,A,H,-,A,D,0,,,,,Y,,A,01,0,2,0,0,0,0,0,0,0,"- ","- ",37.720508575439453,-122.44805145263672,"SAN FRANCISCO","SAN FRANCISCO",-122.44816589355469,37.720516204833984
91933928,2022,2022-12-05,9335,2022-11-23,1545,022920,,3,2,7,3801,0,1,1,,1,083,"I-80 E/B","THE YERBA BUENA ISLAND TUNNEL",1000.00,W,N,A,-,Y,SF,,80,,,7.525,H,,R,Y,4,0,1,3,A,-,03,22350,,N,C,C,A,A,H,-,A,D,0,,,,,Y,,A,01,0,0,1,0,0,0,0,0,0,"- ","- ",37.806911468505859,-122.36872100830078,"SAN FRANCISCO","SAN FRANCISCO",-122.36848449707031,37.806751251220703
91939653,2022,2022-12-12,9335,2022-12-05,0205,022802,,1,3,7,3801,0,1,1,,1,083,"I-80 E/B","TREASURE ISLAND RD O/C",3165.00,W,N,B,-,Y,SF,,80,,,7.127,H,,R,Y,4,0,2,2,A,-,07,21658,A,N,B,C,A,A,H,-,C,D,0,,,,,Y,,A,01,0,0,2,0,0,0,0,0,0,"- ","- ",37.802219390869141,-122.37313842773438,"SAN FRANCISCO","SAN FRANCISCO",-122.37324523925781,37.802291870117188
91940733,2022,2022-12-13,9335,2022-12-05,0206,022802,,1,3,7,3801,0,1,1,,1,083,"I-80 E/B","TREASURE ISLAND RD O/C",3060.00,W,N,B,-,Y,SF,,80,,,7.148,H,,R,Y,4,0,2,2,A,-,03,22350,,N,C,C,A,A,H,-,C,D,0,,,,,Y,,A,01,0,0,2,0,0,0,0,0,0,"- ","- ",37.802421569824219,-122.37281799316406,"SAN FRANCISCO","SAN FRANCISCO",-122.37299346923828,37.802532196044922
91942434,2022,2022-12-14,9335,2022-12-06,2142,023067,,2,2,7,3801,0,1,1,,1,081,"I-80 WESTBOUND","TREASURE ISLAND RD",1230.00,W,N,A,-,Y,SF,,80,,,7.485,H,,L,Y,4,0,1,2,A,-,03,22350,,N,C,C,A,A,H,-,C,D,0,,,,,Y,,A,01,0,0,1,0,0,0,0,0,0,"- ","- ",37.806468963623047,-122.36920166015625,"SAN FRANCISCO","SAN FRANCISCO",-122.36895751953125,37.806308746337891
91945486,2022,2022-12-19,9335,2022-12-10,2115,022179,,6,2,7,3801,0,1,2,,2,013,"US-101 N/B","PAUL AVENUE UNDERCROSSING",225.00,N,N,C,-,Y,SF,,101,,,1.172,H,,R,Y,4,0,1,2,A,-,08,22107,,N,B,2,A,B,H,-,C,D,0,,,,,Y,,D,22,0,0,1,0,0,0,0,0,0,"- ","- ",37.724369049072266,-122.40146636962891,"SAN FRANCISCO","SAN FRANCISCO",-122.40135955810547,37.724399566650391
91946838,2022,2022-12-20,9335,2022-12-11,2240,021754,,7,3,7,3801,0,1,2,,2,013,"US-101 N/B","BACON STREET UNDERCROSSING",315.00,N,N,A,-,Y,SF,,101,,,1.485,H,,R,Y,4,0,1,1,A,-,08,22107,,N,E,I,A,A,H,-,C,D,0,,,,,Y,,A,01,0,0,1,0,0,0,0,0,0,"- ","- ",37.728858947753906,-122.40294647216797,"SAN FRANCISCO","SAN FRANCISCO",-122.40305328369141,37.728832244873047
91948938,2022,2022-12-22,9335,2022-12-15,2305,021301,,4,3,7,3801,0,1,1,,2,023,"I-280 N/B TO GENEVA AVE","GENEVA AVE",38.00,S,N,A,-,Y,SF,,280,,R,1.632,H,,R,Y,4,0,1,2,A,-,01,23152,A,N,C,C,A,A,H,-,D,A,0,,,,,Y,Y,A,01,0,0,1,0,0,0,0,0,0,"- ","- ",37.720981597900391,-122.44783020019531,"SAN FRANCISCO","SAN FRANCISCO",-122.44810485839844,37.721000671386719
91951550,2022,2022-12-23,9335,2022-12-19,1340,018688,,1,1,7,3801,0,1,1,,2,080,"I-80 W/B","6TH ST.",73.00,W,N,B,-,Y,SF,,80,,,4.646,H,,L,N,4,0,1,2,A,-,07,21658,A,N,B,C,A,A,H,-,A,D,0,,,,,Y,,A,08,0,0,1,0,0,0,0,0,0,"- ","- ",37.776798248291016,-122.40402221679688,"SAN FRANCISCO","SAN FRANCISCO",-122.40400695800781,37.776782989501953
91951568,2022,2022-12-23,9335,2022-12-21,0750,018053,,3,1,7,3801,0,1,1,,1,081,"I-80 W/B","WEST EDGE OF YERBA BUENA ISLAND TUNNEL",702.00,W,N,A,-,Y,SF,,80,,,7.585,H,,L,Y,4,0,3,2,A,-,03,22350,,N,C,C,A,A,H,-,A,D,0,,,,,Y,,A,01,0,0,3,0,0,0,0,0,0,"- ","- ",37.807540893554688,-122.36792755126953,"SAN FRANCISCO","SAN FRANCISCO",-122.36775970458984,37.807426452636719
91954016,2022,2022-12-28,9335,2022-12-22,1815,021916,,4,2,7,3801,0,1,1,,2,022,"I-280 S/B","GENEVA AVENUE OVERCROSSING",970.00,S,N,A,-,Y,SF,,280,,R,1.468,H,,L,Y,4,0,1,2,A,-,03,22350,,M,C,C,A,A,H,-,A,D,0,,,,,Y,,-,99,0,0,1,0,0,0,0,0,0,"- ","- ",37.718608856201172,-122.44864654541016,"SAN FRANCISCO","SAN FRANCISCO",-122.44856262207031,37.718605041503906
91958366,2022,2023-01-03,9335,2022-12-26,0220,022179,,1,3,7,3801,0,1,1,,2,080,"I-80 E/B","BRYANT ST",85.00,W,N,A,-,Y,SF,,80,,,4.309,H,,R,N,4,0,1,2,A,-,03,22350,,N,C,2,A,A,C,-,C,D,0,,,,,Y,,A,01,0,0,1,0,0,0,0,0,0,"- ","- ",37.772571563720703,-122.40648651123047,"SAN FRANCISCO","SAN FRANCISCO",-122.40655517578125,37.772560119628906
91960277,2022,2023-01-04,9335,2022-12-30,0130,022179,,5,3,7,3801,0,1,2,,2,013,"US-101 N/B","25TH ST",110.00,S,N,C,-,Y,SF,,101,,,3.164,H,,R,Y,4,0,1,1,A,-,08,22107,,N,E,I,A,B,H,-,C,D,0,,,,,Y,,A,01,0,0,1,0,0,0,0,0,0,"- ","- ",37.751609802246094,-122.40303802490234,"SAN FRANCISCO","SAN FRANCISCO",-122.40293884277344,37.751594543457031
91960309,2022,2023-01-04,9335,2022-12-31,0427,022179,,6,3,7,3801,0,1,1,,1,083,"I-80 E/B","TREASURE ISLAND RD",100.00,E,N,C,-,Y,SF,,80,,,7.744,H,,R,N,4,0,2,1,A,-,08,22107,,N,E,I,A,B,H,-,C,D,0,,,,,Y,,A,01,0,0,2,0,0,0,0,0,0,"- ","- ",37.809200286865234,-122.36585998535156,"SAN FRANCISCO","SAN FRANCISCO",-122.36598968505859,37.809291839599609
91967660,2022,2023-01-13,9335,2022-12-31,1322,021997,,6,1,7,3801,0,1,2,,2,014,"US-101 S/B","23RD STREET OVERCROSSING",70.00,S,N,C,-,Y,SF,,101,,,3.348,H,,L,N,4,0,2,4,A,-,03,22350,,N,C,C,A,B,C,-,A,D,0,,,,,Y,,A,01,0,0,2,0,0,0,0,0,0,"- ","- ",37.754238128662109,-122.40315246582031,"SAN FRANCISCO","SAN FRANCISCO",-122.40311431884766,37.754241943359375
91977943,2023,2023-01-26,9335,2023-01-09,"25  ",022860,,1,3,7,3801,0,1,2,,2,013,"US-101 S/B","BLANKEN AVE UNDERCROSSING",400.00,N,N,C,-,Y,SF,,101," "," ",0.256,H,,L,N,4,0,1,3,A,-,08,22107,,N,B,C,A,B,H,-,D,D,0,,,,,Y,,A,01,0,0,1,0,0,0,0,0,0,"- ","- ",37.712028503417969,-122.39598846435547,"SAN FRANCISCO","SAN FRANCISCO",-122.39604949951172,37.712013244628906
91992324,2023,2023-02-13,9335,2023-01-31,1555,023121,,2,2,7,3801,0,1,1,,2,023,"I-280 NB TO US-101 NB","SAN BRUNO AVE",180.00,S,N,A,-,Y,,,,,,,,,,Y,3,0,1,2,A,-,01,23152,A,N,C,2,A,A,H,-,A,D,0,,,,,Y,Y,A,07,0,1,0,0,0,0,0,0,0,"- ","- ",37.735321044921875,-122.40823364257812,"SAN FRANCISCO","SAN FRANCISCO",-122.40823364257812,37.735321044921875
91995017,2023,2023-02-15,9350,2023-02-12,"955 ",022133,,7,1,7,3801,0,1,3,,2,011,"SR-1 N/B","NORTH EDGE OF MACARTHUR TUNNEL",1056.00,N,N,A,-,Y,SF,,1," "," ",6.809,H,,R,Y,4,0,1,2,A,-,03,22350,,N,C,C,A,A,H,-,A,D,0,,,,,Y,,A,08,0,0,1,0,0,0,0,0,0,"- ","- ",37.799331665039062,-122.46942138671875,"SAN FRANCISCO","SAN FRANCISCO",-122.46940612792969,37.799331665039062
91995895,2023,2023-02-16,9335,2023-02-03,"550 ",023044,,5,3,7,3801,0,1,2,,2,015,"US-101 NORTHBOUND","ALAMEDA STREET",115.00,N,N,A,-,Y,SF,,101," ",R,4.455,H,,R,Y,4,0,1,1,A,-,08,22107,,N,E,I,A,A,H,-,C,D,0,,,,,Y,,A,07,0,0,1,0,0,0,0,0,0,"- ","- ",37.768810272216797,-122.40663909912109,"SAN FRANCISCO","SAN FRANCISCO",-122.40664672851562,37.768802642822266
92002581,2023,2023-02-24,9335,2023-01-31,1721,023121,,2,2,7,3801,0,1,1,,2,022,"I-280 S/B TO JOHN DALY BOULEVARD","SAINT CHARLES AVENUE OVERCROSSING",997.00,N,N,A,-,Y,SF,,280," ",R,0.183,H,,L,N,4,0,1,2,A,-,03,22350,,N,B,C,A,A,G,-,A,D,0,,,,,Y,,A,01,0,0,1,0,0,0,0,0,0,"- ","- ",37.710159301757812,-122.46652221679688,"SAN FRANCISCO","SAN FRANCISCO",-122.4664306640625,37.71002197265625
92009063,2023,2023-03-20,9335,2023-02-20,1423,023111,,1,2,7,3801,0,1,1,,2,024,"I-280 N/B","18TH STREET UNDERCROSSING",456.00,S,N,A,-,Y,SF,,280," ",R,6.494,H,,R,Y,4,0,3,2,A,-,03,22350,,N,C,C,A,A,H,-,A,D,0,,,,,Y,,A,07,0,0,3,0,0,0,0,0,0,"- ","- ",37.761520385742188,-122.39240264892578,"SAN FRANCISCO","SAN FRANCISCO",-122.39244079589844,37.761516571044922
92010807,2023,2023-03-06,9335,2023-02-28,"958 ",021957,,2,1,7,3801,0,1,1,,1,083,"I-80 EB","SPEAR ST. UNDERCROSSING",2359.00,E,N,B,C,Y,SF,,80," "," ",6.305,H,,R,N,4,0,1,1,A,-,08,22107,,N,E,I,A,B,H,-,A,D,0,,,,,Y,,D,22,0,0,1,0,0,0,0,0,0,"- ","- ",37.793170928955078,-122.38320922851562,"SAN FRANCISCO","SAN FRANCISCO",-122.3831787109375,37.79315185546875
92014815,2022,2023-03-10,9335,2022-11-21,1529,021328,,1,2,7,3801,0,1,1,,1,083,"I-80 E/B","MAIN STREET UNDERCROSSING",80.00,E,N,B,-,Y,SF,,80,,,5.811,H,,R,Y,1,1,0,3,A,-,03,22350,,N,C,C,A,A,H,-,A,D,0,,,Y,Y,Y,,C,02,0,0,0,0,0,0,0,1,0,"- ","- ",37.787681579589844,-122.38916778564453,"SAN FRANCISCO","SAN FRANCISCO",-122.38915252685547,37.787670135498047
92023695,2023,2023-03-21,9335,2023-03-14,"800 ",018053,,2,1,7,3801,0,1,1,,1,083,"I-80 E/B","YERBA BUENA ISLAND TUNNEL WEST EDGE",555.00,W,N,C,-,Y,SF,,80," "," ",7.612,H,,R,Y,3,0,2,2,A,-,03,22350,,N,C,C,A,B,H,-,A,D,0,,,,,Y,,A,07,0,1,1,0,0,0,0,0,0,"- ","- ",37.807849884033203,-122.36762237548828,"SAN FRANCISCO","SAN FRANCISCO",-122.36743927001953,37.807727813720703
92023733,2023,2023-03-21,9335,2023-03-14,"801 ",018053,,2,1,7,3801,0,1,1,,1,083,"I-80 E/B","YERBA BUENA ISLAND TUNNEL WEST EDGE",600.00,W,N,C,-,Y,SF,,80," "," ",7.605,H,,R,Y,4,0,2,5,A,-,03,22350,,N,C,C,A,B,H,-,A,D,0,,,,Y,Y,,G,25,0,0,2,0,0,0,0,0,0,"- ","- ",37.807769775390625,-122.36772155761719,"SAN FRANCISCO","SAN FRANCISCO",-122.36753082275391,37.807643890380859
92027002,2023,2023-03-23,9335,2023-03-15,1205,021957,,3,1,7,3801,0,1,1,,2,022,"I-280 TO US-101","SAN BRUNO AVE. UNDERCROSSING",802.00,S,N,A,-,Y,SF,,280," ",R,4.157,H,,R,N,4,0,1,1,A,-,01,23152,A,N,E,I,A,A,H,-,A,D,0,,,,,Y,Y,D,22,0,0,1,0,0,0,0,0,0,"- ","- ",37.734169006347656,-122.40988922119141,"SAN FRANCISCO","SAN FRANCISCO",-122.40986633300781,37.734119415283203
92028554,2023,2023-03-27,9335,2023-03-17,"854 ",021237,,5,1,7,3801,0,1,1,,2,021,"I-280 S/B","HICKEY BLVD",2640.00,S,N,A,-,Y,SM,,280," ",R,23.710,H,,L,N,3,0,1,2,A,-,03,22350,,N,C,C,A,A,H,-,A,D,0,,,,,Y,,A,01,0,1,0,0,0,0,0,0,0,"- ","- ",37.657569885253906,-122.46134185791016,"SAN FRANCISCO","SAN FRANCISCO",-122.46128845214844,37.657611846923828
92028816,2023,2023-03-27,9335,2023-02-19,1605,022186,,7,2,7,3801,0,1,2,,2,013,"US-101 N/B","25TH STREET PEDESTRIAN O/C",588.00,S,N,A,-,Y,SF,,101," "," ",3.103,H,,R,Y,4,0,1,3,A,-,03,22350,,N,C,C,A,A,H,-,A,D,0,,,,,Y,,D,22,0,0,1,0,0,0,0,0,0,"- ","- ",37.750740051269531,-122.40325927734375,"SAN FRANCISCO","SAN FRANCISCO",-122.40318298339844,37.750724792480469
92035704,2023,2023-04-03,9335,2023-03-20,2120,023167,,1,2,7,3801,0,1,1,,2,023,"I-280 S/B","ALEMANY BLVD. OVERPASS",150.00,N,N,B,-,Y,SF,,280," ",R,3.910,H,,L,Y,3,0,2,2,A,-,03,22350,,N,C,C,A,B,C,-,C,D,0,,,,,Y,,A,07,0,1,1,0,0,0,0,0,0,"- ","- ",37.732658386230469,-122.41384124755859,"SAN FRANCISCO","SAN FRANCISCO",-122.41383361816406,37.732654571533203