CASE_ID,ACCIDENT_YEAR,PROC_DATE,JURIS,COLLISION_DATE,COLLISION_TIME,OFFICER_ID,REPORTING_DISTRICT,DAY_OF_WEEK,CHP_SHIFT,POPULATION,CNTY_CITY_LOC,SPECIAL_COND,BEAT_TYPE,CHP_BEAT_TYPE,CITY_DIVISION_LAPD,CHP_BEAT_CLASS,BEAT_NUMBER,PRIMARY_RD,SECONDARY_RD,DISTANCE,DIRECTION,INTERSECTION,WEATHER_1,WEATHER_2,STATE_HWY_IND,CALTRANS_COUNTY,CALTRANS_DISTRICT,STATE_ROUTE,ROUTE_SUFFIX,POSTMILE_PREFIX,POSTMILE,LOCATION_TYPE,RAMP_INTERSECTION,SIDE_OF_HWY,TOW_AWAY,COLLISION_SEVERITY,NUMBER_KILLED,NUMBER_INJURED,PARTY_COUNT,PRIMARY_COLL_FACTOR,PCF_CODE_OF_VIOL,PCF_VIOL_CATEGORY,PCF_VIOLATION,PCF_VIOL_SUBSECTION,HIT_AND_RUN,TYPE_OF_COLLISION,MVIW,PED_ACTION,ROAD_SURFACE,ROAD_COND_1,ROAD_COND_2,LIGHTING,CONTROL_DEVICE,CHP_ROAD_TYPE,PEDESTRIAN_ACCIDENT,BICYCLE_ACCIDENT,MOTORCYCLE_ACCIDENT,TRUCK_ACCIDENT,NOT_PRIVATE_PROPERTY,ALCOHOL_INVOLVED,STWD_VEHTYPE_AT_FAULT,CHP_VEHTYPE_AT_FAULT,COUNT_SEVERE_INJ,COUNT_VISIBLE_INJ,COUNT_COMPLAINT_PAIN,COUNT_PED_KILLED,COUNT_PED_INJURED,COUNT_BICYCLIST_KILLED,COUNT_BICYCLIST_INJURED,COUNT_MC_KILLED,COUNT_MC_INJURED,PRIMARY_RAMP,SECONDARY_RAMP,LATITUDE,LONGITUDE,COUNTY,CITY,POINT_X,POINT_Y
92257400,2023,2023-12-08,9335,2023-12-02,1330,023593,,6,1,7,3801,0,1,1,,1,083,"I-80 E/B FROM HILLCREST RD.","FOREST RD",1108.00,E,N,A,-,Y,,,,,,,,,,Y,4,0,1,2,A,-,03,22350,,N,C,C,A,B,H,-,A,A,0,,,,,Y,,A,07,0,0,1,0,0,0,0,0,0,"- ","- ",37.812210083007812,-122.36260223388672,"SAN FRANCISCO","SAN FRANCISCO",-122.36260223388672,37.812210083007812
92263639,2023,2023-12-18,9335,2023-12-05,1740,023593,,2,2,7,3801,0,1,2,,2,013,"US-101 SOUTHBOUND","CORTLAND AVE UNDERCROSSING",153.00,S,N,A,-,Y,SF,,101," "," ",2.249,H,,L,Y,4,0,2,4,A,-,03,22350,,N,C,C,A,A,H,-,D,D,0,,,,,Y,,A,01,0,0,2,0,0,0,0,0,0,"- ","- ",37.739269256591797,-122.40828704833984,"SAN FRANCISCO","SAN FRANCISCO",-122.40817260742188,37.739269256591797
92269409,2023,2023-12-22,9335,2023-12-09,2047,023063,,6,2,7,3801,0,1,1,,1,081,"I-80 WESTBOUND","TRASURE ISLAND ROAD",670.00,W,N,A,-,Y,SF,,80," "," ",7.593,H,,L,N,4,0,3,2,A,-,03,22350,,M,C,C,A,A,H,-,C,D,0,,,,,Y,,-,99,0,0,3,0,0,0,0,0,0,"- ","- ",37.807651519775391,-122.36788177490234,"SAN FRANCISCO","SAN FRANCISCO",-122.36766815185547,37.807510375976562
92273940,2023,2023-12-28,9335,2023-12-19,2040,023593,,2,2,7,3801,0,1,1,,1,083,"I-80 E/B","NORTH GATE RD",644.00,E,N,C,-,Y,SF,,80," ",R,8.230,H,,R,Y,4,0,1,1,A,-,03,22350,,N,E,8,A,B,H,-,C,D,0,,,,,Y,,A,01,0,0,1,0,0,0,0,0,0,"- ","- ",37.814380645751953,-122.35977935791016,"SAN FRANCISCO","SAN FRANCISCO",-122.35984039306641,37.814449310302734
92281003,2023,2024-01-08,9335,2023-09-14,1923,023367,,4,2,7,3801,0,1,2,,2,014,"US-101 S/B","18TH STREET PEDESTRIAN OVERCROSSING",315.00,N,N,A,-,Y,SF,,101," "," ",4.020,H,,L,Y,3,0,1,2,A,-,13,22515,A,M,D,C,A,A,H,-,B,D,0,,,,,Y,,A,01,0,1,0,0,0,0,0,0,0,"- ","- ",37.762989044189453,-122.40538024902344,"SAN FRANCISCO","SAN FRANCISCO",-122.40538787841797,37.762992858886719
92285207,2023,2024-01-11,9335,2023-12-29,1925,023536,,5,2,7,3801,0,1,1,,1,081,"I-80 W/B","THE EMBARCADERO UNDERCROSSING",310.00,E,N,C,-,Y,SF,,80," "," ",5.980,H,,L,Y,4,0,1,3,A,-,07,21658,A,N,B,C,A,B,H,-,C,D,0,,,,,Y,Y,A,01,0,0,1,0,0,0,0,0,0,"- ","- ",37.78955078125,-122.38712310791016,"SAN FRANCISCO","SAN FRANCISCO",-122.38711547851562,37.789543151855469
92288067,2023,2024-01-16,9335,2023-10-29,1940,022920,,7,2,7,3801,0,1,1,,2,080,"I-80 E/B","THE BRANNAN STREET UNDERCROSSING",140.00,E,N,A,-,Y,SF,,80," "," ",4.225,H,,R,N,4,0,1,2,A,-,03,22350,,N,C,C,A,A,H,-,C,D,0,,,,,Y,,A,07,0,0,1,0,0,0,0,0,0,"- ","- ",37.771438598632812,-122.40609741210938,"SAN FRANCISCO","SAN FRANCISCO",-122.40607452392578,37.771450042724609
92301893,2023,2024-01-31,9335,2023-09-05,"155 ",023067,,2,3,7,3801,0,1,1,,2,023,"I-280 N/B","ST. MARY'S PARK FOOTBRIDGE",110.00,N,N,A,-,Y,SF,,280," ",R,3.547,H,,R,Y,4,0,1,2,A,-,07,21658,A,M,B,C,A,A,H,-,B,D,0,,,,,Y,Y,-,99,0,0,1,0,0,0,0,0,0,"- ","- ",37.731788635253906,-122.42024993896484,"SAN FRANCISCO","SAN FRANCISCO",-122.42025756835938,37.731822967529297
92320652,2023,2024-02-22,9335,2023-11-07,2020,023474,,2,2,7,3801,0,1,1,,2,024,"I-280 N/B","20TH ST UNDERCROSSING",177.00,S,N,A,-,Y,SF,,280," ",R,6.431,H,,R,N,3,0,2,2,A,-,03,22350,,N,C,C,A,A,H,-,D,D,0,,,,,Y,,D,22,0,1,1,0,0,0,0,0,0,"- ","- ",37.760768890380859,-122.39227294921875,"SAN FRANCISCO","SAN FRANCISCO",-122.39235687255859,37.760761260986328
92320660,2023,2024-02-22,9335,2023-10-23,1225,018804,,1,1,7,3801,0,1,1,,2,080,"I-80 W/B","5TH STREET",178.00,E,N,A,-,Y,SF,,80," "," ",4.868,H,,L,N,3,0,1,2,A,-,03,22350,,F,G,B,E,A,H,-,A,A,0,Y,,,,Y,,-,99,0,1,0,0,1,0,0,0,0,"- ","- ",37.77899169921875,-122.4010009765625,"SAN FRANCISCO","SAN FRANCISCO",-122.40090942382812,37.778919219970703
92321362,2023,2024-02-23,9335,2023-11-05,"440 ",023119,,7,3,7,3801,0,1,1,,1,081,"I-80 W/B","BEALE ST",102.00,E,N,A,-,Y,SF,,80," "," ",5.747,H,,L,Y,3,0,1,2,A,-,03,22350,,F,C,C,A,A,H,-,C,D,0,,,,,Y,Y,-,99,0,1,0,0,0,0,0,0,0,"- ","- ",37.786949157714844,-122.38992309570312,"SAN FRANCISCO","SAN FRANCISCO",-122.38993072509766,37.786956787109375
92321379,2023,2024-02-23,9335,2023-08-27,"735 ",018399,,7,1,7,3801,0,1,1,,1,081,"I-80 W/B","CECTER ANCHORAGE",752.00,E,N,A,-,Y,,,,,,,,,,N,2,0,3,3,A,-,03,22350,,N,C,C,A,A,H,-,C,D,0,,,,,Y,,A,01,1,1,1,0,0,0,0,0,0,"- ","- ",37.800498962402344,-122.37563323974609,"SAN FRANCISCO","SAN FRANCISCO",-122.37551116943359,37.800369262695312
92337531,2023,2024-03-13,9335,2023-12-30,"655 ",023366,,6,1,7,3801,0,1,1,,2,080,"I-80 W/B","BRANNAN STREET",55.00,E,N,C,-,Y,SF,,80," "," ",4.191,H,,L,Y,3,0,1,2,A,-,08,22107,,N,E,J,F,B,H,-,B,D,0,Y,,,,Y,,D,22,0,1,0,0,1,0,0,0,0,"- ","- ",37.771068572998047,-122.40605926513672,"SAN FRANCISCO","SAN FRANCISCO",-122.4061279296875,37.771049499511719
92341196,2023,2024-03-19,9335,2023-12-26,1455,023593,,2,2,7,3801,0,1,1,,2,080,"I-80 WESTBOUND","BRANNAN ST UNDERCROSSING",32.00,W,N,A,-,Y,SF,,80," "," ",4.164,H,,L,N,4,0,2,2,A,-,03,22350,,N,C,C,A,A,H,-,A,D,0,,,,Y,Y,,F,26,0,0,2,0,0,0,0,0,0,"- ","- ",37.770671844482422,-122.40602874755859,"SAN FRANCISCO","SAN FRANCISCO",-122.40596008300781,37.770687103271484
92343323,2023,2024-03-21,9335,2023-11-25,"620 ",021200,,6,1,7,3801,0,1,2,,2,013,"US101 SB","ALEMANY BOULEVARD",140.00,N,N,A,-,Y,SF,,101," "," ",2.311,H,,L,N,4,0,1,1,A,-,08,22107,,F,E,C,A,A,H,-,D,D,0,,,,,Y,,A,01,0,0,1,0,0,0,0,0,0,"- ","- ",37.740161895751953,-122.408203125,"SAN FRANCISCO","SAN FRANCISCO",-122.40807342529297,37.740142822265625
92345403,2023,2024-03-25,9335,2023-12-10,"357 ",022860,,7,3,7,3801,0,1,1,,1,083,"I-80 E/B","TREASURE ISLAND ROAD",3000.00,W,N,A,-,Y,SF,,80," "," ",7.126,H,,R,Y,2,0,3,3,C,-,18,,,N,E,C,E,A,H,-,D,D,0,Y,,,,Y,,-,"- ",2,1,0,0,1,0,0,0,0,"- ","- ",37.802330017089844,-122.37332153320312,"SAN FRANCISCO","SAN FRANCISCO",-122.37325286865234,37.802284240722656
92348946,2023,2024-03-28,9335,2023-11-07,1750,023366,,2,2,7,3801,0,1,2,,2,014,"US-101 S/B","CESAR CHAVEZ ST",196.00,N,N,A,-,Y,SF,,101," "," ",3.046,H,,L,Y,4,0,2,4,A,-,03,22350,,N,C,C,A,A,H,-,C,D,0,,,,,Y,,A,01,0,0,2,0,0,0,0,0,0,"- ","- ",37.749980926513672,-122.40370178222656,"SAN FRANCISCO","SAN FRANCISCO",-122.40362548828125,37.749965667724609
9348902,2022,2022-06-15,3801,2022-05-02,2025,2461,SOUTH,1,5,7,3801,0,0,0,,0,0B4,"MARKET ST","OCTAVIA ST",114.00,E,N,A,-,N,,,,,,,,,,N,4,0,1,2,A,-,11,21955,,N,G,B,D,A,H,-,C,A,0,Y,,,,Y,,N,60,0,0,1,0,1,0,0,0,0,"- ","- ",,,"SAN FRANCISCO","SAN FRANCISCO",-122.42330169677734,37.771995544433594
9348904,2022,2022-06-15,3801,2022-05-03,1746,2408,RICHM,2,5,7,3801,0,0,0,,0,3G13D,"CLEMENT ST","26TH AV",105.00,W,N,A,-,N,,,,,,,,,,N,4,0,1,2,A,-,21,22106,,N,D,C,A,A,H,-,A,A,0,,,,,Y,,A,01,0,0,1,0,0,0,0,0,0,"- ","- ",,,"SAN FRANCISCO","SAN FRANCISCO",-122.48630523681641,37.781951904296875
9348908,2022,2022-06-23,3801,2022-05-04,1813,301,INGLE,3,5,7,3801,0,0,0,,0,3H14D,"BADEN ST","HEARST AV",0.00,,Y,A,-,N,,,,,,,,,,Y,3,0,1,2,A,-,00,26541,A,N,D,C,A,A,H,-,A,A,0,,,,,Y,,A,01,0,1,0,0,0,0,0,0,0,"- ","- ",,,"SAN FRANCISCO","SAN FRANCISCO",-122.43970489501953,37.730728149414062
9348915,2022,2022-06-16,3801,2022-05-01,2100,1950,RICHM,7,5,7,3801,0,0,0,,0,4CAR,"GEARY BL","30TH AV",0.00,,Y,A,-,N,,,,,,,,,,Y,4,0,1,2,A,-,09,21801,,N,D,C,A,A,H,-,C,A,0,,,,,Y,,A,01,0,0,1,0,0,0,0,0,0,"- ","- ",,,"SAN FRANCISCO","SAN FRANCISCO",-122.49007415771484,37.779911041259766
9348919,2022,2022-06-16,3801,2022-05-01,2216,1160,SOUTH,7,5,7,3801,0,0,0,,0,0B4,"9TH ST","BRYANT ST",26.00,N,N,A,-,N,,,,,,,,,,N,3,0,1,2,A,-,05,21650,1,N,D,G,A,A,H,-,C,A,0,,Y,,,Y,,L,04,0,1,0,0,0,0,1,0,0,"- ","- ",,,"SAN FRANCISCO","SAN FRANCISCO",-122.40859222412109,37.771339416503906
9348925,2022,2022-06-16,3801,2022-05-19,0326,359,TARAV,4,5,7,3801,0,0,0,,0,3I13E,"TARAVAL ST","34TH AV",0.00,,Y,A,-,N,,,,,,,,,,Y,4,0,1,2,A,-,08,22107,,F,D,C,A,A,H,-,C,A,0,,,,,Y,,A,01,0,0,1,0,0,0,0,0,0,"- ","- ",,,"SAN FRANCISCO","SAN FRANCISCO",-122.49179077148438,37.742336273193359
9348926,2022,2022-10-31,3801,2022-05-16,1858,2241,NORTH,1,5,7,3801,0,0,0,,0,0E5,"FRANKLIN ST","GREENWICH ST",0.00,,Y,A,-,N,,,,,,,,,,N,4,0,2,2,D,-,00,,,N,D,-,A,A,H,-,A,A,0,,,,,Y,,-,"- ",0,0,2,0,0,0,0,0,0,"- ","- ",,,"SAN FRANCISCO","SAN FRANCISCO",-122.42599487304688,37.800205230712891
9348930,2022,2022-07-20,3801,2022-05-20,0319,1688,BAYVI,5,5,7,3801,0,0,0,,0,3C15E,"CAMBRIDGE ST","SWEENY ST",42.00,N,N,A,-,N,,,,,,,,,,N,4,0,1,1,A,I,"- ",,,N,H,J,A,A,H,-,C,D,0,,Y,,,Y,,L,04,0,0,1,0,0,0,1,0,0,"- ","- ",,,"SAN FRANCISCO","SAN FRANCISCO",-122.41935729980469,37.730533599853516
9348931,2022,2022-10-31,3801,2022-05-17,1748,2080,CENTR,2,5,7,3801,0,0,0,,0,3A15D,"BATTERY ST","MARKET ST",0.00,,Y,A,-,N,,,,,,,,,,N,4,0,1,2,A,-,08,22107,,N,-,B,B,A,H,-,A,A,0,Y,,Y,,Y,,C,03,0,0,1,0,0,0,0,0,1,"- ","- ",,,"SAN FRANCISCO","SAN FRANCISCO",-122.39951324462891,37.790767669677734
9348956,2022,2022-06-15,3801,2022-05-12,2300,1480,MISSI,4,5,7,3801,0,0,0,,0,3D15E,"41ST AV","IRVING ST",0.00,,Y,F,-,N,,,,,,,,,,N,4,0,1,2,A,-,12,22450,A,N,D,C,A,-,G,H,C,D,0,,,,,Y,,A,01,0,0,1,0,0,0,0,0,0,"- ","- ",,,"SAN FRANCISCO","SAN FRANCISCO",-122.50069427490234,37.762523651123047
9348959,2022,2022-06-15,3801,2022-05-24,1729,4277,BAYVI,2,5,7,3801,0,0,0,,0,3C13D,"PALOU AV","LANE ST",0.00,,Y,A,-,N,,,,,,,,,,N,4,0,1,2,A,-,12,22450,A,N,B,C,A,A,H,-,A,A,0,,,,,Y,,A,01,0,0,1,0,0,0,0,0,0,"- ","- ",,,"SAN FRANCISCO","SAN FRANCISCO",-122.38903045654297,37.732933044433594
9379931,2022,2022-02-17,3801,2022-01-19,1446,1052,RICHM,3,5,7,3801,0,0,0,,0,3G11A,"CLEMENT ST","16TH AV",14.00,E,N,A,-,N,,,,,,,,,,Y,4,0,2,2,A,-,12,22450,A,F,D,C,A,A,H,-,A,D,0,,,,,Y,,A,01,0,0,2,0,0,0,0,0,0,"- ","- ",,,"SAN FRANCISCO","SAN FRANCISCO",-122.47518920898438,37.782444000244141
9396401,2022,2022-06-15,3801,2022-05-24,1810,1194,SOUTH,2,5,7,3801,0,0,0,,0,0B5,"TERRY A FRANCOIS BL","CHINA BASIN ST",0.00,,Y,A,-,N,,,,,,,,,,N,4,0,1,2,A,-,09,21801,A,N,D,C,A,A,H,-,A,A,0,,,,,Y,,A,07,0,0,1,0,0,0,0,0,0,"- ","- ",,,"SAN FRANCISCO","SAN FRANCISCO",-122.38697052001953,37.772182464599609
9396440,2022,2022-06-15,3801,2022-05-21,2300,1503,S,6,5,7,3801,0,0,0,,0,3B12E,"2ND ST","HARRISON ST",0.00,,Y,A,-,N,,,,,,,,,,N,3,0,1,2,A,-,12,21453,A,N,D,J,A,A,H,-,C,A,0,,,,,Y,,-,,0,1,0,0,0,0,0,0,0,"- ","- ",,,"SAN FRANCISCO","SAN FRANCISCO",-122.39517974853516,37.784332275390625
9396448,2022,2022-06-16,3801,2022-05-21,1055,2495,BAYVI,6,5,7,3801,0,0,0,,0,3C13A,"CASHMERE ST","HUDSON AV",240.00,S,N,A,-,N,,,,,,,,,,N,4,0,1,2,A,-,03,22350,,F,C,C,A,A,H,-,A,D,0,,,,,Y,,A,01,0,0,1,0,0,0,0,0,0,"- ","- ",,,"SAN FRANCISCO","SAN FRANCISCO",-122.38423919677734,37.73590087890625
9396460,2022,2022-06-16,3801,2022-05-24,0425,1350,BAYVI,2,5,7,3801,0,0,0,,0,3C12E,"PALOU AV","RANKIN ST",25.00,W,N,A,-,N,,,,,,,,,,Y,2,0,1,1,A,-,03,22350,,N,E,I,A,A,H,-,C,A,0,,,Y,,Y,,C,02,1,0,0,0,0,0,0,0,1,"- ","- ",,,"SAN FRANCISCO","SAN FRANCISCO",-122.39845275878906,37.738258361816406
9396476,2022,2022-06-15,3801,2022-05-27,1315,2262,TARAV,5,5,7,3801,0,0,0,,0,3I15A,"GONZALEZ DR","CARDENAS AV",75.00,S,N,A,-,N,,,,,,,,,,N,4,0,1,2,A,-,03,22350,,N,D,E,A,A,H,-,A,D,0,,,Y,,Y,,C,02,0,0,1,0,0,0,0,0,1,"- ","- ",,,"SAN FRANCISCO","SAN FRANCISCO",-122.47548675537109,37.718784332275391
9400424,2022,2022-02-18,3801,2022-01-21,2242,1402,SOUTH,5,5,7,3801,0,0,0,,0,3B12E,"BRANNAN ST","BRANNAN ST 518",0.00,,-,A,-,N,,,,,,,,,,N,4,0,1,2,A,-,08,22102,,N,D,-,A,A,H,-,C,D,0,,,,,Y,,A,01,0,0,1,0,0,0,0,0,0,"- ","- ",,,"SAN FRANCISCO","SAN FRANCISCO",,
9400426,2022,2022-03-14,3801,2022-01-10,1010,1003,INGLE,1,5,7,3801,0,0,0,,0,INGSD4,"MONTEREY BL","CONGO ST",0.00,,Y,A,-,N,,,,,,,,,,Y,4,0,2,2,-,-,"- ",,,N,D,C,A,A,-,-,A,A,0,,,,,Y,,-,"- ",0,0,2,0,0,0,0,0,0,"- ","- ",,,"SAN FRANCISCO","SAN FRANCISCO",-122.44203186035156,37.731590270996094
9400428,2022,2022-02-23,3801,2022-01-20,1125,1418,TARAV,4,5,7,3801,0,0,0,,0,0I5,"RT 1","CRESPI DR",102.00,S,N,A,-,Y,SF,4,1,-,-,0.860,H,-,N,Y,4,0,1,2,A,-,04,21703,,N,C,C,A,A,H,-,A,A,0,,,,,Y,,A,08,0,0,1,0,0,0,0,0,0,"- ","- ",,,"SAN FRANCISCO","SAN FRANCISCO",-122.47508239746094,37.720024108886719
9400641,2022,2022-02-22,3801,2022-01-25,0637,101,INGLE,2,5,7,3801,0,0,0,,0,3H15A,"GENEVA AV","ATHENS AV",0.00,,Y,A,-,N,,,,,,,,,,N,4,0,1,2,A,-,09,21804,A,N,D,C,A,A,H,-,C,A,0,,,,,Y,,-,,0,0,1,0,0,0,0,0,0,"- ","- ",,,"SAN FRANCISCO","SAN FRANCISCO",-122.43453979492188,37.713474273681641
9400642,2022,2022-02-22,3801,2022-01-26,1400,1355,TARAV,3,5,7,3801,0,0,0,,0,3116B,"SKYLINE BL","LAKE MERCED BL",49.00,N,N,A,-,N,,,,,,,,,,N,4,0,1,2,A,-,08,22107,,N,D,G,A,A,-,-,A,D,0,,Y,,,Y,,A,01,0,0,1,0,0,0,1,0,0,"- ","- ",,,"SAN FRANCISCO","SAN FRANCISCO",-122.49884033203125,37.731639862060547
9400643,2022,2022-02-22,3801,2022-01-25,1720,1368,CENTR,2,5,7,3801,0,0,0,,0,3A14D,"COLUMBUS AV","FILBERT ST",0.00,,Y,A,-,N,,,,,,,,,,N,4,0,1,1,A,-,03,22350,,N,F,A,A,A,H,-,C,A,0,,,Y,,Y,,C,03,0,0,1,0,0,0,0,0,1,"- ","- ",,,"SAN FRANCISCO","SAN FRANCISCO",-122.41136169433594,37.801116943359375
9400658,2022,2022-02-22,3801,2022-01-19,2011,2102,BAYVI,3,5,7,3801,0,0,0,,0,3C30,"SAN BRUNO AV","SILVER AV",0.00,,Y,A,-,N,,,,,,,,,,N,4,0,1,2,A,-,10,21950,A,N,G,B,F,A,H,-,C,D,0,Y,,,,Y,,A,01,0,0,1,0,1,0,0,0,0,"- ","- ",,,"SAN FRANCISCO","SAN FRANCISCO",-122.40561676025391,37.732444763183594
9400685,2022,2022-02-15,3801,2022-01-17,1753,1750,NORTH,1,5,7,3801,0,0,0,,0,0E3,"GEARY ST","GOUGH ST",12.00,W,N,A,-,N,,,,,,,,,,N,4,0,1,2,A,-,10,21950,A,F,G,B,B,A,H,-,C,A,0,Y,,,,Y,,-,"- ",0,0,1,0,1,0,0,0,0,"- ","- ",,,"SAN FRANCISCO","SAN FRANCISCO",-122.42472839355469,37.785411834716797
9403536,2022,2022-03-15,3801,2022-01-12,1200,2025,INGLE,3,5,7,3801,0,0,0,,0,3H16C,"SUNNYDALE AV","HAHN ST",0.00,,Y,A,-,N,,,,,,,,,,N,2,0,1,2,A,-,10,21950,A,N,G,B,B,A,H,-,A,D,0,Y,,,,Y,,I,09,1,0,0,0,1,0,0,0,0,"- ","- ",,,"SAN FRANCISCO","SAN FRANCISCO",-122.41603088378906,37.711925506591797
9403600,2022,2022-04-19,3801,2022-01-06,1949,643,TARAV,4,5,7,3801,0,0,0,,0,3II3D,"PORTOLA DR","ST FRANCIS BL",0.00,,Y,C,-,N,,,,,,,,,,Y,3,0,1,1,A,-,03,22350,,N,E,I,A,B,H,-,C,D,0,,,,,Y,,A,01,0,1,0,0,0,0,0,0,0,"- ","- ",,,"SAN FRANCISCO","SAN FRANCISCO",-122.47153472900391,37.734760284423828
9403613,2022,2022-03-17,3801,2022-02-15,0715,2339,PARK,2,5,7,3801,0,0,0,,0,3F13A,"GOUGH ST","FULTON ST",0.00,,Y,A,-,N,,,,,,,,,,Y,4,0,1,2,A,-,07,21658,A,N,E,I,A,A,H,-,A,A,0,,,,,Y,,D,22,0,0,1,0,0,0,0,0,0,"- ","- ",,,"SAN FRANCISCO","SAN FRANCISCO",-122.42334747314453,37.778751373291016
9403621,2022,2022-03-18,3801,2022-02-11,1900,215,BAYVI,5,5,7,3801,0,0,0,,0,3C61,"BOWDOIN ST","WOOSLEY ST",72.00,S,N,A,-,N,,,,,,,,,,N,3,0,1,2,A,-,09,21804,A,F,D,B,E,A,H,-,C,D,0,Y,,,Y,Y,,F,26,0,1,0,0,1,0,0,0,0,"- ","- ",,,"SAN FRANCISCO","SAN FRANCISCO",-122.40946197509766,37.723243713378906
9403627,2022,2022-03-18,3801,2022-02-20,1900,207,CENTR,7,5,7,3801,0,0,0,,0,3A46,"POWELL ST","SACRAMENTO ST",0.00,,Y,A,-,N,,,,,,,,,,N,3,0,1,2,A,-,10,21950,A,N,G,B,B,A,H,-,C,A,0,Y,,,,Y,,D,22,0,1,0,0,1,0,0,0,0,"- ","- ",,,"SAN FRANCISCO","SAN FRANCISCO",-122.40936279296875,37.792987823486328
9403762,2022,2022-03-21,3801,2022-02-19,0318,A23187,CENTR,6,5,7,3801,0,0,0,,0,3A11E,"POST ST","LEAVENWORTH ST",0.00,,Y,A,-,N,,,,,,,,,,N,2,0,1,2,A,-,08,22107,,N,B,C,A,A,H,-,C,A,0,,,,,Y,,A,01,1,0,0,0,0,0,0,0,0,"- ","- ",,,"SAN FRANCISCO","SAN FRANCISCO",-122.41499328613281,37.787452697753906
9403935,2022,2022-03-18,3801,2022-02-17,2052,4043,CENTR,4,5,7,3801,0,0,0,,0,3A12E,"SUTTER ST","LEAVENWORTH ST",0.00,,Y,A,-,N,,,,,,,,,,N,4,0,1,2,A,-,10,21950,A,N,G,B,B,A,H,-,C,A,0,Y,,,,Y,,A,01,0,0,1,0,1,0,0,0,0,"- ","- ",,,"SAN FRANCISCO","SAN FRANCISCO",-122.41517639160156,37.788379669189453
9403937,2022,2022-04-18,3801,2022-02-19,0314,740,MISSI,6,5,7,3801,0,0,0,,0,0D3,"GUERRERO ST","20TH ST",0.00,,Y,A,-,N,,,,,,,,,,Y,4,0,2,3,A,-,09,21801,A,N,A,C,A,A,H,-,C,A,0,,,,,Y,,A,01,0,0,2,0,0,0,0,0,0,"- ","- ",,,"SAN FRANCISCO","SAN FRANCISCO",-122.42346954345703,37.758358001708984
9403939,2022,2022-03-18,3801,2022-02-07,1735,2321,TENDE,1,5,7,3801,0,0,0,,0,3J96C,"EDDY ST","LEAVENWORTH ST",15.00,W,N,A,-,N,,,,,,,,,,N,3,0,1,2,A,-,03,22350,,F,C,C,A,A,H,-,B,A,0,,,,,Y,Y,M,94,0,1,0,0,0,0,0,0,0,"- ","- ",,,"SAN FRANCISCO","SAN FRANCISCO",-122.41429138183594,37.783721923828125
9404956,2022,2022-03-11,3801,2022-01-05,0115,1301,TENDE,3,5,7,3801,0,0,0,,0,3J12E,"6TH ST","STEVENSON ST",0.00,,Y,A,-,N,,,,,,,,,,Y,4,0,1,2,A,-,09,21800,A,F,B,C,A,A,H,-,C,D,0,,,,,Y,,A,07,0,0,1,0,0,0,0,0,0,"- ","- ",,,"SAN FRANCISCO","SAN FRANCISCO",-122.40966796875,37.781764984130859
9405007,2022,2022-03-08,3801,2022-01-06,2248,740,MISSI,4,5,7,3801,0,0,0,,0,0D4,"S VAN NESS AV","26TH ST",135.00,S,N,C,-,N,,,,,,,,,,N,4,0,1,2,A,-,03,22350,,F,C,C,A,B,H,-,C,D,0,,,,,Y,,A,01,0,0,1,0,0,0,0,0,0,"- ","- ",,,"SAN FRANCISCO","SAN FRANCISCO",-122.41596984863281,37.748798370361328
9405041,2022,2022-02-22,3801,2022-01-06,0700,1477,MISSI,4,5,7,3801,0,0,0,,0,3D14A,"POTRERO AV","24TH ST",0.00,,Y,A,-,N,,,,,,,,,,N,4,0,1,2,A,-,10,21950,A,N,G,B,B,A,H,-,B,A,0,Y,,,,Y,,A,01,0,0,1,0,1,0,0,0,0,"- ","- ",,,"SAN FRANCISCO","SAN FRANCISCO",-122.40631866455078,37.752994537353516
9405075,2022,2022-02-14,3801,2022-01-16,1134,2237,SOUTH,7,5,7,3801,0,0,0,,0,00B,"7TH ST","HARRISON ST",0.00,,Y,A,-,N,,,,,,,,,,Y,4,0,1,2,A,-,12,21453,A,N,D,C,A,A,H,-,A,A,0,,,,,Y,,A,01,0,0,1,0,0,0,0,0,0,"- ","- ",,,"SAN FRANCISCO","SAN FRANCISCO",-122.40628051757812,37.775539398193359
9405760,2022,2022-02-22,3801,2022-01-09,1820,4314,RICHM,7,5,7,3801,0,0,0,,0,0G3,"PARK PRESIDIO BL","CLEMENT ST",5.00,S,N,A,-,N,,,,,,,,,,N,4,0,1,2,A,-,10,21950,A,N,G,B,B,A,H,-,C,A,0,Y,,,,Y,,A,01,0,0,1,0,1,0,0,0,0,"- ","- ",,,"SAN FRANCISCO","SAN FRANCISCO",-122.47246551513672,37.782566070556641