CASE_ID,ACCIDENT_YEAR,PROC_DATE,JURIS,COLLISION_DATE,COLLISION_TIME,OFFICER_ID,REPORTING_DISTRICT,DAY_OF_WEEK,CHP_SHIFT,POPULATION,CNTY_CITY_LOC,SPECIAL_COND,BEAT_TYPE,CHP_BEAT_TYPE,CITY_DIVISION_LAPD,CHP_BEAT_CLASS,BEAT_NUMBER,PRIMARY_RD,SECONDARY_RD,DISTANCE,DIRECTION,INTERSECTION,WEATHER_1,WEATHER_2,STATE_HWY_IND,CALTRANS_COUNTY,CALTRANS_DISTRICT,STATE_ROUTE,ROUTE_SUFFIX,POSTMILE_PREFIX,POSTMILE,LOCATION_TYPE,RAMP_INTERSECTION,SIDE_OF_HWY,TOW_AWAY,COLLISION_SEVERITY,NUMBER_KILLED,NUMBER_INJURED,PARTY_COUNT,PRIMARY_COLL_FACTOR,PCF_CODE_OF_VIOL,PCF_VIOL_CATEGORY,PCF_VIOLATION,PCF_VIOL_SUBSECTION,HIT_AND_RUN,TYPE_OF_COLLISION,MVIW,PED_ACTION,ROAD_SURFACE,ROAD_COND_1,ROAD_COND_2,LIGHTING,CONTROL_DEVICE,CHP_ROAD_TYPE,PEDESTRIAN_ACCIDENT,BICYCLE_ACCIDENT,MOTORCYCLE_ACCIDENT,TRUCK_ACCIDENT,NOT_PRIVATE_PROPERTY,ALCOHOL_INVOLVED,STWD_VEHTYPE_AT_FAULT,CHP_VEHTYPE_AT_FAULT,COUNT_SEVERE_INJ,COUNT_VISIBLE_INJ,COUNT_COMPLAINT_PAIN,COUNT_PED_KILLED,COUNT_PED_INJURED,COUNT_BICYCLIST_KILLED,COUNT_BICYCLIST_INJURED,COUNT_MC_KILLED,COUNT_MC_INJURED,PRIMARY_RAMP,SECONDARY_RAMP,LATITUDE,LONGITUDE,COUNTY,CITY,POINT_X,POINT_Y
9406526,2022,2022-02-16,3801,2022-01-13,1710,2443,BAYVI,4,5,7,3801,0,0,0,,0,3C15D,"BAY SHORE BL","COSTA ST",570.00,N,N,A,-,N,,,,,,,,,,Y,4,0,2,3,A,-,08,22107,,F,C,C,A,A,H,-,A,A,0,,,,,Y,,D,22,0,0,2,0,0,0,0,0,0,"- ","- ",,,"SAN FRANCISCO","SAN FRANCISCO",-122.40427398681641,37.745800018310547
9410011,2022,2022-03-16,3801,2022-02-05,0945,724,INGLE,6,5,7,3801,0,0,0,,0,3H11A,"CHURCH ST","28TH ST",0.00,,Y,A,-,N,,,,,,,,,,N,4,0,1,2,A,-,09,21801,A,N,A,C,A,A,H,-,A,D,0,,,,,Y,Y,A,01,0,0,1,0,0,0,0,0,0,"- ","- ",,,"SAN FRANCISCO","SAN FRANCISCO",-122.42681884765625,37.745307922363281
9410018,2022,2022-03-17,3801,2022-02-05,1531,2215,NORTH,6,5,7,3801,0,0,0,,0,3E13D,"FRANKLIN ST","EDDY ST",6.00,N,N,A,-,N,,,,,,,,,,N,4,0,1,2,A,-,21,22106,,N,G,B,B,A,H,-,A,A,0,Y,,,,Y,,A,01,0,0,1,0,1,0,0,0,0,"- ","- ",,,"SAN FRANCISCO","SAN FRANCISCO",-122.42243957519531,37.782688140869141
9410020,2022,2022-03-17,3801,2022-02-04,1406,2481,SOUTH,5,5,7,3801,0,0,0,,0,004,"FOLSOM ST","13TH ST",0.00,,-,A,-,N,,,,,,,,,,N,2,0,1,2,A,-,08,22107,,N,A,C,A,A,H,-,A,A,0,,,Y,,Y,,A,01,1,0,0,0,0,0,0,0,1,"- ","- ",,,"SAN FRANCISCO","SAN FRANCISCO",-122.41558837890625,37.769515991210938
9410021,2022,2022-03-15,3801,2022-02-06,0157,2124,INGLE,7,5,7,3801,0,0,0,,0,3H15E,"MISSION ST","PRECITA ST",0.00,,-,A,-,N,,,,,,,,,,N,3,0,1,2,A,-,11,21955,,N,G,B,D,A,H,-,C,D,0,Y,,,,Y,Y,N,60,0,1,0,0,1,0,0,0,0,"- ","- ",,,"SAN FRANCISCO","SAN FRANCISCO",-122.41912078857422,37.746757507324219
9410027,2022,2022-05-10,3801,2022-02-09,1905,1307,MISSI,3,5,7,3801,0,0,0,,0,3D11D,"VALENCIA ST","18TH ST",192.00,S,N,A,-,N,,,,,,,,,,N,4,0,1,2,A,-,11,21950,B,N,G,B,E,A,H,-,C,D,0,Y,,,,Y,,N,60,0,0,1,0,1,0,0,0,0,"- ","- ",,,"SAN FRANCISCO","SAN FRANCISCO",-122.4215087890625,37.761184692382812
9410040,2022,2022-05-10,3801,2022-02-08,2047,1414,MISSI,2,5,7,3801,0,0,0,,0,3D11E,"DOLORES ST","16TH ST",0.00,,Y,A,-,N,,,,,,,,,,Y,4,0,2,2,A,-,09,21801,A,N,D,C,A,A,H,-,C,A,0,,,,,Y,,A,01,0,0,2,0,0,0,0,0,0,"- ","- ",,,"SAN FRANCISCO","SAN FRANCISCO",-122.42644500732422,37.764640808105469
9410055,2022,2022-03-17,3801,2022-02-03,0805,826,BAYVI,4,5,7,3801,0,0,0,,0,,"3RD ST","CESAR CHAVEZ ST",0.00,,Y,A,-,N,,,,,,,,,,Y,4,0,2,2,A,-,03,22350,,N,D,C,A,A,H,-,A,A,0,,,,,Y,,A,01,0,0,2,0,0,0,0,0,0,"- ","- ",,,"SAN FRANCISCO","SAN FRANCISCO",-122.38768768310547,37.750228881835938
9410089,2022,2022-03-14,3801,2022-01-25,1614,2215,NORTH,2,5,7,3801,0,0,0,,0,3E12D,"LOMBARD ST","SCOTT ST",60.00,W,N,A,-,N,,,,,,,,,,N,3,0,1,1,A,-,04,21703,,N,F,A,A,A,H,-,A,A,0,,,Y,,Y,,C,02,0,1,0,0,0,0,0,0,1,"- ","- ",,,"SAN FRANCISCO","SAN FRANCISCO",-122.44120788574219,37.799186706542969
9410527,2022,2022-03-02,3801,2022-01-13,1205,4095,RICHM,4,5,7,3801,0,0,0,,0,001,"GREAT HWY","LINCOLN WY",1282.00,N,N,A,-,N,,,,,,,,,,Y,4,0,1,1,A,-,03,22350,,N,F,I,A,A,H,-,A,D,0,,,,,Y,,A,07,0,0,1,0,0,0,0,0,0,"- ","- ",,,"SAN FRANCISCO","SAN FRANCISCO",-122.510498046875,37.767555236816406
9410528,2022,2022-02-17,3801,2022-01-11,0822,2263,TARAV,2,5,7,3801,0,0,0,,0,3I13A,"37TH AV",ULLOA,0.00,,Y,A,-,N,,,,,,,,,,Y,4,0,1,2,A,-,09,21802,A,N,D,C,A,A,H,-,A,A,0,,,,,Y,,A,01,0,0,1,0,0,0,0,0,0,"- ","- ",,,"SAN FRANCISCO","SAN FRANCISCO",-122.49485015869141,37.740337371826172
9414381,2022,2022-03-25,3801,2022-01-29,1440,2707,TARAV,6,5,7,3801,0,0,0,,0,"6 CAR","SKYLINE BL","GREAT HWY",0.00,,Y,A,-,Y,SF,4,35,-,-,1.260,I,5,S,N,4,0,1,2,A,-,09,21801,A,N,D,G,A,A,H,-,A,D,0,,Y,,,Y,,L,04,0,0,1,0,0,0,1,0,0,"- ","- ",,,"SAN FRANCISCO","SAN FRANCISCO",-122.50310516357422,37.725189208984375
9416980,2022,2022-05-10,3801,2022-02-05,0941,728,TARAV,6,5,7,3801,0,0,0,,0,3I13A,"24TH AV","24TH AV 2610",0.00,,-,A,-,N,,,,,,,,,,N,3,0,2,2,A,-,21,22106,,N,C,G,A,A,H,-,A,D,0,,Y,,,Y,,A,01,0,2,0,0,0,0,2,0,0,"- ","- ",,,"SAN FRANCISCO","SAN FRANCISCO",,
9418017,2022,2022-03-15,3801,2022-01-02,1915,4187,NORTH,7,5,7,3801,0,0,0,,0,3E15D,"RICHARDSON AV","FRANCISCO ST",0.00,,Y,A,-,N,,,,,,,,,,N,4,0,1,2,A,-,08,22107,,F,B,C,A,A,H,-,C,A,0,,,,,Y,,A,01,0,0,1,0,0,0,0,0,0,"- ","- ",,,"SAN FRANCISCO","SAN FRANCISCO",-122.44715881347656,37.800388336181641
9418021,2022,2022-03-11,3801,2022-02-16,0845,555,MISSI,3,5,7,3801,0,0,0,,0,3D11A,"DUBOCE AV","GUERRERO ST",0.00,,Y,A,-,N,,,,,,,,,,Y,4,0,1,2,A,-,09,21801,A,N,A,C,A,A,H,-,A,A,0,,,Y,,Y,,A,01,0,0,1,0,0,0,0,0,1,"- ","- ",,,"SAN FRANCISCO","SAN FRANCISCO",-122.42459106445312,37.769741058349609
9418070,2022,2022-03-17,3801,2022-02-16,1630,2745,MISSI,3,5,7,3801,0,0,0,,0,3D13D,"FOLSOM ST","21ST ST",0.00,,Y,A,-,N,,,,,,,,,,N,4,0,1,2,A,-,09,21801,A,F,D,C,A,A,H,-,A,A,0,,,,,Y,,A,01,0,0,1,0,0,0,0,0,0,"- ","- ",,,"SAN FRANCISCO","SAN FRANCISCO",-122.41452026367188,37.757305145263672
9421314,2022,2022-03-25,3801,2022-02-02,1446,2493,PARK,3,5,7,3801,0,0,0,,0,3F13C,"STANYAN ST","HAYES ST",135.00,N,N,A,-,N,,,,,,,,,,N,2,0,1,2,A,-,03,22350,,N,C,C,A,A,-,-,A,A,0,,,Y,,Y,Y,C,02,1,0,0,0,0,0,0,0,1,"- ","- ",,,"SAN FRANCISCO","SAN FRANCISCO",-122.45436859130859,37.773235321044922
9425299,2022,2022-04-19,3801,2022-03-05,1445,986,TARAV,6,5,7,3801,0,0,0,,0,3I15B,"SLOAT BL","ZOO RD",0.00,,Y,A,-,N,,,,,,,,,,N,4,0,1,2,A,-,08,22107,,N,B,G,A,A,G,H,A,D,0,,Y,,,Y,,A,07,0,0,1,0,0,0,1,0,0,"- ","- ",,,"SAN FRANCISCO","SAN FRANCISCO",,
9427338,2022,2022-04-19,3801,2022-03-02,0609,156,BAYVI,3,5,7,3801,0,0,0,,0,3C60,"3RD ST","KIRKWOOD AV",0.00,,Y,A,-,N,,,,,,,,,,Y,2,0,1,1,A,-,07,21658,A,N,-,I,A,A,H,-,B,D,0,,,,,Y,,A,01,1,0,0,0,0,0,0,0,0,"- ","- ",,,"SAN FRANCISCO","SAN FRANCISCO",-122.38967895507812,37.737998962402344
9427357,2022,2022-04-20,3801,2022-02-26,0142,821,SOUTH,6,5,7,3801,0,0,0,,0,3B14E,"MARKET ST","GOUGH ST",0.00,,Y,A,-,N,,,,,,,,,,N,4,0,1,2,A,-,12,21453,A,N,D,C,A,A,H,-,C,A,0,,,,,Y,Y,A,07,0,0,1,0,0,0,0,0,0,"- ","- ",,,"SAN FRANCISCO","SAN FRANCISCO",-122.42221069335938,37.772872924804688
9427358,2022,2022-04-20,3801,2022-03-01,2100,2175,BAYVI,2,5,7,3801,0,0,0,,0,3C13E,"BAY SHORE BL","SAN BRUNO AV",0.00,,Y,A,-,N,,,,,,,,,,N,4,0,1,2,A,-,03,22350,,N,C,C,A,A,H,-,C,A,0,,,,,Y,,A,07,0,0,1,0,0,0,0,0,0,"- ","- ",,,"SAN FRANCISCO","SAN FRANCISCO",-122.40318298339844,37.711971282958984
9427365,2022,2022-06-23,3801,2022-02-15,1414,328,CENTR,2,5,7,3801,0,0,0,,0,3A44C,"COLUMBUS AV","PACIFIC AV",14.00,N,N,A,-,N,,,,,,,,,,Y,4,0,3,3,A,-,03,22350,,N,C,C,A,A,H,-,A,A,0,,,,,Y,,A,01,0,0,3,0,0,0,0,0,0,"- ","- ",,,"SAN FRANCISCO","SAN FRANCISCO",-122.40542602539062,37.797084808349609
9427369,2022,2022-04-18,3801,2022-02-05,1340,2157,RICHM,6,5,7,3801,0,0,0,,0,002,"GEARY BL","PARKER AV",50.00,W,N,A,-,N,,,,,,,,,,N,4,0,1,2,A,-,07,21658,A,N,B,C,A,A,H,-,A,A,0,,,,,Y,,A,01,0,0,1,0,0,0,0,0,0,"- ","- ",,,"SAN FRANCISCO","SAN FRANCISCO",-122.45433044433594,37.781639099121094
9427940,2022,2022-04-13,3801,2022-02-27,0813,2402,TARAV,7,5,7,3801,0,0,0,,0,3I16A,"BROTHERHOOD AV","ARCH ST",0.00,,Y,A,-,N,,,,,,,,,,Y,4,0,1,2,A,-,12,21453,A,N,D,I,A,A,H,-,A,A,0,,,Y,,Y,,C,06,0,0,1,0,0,0,0,0,0,"- ","- ",,,"SAN FRANCISCO","SAN FRANCISCO",-122.46707916259766,37.712368011474609
9429815,2022,2022-04-26,3801,2022-03-16,1710,1184,INGLE,3,5,7,3801,0,0,0,,0,3H14D,"OSHAUGHNESSY BL","OSHAUGHNESSY BL 990",0.00,,N,A,-,N,,,,,,,,,,,3,0,2,4,A,-,04,21703,,N,C,-,A,A,H,-,A,D,0,,,,,Y,,D,22,0,2,0,0,0,0,0,0,0,"- ","- ",,,"SAN FRANCISCO","SAN FRANCISCO",,
9431371,2022,2022-06-23,3801,2022-02-28,1219,1297,PARK,1,5,7,3801,0,0,0,,0,3F13A,"MASONIC AV","EWING TER",0.00,,Y,A,-,N,,,,,,,,,,N,4,0,1,2,A,-,04,21703,,N,C,C,A,A,H,-,A,A,0,,,,Y,Y,,F,21,0,0,1,0,0,0,0,0,0,"- ","- ",,,"SAN FRANCISCO","SAN FRANCISCO",-122.44735717773438,37.780147552490234
9431501,2022,2022-04-18,3801,2022-02-11,0041,1688,BAYVI,5,5,7,3801,0,0,0,,0,3C12E,"3RD ST","FAIRFAX AV",14.00,N,N,A,-,N,,,,,,,,,,N,2,0,1,2,A,-,06,21760,B,F,C,G,A,A,H,-,C,D,0,,Y,,,Y,,A,01,1,0,0,0,0,0,1,0,0,"- ","- ",,,"SAN FRANCISCO","SAN FRANCISCO",-122.38827514648438,37.742008209228516
9431567,2022,2022-04-15,3801,2022-03-04,0928,1605,NORTH,5,5,7,3801,0,0,0,,0,3E15A,"OCTAVIA ST","PAGE ST",0.00,,Y,A,-,N,,,,,,,,,,N,2,0,2,2,A,-,12,21453,A,N,D,G,A,B,-,-,A,A,0,,Y,,,Y,,L,04,1,1,0,0,0,0,2,0,0,"- ","- ",,,"SAN FRANCISCO","SAN FRANCISCO",-122.42411041259766,37.773883819580078
9431573,2022,2022-05-07,3801,2022-03-26,1842,A23187,CENTR,6,5,7,3801,0,0,0,,0,3A15E,"CALIFORNIA ST","BATTERY ST",0.00,,Y,A,-,N,,,,,,,,,,N,4,0,1,2,A,-,21,22106,,N,G,B,D,A,H,-,A,D,0,Y,,,,Y,,A,07,0,0,1,0,1,0,0,0,0,"- ","- ",,,"SAN FRANCISCO","SAN FRANCISCO",-122.39997863769531,37.793231964111328
9431595,2022,2022-04-18,3801,2022-03-02,1830,969,MISSI,3,5,7,3801,0,0,0,,0,,"DIAMOND ST","MARKET ST",0.00,,Y,A,-,N,,,,,,,,,,N,3,0,1,2,A,-,10,21950,A,N,G,B,B,A,H,-,D,A,0,Y,,,,Y,,A,01,0,1,0,0,1,0,0,0,0,"- ","- ",,,"SAN FRANCISCO","SAN FRANCISCO",-122.43730163574219,37.76190185546875
9431599,2022,2022-04-27,3801,2022-03-02,1528,539,MISSI,3,5,7,3801,0,0,0,,0,004,"CESAR CHAVEZ ST","MISSION ST",0.00,,Y,A,-,N,,,,,,,,,,Y,4,0,1,2,A,-,12,21453,A,N,-,C,A,A,H,-,A,A,0,,,,,Y,,A,01,0,0,1,0,0,0,0,0,0,"- ","- ",,,"SAN FRANCISCO","SAN FRANCISCO",-122.41819763183594,37.748222351074219
9434257,2022,2022-06-20,3801,2022-03-16,1234,1429,CENTR,3,5,7,3801,0,0,0,,0,,"POWELL ST","PACIFIC AV",52.00,N,N,A,-,N,,,,,,,,,,,3,0,1,2,A,-,"- ",,,F,A,B,F,A,H,-,A,A,0,Y,Y,,,Y,,L,04,0,1,0,0,1,0,0,0,0,"- ","- ",,,"SAN FRANCISCO","SAN FRANCISCO",-122.41008758544922,37.796649932861328
9434260,2022,2022-04-20,3801,2022-03-16,0705,1118,SOUTH,3,5,7,3801,0,0,0,,0,3B14A,"MISSION ST","LAFAYETTE ST",59.00,W,N,A,-,N,,,,,,,,,,N,3,0,1,2,A,-,11,21453,D,N,H,H,C,A,H,-,A,A,0,Y,,Y,,Y,,N,60,0,1,0,0,0,0,0,0,1,"- ","- ",,,"SAN FRANCISCO","SAN FRANCISCO",-122.41822814941406,37.773410797119141
9434286,2022,2022-04-19,3801,2022-03-21,1810,1420,INGLE,1,5,7,3801,0,0,0,,0,3H13D,"PUTNAM ST","TOMPKINS ST",228.00,N,N,A,-,N,,,,,,,,,,Y,4,0,1,2,A,-,05,21460,,F,A,C,A,A,-,-,A,D,0,,,,,Y,,A,01,0,0,1,0,0,0,0,0,0,"- ","- ",,,"SAN FRANCISCO","SAN FRANCISCO",-122.41094207763672,37.737583160400391
9434292,2022,2022-04-19,3801,2022-03-14,0823,1637,MISSI,1,5,7,3801,0,0,0,,0,3D15C,"15TH ST","DOLORES ST",30.00,W,N,A,-,N,,,,,,,,,,N,4,0,1,2,A,-,06,21750,A,M,B,G,A,-,H,-,A,A,0,,Y,,,Y,,-,,0,0,1,0,0,0,1,0,0,"- ","- ",,,"SAN FRANCISCO","SAN FRANCISCO",-122.42670440673828,37.766254425048828
9435245,2022,2022-04-28,3801,2022-03-13,1239,724,INGLE,7,5,7,3801,0,0,0,,0,3H13C,"MISSION ST","HIGHLAND AV",0.00,,Y,A,-,N,,,,,,,,,,N,2,0,1,2,A,-,12,21453,A,F,G,B,B,A,H,-,A,A,0,Y,,,,Y,Y,-,,1,0,0,0,1,0,0,0,0,"- ","- ",,,"SAN FRANCISCO","SAN FRANCISCO",-122.42404174804688,37.737358093261719
9437132,2022,2022-05-12,3801,2022-03-12,0206,2461,SOUTH,6,5,7,3801,0,0,0,,0,3B14E,"10TH ST","HARRISON ST",0.00,,Y,A,-,N,,,,,,,,,,Y,3,0,1,2,A,-,12,21453,A,F,D,C,A,A,H,-,C,A,0,,,,,Y,,A,01,0,1,0,0,0,0,0,0,0,"- ","- ",,,"SAN FRANCISCO","SAN FRANCISCO",-122.41124725341797,37.771595001220703
9437203,2022,2022-05-16,3801,2022-04-10,2036,1149,MISSI,7,5,7,3801,0,0,0,,0,005,"DUBOCE AV",WOODWARD,127.00,W,N,A,-,N,,,,,,,,,,Y,3,0,1,3,A,-,01,23153,A,N,D,E,A,A,H,-,C,A,0,,,,,Y,Y,A,01,0,1,0,0,0,0,0,0,0,"- ","- ",,,"SAN FRANCISCO","SAN FRANCISCO",-122.42135620117188,37.769908905029297
9437207,2022,2022-05-25,3801,2022-04-09,0234,1480,MISSI,6,5,7,3801,0,0,0,,0,3D15E,"21ST ST","MISSION ST",0.00,,Y,-,-,N,,,,,,,,,,N,3,0,1,2,A,-,09,21801,A,F,H,J,-,-,-,-,-,A,0,Y,,,,Y,,-,,0,1,0,0,1,0,0,0,0,"- ","- ",,,"SAN FRANCISCO","SAN FRANCISCO",-122.41891479492188,37.757015228271484
9437212,2022,2022-05-16,3801,2022-04-03,0136,2094,SOUTH,7,5,7,3801,0,0,0,,0,3B14E,"10TH ST","HARRISON ST",107.00,S,N,A,-,N,,,,,,,,,,Y,2,0,1,2,A,-,09,21804,A,N,B,G,A,A,H,-,C,A,0,,Y,,,Y,,L,04,1,0,0,0,0,0,1,0,0,"- ","- ",,,"SAN FRANCISCO","SAN FRANCISCO",-122.41099548339844,37.771389007568359
9437525,2022,2022-05-16,3801,2022-04-08,1652,2407,MISSI,5,5,7,3801,0,0,0,,0,3D13D,"20TH ST","CHURCH ST",194.00,E,N,A,-,N,,,,,,,,,,N,4,0,1,2,A,-,03,22350,,N,C,C,A,A,H,-,A,A,0,,,,,Y,,A,01,0,0,1,0,0,0,0,0,0,"- ","- ",,,"SAN FRANCISCO","SAN FRANCISCO",-122.42738342285156,37.758106231689453
9437529,2022,2022-05-16,3801,2022-04-21,1805,615,PARK,4,5,7,3801,0,0,0,,0,3F12D,"STANYAN ST","OAK ST",0.00,,Y,A,-,N,,,,,,,,,,Y,4,0,2,2,A,-,03,22350,,F,H,C,A,A,H,-,A,A,0,,,Y,,Y,,C,02,0,0,2,0,0,0,0,0,1,"- ","- ",,,"SAN FRANCISCO","SAN FRANCISCO",-122.45395660400391,37.771354675292969
9437533,2022,2022-05-13,3801,2022-04-23,2053,158,NORTH,6,5,7,3801,0,0,0,,0,3E15D,"LAGUNA ST","SUTTER ST",6.00,S,N,A,-,N,,,,,,,,,,N,4,0,1,2,A,-,10,21950,A,N,G,B,B,A,H,-,C,A,0,Y,,,,Y,,A,01,0,0,1,0,1,0,0,0,0,"- ","- ",,,"SAN FRANCISCO","SAN FRANCISCO",-122.42832946777344,37.786705017089844
9437546,2022,2022-06-03,3801,2022-04-22,1537,319,CENTR,5,5,7,3801,0,0,0,,0,3A15D,"NEW MONTGOMERY ST","JESSIE ST",0.00,,Y,A,-,N,,,,,,,,,,N,4,0,1,2,A,-,03,22350,A,F,B,G,A,A,H,-,A,A,0,,Y,,,Y,,A,01,0,0,1,0,0,0,1,0,0,"- ","- ",,,"SAN FRANCISCO","SAN FRANCISCO",-122.40099334716797,37.787868499755859
9437555,2022,2022-05-13,3801,2022-04-11,1530,2398,NORTH,1,5,7,3801,0,0,0,,0,02E,"GOUGH ST","FELL ST",0.00,,Y,A,-,N,,,,,,,,,,N,4,0,1,2,A,-,08,22107,,N,D,C,A,A,H,-,A,A,0,,,,,Y,,A,01,0,0,1,0,0,0,0,0,0,"- ","- ",,,"SAN FRANCISCO","SAN FRANCISCO",-122.42277526855469,37.775943756103516
9437562,2022,2022-05-17,3801,2022-04-06,0703,2202,INGLE,3,5,7,3801,0,0,0,,0,3H13A,"MISSION ST","SANTA ROSA AV",0.00,,Y,A,-,N,,,,,,,,,,N,3,0,1,2,A,-,10,21950,A,N,G,B,B,A,H,-,A,A,0,Y,,,,Y,,A,01,0,1,0,0,1,0,0,0,0,"- ","- ",,,"SAN FRANCISCO","SAN FRANCISCO",-122.43401336669922,37.725757598876953
9438255,2022,2022-05-23,3801,2022-04-07,1000,244,NORTH,4,5,7,3801,0,0,0,,0,3E14A,"CALIFORNIA ST","LAGUNA ST",0.00,,Y,A,-,N,,,,,,,,,,Y,4,0,1,2,D,-,00,,,N,D,C,A,A,H,-,A,A,0,,,,,Y,,-,"- ",0,0,1,0,0,0,0,0,0,"- ","- ",,,"SAN FRANCISCO","SAN FRANCISCO",-122.42888641357422,37.789531707763672
9441188,2022,2022-05-20,3801,2022-04-25,1543,2733,SOUTH,1,5,7,3801,0,0,0,,0,0B2,"04TH ST","HOWARD ST",0.00,,Y,A,-,N,,,,,,,,,,N,3,0,1,2,A,-,08,22101,D,N,C,G,A,A,H,-,A,A,0,,Y,Y,,Y,,L,04,0,1,0,0,0,0,1,0,0,"- ","- ",,,"SAN FRANCISCO","SAN FRANCISCO",,
9441316,2022,2022-05-19,3801,2022-04-05,0010,1078,NORTH,2,5,7,3801,0,0,0,,0,,"FRANKLIN ST","CHESTNUT ST",0.00,,Y,A,-,N,,,,,,,,,,Y,4,0,1,2,A,-,12,21453,A,F,D,C,A,A,H,-,C,A,0,,,,,Y,,A,01,0,0,1,0,0,0,0,0,0,"- ","- ",,,"SAN FRANCISCO","SAN FRANCISCO",-122.42637634277344,37.802070617675781
9441561,2022,2022-05-20,3801,2022-04-07,1533,1133,CENTR,4,5,7,3801,0,0,0,,0,02A,"OFARRELL ST","STOCKTON ST",0.00,,Y,A,-,N,,,,,,,,,,N,4,0,1,1,D,-,00,,,N,H,A,A,A,H,-,A,D,0,,,Y,,Y,,-,"- ",0,0,1,0,0,0,0,0,1,"- ","- ",,,"SAN FRANCISCO","SAN FRANCISCO",-122.40638732910156,37.786624908447266
9442100,2022,2022-05-13,3801,2022-04-02,1152,2167,NORTH,6,5,7,3801,0,0,0,,0,3E12C,"FILLMORE ST","GOLDEN GATE AV",0.00,,Y,A,-,N,,,,,,,,,,Y,4,0,1,2,A,-,09,21801,A,N,D,C,A,A,H,-,A,A,0,,,,,Y,,A,01,0,0,1,0,0,0,0,0,0,"- ","- ",,,"SAN FRANCISCO","SAN FRANCISCO",-122.43193817138672,37.779560089111328
9443829,2022,2022-05-20,3801,2022-04-06,1115,768,INGLE,3,5,7,3801,0,0,0,,0,3H12A,"CHURCH ST","VALLEY ST",0.00,,Y,A,-,N,,,,,,,,,,Y,4,0,1,2,A,-,09,21802,A,N,D,C,A,A,H,-,A,A,0,,,,Y,Y,,A,01,0,0,1,0,0,0,0,0,0,"- ","- ",,,"SAN FRANCISCO","SAN FRANCISCO",-122.42672729492188,37.7445068359375
9443975,2022,2022-05-13,3801,2022-04-08,1005,A22051,CENTR,5,5,7,3801,0,0,0,,0,3A14A,BROADWAY,"BATTERY ST",0.00,,Y,A,-,N,,,,,,,,,,N,4,0,1,2,A,-,10,21950,A,N,G,B,B,A,H,-,A,A,0,Y,,,,Y,,-,"- ",0,0,1,0,1,0,0,0,0,"- ","- ",,,"SAN FRANCISCO","SAN FRANCISCO",-122.40103912353516,37.798595428466797
9446808,2022,2022-06-09,3801,2022-04-28,1630,713,CENTR,4,5,7,3801,0,0,0,,0,3A14D,"THE EMBARCADERO",BROADWAY,339.00,S,N,A,-,N,,,,,,,,,,N,4,0,1,2,A,-,08,22107,,N,B,G,A,A,H,-,A,D,0,,Y,,,Y,,A,01,0,0,1,0,0,0,1,0,0,"- ","- ",,,"SAN FRANCISCO","SAN FRANCISCO",-122.39743804931641,37.798290252685547
9446815,2022,2022-06-08,3801,2022-04-30,1253,837,CENTR,6,5,7,3801,0,0,0,,0,3A3C,"MONTGOMERY ST","GREEN ST",16.00,W,N,A,-,N,,,,,,,,,,Y,3,0,1,1,A,-,08,22107,,N,E,I,A,A,H,-,A,D,0,,,,,Y,,A,01,0,1,0,0,0,0,0,0,0,"- ","- ",,,"SAN FRANCISCO","SAN FRANCISCO",-122.40425109863281,37.800151824951172
9446826,2022,2022-11-03,3801,2022-04-20,1655,1039,MISSI,3,5,7,3801,0,0,0,,0,003,"S VAN NESS AV","21ST ST",0.00,,Y,A,-,N,,,,,,,,,,Y,3,0,2,2,A,-,05,21460,A,N,D,C,A,A,H,-,A,A,0,,,,,Y,,A,01,0,1,1,0,0,0,0,0,0,"- ","- ",,,"SAN FRANCISCO","SAN FRANCISCO",-122.416748046875,37.757160186767578
9446877,2022,2022-06-15,3801,2022-05-12,1605,2469,BAYVI,4,5,7,3801,0,0,0,,0,3C15D,"CONNECTICUT ST","25TH ST",0.00,,Y,A,-,N,,,,,,,,,,Y,3,0,3,1,A,-,03,22350,,N,E,I,A,A,D,-,A,D,0,,,,,Y,,A,01,0,1,2,0,0,0,0,0,0,"- ","- ",,,"SAN FRANCISCO","SAN FRANCISCO",-122.39650726318359,37.7523193359375
9446882,2022,2022-05-19,3801,2022-04-19,2050,1582,,2,5,7,3801,0,0,0,,0,3A13D,"BAY ST","COLUMBUS AV",0.00,,Y,A,-,N,,,,,,,,,,N,3,0,1,2,A,-,12,21453,A,N,D,G,A,A,H,-,C,A,0,,Y,,,Y,,L,04,0,1,0,0,0,0,1,0,0,"- ","- ",,,"SAN FRANCISCO","SAN FRANCISCO",-122.41719818115234,37.805194854736328
9446887,2022,2022-05-19,3801,2022-04-08,2017,1173,RICHM,5,5,7,3801,0,0,0,,0,901,"BALBOA ST","17TH AV",0.00,,Y,A,-,N,,,,,,,,,,N,4,0,1,2,A,-,12,22450,A,N,D,G,A,A,H,-,C,A,0,,Y,,,Y,,L,04,0,0,1,0,0,0,1,0,0,"- ","- ",,,"SAN FRANCISCO","SAN FRANCISCO",-122.47591400146484,37.776691436767578
9446891,2022,2022-05-19,3801,2022-04-08,1054,2093,NORTH,5,5,7,3801,0,0,0,,0,3E14A,"LAGUNA ST","GOLDEN GATE AV",0.00,,Y,A,-,N,,,,,,,,,,N,3,0,1,1,A,-,03,22350,,N,H,A,A,A,H,-,A,A,0,,,Y,,Y,,C,03,0,1,0,0,0,0,0,0,1,"- ","- ",,,"SAN FRANCISCO","SAN FRANCISCO",-122.42701721191406,37.780200958251953