CASE_ID,ACCIDENT_YEAR,PROC_DATE,JURIS,COLLISION_DATE,COLLISION_TIME,OFFICER_ID,REPORTING_DISTRICT,DAY_OF_WEEK,CHP_SHIFT,POPULATION,CNTY_CITY_LOC,SPECIAL_COND,BEAT_TYPE,CHP_BEAT_TYPE,CITY_DIVISION_LAPD,CHP_BEAT_CLASS,BEAT_NUMBER,PRIMARY_RD,SECONDARY_RD,DISTANCE,DIRECTION,INTERSECTION,WEATHER_1,WEATHER_2,STATE_HWY_IND,CALTRANS_COUNTY,CALTRANS_DISTRICT,STATE_ROUTE,ROUTE_SUFFIX,POSTMILE_PREFIX,POSTMILE,LOCATION_TYPE,RAMP_INTERSECTION,SIDE_OF_HWY,TOW_AWAY,COLLISION_SEVERITY,NUMBER_KILLED,NUMBER_INJURED,PARTY_COUNT,PRIMARY_COLL_FACTOR,PCF_CODE_OF_VIOL,PCF_VIOL_CATEGORY,PCF_VIOLATION,PCF_VIOL_SUBSECTION,HIT_AND_RUN,TYPE_OF_COLLISION,MVIW,PED_ACTION,ROAD_SURFACE,ROAD_COND_1,ROAD_COND_2,LIGHTING,CONTROL_DEVICE,CHP_ROAD_TYPE,PEDESTRIAN_ACCIDENT,BICYCLE_ACCIDENT,MOTORCYCLE_ACCIDENT,TRUCK_ACCIDENT,NOT_PRIVATE_PROPERTY,ALCOHOL_INVOLVED,STWD_VEHTYPE_AT_FAULT,CHP_VEHTYPE_AT_FAULT,COUNT_SEVERE_INJ,COUNT_VISIBLE_INJ,COUNT_COMPLAINT_PAIN,COUNT_PED_KILLED,COUNT_PED_INJURED,COUNT_BICYCLIST_KILLED,COUNT_BICYCLIST_INJURED,COUNT_MC_KILLED,COUNT_MC_INJURED,PRIMARY_RAMP,SECONDARY_RAMP,LATITUDE,LONGITUDE,COUNTY,CITY,POINT_X,POINT_Y
9453144,2022,2022-06-17,3801,2022-05-10,1430,2743,SOUTH,2,5,7,3801,0,0,0,,0,3B3,"BRYANT ST","BOARDMAN PL",20.00,E,N,A,-,N,,,,,,,,,,N,3,0,1,2,A,-,11,21950,B,N,G,B,B,A,H,-,A,A,0,Y,,,,Y,,N,60,0,1,0,0,1,0,0,0,0,"- ","- ",,,"SAN FRANCISCO","SAN FRANCISCO",-122.40357208251953,37.77520751953125
9453172,2022,2022-07-05,3801,2022-03-30,1502,1422,TRAFF,3,5,7,3801,0,0,0,,0,,"8TH ST","BRYANT ST",232.00,N,N,A,-,N,,,,,,,,,,N,3,0,1,2,A,-,08,22107,,N,D,C,A,A,H,-,A,A,0,,,,,Y,,D,22,0,1,0,0,0,0,0,0,0,"- ","- ",,,"SAN FRANCISCO","SAN FRANCISCO",-122.40753936767578,37.772968292236328
9453801,2022,2022-09-07,3801,2022-06-26,1613,2704,SOUTH,7,5,7,3801,0,0,0,,0,,"MISSION ST","11TH ST",280.00,W,N,A,-,N,,,,,,,,,,Y,4,0,1,2,A,-,17,22517,,N,B,E,A,A,H,-,A,D,0,,,,,Y,Y,A,01,0,0,1,0,0,0,0,0,0,"- ","- ",,,"SAN FRANCISCO","SAN FRANCISCO",-122.41776275634766,37.773773193359375
9453821,2022,2022-07-20,3801,2022-03-29,0547,50,TENDE,2,5,7,3801,0,0,0,,0,003,"LARKIN ST","TURK ST",150.00,N,N,A,-,N,,,,,,,,,,Y,4,0,1,2,A,-,01,23152,F,N,H,C,A,A,H,-,C,D,0,,,,,Y,,D,23,0,0,1,0,0,0,0,0,0,"- ","- ",,,"SAN FRANCISCO","SAN FRANCISCO",-122.41741943359375,37.782787322998047
9453829,2022,2022-07-19,3801,2022-06-09,2228,2740,TARAV,4,5,7,3801,0,0,0,,0,3I16E,"GRAFTON AV","CAPITOL AV",0.00,,Y,A,-,N,,,,,,,,,,N,2,0,1,2,A,-,11,21954,A,N,D,J,A,A,H,-,C,A,0,,,,,Y,Y,-,,1,0,0,0,0,0,0,0,0,"- ","- ",,,"SAN FRANCISCO","SAN FRANCISCO",-122.45921325683594,37.720016479492188
9453911,2022,2022-07-26,3801,2022-06-23,0930,A20952,INGLE,4,5,7,3801,0,0,0,,0,,"ALEMANY BL","RT 280",0.00,,Y,B,-,Y,SF,4,280,-,R,3.448,R,4,S,N,3,0,1,2,D,-,00,,,N,B,-,A,A,H,-,A,D,0,,,,,Y,,-,"- ",0,1,0,0,0,0,0,0,0,"- ",SO,,,"SAN FRANCISCO","SAN FRANCISCO",-122.42207336425781,37.731731414794922
9453918,2022,2022-07-15,3801,2022-06-10,1915,1406,TENDE,5,5,7,3801,0,0,0,,0,3J2,"5TH ST","STEVENSON ST",0.00,,Y,A,-,N,,,,,,,,,,N,3,0,1,2,A,-,09,21801,A,N,E,C,A,A,H,-,A,D,0,,,Y,,Y,,A,01,0,1,0,0,0,0,0,0,1,"- ","- ",,,"SAN FRANCISCO","SAN FRANCISCO",-122.40746307373047,37.783512115478516
9453920,2022,2022-07-15,3801,2022-06-25,1351,937,BAYVI,6,5,7,3801,0,0,0,,0,3C11A,"BAYSHORE BL","INDUSTRIAL ST",0.00,,Y,A,-,N,,,,,,,,,,Y,4,0,1,2,A,-,12,21453,A,N,D,C,A,A,H,-,A,A,0,,,,,Y,,A,08,0,0,1,0,0,0,0,0,0,"- ","- ",,,"SAN FRANCISCO","SAN FRANCISCO",-122.40695953369141,37.737998962402344
9453931,2022,2022-07-14,3801,2022-06-06,1257,1297,PARK,1,5,7,3801,0,0,0,,0,3F14A,"CASTRO ST","BEAVER ST",0.00,,Y,A,-,N,,,,,,,,,,Y,4,0,1,2,A,-,09,21801,,N,D,C,A,A,H,-,A,D,0,,,,,Y,,A,01,0,0,1,0,0,0,0,0,0,"- ","- ",,,"SAN FRANCISCO","SAN FRANCISCO",-122.43540954589844,37.764991760253906
9453933,2022,2022-07-14,3801,2022-06-17,1110,2453,MISSI,5,5,7,3801,0,0,0,,0,3D4A,"S VAN NESS AV","15TH ST",120.00,N,N,A,-,N,,,,,,,,,,Y,3,0,1,2,A,-,06,21750,A,N,D,C,A,A,H,-,A,D,0,,,Y,,Y,,C,02,0,1,0,0,0,0,0,0,1,"- ","- ",,,"SAN FRANCISCO","SAN FRANCISCO",-122.41767120361328,37.767127990722656
9453938,2022,2022-07-19,3801,2022-06-23,1359,1447,PARK,4,5,7,3801,0,0,0,,0,002,"LAGUNA HONDA BL","PLAZA ST",0.00,,N,A,-,N,,,,,,,,,,,4,0,1,2,A,-,03,22350,,N,C,C,A,A,H,-,A,A,0,,,,,Y,,A,01,0,0,1,0,0,0,0,0,0,"- ","- ",,,"SAN FRANCISCO","SAN FRANCISCO",-122.45970916748047,37.748989105224609
9453952,2022,2022-07-14,3801,2022-06-19,0655,2372,INGLE,7,5,7,3801,0,0,0,,0,3H15A,GENEVA,ALEMANY,0.00,,Y,A,-,N,,,,,,,,,,Y,4,0,2,2,A,-,12,21453,A,F,D,C,A,A,H,-,A,A,0,,,,,Y,,A,01,0,0,2,0,0,0,0,0,0,"- ","- ",,,"SAN FRANCISCO","SAN FRANCISCO",-122.43374633789062,37.713130950927734
9453954,2022,2022-07-14,3801,2022-06-18,1600,2107,NORTH,6,5,7,3801,0,0,0,,0,3E15D,"MARINA BL","LYON ST",0.00,,Y,A,-,N,,,,,,,,,,N,3,0,1,2,A,-,12,22450,,N,D,G,A,A,H,-,A,A,0,,Y,,,Y,,L,04,0,1,0,0,0,0,1,0,0,"- ","- ",,,"SAN FRANCISCO","SAN FRANCISCO",-122.44829559326172,37.804744720458984
9453959,2022,2022-07-14,3801,2022-06-17,2040,2107,NORTH,5,5,7,3801,0,0,0,,0,,"LOMBARD ST","STEINER ST",0.00,,Y,A,-,N,,,,,,,,,,,4,0,1,2,A,-,17,21451,A,N,D,C,A,A,H,-,C,A,0,,,,,Y,,A,01,0,0,1,0,0,0,0,0,0,"- ","- ",,,"SAN FRANCISCO","SAN FRANCISCO",-122.43769073486328,37.799640655517578
9453961,2022,2022-07-14,3801,2022-06-22,1818,1160,SOUTH,3,5,7,3801,0,0,0,,0,0B1,"HOWARD ST","HAWTHORNE ST",0.00,,Y,B,-,N,,,,,,,,,,N,3,0,1,2,A,-,12,21453,A,N,D,B,B,A,H,-,A,A,0,Y,Y,,,Y,,L,04,0,1,0,0,1,0,0,0,0,"- ","- ",,,"SAN FRANCISCO","SAN FRANCISCO",-122.39937591552734,37.785888671875
9453976,2022,2022-07-14,3801,2022-06-26,0145,1237,CENTR,7,5,7,3801,0,0,0,,0,3A12E,"KEARNY ST","WASHINGTON ST",31.00,S,N,A,-,N,,,,,,,,,,N,4,0,1,2,A,-,04,21703,,F,C,C,A,A,H,-,C,A,0,,,,,Y,,A,01,0,0,1,0,0,0,0,0,0,"- ","- ",,,"SAN FRANCISCO","SAN FRANCISCO",-122.40494537353516,37.795246124267578
9453979,2022,2022-07-14,3801,2022-06-21,1734,472,TARAV,2,5,7,3801,0,0,0,,0,3I11D,"QUINTARA ST","19TH AV",18.00,W,N,A,-,N,,,,,,,,,,Y,4,0,1,2,A,-,09,21804,A,N,D,C,A,A,H,-,A,D,0,,,Y,,Y,,A,01,0,0,1,0,0,0,0,0,0,"- ","- ",,,"SAN FRANCISCO","SAN FRANCISCO",-122.47611236572266,37.748638153076172
9453984,2022,2022-10-28,3801,2022-06-11,2200,933,CENTR,6,5,7,3801,0,0,0,,0,0A5,"EMBARCADERO SOUTH","EMBARCADERO SOUTH 1",0.00,,N,A,-,N,,,,,,,,,,N,3,0,1,1,A,-,00,21230,,N,-,J,A,A,H,-,C,D,0,,,Y,,Y,,C,03,0,1,0,0,0,0,0,0,1,"- ","- ",,,"SAN FRANCISCO","SAN FRANCISCO",-122.38925933837891,37.780281066894531
9453990,2022,2022-07-15,3801,2022-06-11,2305,1078,NORTH,6,5,7,3801,0,0,0,,0,3E12E,"FILLMORE ST","OAK ST",0.00,,Y,A,-,N,,,,,,,,,,N,3,0,2,3,A,-,10,21950,A,F,G,B,B,A,H,-,C,A,0,Y,,,,Y,,-,,0,1,1,0,2,0,0,0,0,"- ","- ",,,"SAN FRANCISCO","SAN FRANCISCO",-122.43080902099609,37.773971557617188
9454010,2022,2022-07-21,3801,2022-06-01,0740,4124,INGLE,3,5,7,3801,0,0,0,,0,3H15A,"POPE ST","POLARIS WY",0.00,,Y,A,-,N,,,,,,,,,,Y,3,0,1,2,A,-,10,21950,A,N,-,-,-,A,H,-,A,-,0,Y,,,,Y,,A,01,0,1,0,0,1,0,0,0,0,"- ","- ",,,"SAN FRANCISCO","SAN FRANCISCO",-122.44001770019531,37.708972930908203
9454025,2022,2022-07-19,3801,2022-06-11,1328,1279,BAYVI,6,5,7,3801,0,0,0,,0,3C75,"KIRKWOOD AV","MENDELL ST",0.00,,Y,A,-,N,,,,,,,,,,Y,4,0,3,3,A,-,12,22450,A,N,D,C,A,A,-,-,A,A,0,,,,,Y,,-,"- ",0,0,3,0,0,0,0,0,0,"- ","- ",,,"SAN FRANCISCO","SAN FRANCISCO",-122.38806915283203,37.737117767333984
9454026,2022,2022-07-15,3801,2022-06-06,1356,2401,BAYVI,1,5,7,3801,0,0,0,,0,3C13D,"INDUSTRIAL ST","BOUTWELL ST",0.00,,Y,A,-,N,,,,,,,,,,Y,3,0,1,2,A,-,12,22450,A,N,D,C,A,A,H,-,A,-,0,,,,,Y,,A,01,0,1,0,0,0,0,0,0,0,"- ","- ",,,"SAN FRANCISCO","SAN FRANCISCO",-122.40565490722656,37.738376617431641
9454043,2022,2022-07-15,3801,2022-06-03,1449,2420,TARAV,5,5,7,3801,0,0,0,,0,031,"OCEAN AV","JULES AV",0.00,,Y,A,-,N,,,,,,,,,,N,4,0,1,2,A,-,08,22100,B,N,D,C,A,A,H,-,A,A,0,,,,,Y,,A,01,0,0,1,0,0,0,0,0,0,"- ","- ",,,"SAN FRANCISCO","SAN FRANCISCO",-122.46123504638672,37.724948883056641
9454052,2022,2022-07-15,3801,2022-06-04,1806,709,BAYVI,6,5,7,3801,0,0,0,,0,3C14D,"3RD ST","HUDSON AV",0.00,,Y,A,-,N,,,,,,,,,,Y,4,0,1,2,A,-,12,21453,A,F,B,C,A,A,H,-,A,A,0,,,,,Y,,A,01,0,0,1,0,0,0,0,0,0,"- ","- ",,,"SAN FRANCISCO","SAN FRANCISCO",-122.38883209228516,37.740383148193359
9454058,2022,2022-07-15,3801,2022-06-06,1403,1160,SOUTH,1,5,7,3801,0,0,0,,0,0B4,"9TH ST","TEHAMA ST",52.00,S,N,A,-,N,,,,,,,,,,Y,4,0,1,3,A,-,03,22350,,F,C,C,A,A,H,-,A,D,0,,,,,Y,,-,"- ",0,0,1,0,0,0,0,0,0,"- ","- ",,,"SAN FRANCISCO","SAN FRANCISCO",-122.41249084472656,37.774448394775391
9454162,2022,2022-07-13,3801,2022-04-24,1041,2402,TARAV,7,5,7,3801,0,0,0,,0,3I15A,"LINCOLN WY","37TH AV",0.00,,Y,A,-,N,,,,,,,,,,N,4,0,1,2,A,-,12,21453,A,N,D,C,A,A,H,-,A,A,0,,,,,Y,,A,07,0,0,1,0,0,0,0,0,0,"- ","- ",,,"SAN FRANCISCO","SAN FRANCISCO",-122.49653625488281,37.764602661132812
9454183,2022,2022-07-12,3801,2022-05-29,2254,4027,MISSI,7,5,7,3801,0,0,0,,0,3D6E,"13TH ST","SOUTH VAN NESS AV",0.00,,Y,A,-,N,,,,,,,,,,Y,4,0,1,2,A,-,09,21800,D,N,D,C,A,A,H,-,D,B,0,,,,,Y,,A,01,0,0,1,0,0,0,0,0,0,"- ","- ",,,"SAN FRANCISCO","SAN FRANCISCO",-122.41777801513672,37.7696533203125
9454192,2022,2022-07-11,3801,2022-05-31,1755,2408,RICHM,2,5,7,3801,0,0,0,,0,3G13,"ARGUELLO BL","SACRAMENTO ST",0.00,,Y,A,-,N,,,,,,,,,,N,4,0,1,2,A,-,10,21950,,N,G,B,B,A,H,-,A,A,0,Y,,,,Y,,A,01,0,0,1,0,1,0,0,0,0,"- ","- ",,,"SAN FRANCISCO","SAN FRANCISCO",-122.45926666259766,37.786617279052734
9459041,2022,2022-06-09,3801,2022-05-25,1959,4259,RICHM,3,5,7,3801,0,0,0,,0,3G15D,"FULTON ST","45TH ST",0.00,,Y,B,-,N,,,,,,,,,,N,3,0,1,2,A,-,09,21801,A,F,D,C,A,A,H,-,C,A,0,,,Y,,Y,Y,A,07,0,1,0,0,0,0,0,0,1,"- ","- ",,,"SAN FRANCISCO","SAN FRANCISCO",-122.50562286376953,37.771579742431641
9459055,2022,2022-06-09,3801,2022-05-25,1255,"1394\",MISSI,3,5,7,3801,0,0,0,,0,MISSIO,"DUBOCE AV","MISSION ST",0.00,,Y,A,-,N,,,,,,,,,,N,2,0,1,2,A,-,12,21453,A,N,D,J,A,A,H,-,A,A,0,,,,,Y,,M,94,1,0,0,0,0,0,0,0,0,"- ","- ",,,"SAN FRANCISCO","SAN FRANCISCO",-122.42018127441406,37.769992828369141
9460102,2022,2022-06-23,3801,2022-01-19,2256,2409,CENTR,3,5,7,3801,0,0,0,,0,3A11E,"JONES ST","SUTTER ST",7.00,S,N,A,-,N,,,,,,,,,,Y,3,0,1,2,A,-,03,22350,,N,C,C,A,A,H,-,C,A,0,,,Y,,Y,,C,02,0,1,0,0,0,0,0,0,1,"- ","- ",,,"SAN FRANCISCO","SAN FRANCISCO",-122.41351318359375,37.788581848144531
9464408,2022,2022-09-20,3801,2022-06-21,0436,262,TRAFF,2,5,7,3801,0,0,0,,0,4B2G,"SOUTH VAN NESS","16TH ST",0.00,,Y,A,-,N,,,,,,,,,,N,1,1,0,3,A,-,03,22350,,F,G,B,B,A,H,-,B,A,0,Y,,,,Y,,A,01,0,0,0,1,0,0,0,0,0,"- ","- ",,,"SAN FRANCISCO","SAN FRANCISCO",-122.41748809814453,37.765178680419922
9468621,2023,2023-09-08,3801,2023-08-01,"600 ",4333,NORTH,2,5,7,3801,0,0,0,,0,,"OCTAVIA ST","MARKET ST",0.00,,Y,A,-,N,,,,,,,,,,,4,0,1,2,A,-,04,21703,,F,C,C,A,A,G,-,B,A,0,,,,,Y,,A,01,0,0,1,0,0,0,0,0,0,"- ","- ",,,"SAN FRANCISCO","SAN FRANCISCO",,
9468639,2023,2023-09-08,3801,2023-08-23,1502,319,CENTR,3,5,7,3801,0,0,0,,0,3A12D,"2ND ST","BRYANT ST",0.00,,Y,A,-,N,,,,,,,,,,N,3,0,1,2,A,-,03,22350,,N,B,G,A,A,H,-,A,-,0,,Y,,,Y,,A,01,0,1,0,0,0,0,1,0,0,"- ","- ",,,"SAN FRANCISCO","SAN FRANCISCO",,
9468641,2023,2023-09-21,3801,2023-08-16,1720,2372,INGLE,3,5,7,3801,0,0,0,,0,3H00,"MISSION ST","MISSION ST 5901",0.00,,-,A,-,N,,,,,,,,,,N,4,0,1,2,A,-,"- ",,,N,C,C,A,A,H,-,A,D,0,,,,,Y,,A,01,0,0,1,0,0,0,0,0,0,"- ","- ",,,"SAN FRANCISCO","SAN FRANCISCO",,
9468645,2023,2023-09-20,3801,2023-08-18,2010,821,SOUTH,5,5,7,3801,0,0,0,,0,0B2,"3RD ST","HOWARD ST",0.00,,Y,A,-,N,,,,,,,,,,N,4,0,2,2,A,-,03,22350,,N,C,D,A,-,H,-,B,A,0,,,,,Y,Y,-,"- ",0,0,2,0,0,0,0,0,0,"- ","- ",,,"SAN FRANCISCO","SAN FRANCISCO",,
9468670,2023,2023-09-11,3801,2023-08-14,1225,1457,TARAV,1,5,7,3801,0,0,0,,0,002,"PACHECO ST","21ST AV",0.00,,Y,A,-,N,,,,,,,,,,Y,4,0,1,2,A,-,09,21802,A,N,D,-,A,A,H,-,A,-,0,,,,,Y,,A,01,0,0,1,0,0,0,0,0,0,"- ","- ",,,"SAN FRANCISCO","SAN FRANCISCO",,
9468671,2023,2023-09-08,3801,2023-08-14,"640 ",2474,BAYVI,1,5,7,3801,0,0,0,,0,3C14A,"PHELPS ST","WILLIAMS AV",0.00,,Y,A,-,N,,,,,,,,,,N,3,0,1,2,A,-,10,21950,A,N,G,B,B,A,H,-,B,D,0,Y,,,,Y,,A,01,0,1,0,0,1,0,0,0,0,"- ","- ",,,"SAN FRANCISCO","SAN FRANCISCO",,
9468675,2023,2023-09-08,3801,2023-08-17,"925 ",2453,MISSI,4,5,7,3801,0,0,0,,0,3D13A,"FOLSOM ST","23RD ST",40.00,N,N,A,-,N,,,,,,,,,,N,4,0,1,2,A,-,17,22517,,N,B,G,A,A,H,-,A,D,0,,Y,,,Y,,A,01,0,0,1,0,0,0,1,0,0,"- ","- ",,,"SAN FRANCISCO","SAN FRANCISCO",-122.41426086425781,37.754230499267578
9468686,2023,2023-09-27,3801,2023-08-11,"955 ",2707,TARAV,5,5,7,3801,0,0,0,,0,002,"JACKSON ST","FILLMORE ST",0.00,,Y,-,-,N,,,,,,,,,,N,3,0,1,2,D,-,00,,,N,H,J,A,-,-,-,A,-,0,,Y,,,Y,Y,-,"- ",0,1,0,0,0,0,1,0,0,"- ","- ",,,"SAN FRANCISCO","SAN FRANCISCO",,
9468691,2023,2023-09-15,3801,2023-08-08,"218 ",276,NORTH,2,5,7,3801,0,0,0,,0,3E13E,"MCALLISTER ST","POLK ST",0.00,,Y,A,-,N,,,,,,,,,,N,4,0,1,2,A,-,12,21453,A,N,B,G,A,A,H,-,C,A,0,,Y,,,Y,,L,04,0,0,1,0,0,0,1,0,0,"- ","- ",,,"SAN FRANCISCO","SAN FRANCISCO",,
9468697,2023,2023-09-14,3801,2023-08-11,"802 ",1706,SOUTH,5,5,7,3801,0,0,0,,0,3B12A,"SOUTH VAN NESS AV","MARKET ST",0.00,,Y,A,-,N,,,,,,,,,,Y,4,0,1,2,A,-,04,21703,,N,C,C,A,A,H,-,A,A,0,,,,,Y,,D,22,0,0,1,0,0,0,0,0,0,"- ","- ",,,"SAN FRANCISCO","SAN FRANCISCO",,
9468701,2023,2023-09-15,3801,2023-08-08,"209 ",2089,TENDE,2,5,7,3801,0,0,0,,0,COJ4CA,"EDDY ST","LEAVENWORTH ST",0.00,,Y,A,-,N,,,,,,,,,,N,4,0,1,2,A,-,03,22350,,F,G,B,D,A,H,-,C,A,0,Y,,,,Y,,A,01,0,0,1,0,1,0,0,0,0,"- ","- ",,,"SAN FRANCISCO","SAN FRANCISCO",,
9468787,2023,2023-09-12,3801,2023-07-13,1820,2712,MISSI,4,5,7,3801,0,0,0,,0,0D6,"16TH ST","HARRISON ST",0.00,,Y,A,-,N,,,,,,,,,,N,4,0,1,2,A,-,12,21453,A,N,D,G,A,A,H,-,A,A,0,,Y,,,Y,,L,04,0,0,1,0,0,0,1,0,0,"- ","- ",,,"SAN FRANCISCO","SAN FRANCISCO",,
9468788,2023,2023-09-12,3801,2023-07-23,1618,2228,CENTR,7,5,7,3801,0,0,0,,0,3A11D,"BUSH ST","LEAVENWORTH ST",0.00,,Y,A,-,N,,,,,,,,,,Y,4,0,3,2,A,-,08,22100,B,N,D,C,A,A,H,-,A,A,0,,,,,Y,,A,01,0,0,3,0,0,0,0,0,0,"- ","- ",,,"SAN FRANCISCO","SAN FRANCISCO",,
9468802,2023,2023-09-11,3801,2023-07-27,1305,1123,SOUTH,4,5,7,3801,0,0,0,,0,3B14A,"OCTAVIA BL","MARKET ST",0.00,,Y,A,-,N,,,,,,,,,,N,4,0,1,2,A,-,04,21703,,N,C,C,A,A,H,-,A,A,0,,,,,Y,,A,01,0,0,1,0,0,0,0,0,0,"- ","- ",,,"SAN FRANCISCO","SAN FRANCISCO",,
9468807,2023,2023-09-11,3801,2023-07-25,1817,1352,MISSI,2,5,7,3801,0,0,0,,0,3D2C,"DOLORES ST","19TH ST",0.00,,Y,A,-,N,,,,,,,,,,N,2,0,1,1,A,-,03,22350,,N,H,G,A,A,H,-,A,A,0,,Y,,,Y,Y,L,04,1,0,0,0,0,0,1,0,0,"- ","- ",,,"SAN FRANCISCO","SAN FRANCISCO",,
9468848,2023,2023-09-12,3801,2023-06-24,2320,4115,SOUTH,6,5,7,3801,0,0,0,,0,3B14E,"TOWNSEND ST","5TH ST",0.00,,Y,A,-,N,,,,,,,,,,Y,4,0,1,2,A,-,04,21703,,N,C,C,A,A,H,-,C,A,0,,,,,Y,,A,01,0,0,1,0,0,0,0,0,0,"- ","- ",,,"SAN FRANCISCO","SAN FRANCISCO",,
9469457,2023,2023-09-13,3801,2023-08-07,"158 ",2391,NORTH,1,5,7,3801,0,0,0,,0,3E12E,"HAYES ST","POLK ST",0.00,,Y,A,G,N,,,,,,,,,,N,3,0,1,2,A,-,12,21453,A,N,D,G,A,A,H,-,C,A,0,,Y,,,Y,,L,04,0,1,0,0,0,0,1,0,0,"- ","- ",,,"SAN FRANCISCO","SAN FRANCISCO",,
9469534,2023,2023-10-02,3801,2023-08-25,1923,2355,TARAV,5,5,7,3801,0,0,0,,0,0I2,"ORTEGA ST","30TH AV",0.00,,Y,B,-,N,,,,,,,,,,N,2,0,2,3,A,-,10,21950,A,N,G,B,B,A,H,-,A,A,0,Y,,,,Y,,A,01,2,0,0,0,2,0,0,0,0,"- ","- ",,,"SAN FRANCISCO","SAN FRANCISCO",,
9469535,2023,2023-10-02,3801,2023-08-25,1520,1215,MISSI,5,5,7,3801,0,0,0,,0,001,"VALENCIA ST","SYCAMORE ST",0.00,,Y,A,-,N,,,,,,,,,,N,3,0,1,2,A,-,08,22107,,N,D,G,A,A,H,-,A,D,0,,Y,,,Y,,A,01,0,1,0,0,0,0,1,0,0,"- ","- ",,,"SAN FRANCISCO","SAN FRANCISCO",,
9469543,2023,2023-10-03,3801,2023-08-22,2500,50,TENDE,2,5,7,3801,0,0,0,,0,003,"EDDY ST","POLK ST",102.00,E,N,A,-,N,,,,,,,,,,N,4,0,1,2,A,-,21,22106,,F,H,J,A,A,H,-,C,D,0,,,Y,,Y,,A,01,0,0,1,0,0,0,0,0,1,"- ","- ",,,"SAN FRANCISCO","SAN FRANCISCO",-122.41883087158203,37.783126831054688
9469550,2023,2023-10-03,3801,2023-08-12,1415,764,MISSI,6,5,7,3801,0,0,0,,0,3D14C,"MISSION ST","25TH ST",0.00,,Y,A,-,N,,,,,,,,,,N,4,0,1,2,A,-,04,21703,,N,C,C,A,A,H,-,A,A,0,,,,,Y,,A,01,0,0,1,0,0,0,0,0,0,"- ","- ",,,"SAN FRANCISCO","SAN FRANCISCO",,
9469611,2023,2023-11-27,3801,2023-07-11,1322,2088,INGLE,2,5,7,3801,0,0,0,,0,3HI3A,"MISSION ST","HARRINGTON ST",123.00,S,N,A,-,N,,,,,,,,,,N,3,0,1,2,A,-,08,22107,,F,D,C,A,A,H,-,A,D,0,,,Y,,Y,,A,01,0,1,0,0,0,0,0,0,1,"- ","- ",,,"SAN FRANCISCO","SAN FRANCISCO",-122.43466949462891,37.724895477294922
9469617,2023,2023-10-05,3801,2023-08-11,1203,1374,TARAV,5,5,7,3801,0,0,0,,0,3I1B,"19TH AV","19TH AV 1863",0.00,,N,A,-,N,,,,,,,,,,N,4,0,1,2,A,-,07,21658,A,F,B,E,A,A,G,-,A,D,0,,,,,Y,,-,,0,0,1,0,0,0,0,0,0,"- ","- ",,,"SAN FRANCISCO","SAN FRANCISCO",,
9469618,2023,2023-10-11,3801,2023-08-29,1330,704,BAYVI,2,5,7,3801,0,0,0,,0,3C2D,"QUESADA AV","KEITH ST",0.00,,Y,A,-,N,,,,,,,,,,N,3,0,1,2,A,-,10,21950,A,N,G,B,B,A,H,-,A,A,0,Y,,,,Y,,A,01,0,1,0,0,1,0,0,0,0,"- ","- ",,,"SAN FRANCISCO","SAN FRANCISCO",,
9469621,2023,2023-09-14,3801,2023-08-15,2500,2249,PARK,2,5,7,3801,0,0,0,,0,3F13E,"MASONIC AV","TURK BL",0.00,,Y,A,-,N,,,,,,,,,,Y,4,0,3,2,A,-,09,21801,,N,D,-,A,A,-,-,C,A,0,,,,,Y,,-,,0,0,3,0,0,0,0,0,0,"- ","- ",,,"SAN FRANCISCO","SAN FRANCISCO",,
9470025,2023,2023-12-13,3801,2023-04-26,"615 ",1796,RICHM,3,5,7,3801,0,0,0,,0,3G14A,"24TH AV","BALBOA ST",0.00,,Y,B,E,N,,,,,,,,,,Y,4,0,1,2,A,-,09,21802,A,N,D,C,A,A,H,-,A,-,0,,,,,Y,,A,07,0,0,1,0,0,0,0,0,0,"- ","- ",,,"SAN FRANCISCO","SAN FRANCISCO",,
9470703,2023,2023-10-09,3801,2023-08-31,2347,1078,NORTH,4,5,7,3801,0,0,0,,0,3E12E,"FILLMORE ST","FULTON ST",0.00,,Y,A,-,N,,,,,,,,,,Y,4,0,1,2,A,-,12,21453,A,N,D,C,A,A,H,-,C,A,0,,,Y,,Y,,C,03,0,0,1,0,0,0,0,0,1,"- ","- ",,,"SAN FRANCISCO","SAN FRANCISCO",,
9471347,2023,2023-11-04,3801,2023-09-05,1539,104,TRAFF,2,5,7,3801,0,0,0,,0,104,"FOLSOM ST","HALLAM ST",32.00,E,N,A,-,N,,,,,,,,,,N,4,0,3,2,A,-,17,22517,,N,B,C,A,A,H,-,A,D,0,,,,,Y,,A,01,0,0,3,0,0,0,0,0,0,"- ","- ",,,"SAN FRANCISCO","SAN FRANCISCO",-122.40878295898438,37.776012420654297
9472001,2022,2022-07-19,3801,2022-06-07,0845,1109,INGLE,2,5,7,3801,0,0,0,,0,,ALEMANY,TINGLEY,0.00,,Y,A,-,N,,,,,,,,,,Y,4,0,2,2,A,-,09,21802,A,N,D,C,A,A,H,-,A,A,0,,,,,Y,,A,01,0,0,2,0,0,0,0,0,0,"- ","- ",,,"SAN FRANCISCO","SAN FRANCISCO",-122.43402099609375,37.729358673095703
9472002,2022,2022-09-26,3801,2022-06-06,1447,2088,INGLE,1,5,7,3801,0,0,0,,0,,"EXCELSIOR AV","MADRID ST",0.00,,Y,A,-,N,,,,,,,,,,N,3,0,1,2,A,-,03,22350,,N,D,J,A,A,H,-,A,A,0,,,,,Y,,-,,0,1,0,0,0,0,0,0,0,"- ","- ",,,"SAN FRANCISCO","SAN FRANCISCO",-122.430419921875,37.724723815917969
9472011,2022,2022-07-19,3801,2022-06-07,1507,A21165,NORTH,2,5,7,3801,0,0,0,,0,3E44C,"LAGUNA ST","FELL ST",0.00,,Y,A,-,N,,,,,,,,,,N,4,0,1,2,A,-,05,21752,D,N,D,C,A,A,H,-,A,A,0,,,Y,,Y,,C,02,0,0,1,0,0,0,0,0,1,"- ","- ",,,"SAN FRANCISCO","SAN FRANCISCO",-122.42610168457031,37.775527954101562