CASE_ID,ACCIDENT_YEAR,PROC_DATE,JURIS,COLLISION_DATE,COLLISION_TIME,OFFICER_ID,REPORTING_DISTRICT,DAY_OF_WEEK,CHP_SHIFT,POPULATION,CNTY_CITY_LOC,SPECIAL_COND,BEAT_TYPE,CHP_BEAT_TYPE,CITY_DIVISION_LAPD,CHP_BEAT_CLASS,BEAT_NUMBER,PRIMARY_RD,SECONDARY_RD,DISTANCE,DIRECTION,INTERSECTION,WEATHER_1,WEATHER_2,STATE_HWY_IND,CALTRANS_COUNTY,CALTRANS_DISTRICT,STATE_ROUTE,ROUTE_SUFFIX,POSTMILE_PREFIX,POSTMILE,LOCATION_TYPE,RAMP_INTERSECTION,SIDE_OF_HWY,TOW_AWAY,COLLISION_SEVERITY,NUMBER_KILLED,NUMBER_INJURED,PARTY_COUNT,PRIMARY_COLL_FACTOR,PCF_CODE_OF_VIOL,PCF_VIOL_CATEGORY,PCF_VIOLATION,PCF_VIOL_SUBSECTION,HIT_AND_RUN,TYPE_OF_COLLISION,MVIW,PED_ACTION,ROAD_SURFACE,ROAD_COND_1,ROAD_COND_2,LIGHTING,CONTROL_DEVICE,CHP_ROAD_TYPE,PEDESTRIAN_ACCIDENT,BICYCLE_ACCIDENT,MOTORCYCLE_ACCIDENT,TRUCK_ACCIDENT,NOT_PRIVATE_PROPERTY,ALCOHOL_INVOLVED,STWD_VEHTYPE_AT_FAULT,CHP_VEHTYPE_AT_FAULT,COUNT_SEVERE_INJ,COUNT_VISIBLE_INJ,COUNT_COMPLAINT_PAIN,COUNT_PED_KILLED,COUNT_PED_INJURED,COUNT_BICYCLIST_KILLED,COUNT_BICYCLIST_INJURED,COUNT_MC_KILLED,COUNT_MC_INJURED,PRIMARY_RAMP,SECONDARY_RAMP,LATITUDE,LONGITUDE,COUNTY,CITY,POINT_X,POINT_Y
9472026,2022,2022-07-13,3801,2022-06-02,1455,1246,BAYVI,4,5,7,3801,0,0,0,,0,3C44C,"FELTON ST","PRINCETON ST",44.00,E,N,A,-,N,,,,,,,,,,N,4,0,2,2,A,-,03,22350,,N,C,E,A,A,H,-,A,D,0,,,,,Y,,A,01,0,0,2,0,0,0,0,0,0,"- ","- ",,,"SAN FRANCISCO","SAN FRANCISCO",-122.415283203125,37.727256774902344
9472030,2022,2022-07-13,3801,2022-06-16,1038,2196,MISSI,4,5,7,3801,0,0,0,,0,3D2A,"CHURCH ST","HILL ST",41.00,S,N,A,-,N,,,,,,,,,,N,2,0,1,1,A,-,03,22350,,N,A,I,A,A,H,-,A,D,0,,Y,,,Y,,L,04,1,0,0,0,0,0,1,0,0,"- ","- ",,,"SAN FRANCISCO","SAN FRANCISCO",-122.42781066894531,37.755577087402344
9472115,2022,2022-07-14,3801,2022-06-14,2027,4041,TARAV,2,5,7,3801,0,0,0,,0,3I13D,"36TH AV","ULLOA ST",0.00,,Y,B,-,N,,,,,,,,,,N,4,0,1,2,A,-,00,22345,,N,D,C,A,A,H,-,C,A,0,,,,,Y,,A,07,0,0,1,0,0,0,0,0,0,"- ","- ",,,"SAN FRANCISCO","SAN FRANCISCO",-122.49378967285156,37.740383148193359
9472119,2022,2022-08-15,3801,2022-06-06,2337,400,SOUTH,1,5,7,3801,0,0,0,,0,,"BRANNAN ST","DIVISION ST",0.00,,Y,A,-,N,,,,,,,,,,N,4,0,1,2,A,-,03,22350,,F,E,J,-,A,D,-,C,A,0,Y,,,,Y,,A,01,0,0,1,0,1,0,0,0,0,"- ","- ",,,"SAN FRANCISCO","SAN FRANCISCO",-122.40788269042969,37.769218444824219
9472213,2022,2022-07-20,3801,2022-05-24,2215,1741,SOUTH,2,5,7,3801,0,0,0,,0,901,"HARRISON ST","4TH ST",0.00,,Y,A,-,N,,,,,,,,,,Y,4,0,1,2,A,-,08,22107,,N,D,C,A,A,H,-,C,A,0,,,,,Y,,A,01,0,0,1,0,0,0,0,0,0,"- ","- ",,,"SAN FRANCISCO","SAN FRANCISCO",-122.39962768554688,37.780776977539062
9472214,2022,2022-07-20,3801,2022-05-22,0100,4341,BAYVI,7,5,7,3801,0,0,0,,0,901,"NAPOLEON ST","EVANS AV",513.00,W,N,A,-,N,,,,,,,,,,N,2,0,1,2,A,-,03,22350,,F,D,C,A,A,G,-,C,D,0,,,Y,,Y,,C,02,1,0,0,0,0,0,0,0,1,"- ","- ",,,"SAN FRANCISCO","SAN FRANCISCO",-122.39772033691406,37.747097015380859
9472267,2022,2022-07-20,3801,2022-03-21,0935,4265,INGLE,1,5,7,3801,0,0,0,,0,4CAR,"MISSION ST","SILVER AV",0.00,,Y,A,-,N,,,,,,,,,,N,3,0,1,2,A,-,05,21460,A,N,-,C,A,A,H,-,A,A,0,,,Y,,Y,,C,02,0,1,0,0,0,0,0,0,1,"- ","- ",,,"SAN FRANCISCO","SAN FRANCISCO",-122.43128204345703,37.728736877441406
9478138,2022,2022-08-09,3801,2022-07-03,1948,2167,NORTH,7,5,7,3801,0,0,0,,0,3E14E,"VAN NESS AV","BUSH ST",0.00,,Y,A,-,N,,,,,,,,,,Y,4,0,1,2,A,-,12,21453,A,F,D,C,A,A,H,-,A,A,0,,,,,Y,,A,01,0,0,1,0,0,0,0,0,0,"- ","- ",,,"SAN FRANCISCO","SAN FRANCISCO",-122.42191314697266,37.788490295410156
9478967,2022,2022-08-10,3801,2022-07-12,0924,1194,SOUTH,2,5,7,3801,0,0,0,,0,0B5,"VERMONT ST","17TH ST",0.00,,Y,A,-,N,,,,,,,,,,N,3,0,1,2,A,-,10,21950,A,N,G,B,B,A,H,-,A,A,0,Y,,,,Y,,A,01,0,1,0,0,1,0,0,0,0,"- ","- ",,,"SAN FRANCISCO","SAN FRANCISCO",-122.40448760986328,37.764682769775391
9478969,2022,2022-08-10,3801,2022-07-12,1110,50,TENDE,2,5,7,3801,0,0,0,,0,004,"GOLDEN GATE AV","JONES ST",0.00,,Y,A,-,N,,,,,,,,,,N,4,0,1,2,A,-,11,21950,B,N,G,B,B,A,H,-,A,A,0,Y,,,,Y,,N,60,0,0,1,0,1,0,0,0,0,"- ","- ",,,"SAN FRANCISCO","SAN FRANCISCO",-122.4122314453125,37.782081604003906
9478972,2022,2022-08-10,3801,2022-07-09,2100,2354,TARAV,6,5,7,3801,0,0,0,,0,,"44TH AV","QUINTARA ST",100.00,S,N,A,-,N,,,,,,,,,,N,3,0,1,2,A,-,03,22350,,M,D,C,A,A,H,-,B,D,0,,,Y,,Y,,C,03,0,1,0,0,0,0,0,0,1,"- ","- ",,,"SAN FRANCISCO","SAN FRANCISCO",-122.50286102294922,37.747184753417969
9478973,2022,2022-08-10,3801,2022-07-11,1400,1389,BAYVI,1,5,7,3801,0,0,0,,0,3C12D,"PATTERSON ST","FLOWER ST",0.00,,Y,A,-,N,,,,,,,,,,N,4,0,1,2,A,-,11,21954,A,N,G,B,E,A,C,-,A,D,0,Y,,,,Y,,N,60,0,0,1,0,1,0,0,0,0,"- ","- ",,,"SAN FRANCISCO","SAN FRANCISCO",-122.40517425537109,37.742328643798828
9478978,2022,2022-08-10,3801,2022-07-01,2353,2140,MISSI,5,5,7,3801,0,0,0,,0,3D11E,"MARKET ST","CHURCH ST",0.00,,Y,B,-,N,,,,,,,,,,N,2,0,1,2,A,-,11,21453,D,N,G,B,B,B,H,-,C,A,0,Y,,,,Y,,N,60,1,0,0,0,1,0,0,0,0,"- ","- ",,,"SAN FRANCISCO","SAN FRANCISCO",-122.42893981933594,37.767608642578125
9481359,2022,2022-08-05,3801,2022-06-27,1754,1100,TENDE,1,5,7,3801,0,0,0,,0,3J61K,"EDDY ST","TAYLOR ST",5.00,E,N,A,-,N,,,,,,,,,,N,4,0,1,2,A,-,10,21950,A,N,G,B,B,A,-,-,A,A,0,Y,,,,Y,,A,01,0,0,1,0,1,0,0,0,0,"- ","- ",,,"SAN FRANCISCO","SAN FRANCISCO",-122.41093444824219,37.784160614013672
9481483,2022,2022-08-08,3801,2022-07-11,2147,2741,MISSI,1,5,7,3801,0,0,0,,0,901,"HARRISON ST","16TH ST",0.00,,Y,A,-,N,,,,,,,,,,N,3,0,1,2,A,-,09,21801,,N,D,J,A,A,H,-,C,A,0,,Y,,,Y,,A,01,0,1,0,0,0,0,1,0,0,"- ","- ",,,"SAN FRANCISCO","SAN FRANCISCO",-122.41314697265625,37.765449523925781
9481494,2022,2022-08-15,3801,2022-07-16,1543,4187,NORTH,6,5,7,3801,0,0,0,,0,3E15D,LOMBARD,"FILLMORE ST",0.00,W,N,A,-,N,,,,,,,,,,Y,4,0,1,1,B,-,22,,,N,E,I,A,A,H,-,A,A,0,,,,,Y,,A,01,0,0,1,0,0,0,0,0,0,"- ","- ",,,"SAN FRANCISCO","SAN FRANCISCO",-122.43605041503906,37.799846649169922
9481496,2022,2022-09-08,3801,2022-07-18,2132,2175,BAYVI,1,5,7,3801,0,0,0,,0,3C13E,"PALOU AV","3RD ST",0.00,,Y,A,-,N,,,,,,,,,,,4,0,1,2,A,-,11,21954,A,N,G,B,E,A,H,-,C,-,0,Y,,,,Y,,N,60,0,0,1,0,1,0,0,0,0,"- ","- ",,,"SAN FRANCISCO","SAN FRANCISCO",-122.39105987548828,37.734039306640625
9481512,2022,2022-08-10,3801,2022-07-22,1932,2407,MISSI,5,5,7,3801,0,0,0,,0,3D14D,"ALABAMA ST","26TH ST",0.00,,Y,A,-,N,,,,,,,,,,N,3,0,1,2,A,-,12,22450,A,F,D,G,A,A,H,-,A,A,0,,Y,,,Y,,A,01,0,1,0,0,0,0,1,0,0,"- ","- ",,,"SAN FRANCISCO","SAN FRANCISCO",-122.41063690185547,37.749500274658203
9481887,2022,2022-08-08,3801,2022-04-05,1250,4286,RICHM,2,5,7,3801,0,0,0,,0,0G2,"CLAY ST","MAPLE ST",0.00,,Y,A,-,N,,,,,,,,,,N,3,0,1,2,A,-,09,21802,A,N,D,G,A,A,H,-,A,D,0,,Y,,,Y,,L,04,0,1,0,0,0,0,1,0,0,"- ","- ",,,"SAN FRANCISCO","SAN FRANCISCO",-122.45542907714844,37.788013458251953
9483342,2022,2022-08-08,3801,2022-07-04,0533,1514,MISSI,1,5,7,3801,0,0,0,,0,3D5A,"18TH ST",DIAMOND,100.00,W,N,A,-,N,,,,,,,,,,Y,4,0,1,2,A,-,01,23152,A,N,B,C,A,A,H,-,C,D,0,,,,,Y,Y,A,01,0,0,1,0,0,0,0,0,0,"- ","- ",,,"SAN FRANCISCO","SAN FRANCISCO",-122.43753814697266,37.760723114013672
9483462,2022,2022-08-08,3801,2022-07-14,2253,2023,PARK,4,5,7,3801,0,0,0,,0,003,"FELL ST","MASONIC AV",0.00,,Y,A,-,N,,,,,,,,,,Y,4,0,2,3,A,-,12,21453,A,N,D,C,A,A,H,-,C,A,0,,,Y,,Y,,A,08,0,0,2,0,0,0,0,0,1,"- ","- ",,,"SAN FRANCISCO","SAN FRANCISCO",-122.44591522216797,37.772983551025391
9483482,2022,2022-08-05,3801,2022-07-13,1208,670,INGLE,3,5,7,3801,0,0,0,,0,3H13A,"FOOTE AV","ELLINGTON AV",35.00,E,N,B,-,N,,,,,,,,,,N,3,0,1,2,A,-,11,21956,A,N,G,B,E,A,H,-,A,D,0,Y,,,,Y,Y,N,60,0,1,0,0,1,0,0,0,0,"- ","- ",,,"SAN FRANCISCO","SAN FRANCISCO",-122.44540405273438,37.713130950927734
9483555,2022,2022-08-08,3801,2022-06-30,1400,4274,RICHM,4,5,7,3801,0,0,0,,0,4G13C,"BALBOA ST","GREAT HWY",0.00,,Y,A,-,N,,,,,,,,,,N,4,0,1,2,A,-,12,22450,A,N,D,G,A,A,H,-,A,A,0,,Y,,,Y,,L,04,0,0,1,0,0,0,1,0,0,"- ","- ",,,"SAN FRANCISCO","SAN FRANCISCO",-122.51129150390625,37.775077819824219
9483562,2022,2022-08-08,3801,2022-07-12,1706,1368,CENTR,2,5,7,3801,0,0,0,,0,3A14D,"FILBERT ST","STOCKTON ST",0.00,,Y,A,-,N,,,,,,,,,,N,3,0,1,1,C,-,18,,,N,E,I,A,A,-,-,A,A,0,,,,,Y,,-,"- ",0,1,0,0,0,0,0,0,0,"- ","- ",,,"SAN FRANCISCO","SAN FRANCISCO",-122.40936279296875,37.801368713378906
9483564,2022,2022-08-08,3801,2022-07-05,1850,890,BAYVI,2,5,7,3801,0,0,0,,0,BAYVIE,"REVERE AV","JENNINGS ST",0.00,,Y,A,-,N,,,,,,,,,,Y,4,0,1,5,A,-,03,22350,,F,D,C,A,A,H,-,A,A,0,,,,,Y,,A,01,0,0,1,0,0,0,0,0,0,"- ","- ",,,"SAN FRANCISCO","SAN FRANCISCO",-122.38642883300781,37.729530334472656
9483574,2022,2022-08-05,3801,2022-07-16,1059,724,INGLE,6,5,7,3801,0,0,0,,0,3H13C,"ALEMANY BL","TINGLEY ST",0.00,,Y,A,-,N,,,,,,,,,,N,4,0,2,2,A,-,09,21804,A,N,D,C,A,A,H,-,A,D,0,,,,,Y,,A,01,0,0,2,0,0,0,0,0,0,"- ","- ",,,"SAN FRANCISCO","SAN FRANCISCO",-122.43402099609375,37.729358673095703
9483589,2022,2022-08-05,3801,2022-07-14,1732,2400,BAYVI,4,5,7,3801,0,0,0,,0,2CAR,"SILVER AV","CHARTER OAK AV",28.00,E,N,A,-,N,,,,,,,,,,Y,3,0,4,4,A,-,04,21703,,F,C,C,A,A,H,-,A,D,0,,,,,Y,,A,01,0,1,3,0,0,0,0,0,0,"- ","- ",,,"SAN FRANCISCO","SAN FRANCISCO",-122.40428161621094,37.733207702636719
9483597,2022,2022-08-05,3801,2022-07-04,0135,2035,MISSI,1,5,7,3801,0,0,0,,0,3D16E,"13TH ST","SOUTH VAN NESS AV",0.00,,Y,A,-,N,,,,,,,,,,Y,4,0,2,2,A,-,12,21453,A,N,A,C,A,A,H,-,C,A,0,,,,,Y,,A,01,0,0,2,0,0,0,0,0,0,"- ","- ",,,"SAN FRANCISCO","SAN FRANCISCO",-122.41777801513672,37.7696533203125
9502404,2022,2022-12-13,3801,2022-06-10,1425,2089,TENDE,5,5,7,3801,0,0,0,,0,COJ2CA,"MARKET ST","4TH ST",0.00,,Y,A,-,N,,,,,,,,,,N,3,0,1,2,A,-,08,22101,D,N,F,C,A,A,H,-,A,A,0,,Y,,,Y,,L,04,0,1,0,0,0,0,1,0,0,"- ","- ",,,"SAN FRANCISCO","SAN FRANCISCO",-122.40589141845703,37.785697937011719
9502451,2022,2022-09-27,3801,2022-07-06,1405,1990,SOUTH,3,5,7,3801,0,0,0,,0,4CAR,"10TH ST","BRYANT ST",0.00,,Y,B,-,N,,,,,,,,,,N,3,0,1,2,A,-,08,22107,,N,B,D,A,A,H,-,A,A,0,,,,,Y,,A,08,0,1,0,0,0,0,0,0,0,"- ","- ",,,"SAN FRANCISCO","SAN FRANCISCO",-122.40973663330078,37.770336151123047
9502456,2022,2022-12-12,3801,2022-04-18,0753,202,TRAFF,1,5,7,3801,0,0,0,,0,4B2F,"MACALLA RD","TREASURE ISLAND RD",60.00,E,N,A,-,N,,,,,,,,,,Y,4,0,1,1,A,-,03,22350,,N,E,I,A,A,D,-,A,D,0,,,,Y,Y,,G,27,0,0,1,0,0,0,0,0,0,"- ","- ",,,"SAN FRANCISCO","SAN FRANCISCO",-122.37078094482422,37.813179016113281
9502472,2022,2022-09-27,3801,2022-08-26,1831,301,INGLE,5,5,7,3801,0,0,0,,0,3H15D,"SAN JOSE AV","SENECA AV",78.00,N,N,B,-,N,,,,,,,,,,Y,4,0,1,2,A,-,08,22107,,N,B,C,A,A,H,-,A,D,0,,,,,Y,,D,22,0,0,1,0,0,0,0,0,0,"- ","- ",,,"SAN FRANCISCO","SAN FRANCISCO",-122.44570159912109,37.721817016601562
9502475,2022,2022-09-22,3801,2022-08-05,1750,1194,SOUTH,5,5,7,3801,0,0,0,,0,0B4,"S VAN NESS AV","20TH ST",120.00,N,N,A,-,N,,,,,,,,,,N,4,0,1,2,A,-,09,21804,A,N,B,C,A,A,G,-,A,D,0,,,,,Y,,A,01,0,0,1,0,0,0,0,0,0,"- ","- ",,,"SAN FRANCISCO","SAN FRANCISCO",-122.41693878173828,37.759090423583984
9502644,2022,2022-10-05,3801,2022-05-05,0938,2402,TARAV,4,5,7,3801,0,0,0,,0,3I13A,"SUNSET BL","JUDAH ST",0.00,,Y,B,-,N,,,,,,,,,,N,4,0,2,3,A,-,03,22350,,N,D,C,A,A,H,-,A,A,0,,,,,Y,,A,01,0,0,2,0,0,0,0,0,0,"- ","- ",,,"SAN FRANCISCO","SAN FRANCISCO",-122.49583435058594,37.760860443115234
9502987,2022,2022-09-19,3801,2022-08-14,2208,1480,MISSI,7,5,7,3801,0,0,0,,0,3D15E,MISSION,"18TH ST",0.00,,Y,A,-,N,,,,,,,,,,Y,4,0,1,2,A,-,12,21453,A,N,D,C,A,A,-,-,C,A,0,,,,,Y,,A,01,0,0,1,0,0,0,0,0,0,"- ","- ",,,"SAN FRANCISCO","SAN FRANCISCO",-122.41936492919922,37.7618408203125
9503043,2022,2022-09-21,3801,2022-08-18,1650,1544,CENTR,4,5,7,3801,0,0,0,,0,3A14D,"THE EMBARCADERO",BATTERY,50.00,S,N,A,-,N,,,,,,,,,,N,4,0,1,2,A,-,03,22350,A,N,C,C,A,A,H,-,A,D,0,,,Y,,Y,,A,01,0,0,1,0,0,0,0,0,1,"- ","- ",,,"SAN FRANCISCO","SAN FRANCISCO",-122.40191650390625,37.803867340087891
9503046,2022,2022-10-11,3801,2022-08-17,1524,2407,MISSI,3,5,7,3801,0,0,0,,0,3D11D,HARRISON,16TH,30.00,S,N,A,-,N,,,,,,,,,,N,4,0,1,2,A,-,04,21703,,N,-,-,A,A,H,-,A,A,0,,Y,,,Y,Y,-,"- ",0,0,1,0,0,0,1,0,0,"- ","- ",,,"SAN FRANCISCO","SAN FRANCISCO",-122.41313934326172,37.765369415283203
9503048,2022,2022-09-21,3801,2022-08-05,2230,221,RICHM,5,5,7,3801,0,0,0,,0,3G12E,"FULTON ST","DIVISADERO ST",0.00,,Y,A,-,N,,,,,,,,,,N,3,0,1,2,A,-,08,22107,,N,B,G,A,A,H,-,C,A,0,,Y,,,Y,,A,01,0,1,0,0,0,0,1,0,0,"- ","- ",,,"SAN FRANCISCO","SAN FRANCISCO",-122.43816375732422,37.776859283447266
9503049,2022,2022-09-21,3801,2022-08-19,0758,610,MISSI,5,5,7,3801,0,0,0,,0,3D16A,"HARRISON ST","17TH ST",35.00,N,N,B,-,N,,,,,,,,,,Y,3,0,1,2,A,-,03,22350,,N,B,C,A,A,H,-,A,A,0,,,Y,,Y,,C,02,0,1,0,0,0,0,0,0,1,"- ","- ",,,"SAN FRANCISCO","SAN FRANCISCO",-122.41303253173828,37.764186859130859
9503067,2022,2022-10-07,3801,2022-08-27,1623,1631,SOUTH,6,5,7,3801,0,0,0,,0,3B13D,"2ND ST","CLEMENTINA ST",0.00,,Y,A,-,N,,,,,,,,,,N,4,0,1,2,A,-,03,22350,,N,D,C,A,A,H,-,A,D,0,,,,,Y,,-,,0,0,1,0,0,0,0,0,0,"- ","- ",,,"SAN FRANCISCO","SAN FRANCISCO",-122.39724731445312,37.785995483398438
9503070,2022,2022-09-22,3801,2022-08-08,1421,4022,MISSI,1,5,7,3801,0,0,0,,0,3D14C,"VALENCIA ST","16TH ST",192.00,N,N,A,-,N,,,,,,,,,,N,3,0,1,2,A,-,06,21755,A,N,B,C,A,A,H,-,A,A,0,,,Y,,Y,,C,02,0,1,0,0,0,0,0,0,1,"- ","- ",,,"SAN FRANCISCO","SAN FRANCISCO",-122.42192840576172,37.765438079833984
9503086,2022,2022-09-21,3801,2022-08-15,1700,2725,RICHM,1,5,7,3801,0,0,0,,0,,"GEARY BL","STANYAN ST",0.00,,Y,A,-,N,,,,,,,,,,Y,2,0,1,2,A,-,09,21801,,N,D,C,A,A,H,-,A,A,0,,,Y,,Y,,A,01,1,0,0,0,0,0,0,0,1,"- ","- ",,,"SAN FRANCISCO","SAN FRANCISCO",-122.45630645751953,37.781440734863281
9503088,2022,2022-10-12,3801,2022-08-12,1859,1173,RICHM,5,5,7,3801,0,0,0,,0,901,"FULTON ST","18TH AV",0.00,,Y,A,-,N,,,,,,,,,,N,3,0,1,1,A,-,03,22350,,N,H,-,A,A,H,-,A,A,0,,,Y,,Y,,C,02,0,1,0,0,0,0,0,0,1,"- ","- ",,,"SAN FRANCISCO","SAN FRANCISCO",-122.47669982910156,37.772899627685547
9503094,2022,2022-09-21,3801,2022-08-14,0830,1605,NORTH,7,5,7,3801,0,0,0,,0,3E13A,"MCALLISTER ST","POLK ST",131.00,W,N,A,-,N,,,,,,,,,,N,4,0,1,2,A,-,08,22107,,N,D,B,A,A,H,-,A,D,0,,,,,Y,,A,01,0,0,1,0,0,0,0,0,0,"- ","- ",,,"SAN FRANCISCO","SAN FRANCISCO",-122.41904449462891,37.78021240234375
9503096,2022,2022-10-11,3801,2022-08-12,0900,SCOTT,INGLE,5,5,7,3801,0,0,0,,0,3H13A,"MISSION ST","ST MARYS AV",38.00,N,N,A,-,N,,,,,,,,,,Y,3,0,1,2,A,-,07,21658,A,N,B,C,A,A,H,-,A,D,0,,,,,Y,,A,07,0,1,0,0,0,0,0,0,0,"- ","- ",,,"SAN FRANCISCO","SAN FRANCISCO",-122.42604064941406,37.734031677246094
9503099,2022,2022-09-21,3801,2022-08-02,1606,54,NORTH,2,5,7,3801,0,0,0,,0,3E11D,"MARKET ST","FRANKLIN ST",2.00,E,N,A,-,N,,,,,,,,,,N,4,0,1,2,A,-,17,21209,A,N,D,C,A,A,H,-,A,A,0,,,,,Y,,A,01,0,0,1,0,0,0,0,0,0,"- ","- ",,,"SAN FRANCISCO","SAN FRANCISCO",-122.42070770263672,37.774024963378906
9503107,2022,2022-09-21,3801,2022-08-14,1455,2491,SOUTH,7,5,7,3801,0,0,0,,0,3B14D,"3RD ST","BRYANT ST",0.00,,Y,A,-,N,,,,,,,,,,N,4,0,1,2,A,-,08,22107,,N,B,C,A,A,H,-,A,A,0,,,,,Y,,A,07,0,0,1,0,0,0,0,0,0,"- ","- ",,,"SAN FRANCISCO","SAN FRANCISCO",-122.39585113525391,37.781307220458984
9503112,2022,2022-10-11,3801,2022-08-11,2120,1350,BAYVI,4,5,7,3801,0,0,0,,0,3C13E,"AMADOR ST","ILLINOIS ST",0.00,,Y,A,-,N,,,,,,,,,,N,4,0,1,2,A,-,12,21453,A,N,D,-,A,A,H,-,C,A,0,,Y,,,Y,,-,"- ",0,0,1,0,0,0,1,0,0,"- ","- ",,,"SAN FRANCISCO","SAN FRANCISCO",-122.38603973388672,37.745765686035156
9503114,2022,2022-09-21,3801,2022-08-10,1335,986,TARAV,3,5,7,3801,0,0,0,,0,3113B,"19TH AV","NORIEGA ST",0.00,,Y,A,-,N,,,,,,,,,,Y,4,0,7,6,A,-,03,22350,,N,C,C,A,A,H,-,A,A,0,,,,,Y,,A,07,0,0,7,0,0,0,0,0,0,"- ","- ",,,"SAN FRANCISCO","SAN FRANCISCO",-122.4764404296875,37.754215240478516
9503120,2022,2022-10-12,3801,2022-08-11,2112,1769,MISSI,4,5,7,3801,0,0,0,,0,3D11E,"VALENCIA ST","16TH ST",66.00,N,N,A,-,N,,,,,,,,,,Y,3,0,1,2,A,-,08,22102,,F,A,C,A,A,H,-,C,A,0,,,,,Y,,A,01,0,1,0,0,0,0,0,0,0,"- ","- ",,,"SAN FRANCISCO","SAN FRANCISCO",-122.42190551757812,37.765090942382812
9503145,2022,2022-09-19,3801,2022-07-29,2342,1166,INGLE,5,5,7,3801,0,0,0,,0,3H16E,"MISSION ST","GENEVA AV",0.00,,Y,B,F,N,,,,,,,,,,N,4,0,1,2,A,-,10,21950,A,N,G,B,B,B,H,-,C,A,0,Y,,,,Y,Y,A,01,0,0,1,0,1,0,0,0,0,"- ","- ",,,"SAN FRANCISCO","SAN FRANCISCO",-122.44100189208984,37.716388702392578
9503151,2022,2022-09-19,3801,2022-07-29,0813,2093,NORTH,5,5,7,3801,0,0,0,,0,3E14A,"FILLMORE ST","BAY ST",0.00,,Y,A,-,N,,,,,,,,,,N,4,0,1,2,A,-,03,22350,,F,D,C,A,A,H,-,A,A,0,,,,,Y,Y,A,01,0,0,1,0,0,0,0,0,0,"- ","- ",,,"SAN FRANCISCO","SAN FRANCISCO",-122.43667602539062,37.802707672119141
9503152,2022,2022-09-19,3801,2022-07-28,1455,301,INGLE,4,5,7,3801,0,0,0,,0,3H13C,"GENEVA AV","SAN JOSE AV",265.00,W,N,B,-,N,,,,,,,,,,Y,4,0,2,2,C,-,18,,,N,A,C,A,A,H,-,A,A,0,,,,,Y,Y,-,"- ",0,0,2,0,0,0,0,0,0,"- ","- ",,,"SAN FRANCISCO","SAN FRANCISCO",-122.44744873046875,37.721061706542969
9503154,2022,2022-09-19,3801,2022-07-28,0146,1750,NORTH,4,5,7,3801,0,0,0,,0,0E3,"CALIFORNIA ST","POLK ST",63.00,W,N,-,-,N,,,,,,,,,,Y,3,0,1,2,A,-,03,22350,,N,C,E,A,A,H,-,C,A,0,,,,,Y,,A,01,0,1,0,0,0,0,0,0,0,"- ","- ",,,"SAN FRANCISCO","SAN FRANCISCO",-122.4208984375,37.790542602539062
9503156,2022,2022-09-19,3801,2022-07-28,1604,1833,NORTH,4,5,7,3801,0,0,0,,0,3E13D,"FRANKLIN ST","ELLIS ST",0.00,,Y,A,-,N,,,,,,,,,,Y,3,0,1,2,A,-,03,22350,A,F,E,B,F,A,H,-,A,A,0,Y,,,,Y,,A,01,0,1,0,0,1,0,0,0,0,"- ","- ",,,"SAN FRANCISCO","SAN FRANCISCO",-122.42264556884766,37.783611297607422
9503158,2022,2022-09-28,3801,2022-07-28,1236,1396,SOUTH,4,5,7,3801,0,0,0,,0,3B1A,"FOLSOM ST","10TH ST",0.00,,Y,A,-,N,,,,,,,,,,N,4,0,1,2,A,-,"- ",,,N,D,C,A,A,H,-,A,B,0,,,,,Y,,-,"- ",0,0,1,0,0,0,0,0,0,"- ","- ",,,"SAN FRANCISCO","SAN FRANCISCO",-122.41281890869141,37.772819519042969
9503159,2022,2022-09-19,3801,2022-07-28,2353,821,SOUTH,4,5,7,3801,0,0,0,,0,03E,"MCALLISTER ST","FRANKLIN ST",0.00,,Y,A,-,N,,,,,,,,,,,4,0,1,2,A,-,08,22107,,F,-,G,A,A,H,-,C,A,0,,Y,,,Y,,-,,0,0,1,0,0,0,1,0,0,"- ","- ",,,"SAN FRANCISCO","SAN FRANCISCO",-122.42189025878906,37.779876708984375
9503163,2022,2022-09-19,3801,2022-07-30,1500,4187,NORTH,6,5,7,3801,0,0,0,,0,3E12D,"MCALLISTER ST","BUCHANAN ST",30.00,W,N,A,-,N,,,,,,,,,,N,3,0,1,1,A,-,17,21235,G,N,E,I,A,A,H,-,A,D,0,,,,,Y,,M,94,0,1,0,0,0,0,0,0,0,"- ","- ",,,"SAN FRANCISCO","SAN FRANCISCO",-122.42866516113281,37.779029846191406
9503170,2022,2022-09-19,3801,2022-07-02,1950,1453,CENTR,6,5,7,3801,0,0,0,,0,3A14D,"WASHINGTON ST","KEARNY ST",0.00,,Y,B,-,N,,,,,,,,,,N,3,0,1,2,A,-,12,22450,A,N,D,B,E,A,H,-,A,D,0,Y,,,,Y,,N,60,0,1,0,0,1,0,0,0,0,"- ","- ",,,"SAN FRANCISCO","SAN FRANCISCO",-122.40496063232422,37.795330047607422
9503223,2022,2022-09-21,3801,2022-08-20,2200,1372,INGLE,6,5,7,3801,0,0,0,,0,3H13E,"ALEMANY BL","PUTNAM ST",300.00,W,N,A,-,N,,,,,,,,,,Y,4,0,1,4,A,-,03,22350,,F,B,C,A,A,H,-,C,D,0,,,,,Y,,A,01,0,0,1,0,0,0,0,0,0,"- ","- ",,,"SAN FRANCISCO","SAN FRANCISCO",-122.41169738769531,37.734363555908203