CASE_ID,ACCIDENT_YEAR,PROC_DATE,JURIS,COLLISION_DATE,COLLISION_TIME,OFFICER_ID,REPORTING_DISTRICT,DAY_OF_WEEK,CHP_SHIFT,POPULATION,CNTY_CITY_LOC,SPECIAL_COND,BEAT_TYPE,CHP_BEAT_TYPE,CITY_DIVISION_LAPD,CHP_BEAT_CLASS,BEAT_NUMBER,PRIMARY_RD,SECONDARY_RD,DISTANCE,DIRECTION,INTERSECTION,WEATHER_1,WEATHER_2,STATE_HWY_IND,CALTRANS_COUNTY,CALTRANS_DISTRICT,STATE_ROUTE,ROUTE_SUFFIX,POSTMILE_PREFIX,POSTMILE,LOCATION_TYPE,RAMP_INTERSECTION,SIDE_OF_HWY,TOW_AWAY,COLLISION_SEVERITY,NUMBER_KILLED,NUMBER_INJURED,PARTY_COUNT,PRIMARY_COLL_FACTOR,PCF_CODE_OF_VIOL,PCF_VIOL_CATEGORY,PCF_VIOLATION,PCF_VIOL_SUBSECTION,HIT_AND_RUN,TYPE_OF_COLLISION,MVIW,PED_ACTION,ROAD_SURFACE,ROAD_COND_1,ROAD_COND_2,LIGHTING,CONTROL_DEVICE,CHP_ROAD_TYPE,PEDESTRIAN_ACCIDENT,BICYCLE_ACCIDENT,MOTORCYCLE_ACCIDENT,TRUCK_ACCIDENT,NOT_PRIVATE_PROPERTY,ALCOHOL_INVOLVED,STWD_VEHTYPE_AT_FAULT,CHP_VEHTYPE_AT_FAULT,COUNT_SEVERE_INJ,COUNT_VISIBLE_INJ,COUNT_COMPLAINT_PAIN,COUNT_PED_KILLED,COUNT_PED_INJURED,COUNT_BICYCLIST_KILLED,COUNT_BICYCLIST_INJURED,COUNT_MC_KILLED,COUNT_MC_INJURED,PRIMARY_RAMP,SECONDARY_RAMP,LATITUDE,LONGITUDE,COUNTY,CITY,POINT_X,POINT_Y
9503225,2022,2022-09-21,3801,2022-08-24,1022,796,NORTH,3,5,7,3801,0,0,0,,0,3E13A,"POLK ST","ELLIS ST",0.00,,Y,A,-,N,,,,,,,,,,N,3,0,1,2,A,-,08,22101,D,N,D,G,A,A,H,-,A,A,0,,Y,,,Y,,A,01,0,1,0,0,0,0,1,0,0,"- ","- ",,,"SAN FRANCISCO","SAN FRANCISCO",-122.41934967041016,37.784042358398438
9503238,2022,2022-09-21,3801,2022-08-30,0600,310,SOUTH,2,5,7,3801,0,0,0,,0,3B2A,"MISSION ST","3RD ST",0.00,,Y,A,-,N,,,,,,,,,,N,3,0,1,2,A,-,12,21453,A,F,D,J,A,A,H,-,C,A,0,,,,,Y,,A,01,0,1,0,0,0,0,0,0,0,"- ","- ",,,"SAN FRANCISCO","SAN FRANCISCO",-122.40200042724609,37.786266326904297
9503239,2022,2022-09-21,3801,2022-08-17,1404,1994,TRAFF,3,5,7,3801,0,0,0,,0,4B3D,"3RD ST","22ND ST",0.00,,Y,A,-,N,,,,,,,,,,N,4,0,2,2,A,-,08,22101,D,N,D,F,A,A,H,-,A,A,0,,,,,Y,,A,01,0,0,2,0,0,0,0,0,0,"- ","- ",,,"SAN FRANCISCO","SAN FRANCISCO",-122.388427734375,37.757953643798828
9503241,2022,2022-09-22,3801,2022-08-08,0814,1693,BAYVI,1,5,7,3801,0,0,0,,0,901,"MISSISSIPPI ST","MARIPOSA ST",0.00,,Y,A,-,N,,,,,,,,,,N,3,0,1,2,A,-,12,22450,A,F,D,G,A,A,H,-,A,A,0,,Y,,,Y,,-,99,0,1,0,0,0,0,1,0,0,"- ","- ",,,"SAN FRANCISCO","SAN FRANCISCO",-122.39473724365234,37.763980865478516
9503243,2022,2022-09-21,3801,2022-08-06,1748,1952,BAYVI,6,5,7,3801,0,0,0,,0,3C15D,"REVERE AV","LANE ST",30.00,E,N,A,-,N,,,,,,,,,,N,4,0,2,2,A,-,08,22107,,N,B,C,A,A,H,-,A,A,0,,,,,Y,,B,01,0,0,2,0,0,0,0,0,0,"- ","- ",,,"SAN FRANCISCO","SAN FRANCISCO",-122.39009857177734,37.731624603271484
9503244,2022,2022-10-07,3801,2022-08-09,1000,1906,NORTH,2,5,7,3801,0,0,0,,0,3E6,"FRANKLIN ST","SACRAMENTO ST",3.00,S,N,A,-,N,,,,,,,,,,N,4,0,1,2,A,-,12,21453,A,N,D,C,A,A,H,-,A,A,0,,,,,Y,,-,,0,0,1,0,0,0,0,0,0,"- ","- ",,,"SAN FRANCISCO","SAN FRANCISCO",-122.42415618896484,37.791080474853516
9503247,2022,2022-09-21,3801,2022-08-09,1340,310,SOUTH,2,5,7,3801,0,0,0,,0,3B12A,"4TH ST","FOLSOM ST",0.00,,Y,A,-,N,,,,,,,,,,Y,3,0,1,2,A,-,08,22100,B,F,D,C,A,A,H,-,A,A,0,,,,,Y,,A,01,0,1,0,0,0,0,0,0,0,"- ","- ",,,"SAN FRANCISCO","SAN FRANCISCO",-122.40116119384766,37.782035827636719
9503250,2022,2022-09-21,3801,2022-08-05,2153,4039,CENTR,5,5,7,3801,0,0,0,,0,3A4,BROADWAY,"SANSOME ST",0.00,,Y,A,-,N,,,,,,,,,,N,3,0,2,3,A,-,10,21954,B,N,G,B,D,A,H,-,C,A,0,Y,,,,Y,,A,01,0,2,0,0,2,0,0,0,0,"- ","- ",,,"SAN FRANCISCO","SAN FRANCISCO",-122.40222930908203,37.798450469970703
9503256,2022,2022-09-21,3801,2022-08-16,1901,2215,NORTH,2,5,7,3801,0,0,0,,0,3E12D,"EDDY ST","FILLMORE ST",130.00,W,N,A,-,N,,,,,,,,,,N,4,0,1,2,A,-,21,22106,,N,B,C,A,A,H,-,B,D,0,,,,,Y,,A,01,0,0,1,0,0,0,0,0,0,"- ","- ",,,"SAN FRANCISCO","SAN FRANCISCO",-122.43276214599609,37.781364440917969
9503259,2022,2022-10-10,3801,2022-08-08,1704,796,NORTH,1,5,7,3801,0,0,0,,0,3E11D,"FILLMORE ST","FELL ST",117.00,N,N,A,-,N,,,,,,,,,,Y,3,0,3,2,A,-,03,22350,,N,C,C,A,A,H,-,A,A,0,,,,,Y,,I,19,0,1,2,0,0,0,0,0,0,"- ","- ",,,"SAN FRANCISCO","SAN FRANCISCO",-122.43106079101562,37.77520751953125
9503261,2022,2022-10-07,3801,2022-08-24,2023,4046,INGLE,3,5,7,3801,0,0,0,,0,3H15D,"ALEMANY BL","ADMIRAL AV",58.00,W,N,A,-,N,,,,,,,,,,Y,2,0,2,1,A,-,03,22350,,F,A,I,A,A,H,-,C,A,0,,,,,Y,,A,07,1,1,0,0,0,0,0,0,0,"- ","- ",,,"SAN FRANCISCO","SAN FRANCISCO",-122.43115234375,37.730567932128906
9503263,2022,2022-09-21,3801,2022-08-24,0057,2750,BAYVI,3,5,7,3801,0,0,0,,0,5CAR,QUESADA,"LANE ST",0.00,,Y,A,-,N,,,,,,,,,,Y,3,0,2,5,A,-,03,22350,,N,D,C,A,A,H,-,C,-,0,,,,,Y,,A,01,0,1,1,0,0,0,0,0,0,"- ","- ",,,"SAN FRANCISCO","SAN FRANCISCO",-122.38960266113281,37.732292175292969
9503264,2022,2022-09-21,3801,2022-08-24,1848,1952,BAYVI,3,5,7,3801,0,0,0,,0,3C13D,"3RD ST","LA SALLE AV",0.00,,Y,B,-,N,,,,,,,,,,Y,3,0,1,2,A,-,12,21453,A,N,D,C,A,A,H,-,A,A,0,,,,,Y,,A,01,0,1,0,0,0,0,0,0,0,"- ","- ",,,"SAN FRANCISCO","SAN FRANCISCO",-122.38993835449219,37.737216949462891
9503267,2022,2022-09-21,3801,2022-08-26,1407,677,SOUTH,5,5,7,3801,0,0,0,,0,3B11C,"BERRY ST","3RD ST",100.00,W,N,A,-,N,,,,,,,,,,N,2,0,1,3,A,-,08,22107,,N,D,C,A,A,H,-,A,A,0,,,,,Y,,A,01,1,0,0,0,0,0,0,0,0,"- ","- ",,,"SAN FRANCISCO","SAN FRANCISCO",-122.391357421875,37.777336120605469
9503281,2022,2022-09-21,3801,2022-06-29,1740,17711740,TENDE,3,5,7,3801,0,0,0,,0,3J14D,"CHARLES J BRENHAM PL","MARKET ST",0.00,,Y,A,-,N,,,,,,,,,,Y,4,0,1,2,A,-,08,22107,,N,A,C,A,A,H,-,A,A,0,,,,,Y,Y,A,01,0,0,1,0,0,0,0,0,0,"- ","- ",37.780658721923828,-122.41271209716797,"SAN FRANCISCO","SAN FRANCISCO",-122.41251373291016,37.780479431152344
9503395,2022,2022-09-23,3801,2022-08-21,1444,1978,BAYVI,7,5,7,3801,0,0,0,,0,004,"MANSELL ST","HAMILTON ST",0.00,,Y,A,-,N,,,,,,,,,,N,3,0,1,2,A,-,10,21950,A,F,G,B,B,A,H,-,A,A,0,Y,,,,Y,Y,-,99,0,1,0,0,1,0,0,0,0,"- ","- ",,,"SAN FRANCISCO","SAN FRANCISCO",-122.40703582763672,37.720096588134766
9503433,2022,2022-09-23,3801,2022-06-23,1600,2210,SOUTH,4,5,7,3801,0,0,0,,0,0B2,"3RD ST","FOLSOM ST",0.00,,Y,A,-,N,,,,,,,,,,N,4,0,1,2,A,-,08,22107,,N,D,J,A,A,H,-,A,A,0,,,,,Y,,A,01,0,0,1,0,0,0,0,0,0,"- ","- ",,,"SAN FRANCISCO","SAN FRANCISCO",-122.39896392822266,37.783782958984375
9503616,2022,2022-09-26,3801,2022-08-09,0904,892,SOUTH,2,5,7,3801,0,0,0,,0,0B4,"9TH ST","FOLSOM ST",0.00,,Y,A,-,N,,,,,,,,,,Y,3,0,1,2,A,-,06,21750,,N,D,C,A,A,H,-,A,A,0,,,Y,,Y,,C,02,0,1,0,0,0,0,0,0,1,"- ","- ",,,"SAN FRANCISCO","SAN FRANCISCO",-122.41161346435547,37.773773193359375
9505122,2022,2022-10-28,3801,2022-06-11,1050,2445,CENTR,6,5,7,3801,0,0,0,,0,,"LEAVENWORTH ST","SUTTER ST",0.00,,Y,A,-,N,,,,,,,,,,Y,4,0,1,1,A,-,03,22350,,N,E,I,A,A,H,-,A,A,0,,,,,Y,,A,01,0,0,1,0,0,0,0,0,0,"- ","- ",,,"SAN FRANCISCO","SAN FRANCISCO",-122.41517639160156,37.788379669189453
9505126,2022,2022-10-10,3801,2022-06-14,1748,426,NORTH,2,5,7,3801,0,0,0,,0,3E13D,"POLK ST","SUTTER ST",0.00,,Y,A,-,N,,,,,,,,,,N,2,0,1,2,A,-,12,21453,,N,D,G,A,A,H,-,A,A,0,,Y,,,Y,,L,04,1,0,0,0,0,0,1,0,0,"- ","- ",,,"SAN FRANCISCO","SAN FRANCISCO",-122.42010498046875,37.787761688232422
9505227,2022,2022-10-11,3801,2022-05-27,1530,544,TENDE,5,5,7,3801,0,0,0,,0,9X13J,"ELLIS ST","MASON ST",60.00,E,N,A,-,N,,,,,,,,,,N,4,0,1,2,C,-,18,,,N,D,C,A,A,H,-,A,D,0,,,,,Y,,-,"- ",0,0,1,0,0,0,0,0,0,"- ","- ",,,"SAN FRANCISCO","SAN FRANCISCO",-122.40925598144531,37.785354614257812
9505230,2022,2022-10-11,3801,2022-05-19,1729,2707,TARAV,4,5,7,3801,0,0,0,,0,4CAR,"PORTOLA DR","SANTA CLARA AV",0.00,,Y,A,-,N,,,,,,,,,,Y,4,0,1,2,A,-,22,23123,5,N,C,C,A,A,H,-,A,A,0,,,Y,,Y,,A,01,0,0,1,0,0,0,0,0,1,"- ","- ",,,"SAN FRANCISCO","SAN FRANCISCO",-122.46619415283203,37.739158630371094
9505236,2022,2022-10-11,3801,2022-08-30,1635,537,PARK,2,5,7,3801,0,0,0,,0,3F12D,"HAIGHT ST","BUENA VISTA EAST",0.00,,Y,A,-,N,,,,,,,,,,Y,4,0,2,2,A,-,09,21801,A,N,A,C,A,A,H,-,A,D,0,,,,,Y,,A,01,0,0,2,0,0,0,0,0,0,"- ","- ",,,"SAN FRANCISCO","SAN FRANCISCO",-122.44032287597656,37.770847320556641
9505655,2022,2022-12-01,3801,2022-10-17,0944,1129,TARAV,1,5,7,3801,0,0,0,,0,003,"SUNSET BL","WAWONA ST",69.00,N,N,A,-,N,,,,,,,,,,N,4,0,2,2,A,-,03,22350,,N,C,C,A,A,H,-,A,A,0,,,,,Y,,A,01,0,0,2,0,0,0,0,0,0,"- ","- ",,,"SAN FRANCISCO","SAN FRANCISCO",-122.494140625,37.736820220947266
9505662,2022,2022-11-21,3801,2022-07-11,1608,200,TENDE,1,5,7,3801,0,0,0,,0,005,"LEAVENWORTH ST","OFARRELL ST",0.00,,Y,A,-,N,,,,,,,,,,N,4,0,2,2,A,-,06,21750,,N,B,C,A,A,H,-,A,A,0,,,,,Y,,A,01,0,0,2,0,0,0,0,0,0,"- ","- ",,,"SAN FRANCISCO","SAN FRANCISCO",-122.41461181640625,37.785598754882812
9505674,2022,2022-11-16,3801,2022-10-25,1253,709,BAYVI,2,5,7,3801,0,0,0,,0,3C90A,"BAY SHORE BL","FITZGERALD AV",0.00,,Y,A,-,N,,,,,,,,,,N,4,0,1,2,A,-,09,21804,A,N,D,J,A,A,H,-,A,A,0,,,,,Y,,I,11,0,0,1,0,0,0,0,0,0,"- ","- ",,,"SAN FRANCISCO","SAN FRANCISCO",-122.40190124511719,37.726921081542969
9505775,2022,2022-11-14,3801,2022-09-02,1619,1994,TRAFF,5,5,7,3801,0,0,0,,0,4B3G,"PORTOLA DR","FOWLER AV",4.00,E,N,A,-,N,,,,,,,,,,Y,2,0,1,1,C,-,18,,,N,-,I,A,A,H,-,A,A,0,,,,,Y,,-,"- ",1,0,0,0,0,0,0,0,0,"- ","- ",,,"SAN FRANCISCO","SAN FRANCISCO",-122.45336151123047,37.744525909423828
9505779,2022,2022-11-18,3801,2022-09-30,0820,298,PARK,5,5,7,3801,0,0,0,,0,3F13A,"GOLDEN GATE AV","MASONIC AV",125.00,E,N,A,-,N,,,,,,,,,,N,3,0,1,2,-,-,"- ",,,N,C,G,A,A,H,-,A,D,0,,Y,,,Y,,-,"- ",0,1,0,0,0,0,1,0,0,"- ","- ",,,"SAN FRANCISCO","SAN FRANCISCO",-122.4464111328125,37.777725219726562
9505783,2022,2022-11-08,3801,2022-09-30,0448,2722,CENTR,5,5,7,3801,0,0,0,,0,3A13E,"CALIFORNIA ST","GRANT AV",0.00,,Y,A,-,N,,,,,,,,,,N,4,0,1,1,A,-,03,22350,,N,E,A,A,A,G,-,C,A,0,,Y,,,Y,Y,L,04,0,0,1,0,0,0,1,0,0,"- ","- ",,,"SAN FRANCISCO","SAN FRANCISCO",-122.40589141845703,37.792457580566406
9505794,2022,2022-11-21,3801,2022-09-29,1050,4187,NORTH,4,5,7,3801,0,0,0,,0,3E15D,"UNION ST","VAN NESS AV",0.00,,Y,A,-,N,,,,,,,,,,N,4,0,1,2,A,-,12,21453,A,F,D,C,A,A,H,-,A,A,0,,,,,Y,,A,01,0,0,1,0,0,0,0,0,0,"- ","- ",,,"SAN FRANCISCO","SAN FRANCISCO",-122.42391967773438,37.798561096191406
9505796,2022,2022-11-18,3801,2022-09-30,1305,4132,MISSI,5,5,7,3801,0,0,0,,0,1CAR,"15TH ST","ALBION ST",40.00,E,N,A,-,N,,,,,,,,,,N,2,0,1,2,A,-,"- ",,,N,D,B,F,A,H,-,A,D,0,Y,Y,,,Y,,L,04,1,0,0,0,1,0,0,0,0,"- ","- ",,,"SAN FRANCISCO","SAN FRANCISCO",-122.42311859130859,37.766460418701172
9505798,2022,2022-11-21,3801,2022-09-29,1049,327,MISSI,4,5,7,3801,0,0,0,,0,3D2A,"VALENCIA ST","14TH ST",60.00,S,N,A,-,N,,,,,,,,,,N,4,0,1,2,A,-,03,22411,,N,A,C,A,A,H,-,A,D,0,,,,,Y,,M,94,0,0,1,0,0,0,0,0,0,"- ","- ",,,"SAN FRANCISCO","SAN FRANCISCO",-122.42216491699219,37.767986297607422
9505803,2022,2022-11-15,3801,2022-10-22,1012,2401,MISSI,6,5,7,3801,0,0,0,,0,3D11A,"16TH ST","CHURCH ST",0.00,,Y,A,-,N,,,,,,,,,,N,4,0,1,2,A,-,12,21453,,N,D,-,A,A,H,-,A,A,0,,,,,Y,,-,,0,0,1,0,0,0,0,0,0,"- ","- ",,,"SAN FRANCISCO","SAN FRANCISCO",-122.42864990234375,37.764503479003906
9505805,2022,2022-11-16,3801,2022-10-19,0838,2453,MISSI,3,5,7,3801,0,0,0,,0,3D16A,"16TH ST","UTAH ST",45.00,E,N,A,-,N,,,,,,,,,,N,3,0,1,2,A,-,17,22517,,N,G,C,A,-,H,-,A,D,0,,,Y,,Y,,A,01,0,1,0,0,0,0,0,0,1,"- ","- ",,,"SAN FRANCISCO","SAN FRANCISCO",-122.40639495849609,37.765846252441406
9505808,2022,2022-11-16,3801,2022-10-12,1915,1435,TRAFF,3,5,7,3801,0,0,0,,0,4B4C,"SCOTT ST","MARINA BL",29.00,S,N,A,-,N,,,,,,,,,,N,2,0,1,2,A,-,06,21755,A,N,D,G,A,A,H,-,C,A,0,,Y,,,Y,,L,04,1,0,0,0,0,0,1,0,0,"- ","- ",,,"SAN FRANCISCO","SAN FRANCISCO",-122.4422607421875,37.805702209472656
9505810,2022,2022-11-16,3801,2022-10-17,1130,2228,CENTR,1,5,7,3801,0,0,0,,0,3A14D,"CHESTNUT ST","MONTGOMERY ST",0.00,,Y,F,-,N,,,,,,,,,,N,4,0,1,2,D,-,00,,,N,C,G,A,A,G,-,A,D,0,,Y,Y,,Y,,-,"- ",0,0,1,0,0,0,1,0,0,"- ","- ",,,"SAN FRANCISCO","SAN FRANCISCO",-122.40515899658203,37.804779052734375
9505822,2022,2022-11-22,3801,2022-10-05,0055,2148,MISSI,3,5,7,3801,0,0,0,,0,3D13E,"22ND ST","CAPP ST",0.00,,Y,A,-,N,,,,,,,,,,N,4,0,1,2,A,-,10,21950,A,F,B,B,B,A,H,-,C,D,0,Y,,,,Y,,-,,0,0,1,0,1,0,0,0,0,"- ","- ",,,"SAN FRANCISCO","SAN FRANCISCO",-122.41765594482422,37.755531311035156
9505826,2022,2022-11-15,3801,2022-10-13,1647,203,MISSI,4,5,7,3801,0,0,0,,0,,"FOLSOM ST","23RD ST",56.00,N,N,A,-,N,,,,,,,,,,N,4,0,2,3,A,-,04,21703,,N,C,C,A,A,H,-,A,A,0,,,,,Y,,A,01,0,0,2,0,0,0,0,0,0,"- ","- ",,,"SAN FRANCISCO","SAN FRANCISCO",-122.41426086425781,37.7542724609375
9505832,2022,2022-11-16,3801,2022-10-16,1708,670,INGLE,7,5,7,3801,0,0,0,,0,,"MISSION ST","TRUMBULL ST",0.00,,Y,A,-,N,,,,,,,,,,N,3,0,1,2,A,-,17,22517,,N,H,G,A,A,H,-,A,D,0,,Y,,,Y,,A,01,0,1,0,0,0,0,1,0,0,"- ","- ",,,"SAN FRANCISCO","SAN FRANCISCO",-122.42925262451172,37.730781555175781
9505934,2022,2022-11-14,3801,2022-10-07,1122,2401,MISSI,5,5,7,3801,0,0,0,,0,3D15A,"24TH ST","POTRERO AV",90.00,W,N,A,-,N,,,,,,,,,,N,4,0,1,2,A,-,11,21955,,F,G,B,D,A,H,-,A,A,0,Y,,,,Y,,N,60,0,0,1,0,1,0,0,0,0,"- ","- ",,,"SAN FRANCISCO","SAN FRANCISCO",-122.40663146972656,37.752960205078125
9505938,2022,2022-11-14,3801,2022-10-13,2111,1198,MISSI,4,5,7,3801,0,0,0,,0,,"MISSION ST","20TH ST",0.00,,Y,A,-,N,,,,,,,,,,N,4,0,1,2,A,-,00,27103,,M,C,D,A,A,H,-,C,A,0,,,,,Y,,A,01,0,0,1,0,0,0,0,0,0,"- ","- ",,,"SAN FRANCISCO","SAN FRANCISCO",-122.41903686523438,37.758628845214844
9505939,2022,2022-11-14,3801,2022-10-13,1220,2263,TARAV,4,5,7,3801,0,0,0,,0,3I11A,"19TH AV",ULLOA,0.00,,Y,A,-,N,,,,,,,,,,N,3,0,1,2,A,-,11,21954,A,N,G,B,B,A,H,-,A,A,0,Y,,,,Y,,N,60,0,1,0,0,1,0,0,0,0,"- ","- ",,,"SAN FRANCISCO","SAN FRANCISCO",-122.47557067871094,37.741195678710938
9505947,2022,2022-11-18,3801,2022-10-05,2207,2023,PARK,3,5,7,3801,0,0,0,,0,001,"WILLARD ST","PARNASSUS AV",35.00,E,N,B,-,N,,,,,,,,,,Y,3,0,2,1,A,-,21,22106,,N,F,I,A,A,H,-,C,D,0,,,,,Y,,A,01,0,1,1,0,0,0,0,0,0,"- ","- ",,,"SAN FRANCISCO","SAN FRANCISCO",-122.4542236328125,37.764331817626953
9505948,2022,2022-11-10,3801,2022-10-05,1150,1631,SOUTH,3,5,7,3801,0,0,0,,0,3B15A,"4TH ST","TOWNSEND ST",0.00,,Y,A,-,N,,,,,,,,,,N,3,0,1,2,A,-,10,21950,A,N,G,B,B,A,H,-,A,A,0,Y,,,,Y,,-,,0,1,0,0,1,0,0,0,0,"- ","- ",,,"SAN FRANCISCO","SAN FRANCISCO",-122.39498901367188,37.777114868164062
9505953,2022,2022-11-10,3801,2022-10-01,2152,1499,MISSI,6,5,7,3801,0,0,0,,0,3D00,"HARRISON ST","11TH ST",0.00,,Y,A,-,N,,,,,,,,,,N,4,0,1,2,A,-,03,22350,,F,B,C,A,A,H,-,C,A,0,,,,,Y,,-,,0,0,1,0,0,0,0,0,0,"- ","- ",,,"SAN FRANCISCO","SAN FRANCISCO",-122.41246795654297,37.770633697509766
9505997,2022,2022-11-10,3801,2022-10-24,1240,2039,TARAV,1,5,7,3801,0,0,0,,0,001,"17TH AV","KIRKHAM ST",140.00,N,N,-,-,N,,,,,,,,,,N,4,0,1,3,A,-,03,22350,,F,G,B,E,A,H,-,A,A,0,Y,,,,Y,,A,01,0,0,1,0,1,0,0,0,0,"- ","- ",,,"SAN FRANCISCO","SAN FRANCISCO",-122.47473907470703,37.76031494140625
9505998,2022,2022-11-10,3801,2022-10-26,1547,1355,TARAV,3,5,7,3801,0,0,0,,0,3I13B,"19TH AV","JUNIPERO SERRA BL",25.00,N,N,A,-,N,,,,,,,,,,N,4,0,1,2,A,-,17,22109,,N,C,C,A,A,H,-,A,A,0,,,,,Y,,A,01,0,0,1,0,0,0,0,0,0,"- ","- ",,,"SAN FRANCISCO","SAN FRANCISCO",-122.47277069091797,37.717235565185547
9506045,2022,2022-11-10,3801,2022-10-15,1722,1527,NORTH,6,5,7,3801,0,0,0,,0,0E3,"EDDY ST","POLK ST",30.00,W,N,A,-,N,,,,,,,,,,N,4,0,1,2,A,-,17,22517,,N,A,G,A,A,H,-,A,D,0,,Y,,,Y,,A,01,0,0,1,0,0,0,1,0,0,"- ","- ",,,"SAN FRANCISCO","SAN FRANCISCO",-122.41928100585938,37.783065795898438
9506052,2022,2022-11-18,3801,2022-10-01,1758,1961,INGLE,6,5,7,3801,0,0,0,,0,3H13D,"TERESITA BL","BELLE VISTA WY",0.00,,Y,B,-,N,,,,,,,,,,N,3,0,1,2,A,-,"- ",,,N,D,B,E,A,H,-,B,A,0,Y,,,,Y,,N,60,0,1,0,0,1,0,0,0,0,"- ","- ",,,"SAN FRANCISCO","SAN FRANCISCO",-122.44645690917969,37.737548828125
9506070,2022,2022-11-10,3801,2022-10-06,1402,936,CENTR,4,5,7,3801,0,0,0,,0,3A3A,"POST ST","STOCKTON ST",0.00,,Y,A,-,N,,,,,,,,,,N,4,0,1,2,A,-,10,21950,A,N,G,B,B,A,H,-,A,A,0,Y,,,,Y,,A,08,0,0,1,0,1,0,0,0,0,"- ","- ",,,"SAN FRANCISCO","SAN FRANCISCO",-122.40676879882812,37.788505554199219
9506077,2022,2022-11-23,3801,2022-10-10,2014,837,CENTR,1,5,7,3801,0,0,0,,0,3A11D,"LARKIN ST","CALIFORNIA ST",0.00,,Y,A,-,N,,,,,,,,,,Y,4,0,1,2,A,-,03,22350,,N,D,C,A,A,H,-,C,A,0,,,Y,,Y,,C,02,0,0,1,0,0,0,0,0,1,"- ","- ",,,"SAN FRANCISCO","SAN FRANCISCO",-122.41903686523438,37.790794372558594
9506324,2022,2022-10-19,3801,2022-09-16,2115,2150,RICHM,5,5,7,3801,0,0,0,,0,0G4,"21ST AV","CALIFORNIA ST",0.00,,Y,A,-,N,,,,,,,,,,N,2,0,2,3,A,-,10,21950,A,N,G,B,B,A,H,-,C,A,0,Y,,,,Y,,A,01,1,0,1,0,2,0,0,0,0,"- ","- ",,,"SAN FRANCISCO","SAN FRANCISCO",-122.48072052001953,37.784069061279297
9506339,2022,2022-10-24,3801,2022-09-16,1655,713,CENTR,5,5,7,3801,0,0,0,,0,3A14D,"COLUBUS AV","GREEN ST",21.00,N,N,A,-,N,,,,,,,,,,N,3,0,1,2,A,-,10,21950,A,N,-,B,B,A,H,-,A,A,0,Y,,,,Y,,M,94,0,1,0,0,1,0,0,0,0,"- ","- ",,,"SAN FRANCISCO","SAN FRANCISCO",-122.40903472900391,37.799537658691406
9506351,2022,2022-10-11,3801,2022-09-01,2100,1537,BAYVI,4,5,7,3801,0,0,0,,0,3C105,"BAYSHORE BL",HESTER,97.00,N,N,A,-,N,,,,,,,,,,Y,4,0,2,1,A,-,03,22350,,F,E,I,A,A,H,-,C,A,0,,,,,Y,,A,07,0,0,2,0,0,0,0,0,0,"- ","- ",,,"SAN FRANCISCO","SAN FRANCISCO",-122.39980316162109,37.713829040527344
9506353,2022,2022-10-11,3801,2022-09-01,1542,4259,RICHM,4,5,7,3801,0,0,0,,0,3G13D,"FULTON ST","ARGUELLO BL",0.00,,Y,A,-,N,,,,,,,,,,Y,4,0,2,2,A,-,10,21950,A,N,G,B,B,A,H,-,A,A,0,Y,,,,Y,,A,01,0,0,2,0,1,0,0,0,0,"- ","- ",,,"SAN FRANCISCO","SAN FRANCISCO",-122.45835113525391,37.774288177490234
9506359,2022,2022-10-11,3801,2022-09-08,1223,1239,MISSI,4,5,7,3801,0,0,0,,0,1CAR,"MARKET ST","DOLORES ST",0.00,,Y,A,-,N,,,,,,,,,,N,3,0,1,2,A,-,11,21453,D,N,G,B,B,A,H,-,A,A,0,Y,,,,Y,Y,N,60,0,1,0,0,1,0,0,0,0,"- ","- ",,,"SAN FRANCISCO","SAN FRANCISCO",-122.42691040039062,37.769203186035156
9506373,2022,2022-10-14,3801,2022-09-16,1657,203,MISSI,5,5,7,3801,0,0,0,,0,,"16TH ST","CAPP ST",0.00,,Y,A,-,N,,,,,,,,,,N,4,0,1,2,A,-,09,21800,A,N,-,G,A,A,H,-,A,A,0,,Y,,,Y,,A,01,0,0,1,0,0,0,1,0,0,"- ","- ",,,"SAN FRANCISCO","SAN FRANCISCO",-122.418701171875,37.765098571777344
9506384,2022,2022-11-04,3801,2022-09-16,1025,1819,NORTH,5,5,7,3801,0,0,0,,0,,"FILLMORE ST","MCALLISTER ST",0.00,,Y,A,-,N,,,,,,,,,,N,3,0,1,2,D,-,00,,,N,B,C,A,A,H,-,A,A,0,,,,,Y,,-,"- ",0,1,0,0,0,0,0,0,0,"- ","- ",,,"SAN FRANCISCO","SAN FRANCISCO",-122.43175506591797,37.778644561767578
9506385,2022,2022-10-31,3801,2022-09-11,1500,2401,MISSI,7,5,7,3801,0,0,0,,0,3D15A,"SOUTH VAN NESS AV","22ND ST",30.00,N,N,A,-,N,,,,,,,,,,N,3,0,1,2,A,-,17,22517,,N,B,-,A,A,H,-,A,A,0,,Y,,,Y,,-,,0,1,0,0,0,0,1,0,0,"- ","- ",,,"SAN FRANCISCO","SAN FRANCISCO",-122.41659545898438,37.755653381347656