CASE_ID,ACCIDENT_YEAR,PROC_DATE,JURIS,COLLISION_DATE,COLLISION_TIME,OFFICER_ID,REPORTING_DISTRICT,DAY_OF_WEEK,CHP_SHIFT,POPULATION,CNTY_CITY_LOC,SPECIAL_COND,BEAT_TYPE,CHP_BEAT_TYPE,CITY_DIVISION_LAPD,CHP_BEAT_CLASS,BEAT_NUMBER,PRIMARY_RD,SECONDARY_RD,DISTANCE,DIRECTION,INTERSECTION,WEATHER_1,WEATHER_2,STATE_HWY_IND,CALTRANS_COUNTY,CALTRANS_DISTRICT,STATE_ROUTE,ROUTE_SUFFIX,POSTMILE_PREFIX,POSTMILE,LOCATION_TYPE,RAMP_INTERSECTION,SIDE_OF_HWY,TOW_AWAY,COLLISION_SEVERITY,NUMBER_KILLED,NUMBER_INJURED,PARTY_COUNT,PRIMARY_COLL_FACTOR,PCF_CODE_OF_VIOL,PCF_VIOL_CATEGORY,PCF_VIOLATION,PCF_VIOL_SUBSECTION,HIT_AND_RUN,TYPE_OF_COLLISION,MVIW,PED_ACTION,ROAD_SURFACE,ROAD_COND_1,ROAD_COND_2,LIGHTING,CONTROL_DEVICE,CHP_ROAD_TYPE,PEDESTRIAN_ACCIDENT,BICYCLE_ACCIDENT,MOTORCYCLE_ACCIDENT,TRUCK_ACCIDENT,NOT_PRIVATE_PROPERTY,ALCOHOL_INVOLVED,STWD_VEHTYPE_AT_FAULT,CHP_VEHTYPE_AT_FAULT,COUNT_SEVERE_INJ,COUNT_VISIBLE_INJ,COUNT_COMPLAINT_PAIN,COUNT_PED_KILLED,COUNT_PED_INJURED,COUNT_BICYCLIST_KILLED,COUNT_BICYCLIST_INJURED,COUNT_MC_KILLED,COUNT_MC_INJURED,PRIMARY_RAMP,SECONDARY_RAMP,LATITUDE,LONGITUDE,COUNTY,CITY,POINT_X,POINT_Y
9506391,2022,2022-10-11,3801,2022-09-18,1720,1414,MISSI,7,5,7,3801,0,0,0,,0,3D14D,"CAPP ST","19TH ST",0.00,,Y,B,C,N,,,,,,,,,,N,4,0,1,2,A,-,10,21950,A,N,A,B,C,B,H,-,A,D,0,Y,,,,Y,,-,,0,0,1,0,1,0,0,0,0,"- ","- ",,,"SAN FRANCISCO","SAN FRANCISCO",-122.41810607910156,37.760292053222656
9506481,2022,2022-11-18,3801,2022-09-13,0800,BASS,SOUTH,2,5,7,3801,0,0,0,,0,3B14A,"9TH ST","CLEMENTINA ST",0.00,,N,A,-,N,,,,,,,,,,Y,2,0,2,3,A,-,03,22350,,N,C,C,A,A,H,-,A,D,0,,,Y,,Y,,C,02,1,0,1,0,0,0,0,0,1,"- ","- ",,,"SAN FRANCISCO","SAN FRANCISCO",-122.41216278076172,37.774188995361328
9506486,2022,2022-10-10,3801,2022-09-10,2254,1961,INGLE,6,5,7,3801,0,0,0,,0,3H15E,"RUSSIA AV","MOSCOW ST",0.00,,Y,B,-,N,,,,,,,,,,Y,4,0,1,2,A,-,12,22450,,N,D,C,A,A,H,-,C,A,0,,,,,Y,,A,01,0,0,1,0,0,0,0,0,0,"- ","- ",,,"SAN FRANCISCO","SAN FRANCISCO",-122.42997741699219,37.718135833740234
9506487,2022,2022-10-20,3801,2022-09-20,0743,2746,RICHM,2,5,7,3801,0,0,0,,0,3G14A,"EL CAMINO DEL MAR","26TH AV",0.00,,Y,A,-,N,,,,,,,,,,N,3,0,1,2,A,-,10,21950,,N,G,B,B,A,H,-,A,D,0,Y,,,,Y,Y,B,01,0,1,0,0,1,0,0,0,0,"- ","- ",,,"SAN FRANCISCO","SAN FRANCISCO",-122.48635101318359,37.787551879882812
9506488,2022,2022-10-10,3801,2022-09-20,1142,1832,TENDE,2,5,7,3801,0,0,0,,0,3J93C,"STEVENSON ST","7TH ST",105.00,W,N,A,-,N,,,,,,,,,,N,4,0,1,2,A,-,11,21954,A,N,G,B,E,-,H,-,A,D,0,Y,,,,Y,,N,60,0,0,1,0,1,0,0,0,0,"- ","- ",,,"SAN FRANCISCO","SAN FRANCISCO",-122.41215515136719,37.779792785644531
9506490,2022,2022-10-10,3801,2022-09-13,1726,4041,TARAV,2,5,7,3801,0,0,0,,0,3I13D,"UPPER GREAT HWY","JUDAH ST",0.00,,Y,A,-,N,,,,,,,,,,N,2,0,1,2,A,-,09,21804,A,N,D,G,A,A,H,-,A,A,0,,Y,,,Y,,L,04,1,0,0,0,0,0,1,0,0,"- ","- ",,,"SAN FRANCISCO","SAN FRANCISCO",-122.50994110107422,37.760246276855469
9506502,2022,2022-10-11,3801,2022-09-12,1500,454,TENDE,1,5,7,3801,0,0,0,,0,003,"LARKIN ST","EDDY ST",0.00,,Y,A,-,N,,,,,,,,,,N,4,0,1,2,A,-,03,22350,,F,C,C,A,A,H,-,A,A,0,,,,,Y,,-,,0,0,1,0,0,0,0,0,0,"- ","- ",,,"SAN FRANCISCO","SAN FRANCISCO",-122.41751861572266,37.783294677734375
9506507,2022,2022-10-11,3801,2022-09-15,1735,1100,TENDE,4,5,7,3801,0,0,0,,0,3J4D,"LEAVENWORTH ST","GOLDEN GATE AV",50.00,S,N,A,-,N,,,,,,,,,,N,4,0,1,2,A,-,21,22106,,F,B,J,A,A,H,-,A,D,0,,,,,Y,,A,07,0,0,1,0,0,0,0,0,0,"- ","- ",,,"SAN FRANCISCO","SAN FRANCISCO",-122.41383361816406,37.781734466552734
9506516,2022,2022-10-11,3801,2022-09-17,2216,22063656,NORTH,6,5,7,3801,0,0,0,,0,3E13E,"FRANKLIN ST","FULTON ST",4.00,N,N,A,-,N,,,,,,,,,,Y,4,0,1,2,A,-,08,22107,,N,B,C,A,A,H,-,C,A,0,,,,,Y,,A,01,0,0,1,0,0,0,0,0,0,"- ","- ",,,"SAN FRANCISCO","SAN FRANCISCO",-122.42172241210938,37.778949737548828
9506528,2022,2022-10-11,3801,2022-09-26,0126,1857,NORTH,1,5,7,3801,0,0,0,,0,3E15E,"LOMBARD ST","FRANKLIN ST",0.00,,Y,B,-,N,,,,,,,,,,Y,4,0,1,2,A,-,12,21453,A,N,D,C,A,A,H,-,C,A,0,,,,,Y,,A,01,0,0,1,0,0,0,0,0,0,"- ","- ",,,"SAN FRANCISCO","SAN FRANCISCO",-122.42620086669922,37.801105499267578
9506535,2022,2022-10-11,3801,2022-09-28,0741,1530,BAYVI,3,5,7,3801,0,0,0,,0,3C11A,"CESAR CHAVEZ ST","EVANS AV",215.00,W,N,A,-,N,,,,,,,,,,N,3,0,1,2,A,-,08,22107,,F,C,G,A,A,H,-,A,A,0,,Y,,,Y,,-,,0,1,0,0,0,0,1,0,0,"- ","- ",,,"SAN FRANCISCO","SAN FRANCISCO",-122.39806365966797,37.749649047851562
9506538,2022,2022-11-03,3801,2022-09-23,1854,2231,SOUTH,5,5,7,3801,0,0,0,,0,3B12D,"5TH ST","MINNA ST",0.00,,Y,A,-,N,,,,,,,,,,N,3,0,2,2,A,-,11,21954,A,N,G,B,E,A,H,-,A,A,0,Y,,,,Y,Y,N,60,0,2,0,0,1,0,0,0,0,"- ","- ",,,"SAN FRANCISCO","SAN FRANCISCO",-122.40592193603516,37.782295227050781
9506542,2022,2022-10-10,3801,2022-09-29,1048,1157,BAYVI,4,5,7,3801,0,0,0,,0,3C15A,"3RD ST","HOLLISTER AV",0.00,,Y,A,-,N,,,,,,,,,,N,4,0,3,2,A,-,03,22350,,N,C,C,A,A,H,-,A,A,0,,,,,Y,,A,01,0,0,3,0,0,0,0,0,0,"- ","- ",,,"SAN FRANCISCO","SAN FRANCISCO",-122.39604949951172,37.721725463867188
9506547,2022,2022-10-31,3801,2022-09-24,1515,1534,INGLE,6,5,7,3801,0,0,0,,0,3H11D,"MISSION ST","CORTLAND AV",0.00,,Y,A,-,N,,,,,,,,,,,3,0,1,2,A,-,03,22350,,N,C,-,A,A,A,-,A,D,0,,Y,,,Y,,L,04,0,1,0,0,0,0,1,0,0,"- ","- ",,,"SAN FRANCISCO","SAN FRANCISCO",-122.42284393310547,37.741012573242188
9506548,2022,2022-10-10,3801,2022-09-24,2309,2164,INGLE,6,5,7,3801,0,0,0,,0,3H13E,"ROLPH ST","PARIS ST",0.00,,Y,A,-,N,,,,,,,,,,N,4,0,1,2,A,-,12,22450,A,F,B,G,A,A,H,-,C,-,0,,Y,,,Y,,-,,0,0,1,0,0,0,1,0,0,"- ","- ",,,"SAN FRANCISCO","SAN FRANCISCO",-122.43990325927734,37.715011596679688
9506550,2022,2022-10-10,3801,2022-09-22,1445,2239,INGLE,4,5,7,3801,0,0,0,,0,3H11D,"ROSENKRANZ ST","CHAPMAN ST",0.00,,N,A,-,N,,,,,,,,,,N,3,0,1,1,D,-,00,,,N,H,-,A,A,H,-,A,D,0,,Y,,,Y,,-,"- ",0,1,0,0,0,0,1,0,0,"- ","- ",,,"SAN FRANCISCO","SAN FRANCISCO",-122.41069030761719,37.741825103759766
9506566,2022,2022-10-10,3801,2022-08-12,1730,899,NORTH,5,5,7,3801,0,0,0,,0,3E90B,"FELL ST","WEBSTER ST",0.00,,Y,A,-,N,,,,,,,,,,,3,0,1,2,A,-,10,21950,A,N,G,B,B,A,H,-,A,A,0,Y,,,,Y,,A,01,0,1,0,0,1,0,0,0,0,"- ","- ",,,"SAN FRANCISCO","SAN FRANCISCO",-122.42932891845703,37.775123596191406
9506575,2022,2022-10-10,3801,2022-08-18,2219,1833,NORTH,4,5,7,3801,0,0,0,,0,3E12E,"MCALLISTER ST","DIVISADERO ST",0.00,,Y,A,-,N,,,,,,,,,,N,2,0,1,2,A,-,11,21950,B,N,G,B,B,A,H,-,C,A,0,Y,,,,Y,,N,60,1,0,0,0,1,0,0,0,0,"- ","- ",,,"SAN FRANCISCO","SAN FRANCISCO",-122.4383544921875,37.777786254882812
9506582,2022,2022-10-11,3801,2022-09-09,0835,2728,TENDE,5,5,7,3801,0,0,0,,0,908,"HYDE ST","GOLDEN GATE AV",0.00,,Y,A,-,N,,,,,,,,,,N,4,0,1,2,A,-,21,22106,,F,G,B,B,A,H,-,A,A,0,Y,,,,Y,,A,01,0,0,1,0,1,0,0,0,0,"- ","- ",,,"SAN FRANCISCO","SAN FRANCISCO",-122.41549682617188,37.781650543212891
9506587,2022,2022-10-11,3801,2022-09-08,1405,2713,TARAV,4,5,7,3801,0,0,0,,0,6CAR,"SARGENT ST","RALSTON ST",0.00,,Y,A,-,N,,,,,,,,,,Y,4,0,1,1,A,-,03,22350,,N,E,I,A,-,H,-,A,D,0,,,,,Y,,A,01,0,0,1,0,0,0,0,0,0,"- ","- ",,,"SAN FRANCISCO","SAN FRANCISCO",-122.46893310546875,37.716091156005859
9506611,2022,2022-10-10,3801,2022-09-17,1809,2704,SOUTH,6,5,7,3801,0,0,0,,0,3B4,"MARKET ST","OCTAVIA ST",0.00,,Y,A,-,N,,,,,,,,,,N,4,0,1,3,A,-,03,22350,,M,C,C,A,A,H,-,A,A,0,,,Y,,Y,,A,01,0,0,1,0,0,0,0,0,0,"- ","- ",,,"SAN FRANCISCO","SAN FRANCISCO",-122.42359161376953,37.771774291992188
9506627,2022,2022-11-04,3801,2022-09-06,2040,1909,NORTH,2,5,7,3801,0,0,0,,0,NORTHE,"GEARY BL","LAGUNA ST",300.00,W,N,A,-,N,,,,,,,,,,N,4,0,2,2,A,-,03,22350,,N,C,D,A,A,H,-,C,A,0,,,Y,,Y,,A,01,0,0,2,0,0,0,0,0,1,"- ","- ",,,"SAN FRANCISCO","SAN FRANCISCO",-122.42902374267578,37.784912109375
9506631,2022,2022-10-10,3801,2022-09-07,0935,1068,NORTH,3,5,7,3801,0,0,0,,0,3E16A,"JACKSON ST","POLK ST",210.00,W,N,A,-,N,,,,,,,,,,N,3,0,1,2,A,-,03,22350,,N,G,B,E,A,H,-,A,D,0,Y,,,,Y,,A,01,0,1,0,0,1,0,0,0,0,"- ","- ",,,"SAN FRANCISCO","SAN FRANCISCO",-122.42211151123047,37.794052124023438
9506632,2022,2022-10-10,3801,2022-09-08,0242,2457,SOUTH,4,5,7,3801,0,0,0,,0,3B15E,"MISSION ST","THE EMBARCADERO",0.00,,Y,A,-,N,,,,,,,,,,Y,4,0,1,1,A,-,03,22350,,N,E,I,A,A,H,-,C,A,0,,,,,Y,,A,01,0,0,1,0,0,0,0,0,0,"- ","- ",,,"SAN FRANCISCO","SAN FRANCISCO",-122.39263153076172,37.793708801269531
9506633,2022,2022-10-10,3801,2022-09-10,1634,2445,SOUTH,6,5,7,3801,0,0,0,,0,3B13D,"BRANNAN ST","9TH ST",0.00,,Y,A,-,N,,,,,,,,,,N,4,0,1,2,A,-,12,21453,A,N,A,C,A,A,H,-,A,A,0,,,Y,,Y,,-,"- ",0,0,1,0,0,0,0,0,1,"- ","- ",,,"SAN FRANCISCO","SAN FRANCISCO",-122.40699005126953,37.770057678222656
9507628,2022,2022-11-30,3801,2022-09-07,1039,1182,INGLE,3,5,7,3801,0,0,0,,0,3H14A,"ALEMANY BL","TINGLEY ST",0.00,,Y,A,-,N,,,,,,,,,,Y,3,0,1,2,A,-,09,21802,A,N,D,C,A,A,H,-,A,A,0,,,,,Y,,D,22,0,1,0,0,0,0,0,0,0,"- ","- ",,,"SAN FRANCISCO","SAN FRANCISCO",-122.43402099609375,37.729358673095703
9507915,2022,2022-10-17,3801,2022-02-07,0807,156,BAYVI,1,5,7,3801,0,0,0,,0,3C60,"JERROLD AV","BAYSHORE BL",0.00,,Y,A,-,N,,,,,,,,,,N,4,0,1,2,A,-,17,21209,,N,D,C,A,A,H,-,A,D,0,,,,,Y,,A,01,0,0,1,0,0,0,0,0,0,"- ","- ",,,"SAN FRANCISCO","SAN FRANCISCO",-122.40361785888672,37.747386932373047
9509951,2022,2022-12-15,3801,2022-11-11,1803,1336,NORTH,5,5,7,3801,0,0,0,,0,0E1,"HAYES ST","FRANKLIN ST",216.00,E,N,A,-,N,,,,,,,,,,N,4,0,1,2,A,-,08,22101,,N,-,C,A,A,H,-,C,A,0,,,,,Y,,A,01,0,0,1,0,0,0,0,0,0,"- ","- ",,,"SAN FRANCISCO","SAN FRANCISCO",-122.42060089111328,37.777175903320312
9509978,2022,2022-12-21,3801,2022-11-27,1703,1582,CENTR,7,5,7,3801,0,0,0,,0,3A14D,"STOCKTON ST","WASHINGTON ST",24.00,N,N,A,-,N,,,,,,,,,,,2,0,1,2,A,-,03,22350,,F,H,B,E,A,H,-,C,A,0,Y,Y,,,Y,,L,04,1,0,0,0,1,0,0,0,0,"- ","- ",,,"SAN FRANCISCO","SAN FRANCISCO",-122.40804290771484,37.795024871826172
9509982,2022,2022-12-16,3801,2022-11-20,1357,1669,TENDE,7,5,7,3801,0,0,0,,0,3J98C,"ELLIS ST","JONES ST",0.00,,Y,A,-,N,,,,,,,,,,Y,4,0,3,2,A,-,03,22350,,N,D,C,A,A,H,-,A,A,0,,,,,Y,,A,01,0,0,3,0,0,0,0,0,0,"- ","- ",,,"SAN FRANCISCO","SAN FRANCISCO",-122.41278076171875,37.784896850585938
9509984,2022,2022-12-16,3801,2022-11-28,2248,2705,BAYVI,1,5,7,3801,0,0,0,,0,3C90A,"QUESADA AV","3RD ST",0.00,,Y,A,-,N,,,,,,,,,,N,4,0,1,2,A,-,10,21950,,N,G,B,B,A,H,-,C,A,0,Y,,,,Y,Y,A,01,0,0,1,0,1,0,0,0,0,"- ","- ",,,"SAN FRANCISCO","SAN FRANCISCO",-122.39132690429688,37.733272552490234
9509985,2022,2022-12-16,3801,2022-11-28,1718,1420,INGLE,1,5,7,3801,0,0,0,,0,3H13D,"SILVER AV","NAPLES ST",20.00,E,N,A,-,N,,,,,,,,,,N,4,0,1,2,A,-,11,21954,A,N,H,B,D,A,H,-,C,D,0,Y,,,,Y,Y,N,60,0,0,1,0,1,0,0,0,0,"- ","- ",,,"SAN FRANCISCO","SAN FRANCISCO",-122.42525482177734,37.728675842285156
9509989,2022,2022-12-16,3801,2022-11-24,2144,2357,TARAV,4,5,7,3801,0,0,0,,0,3116E,"GENEVA AV","RT 280 S",0.00,,Y,A,-,N,,,,,,,,,,Y,4,0,1,2,A,-,12,21453,A,N,D,C,A,A,H,-,C,A,0,,,,,Y,,A,01,0,0,1,0,0,0,0,0,0,"- ","- ",,,"SAN FRANCISCO","SAN FRANCISCO",-122.44821929931641,37.721347808837891
9509995,2022,2022-12-16,3801,2022-11-15,1853,4187,NORTH,2,5,7,3801,0,0,0,,0,3E11D,"SCOTT ST","OAK ST",5.00,S,N,A,-,N,,,,,,,,,,N,3,0,1,2,A,-,08,22107,,N,B,G,A,A,H,-,C,A,0,,Y,,,Y,,L,04,0,1,0,0,0,0,1,0,0,"- ","- ",,,"SAN FRANCISCO","SAN FRANCISCO",-122.43576812744141,37.7733154296875
9509997,2022,2022-12-16,3801,2022-11-16,1455,1695,NORTH,3,5,7,3801,0,0,0,,0,,"DIVISADERO ST","GEARY BL",0.00,,Y,A,-,N,,,,,,,,,,N,4,0,1,2,A,-,08,22101,D,N,A,C,A,A,H,-,A,A,0,,,Y,,Y,,A,07,0,0,1,0,0,0,0,0,1,"- ","- ",,,"SAN FRANCISCO","SAN FRANCISCO",-122.43947601318359,37.783359527587891
9510003,2022,2022-12-21,3801,2022-11-17,1933,246,TARAV,4,5,7,3801,0,0,0,,0,5CAR,"19TH AV","CRESPI DR",0.00,,Y,A,-,N,,,,,,,,,,N,4,0,1,2,A,-,11,21954,A,N,A,B,B,A,H,-,C,A,0,Y,,,,Y,Y,N,60,0,0,1,0,1,0,0,0,0,"- ","- ",,,"SAN FRANCISCO","SAN FRANCISCO",-122.47537231445312,37.720279693603516
9510062,2022,2022-12-08,3801,2022-10-29,1830,2486,TENDE,6,5,7,3801,0,0,0,,0,3J15E,"GEARY ST","LARKIN ST",0.00,,Y,A,-,N,,,,,,,,,,N,4,0,1,2,-,-,"- ",,,N,D,C,A,A,H,-,B,A,0,,,Y,,Y,,-,"- ",0,0,1,0,0,0,0,0,1,"- ","- ",,,"SAN FRANCISCO","SAN FRANCISCO",-122.41810607910156,37.786113739013672
9510303,2022,2022-12-08,3801,2022-09-04,1615,2215,NORTH,7,5,7,3801,0,0,0,,0,3E12D,"SCOTT ST","TURK ST",2.00,N,N,A,-,N,,,,,,,,,,N,3,0,2,2,A,-,11,21954,A,N,D,C,A,A,H,-,A,A,0,,,,,Y,,M,94,0,2,0,0,0,0,0,0,0,"- ","- ",,,"SAN FRANCISCO","SAN FRANCISCO",-122.43705749511719,37.779865264892578
9510304,2022,2022-12-08,3801,2022-09-26,1006,2746,RICHM,1,5,7,3801,0,0,0,,0,3G14A,"FULTON ST","17TH AV",0.00,,Y,A,-,N,,,,,,,,,,Y,2,0,2,4,A,-,05,21460,A,N,A,C,A,A,-,-,A,A,0,,,,,Y,,-,"- ",1,0,1,0,0,0,0,0,0,"- ","- ",,,"SAN FRANCISCO","SAN FRANCISCO",-122.47563171386719,37.772945404052734
9510375,2022,2022-12-21,3801,2022-11-23,0000,1406,TENDE,3,5,7,3801,0,0,0,,0,3J4,"JONES ST","EDDY ST",66.00,N,N,A,-,N,,,,,,,,,,N,4,0,2,2,A,-,03,22350,,F,C,C,A,A,H,-,C,D,0,,,,Y,Y,,F,26,0,0,2,0,0,0,0,0,0,"- ","- ",,,"SAN FRANCISCO","SAN FRANCISCO",-122.41262817382812,37.78411865234375
9510379,2022,2023-01-24,3801,2022-11-28,1256,1952,BAYVI,1,5,7,3801,0,0,0,,0,901,"THOMAS AV","JENNINGS ST",385.00,W,N,A,-,N,,,,,,,,,,Y,3,0,4,3,A,-,03,22350,,F,B,E,A,A,H,-,A,A,0,,,,,Y,,E,22,0,3,1,0,0,0,0,0,0,"- ","- ",,,"SAN FRANCISCO","SAN FRANCISCO",-122.38862609863281,37.728900909423828
9514145,2023,2023-02-22,3801,2023-01-04,"722 ",2039,TARAV,3,5,7,3801,0,0,0,,0,005,"JUNIPERO SERRA BL","19TH AV",0.00,,Y,C,-,Y,SF,4,1,-,R,0.680,I,5,N,Y,3,0,1,1,A,-,03,22350,,N,A,I,A,B,H,-,A,A,0,,,,,Y,,A,01,0,1,0,0,0,0,0,0,0,"- ","- ",,,"SAN FRANCISCO","SAN FRANCISCO",-122.47254943847656,37.717258453369141
9518818,2022,2023-02-02,3801,2022-05-02,1845,1389,BAYVI,1,5,7,3801,0,0,0,,0,3C13D,KISKA,"KISKA 188",0.00,,-,A,-,N,,,,,,,,,,N,4,0,1,1,A,-,03,22350,,N,H,A,A,A,B,-,B,D,0,,Y,,,Y,,L,04,0,0,1,0,0,0,1,0,0,"- ","- ",,,"SAN FRANCISCO","SAN FRANCISCO",,
9520019,2022,2022-11-04,3801,2022-09-28,2321,2157,RICHM,3,5,7,3801,0,0,0,,0,3G13E,"12TH AV","FULTON ST",84.00,S,N,A,-,N,,,,,,,,,,Y,1,1,0,1,A,-,03,22350,,N,E,I,A,A,H,-,C,D,0,,,,,Y,,A,01,0,0,0,0,0,0,0,0,0,"- ","- ",,,"SAN FRANCISCO","SAN FRANCISCO",-122.47016906738281,37.773208618164062
9520819,2023,2023-08-14,3801,2023-05-24,1636,1435,TRAFF,3,5,7,3801,0,0,0,,0,4B4C,"LAGUNA ST","FRANCISCO ST",15.00,N,N,A,-,N,,,,,,,,,,N,1,1,0,2,A,-,21,22106,,N,G,B,B,A,H,-,A,A,0,Y,,,,Y,,A,01,0,0,0,1,0,0,0,0,0,"- ","- ",,,"SAN FRANCISCO","SAN FRANCISCO",-122.43149566650391,37.802410125732422
9520937,2023,2023-09-26,3801,2023-06-24,1444,202,TRAFF,6,5,7,3801,0,0,0,,0,4B2D,"3RD ST","ARTHUR AV",72.00,N,N,A,-,N,,,,,,,,,,Y,1,1,0,1,A,-,03,22350,,N,F,I,A,A,H,-,A,D,0,,,,,Y,,A,01,0,0,0,0,0,0,0,0,0,"- ","- ",,,"SAN FRANCISCO","SAN FRANCISCO",-122.38733673095703,37.746395111083984
9522326,2022,2022-12-19,3801,2022-11-17,2500,740,MISSI,4,5,7,3801,0,0,0,,0,0J2,"MARKET ST","5TH ST",0.00,,Y,A,-,N,,,,,,,,,,N,2,0,1,2,A,-,10,21950,A,N,-,B,B,A,H,-,C,A,0,Y,,,,Y,,A,08,1,0,0,0,1,0,0,0,0,"- ","- ",,,"SAN FRANCISCO","SAN FRANCISCO",-122.40805816650391,37.78399658203125
9522327,2022,2023-01-06,3801,2022-11-10,1732,830,MISSI,4,5,7,3801,0,0,0,,0,3D16C,"S VAN NESS AV","13TH ST",50.00,S,N,A,-,Y,SF,4,101,-,T,4.430,H,-,S,N,2,0,1,2,A,-,08,22107,,F,B,C,A,A,-,-,C,A,0,,,Y,,Y,,-,99,1,0,0,0,0,0,0,0,1,"- ","- ",,,"SAN FRANCISCO","SAN FRANCISCO",-122.41790008544922,37.769432067871094
9522331,2022,2022-12-20,3801,2022-11-18,1851,1806,NORTH,5,5,7,3801,0,0,0,,0,3E13D,"OCTAVIA ST","PAGE ST",0.00,,Y,A,-,N,,,,,,,,,,N,4,0,1,2,A,-,02,22526,A,N,D,G,A,A,H,-,C,A,0,,Y,,,Y,,A,01,0,0,1,0,0,0,1,0,0,"- ","- ",,,"SAN FRANCISCO","SAN FRANCISCO",-122.42411041259766,37.773883819580078
9522335,2022,2022-12-20,3801,2022-11-20,1947,2239,INGLE,7,5,7,3801,0,0,0,,0,3H11D,"PORTOLA DR","EVELYN WY",36.00,W,N,A,-,N,,,,,,,,,,Y,2,0,1,1,A,-,01,23152,A,N,E,I,A,A,H,-,C,A,0,,,,,Y,Y,A,01,1,0,0,0,0,0,0,0,0,"- ","- ",,,"SAN FRANCISCO","SAN FRANCISCO",-122.45436096191406,37.743965148925781
9522344,2022,2022-12-29,3801,2022-11-15,1433,2493,PARK,2,5,7,3801,0,0,0,,0,3F13A,"1380 FELL ST","BAKER ST",0.00,E,N,A,-,N,,,,,,,,,,N,3,0,1,2,A,-,08,22107,,N,H,A,A,A,H,-,A,D,0,,,,,Y,,A,01,0,1,0,0,0,0,0,0,0,"- ","- ",,,"SAN FRANCISCO","SAN FRANCISCO",-122.44093322753906,37.77362060546875
9522345,2022,2022-12-19,3801,2022-11-06,1920,1766,TRAFF,7,5,7,3801,0,0,0,,0,4B103,"MANSELL ST","BRAZIL ST",550.00,E,N,A,-,N,,,,,,,,,,Y,2,0,2,3,A,-,05,21460,A,F,A,C,A,B,H,-,C,D,0,,,,,Y,,A,01,1,0,1,0,0,0,0,0,0,"- ","- ",,,"SAN FRANCISCO","SAN FRANCISCO",-122.42092132568359,37.718704223632812
9522354,2022,2022-12-19,3801,2022-11-22,1705,1897,INGLE,2,5,7,3801,0,0,0,,0,3H13D,"LYELL ST","CAYUGA AV",30.00,E,N,A,-,N,,,,,,,,,,N,4,0,1,2,A,-,17,22517,,N,H,G,A,A,H,-,C,A,0,,Y,,,Y,,A,01,0,0,1,0,0,0,1,0,0,"- ","- ",37.730819702148438,-122.43138122558594,"SAN FRANCISCO","SAN FRANCISCO",-122.43138122558594,37.730953216552734
9522355,2022,2022-12-19,3801,2022-11-26,1536,1512,BAYVI,6,5,7,3801,0,0,0,,0,0C5,"VAN DYKE AV","LANE ST",81.00,E,N,A,-,N,,,,,,,,,,Y,4,0,1,2,A,-,05,21460,A,N,A,C,A,A,H,-,A,A,0,,,,,Y,,A,01,0,0,1,0,0,0,0,0,0,"- ","- ",,,"SAN FRANCISCO","SAN FRANCISCO",-122.39220428466797,37.729011535644531
9522366,2022,2022-12-19,3801,2022-11-23,2013,2379,INGLE,3,5,7,3801,0,0,0,,0,3H16D,"MISSION ST","MURRAY ST",0.00,,Y,A,-,N,,,,,,,,,,Y,4,0,1,2,A,-,01,23152,A,F,G,B,B,A,H,-,C,A,0,Y,,,,Y,Y,A,01,0,0,1,0,1,0,0,0,0,"- ","- ",,,"SAN FRANCISCO","SAN FRANCISCO",-122.42644500732422,37.733669281005859
9522367,2022,2022-12-19,3801,2022-11-22,2040,2028,BAYVI,2,5,7,3801,0,0,0,,0,3C15D,"QUESADA AV","INGALLS ST",0.00,,Y,A,-,N,,,,,,,,,,Y,4,0,2,4,A,-,12,22450,A,F,D,C,A,A,H,-,C,A,0,,,,,Y,,-,99,0,0,2,0,0,0,0,0,0,"- ","- ",,,"SAN FRANCISCO","SAN FRANCISCO",-122.38399505615234,37.729114532470703
9522372,2022,2022-12-28,3801,2022-11-21,1945,1741,SOUTH,1,5,7,3801,0,0,0,,0,901,"FOLSOM ST","1ST ST",0.00,,Y,A,-,N,,,,,,,,,,N,4,0,1,2,A,-,13,22502,,N,A,E,A,A,H,-,C,A,0,,Y,,,Y,,A,01,0,0,1,0,0,0,1,0,0,"- ","- ",,,"SAN FRANCISCO","SAN FRANCISCO",-122.39447021484375,37.787319183349609
9522378,2022,2022-12-19,3801,2022-11-27,1816,301,INGLE,7,5,7,3801,0,0,0,,0,3H15D,"ALEMANY BL","SICKLES AV",0.00,,Y,A,-,N,,,,,,,,,,Y,3,0,2,2,A,-,09,21801,A,N,D,C,A,A,H,-,C,A,0,,,,,Y,,A,07,0,1,1,0,0,0,0,0,0,"- ","- ",,,"SAN FRANCISCO","SAN FRANCISCO",-122.45491790771484,37.710514068603516
9522384,2022,2024-02-01,3801,2022-10-27,0520,2164,INGLE,4,5,7,3801,0,0,0,,0,210007,"RT 280","ALEMANY BL",250.00,S,N,A,-,N,,,,,,,,,,Y,4,0,1,3,A,-,13,22500,G,N,-,-,A,-,H,-,C,D,0,,,Y,,Y,,A,01,0,0,1,0,0,0,0,0,1,NO,"- ",,,"SAN FRANCISCO","SAN FRANCISCO",-122.41539001464844,37.731979370117188
9522388,2022,2022-12-12,3801,2022-10-15,0144,544,TENDE,6,5,7,3801,0,0,0,,0,9X13J,"OFARRELL ST","TAYLOR ST",200.00,E,N,A,-,N,,,,,,,,,,Y,4,0,2,3,A,-,07,21658,A,N,C,E,A,A,H,-,C,D,0,,,,,Y,,A,01,0,0,2,0,0,0,0,0,0,"- ","- ",,,"SAN FRANCISCO","SAN FRANCISCO",-122.41063690185547,37.786106109619141