CASE_ID,ACCIDENT_YEAR,PROC_DATE,JURIS,COLLISION_DATE,COLLISION_TIME,OFFICER_ID,REPORTING_DISTRICT,DAY_OF_WEEK,CHP_SHIFT,POPULATION,CNTY_CITY_LOC,SPECIAL_COND,BEAT_TYPE,CHP_BEAT_TYPE,CITY_DIVISION_LAPD,CHP_BEAT_CLASS,BEAT_NUMBER,PRIMARY_RD,SECONDARY_RD,DISTANCE,DIRECTION,INTERSECTION,WEATHER_1,WEATHER_2,STATE_HWY_IND,CALTRANS_COUNTY,CALTRANS_DISTRICT,STATE_ROUTE,ROUTE_SUFFIX,POSTMILE_PREFIX,POSTMILE,LOCATION_TYPE,RAMP_INTERSECTION,SIDE_OF_HWY,TOW_AWAY,COLLISION_SEVERITY,NUMBER_KILLED,NUMBER_INJURED,PARTY_COUNT,PRIMARY_COLL_FACTOR,PCF_CODE_OF_VIOL,PCF_VIOL_CATEGORY,PCF_VIOLATION,PCF_VIOL_SUBSECTION,HIT_AND_RUN,TYPE_OF_COLLISION,MVIW,PED_ACTION,ROAD_SURFACE,ROAD_COND_1,ROAD_COND_2,LIGHTING,CONTROL_DEVICE,CHP_ROAD_TYPE,PEDESTRIAN_ACCIDENT,BICYCLE_ACCIDENT,MOTORCYCLE_ACCIDENT,TRUCK_ACCIDENT,NOT_PRIVATE_PROPERTY,ALCOHOL_INVOLVED,STWD_VEHTYPE_AT_FAULT,CHP_VEHTYPE_AT_FAULT,COUNT_SEVERE_INJ,COUNT_VISIBLE_INJ,COUNT_COMPLAINT_PAIN,COUNT_PED_KILLED,COUNT_PED_INJURED,COUNT_BICYCLIST_KILLED,COUNT_BICYCLIST_INJURED,COUNT_MC_KILLED,COUNT_MC_INJURED,PRIMARY_RAMP,SECONDARY_RAMP,LATITUDE,LONGITUDE,COUNTY,CITY,POINT_X,POINT_Y
9602235,2023,2023-08-21,3801,2023-07-11,2146,460,INGLE,2,5,7,3801,0,0,0,,0,3H16E,"ALEMANY BL","NAGLEE AV",0.00,,Y,E,-,N,,,,,,,,,,Y,4,0,1,3,A,-,09,21802,A,N,D,C,A,A,H,-,C,-,0,,,,,Y,,A,01,0,0,1,0,0,0,0,0,0,"- ","- ",,,"SAN FRANCISCO","SAN FRANCISCO",,
9602273,2023,2023-08-10,3801,2023-06-28,1514,307,NORTH,3,5,7,3801,0,0,0,,0,3E13D,"OFARRELL ST","POLK ST",151.00,W,N,A,-,N,,,,,,,,,,N,4,0,1,2,A,-,03,22350,,N,D,C,A,A,H,-,A,A,0,,,,,Y,,M,91,0,0,1,0,0,0,0,0,0,"- ","- ",,,"SAN FRANCISCO","SAN FRANCISCO",-122.42006683349609,37.784896850585938
9602274,2023,2023-08-10,3801,2023-06-23,2206,1926,NORTH,5,5,7,3801,0,0,0,,0,3E13E,"OFARRELL ST","VAN NESS AV",0.00,,Y,A,-,N,,,,,,,,,,N,2,0,1,3,A,-,12,21453,A,F,D,B,B,A,H,-,C,-,0,Y,,,,Y,,A,01,1,0,0,0,1,0,0,0,0,"- ","- ",,,"SAN FRANCISCO","SAN FRANCISCO",,
9602275,2023,2023-08-10,3801,2023-06-02,1845,2293,NORTH,5,5,7,3801,0,0,0,,0,0E3,"FRANKLIN ST","REDWOOD ST",0.00,,Y,A,-,N,,,,,,,,,,N,4,0,1,2,A,-,04,21703,,N,C,C,A,A,H,-,A,A,0,,,,,Y,,B,01,0,0,1,0,0,0,0,0,0,"- ","- ",,,"SAN FRANCISCO","SAN FRANCISCO",,
9602295,2023,2023-08-10,3801,2023-06-18,1853,2305,TRAFF,7,5,7,3801,0,0,0,,0,4B3F,"EMBARCADERO NORTH","KEARNY ST",37.00,S,N,A,-,N,,,,,,,,,,Y,4,0,1,2,A,-,03,22350,,F,D,G,A,A,H,-,A,A,0,,Y,,,Y,,A,01,0,0,1,0,0,0,1,0,0,"- ","- ",,,"SAN FRANCISCO","SAN FRANCISCO",-122.40719604492188,37.807353973388672
9603693,2023,2023-08-11,3801,2023-07-11,"430 ",255,INGLE,2,5,7,3801,0,0,0,,0,3H16E,"ALEMANY BL","NAGLEE AV",135.00,N,N,A,-,N,,,,,,,,,,N,2,0,1,2,A,-,11,21954,A,F,G,B,D,A,H,-,C,D,0,Y,,,,Y,,N,60,1,0,0,0,1,0,0,0,0,"- ","- ",,,"SAN FRANCISCO","SAN FRANCISCO",-122.44860076904297,37.714118957519531
9603790,2023,2023-08-22,3801,2023-07-06,"703 ",54,TARAV,4,5,7,3801,0,0,0,,0,3I15A,"SKYLINE BL","LAKE MERCED BL",292.00,N,N,A,-,N,,,,,,,,,,Y,4,0,2,2,A,-,09,21802,A,N,D,C,A,A,H,-,A,A,0,,,,,Y,,A,01,0,0,2,0,0,0,0,0,0,"- ","- ",,,"SAN FRANCISCO","SAN FRANCISCO",-122.498291015625,37.732147216796875
9603816,2023,2023-08-18,3801,2023-07-01,1355,1273,CENTR,6,5,7,3801,0,0,0,,0,3A2A,"KEARNY ST","PINE ST",0.00,,Y,A,-,N,,,,,,,,,,N,4,0,1,2,A,-,08,22107,,N,B,C,A,A,H,-,A,A,0,,,Y,,Y,,A,01,0,0,1,0,0,0,0,0,1,"- ","- ",,,"SAN FRANCISCO","SAN FRANCISCO",,
9603820,2023,2023-09-05,3801,2023-07-22,2314,317,CENTR,6,5,7,3801,0,0,0,,0,SECTOR,"COLUMBUS AV","JONES ST",0.00,,Y,A,-,N,,,,,,,,,,Y,4,0,1,1,A,-,12,21453,A,F,H,I,A,A,H,-,C,A,0,,,,,Y,,A,01,0,0,1,0,0,0,0,0,0,"- ","- ",,,"SAN FRANCISCO","SAN FRANCISCO",,
9603834,2023,2023-08-23,3801,2023-07-21,1710,2139,TARAV,5,5,7,3801,0,0,0,,0,901,"SLOAT BLVD","44TH AV",75.00,E,N,A,-,N,,,,,,,,,,Y,4,0,2,2,C,-,18,,,N,C,E,A,A,H,-,A,A,0,,,,,Y,,-,"- ",0,0,2,0,0,0,0,0,0,"- ","- ",,,"SAN FRANCISCO","SAN FRANCISCO",-122.50175476074219,37.735458374023438
9603835,2023,2023-08-17,3801,2023-07-16,2307,2186,INGLE,7,5,7,3801,0,0,0,,0,3H15E,"MISSION ST","COLLEGE TER",30.00,N,N,A,-,N,,,,,,,,,,Y,2,0,1,4,A,-,01,23153,,N,C,E,A,A,H,-,C,D,0,,,,,Y,Y,A,01,1,0,0,0,0,0,0,0,0,"- ","- ",,,"SAN FRANCISCO","SAN FRANCISCO",-122.42572784423828,37.734344482421875
9603837,2023,2023-08-24,3801,2023-07-14,1700,2479,BAYVI,5,5,7,3801,0,0,0,,0,3C15E,"LANE ST","REVERE AV",0.00,,Y,A,-,N,,,,,,,,,,N,2,0,1,2,A,-,10,21950,A,F,G,B,B,A,H,-,A,A,0,Y,,,,Y,,-,99,1,0,0,0,1,0,0,0,0,"- ","- ",,,"SAN FRANCISCO","SAN FRANCISCO",,
9604453,2023,2023-08-11,3801,2023-06-28,1315,1994,TRAFF,3,5,7,3801,0,0,0,,0,4B3C,"JERROLD AV","NAPOLEON ST",37.00,S,N,A,-,N,,,,,,,,,,N,4,0,1,2,A,-,04,21703,,N,C,C,A,A,H,-,A,D,0,,,,,Y,,J,49,0,0,1,0,0,0,0,0,0,"- ","- ",,,"SAN FRANCISCO","SAN FRANCISCO",-122.40190887451172,37.74591064453125
9605312,2023,2024-01-25,3801,2023-11-30,1400,801,SOUTH,4,5,7,3801,0,0,0,,0,0B2,"4TH ST","HARRISON ST",0.00,,Y,A,-,Y,SF,4,80,-,-,4.914,R,4,W,N,4,0,1,2,A,-,08,22107,,F,D,C,A,A,H,-,A,A,0,,,Y,,Y,,-,99,0,0,1,0,0,0,0,0,1,"- ","- ",,,"SAN FRANCISCO","SAN FRANCISCO",-122.40031433105469,37.779399871826172
9606324,2023,2023-08-15,3801,2023-06-18,1853,4119,TRAFF,7,5,7,3801,0,0,0,,0,4B103,"EMBARCADERO SOUTH","HOWARD ST",0.00,,Y,A,-,N,,,,,,,,,,Y,3,0,2,1,A,-,03,22350,,M,A,I,A,A,H,-,A,A,0,,,,,Y,Y,A,07,0,2,0,0,0,0,0,0,0,"- ","- ",,,"SAN FRANCISCO","SAN FRANCISCO",,
9607143,2023,2023-09-26,3801,2023-08-05,1352,4023,MISSI,6,5,7,3801,0,0,0,,0,006,"17TH ST","UTAH ST",94.00,E,N,A,-,N,,,,,,,,,,N,4,0,1,3,A,-,04,21703,,N,C,C,A,A,H,-,A,D,0,,,,,Y,,A,01,0,0,1,0,0,0,0,0,0,"- ","- ",,,"SAN FRANCISCO","SAN FRANCISCO",-122.40610504150391,37.764575958251953
9608419,2023,2023-08-17,3801,2023-07-17,1717,260,SOUTH,1,5,7,3801,0,0,0,,0,3B12D,"CLARA ST","6TH ST",0.00,,-,A,-,N,,,,,,,,,,N,4,0,1,2,A,-,06,21750,,F,C,G,A,A,D,-,A,D,0,,Y,,,Y,,A,07,0,0,1,0,0,0,1,0,0,"- ","- ",,,"SAN FRANCISCO","SAN FRANCISCO",,
9609413,2023,2023-09-14,3801,2023-08-28,1540,426,NORTH,1,5,7,3801,0,0,0,,0,3E13D,"EDDY ST","POLK ST",191.00,W,N,A,-,N,,,,,,,,,,,3,0,1,2,A,-,21,22106,,F,G,B,E,A,H,-,A,D,0,Y,,,,Y,,D,22,0,1,0,0,1,0,0,0,0,"- ","- ",,,"SAN FRANCISCO","SAN FRANCISCO",-122.41983032226562,37.783000946044922
9610650,2023,2023-09-08,3801,2023-08-06,1941,2038,PARK,7,5,7,3801,0,0,0,,0,3F12D,LINCOLN,"5TH AV",93.00,E,N,A,-,N,,,,,,,,,,Y,4,0,2,3,A,-,07,21658,A,N,B,C,A,A,H,-,B,D,0,,,,,Y,,A,01,0,0,2,0,0,0,0,0,0,"- ","- ",,,"SAN FRANCISCO","SAN FRANCISCO",-122.46183776855469,37.766124725341797
9610664,2023,2023-09-14,3801,2023-08-02,"920 ",4333,NORTH,3,5,7,3801,0,0,0,,0,3E15A,"LOMBARD ST","STEINER ST",212.00,E,N,A,-,N,,,,,,,,,,Y,4,0,1,4,A,-,09,21804,A,N,D,C,A,A,H,-,A,A,0,,,,,Y,,A,01,0,0,1,0,0,0,0,0,0,"- ","- ",,,"SAN FRANCISCO","SAN FRANCISCO",-122.43696594238281,37.799732208251953
9610668,2023,2023-09-14,3801,2023-08-01,1944,704,BAYVI,2,5,7,3801,0,0,0,,0,3C15D,"VAN DYKE AV","KEITH ST",240.00,E,N,A,-,N,,,,,,,,,,Y,3,0,1,2,A,-,21,22106,,N,G,B,E,A,H,-,A,D,0,Y,,,,Y,,A,01,0,1,0,0,1,0,0,0,0,"- ","- ",,,"SAN FRANCISCO","SAN FRANCISCO",-122.38987731933594,37.727710723876953
9610669,2023,2023-09-14,3801,2023-08-01,1505,4212,PARK,2,5,7,3801,0,0,0,,0,3E13D,"ANZA ST","STANYAN ST",0.00,,Y,B,-,N,,,,,,,,,,Y,3,0,3,2,A,-,12,21453,A,N,D,C,A,A,H,-,A,A,0,,,,,Y,,A,01,0,1,2,0,0,0,0,0,0,"- ","- ",,,"SAN FRANCISCO","SAN FRANCISCO",,
9610672,2023,2023-09-14,3801,2023-08-06,2228,2469,SOUTH,7,5,7,3801,0,0,0,,0,3B14E,"DUBOCE AV","GUERRERO ST",0.00,,Y,C,-,N,,,,,,,,,,N,4,0,1,2,A,-,00,21955,A,N,G,B,D,A,-,-,A,A,0,Y,,,,Y,Y,N,60,0,0,1,0,1,0,0,0,0,"- ","- ",,,"SAN FRANCISCO","SAN FRANCISCO",,
9610680,2023,2023-09-14,3801,2023-08-03,2202,1463,SOUTH,4,5,7,3801,0,0,0,,0,0B2,"BRYANT ST","3RD ST",0.00,,Y,A,-,N,,,,,,,,,,N,3,0,1,2,A,-,10,21950,,F,G,B,B,A,H,-,C,A,0,Y,,,,Y,Y,A,01,0,1,0,0,1,0,0,0,0,"- ","- ",,,"SAN FRANCISCO","SAN FRANCISCO",,
9610715,2023,2023-09-18,3801,2023-07-29,2043,1215,MISSI,6,5,7,3801,0,0,0,,0,004,"TREAT AV","26TH ST",119.00,N,N,A,-,N,,,,,,,,,,N,4,0,1,2,A,-,09,21804,A,N,D,G,A,A,H,-,D,D,0,,Y,,,Y,,L,04,0,0,1,0,0,0,1,0,0,"- ","- ",,,"SAN FRANCISCO","SAN FRANCISCO",-122.41270446777344,37.749717712402344
9610719,2023,2023-09-18,3801,2023-07-30,2159,996,BAYVI,7,5,7,3801,0,0,0,,0,3C2,"BAYSHORE BL","OAKDALE AV",398.00,N,N,B,-,N,,,,,,,,,,N,4,0,1,3,A,-,03,22350,,F,C,C,A,A,H,-,C,D,0,,,,,Y,,A,01,0,0,1,0,0,0,0,0,0,"- ","- ",,,"SAN FRANCISCO","SAN FRANCISCO",-122.40457153320312,37.744003295898438
9612747,2023,2023-08-18,3801,2023-04-21,2140,839,CENTR,5,5,7,3801,0,0,0,,0,,"FRONT ST","BROADWAY ST",0.00,,Y,A,-,N,,,,,,,,,,Y,3,0,1,2,A,-,04,21703,,N,C,C,A,A,H,-,C,A,0,,,Y,,Y,,C,03,0,1,0,0,0,0,0,0,1,"- ","- ",,,"SAN FRANCISCO","SAN FRANCISCO",,
9614672,2023,2023-10-17,3801,2023-09-03,1202,4286,RICHM,7,5,7,3801,0,0,0,,0,0G5,"ANZA ST","43RD AV",0.00,,Y,A,-,N,,,,,,,,,,N,4,0,1,2,A,-,09,21800,B,N,D,C,A,A,H,-,A,A,0,,,,,Y,,A,01,0,0,1,0,0,0,0,0,0,"- ","- ",,,"SAN FRANCISCO","SAN FRANCISCO",,
9615455,2023,2023-09-11,3801,2023-05-31,1800,577,TARAV,3,5,7,3801,0,0,0,,0,016,"OCEAN AV","BRIGHTON AV",127.00,E,N,A,-,N,,,,,,,,,,N,4,0,1,2,D,-,00,,,N,B,C,A,A,H,-,A,D,0,,,,,Y,,-,"- ",0,0,1,0,0,0,0,0,0,"- ","- ",,,"SAN FRANCISCO","SAN FRANCISCO",-122.4547119140625,37.723613739013672
9617488,2023,2023-09-08,3801,2023-07-15,1546,1339,TRAFF,6,5,7,3801,0,0,0,,0,4B3D,"COLUMBUS AV","UNION ST",0.00,,Y,A,-,N,,,,,,,,,,N,3,0,1,2,A,-,06,21755,A,N,B,G,A,A,H,-,A,A,0,,,,,Y,,M,91,0,1,0,0,0,0,0,0,0,"- ","- ",,,"SAN FRANCISCO","SAN FRANCISCO",,
9617671,2022,2023-09-14,3801,2022-11-30,1150,1100,TENDE,3,5,7,3801,0,0,0,,0,3J97C,"STEVENSON ALLEY","8TH ST",94.00,W,N,-,-,N,,,,,,,,,,N,4,0,1,2,A,-,06,21750,A,N,B,J,E,A,H,-,A,D,0,Y,,,,Y,,D,22,0,0,1,0,1,0,0,0,0,"- ","- ",,,"SAN FRANCISCO","SAN FRANCISCO",-122.41437530517578,37.778064727783203
9624059,2023,2023-10-17,3801,2023-09-11,"807 ",917,TRAFF,1,5,7,3801,0,0,0,,0,4B2E,"TARAVAL ST","46TH AV",9.00,E,N,A,-,N,,,,,,,,,,N,1,1,0,2,A,-,10,21950,A,N,G,B,B,A,H,-,A,A,0,Y,,,,Y,,A,08,0,0,0,1,0,0,0,0,0,"- ","- ",,,"SAN FRANCISCO","SAN FRANCISCO",-122.50460052490234,37.741771697998047
9624204,2023,2023-11-08,3801,2023-09-12,1536,104,TRAFF,2,5,7,3801,0,0,0,,0,4B4F,"FOLSOM ST","13TH ST",141.00,N,N,A,-,N,,,,,,,,,,Y,1,1,1,3,A,-,09,21801,A,N,C,C,A,A,H,-,A,D,0,,,Y,Y,Y,,A,01,0,0,1,0,0,0,0,1,0,"- ","- ",,,"SAN FRANCISCO","SAN FRANCISCO",-122.41550445556641,37.769901275634766
9624429,2023,2023-09-12,3801,2023-08-24,1222,891,PARK,4,5,7,3801,0,0,0,,0,,STANYAN,PAGE,0.00,,Y,A,-,N,,,,,,,,,,N,3,0,1,2,A,-,17,22517,,N,H,G,A,A,H,-,A,D,0,,Y,,,Y,,D,23,0,1,0,0,0,0,1,0,0,"- ","- ",,,"SAN FRANCISCO","SAN FRANCISCO",,
9625584,2023,2023-10-11,3801,2023-09-14,1612,1534,INGLE,4,5,7,3801,0,0,0,,0,3H15D,"GENEVA AV","PARQUE DR",0.00,,Y,A,-,N,,,,,,,,,,N,4,0,1,2,A,-,09,21800,A,N,D,C,A,A,H,-,A,D,0,,,,,Y,,A,01,0,0,1,0,0,0,0,0,0,"- ","- ",,,"SAN FRANCISCO","SAN FRANCISCO",,
9625588,2023,2023-10-16,3801,2023-08-16,1908,2123,BAYVI,3,5,7,3801,0,0,0,,0,3C12D,"PALOU AV","RANKIN ST",0.00,,Y,A,-,N,,,,,,,,,,Y,4,0,1,2,A,-,12,22450,,F,B,C,A,A,H,-,A,A,0,,,,,Y,,A,01,0,0,1,0,0,0,0,0,0,"- ","- ",,,"SAN FRANCISCO","SAN FRANCISCO",,
9625921,2023,2023-10-17,3801,2023-09-18,1347,1572,SOUTH,1,5,7,3801,0,0,0,,0,3B1A,"2ND ST","TEHAMA ST",0.00,,Y,A,-,N,,,,,,,,,,Y,3,0,2,2,A,-,09,21801,A,N,D,C,A,A,H,-,A,D,0,,,,,Y,,D,22,0,1,1,0,0,0,0,0,0,"- ","- ",,,"SAN FRANCISCO","SAN FRANCISCO",,
9625933,2023,2023-10-18,3801,2023-09-11,1800,1447,PARK,1,5,7,3801,0,0,0,,0,003,"HAYES ST","CLAYTON ST",0.00,,Y,A,-,N,,,,,,,,,,N,2,0,1,3,A,-,11,21954,A,N,G,B,E,A,H,-,A,A,0,Y,,,,Y,Y,N,60,1,0,0,0,1,0,0,0,0,"- ","- ",,,"SAN FRANCISCO","SAN FRANCISCO",,
9626036,2023,2023-10-11,3801,2023-09-15,1921,1021,SOUTH,5,5,7,3801,0,0,0,,0,3B15D,"KING ST","5TH ST",370.00,E,N,A,-,N,,,,,,,,,,Y,4,0,5,3,A,-,03,22350,,N,C,C,A,A,H,-,C,A,0,,,,,Y,,A,01,0,0,5,0,0,0,0,0,0,"- ","- ",,,"SAN FRANCISCO","SAN FRANCISCO",-122.39544677734375,37.775379180908203
9626167,2023,2023-10-11,3801,2023-09-12,"957 ",1068,SOUTH,2,5,7,3801,0,0,0,,0,,"MINNA ST","MINNA ST 142",0.00,,-,A,-,N,,,,,,,,,,N,4,0,1,2,D,-,00,,,N,G,B,E,A,H,-,A,D,0,Y,,,,Y,,-,"- ",0,0,1,0,1,0,0,0,0,"- ","- ",,,"SAN FRANCISCO","SAN FRANCISCO",,
9626180,2023,2023-10-11,3801,2023-09-18,1145,1580,SOUTH,1,5,7,3801,0,0,0,,0,3B14A,"MISSION ST","GRACE ST",0.00,,Y,A,-,N,,,,,,,,,,N,2,0,1,2,A,-,12,22450,A,N,D,J,A,A,H,-,A,A,0,,,,,Y,,A,01,1,0,0,0,0,0,0,0,0,"- ","- ",,,"SAN FRANCISCO","SAN FRANCISCO",,
9626195,2023,2023-10-11,3801,2023-09-05,1536,1226,SOUTH,2,5,7,3801,0,0,0,,0,,"BRYANT ST","BRYANT ST 1060",0.00,,Y,A,-,N,,,,,,,,,,N,4,0,1,2,A,-,17,21208,A,N,H,-,A,A,-,-,A,D,0,,Y,,,Y,,L,04,0,0,1,0,0,0,1,0,0,"- ","- ",,,"SAN FRANCISCO","SAN FRANCISCO",,
9626205,2023,2023-10-13,3801,2023-09-19,"702 ",2161,MISSI,2,5,7,3801,0,0,0,,0,3D13A,"VALENCIA ST","18TH ST",0.00,,Y,A,-,N,,,,,,,,,,N,4,0,1,2,A,-,08,22101,D,N,D,G,A,A,H,-,A,A,0,,Y,,,Y,,A,01,0,0,1,0,0,0,1,0,0,"- ","- ",,,"SAN FRANCISCO","SAN FRANCISCO",,
9626225,2023,2023-10-11,3801,2023-09-07,1453,2196,MISSI,4,5,7,3801,0,0,0,,0,0D4,"25TH ST","MISSION ST",0.00,,Y,A,-,N,,,,,,,,,,N,4,0,1,2,A,-,03,22350,,N,H,C,A,A,H,-,A,D,0,,,,,Y,,A,01,0,0,1,0,0,0,0,0,0,"- ","- ",,,"SAN FRANCISCO","SAN FRANCISCO",,
9626237,2023,2023-10-11,3801,2023-09-23,1228,677,SOUTH,6,5,7,3801,0,0,0,,0,3B12A,"HOWARD ST","4TH ST",250.00,W,N,A,-,N,,,,,,,,,,N,4,0,1,2,A,-,03,22350,,N,H,J,A,A,D,E,A,D,0,,Y,,,Y,,L,04,0,0,1,0,0,0,1,0,0,"- ","- ",,,"SAN FRANCISCO","SAN FRANCISCO",-122.40331268310547,37.782787322998047
9626240,2023,2023-10-12,3801,2023-09-10,"917 ",2707,TARAV,7,5,7,3801,0,0,0,,0,1CAR,"IRVING ST","8TH AV",0.00,,Y,A,-,N,,,,,,,,,,N,3,0,1,2,A,-,17,22517,,N,H,-,A,A,H,-,A,D,0,,,Y,,Y,,A,01,0,1,0,0,0,0,0,0,1,"- ","- ",,,"SAN FRANCISCO","SAN FRANCISCO",,
9626241,2023,2023-10-11,3801,2023-09-09,1934,1454,NORTH,6,5,7,3801,0,0,0,,0,,"VAN NESS AV","REDWOOD ST",0.00,,Y,A,-,N,,,,,,,,,,Y,4,0,2,2,A,-,04,21703,,F,C,C,A,A,H,-,C,A,0,,,,,Y,,-,,0,0,2,0,0,0,0,0,0,"- ","- ",,,"SAN FRANCISCO","SAN FRANCISCO",,
9626242,2023,2023-10-16,3801,2023-09-09,"51  ",1897,NORTH,6,5,7,3801,0,0,0,,0,3E13E,"POLK ST","BUSH ST",0.00,,Y,A,-,N,,,,,,,,,,N,3,0,1,1,A,-,03,22350,,N,H,J,A,A,H,-,C,D,0,,,,,Y,,M,94,0,1,0,0,0,0,0,0,0,"- ","- ",,,"SAN FRANCISCO","SAN FRANCISCO",,
9626244,2023,2023-10-11,3801,2023-09-08,"608 ",172,NORTH,5,5,7,3801,0,0,0,,0,003,"GROVE ST","POLK ST",0.00,,Y,-,-,N,,,,,,,,,,N,2,0,1,2,A,-,11,21456,B,N,A,B,E,A,G,-,C,A,0,Y,,,,Y,,N,60,1,0,0,0,1,0,0,0,0,"- ","- ",,,"SAN FRANCISCO","SAN FRANCISCO",,
9626253,2023,2023-10-23,3801,2023-09-02,1600,364,SOUTH,6,5,7,3801,0,0,0,,0,3B12D,"5TH ST","CLARA ST",0.00,,N,A,-,N,,,,,,,,,,N,2,0,1,1,A,-,"- ",,,N,E,I,A,A,H,-,A,D,0,,,,,Y,,M,94,1,0,0,0,0,0,0,0,0,"- ","- ",,,"SAN FRANCISCO","SAN FRANCISCO",,
9626256,2023,2023-10-11,3801,2023-09-03,1200,2310,BAYVI,7,5,7,3801,0,0,0,,0,3C15A,"KEITH ST","VAN DYKE AV",0.00,,Y,A,-,N,,,,,,,,,,Y,4,0,3,2,A,-,12,22450,A,F,D,C,A,A,H,-,A,A,0,,,,,Y,,A,01,0,0,3,0,0,0,0,0,0,"- ","- ",,,"SAN FRANCISCO","SAN FRANCISCO",,
9626259,2023,2023-10-11,3801,2023-09-06,2246,2175,BAYVI,3,5,7,3801,0,0,0,,0,3C12E,"BAYSHORE BL","FLOWER ST",0.00,,Y,A,-,N,,,,,,,,,,N,3,0,1,2,C,-,18,,,F,G,B,D,A,H,-,C,A,0,Y,,,,Y,,-,"- ",0,1,0,0,1,0,0,0,0,"- ","- ",,,"SAN FRANCISCO","SAN FRANCISCO",,
9626260,2023,2023-10-11,3801,2023-09-06,1628,798,NORTH,3,5,7,3801,0,0,0,,0,3E12D,"BUSH ST","SCOTT ST",0.00,,Y,A,-,N,,,,,,,,,,N,4,0,1,2,A,-,08,22100,B,N,D,C,A,A,H,-,A,A,0,,,Y,,Y,,A,08,0,0,1,0,0,0,0,0,1,"- ","- ",,,"SAN FRANCISCO","SAN FRANCISCO",,
9626261,2023,2023-10-11,3801,2023-09-03,2030,4292,BAYVI,7,5,7,3801,0,0,0,,0,,"PHELPS ST","OAKDALE ST",0.00,,Y,A,-,N,,,,,,,,,,N,4,0,2,2,A,-,08,22107,,N,-,C,A,A,H,-,C,A,0,,,,,Y,,A,01,0,0,2,0,0,0,0,0,0,"- ","- ",,,"SAN FRANCISCO","SAN FRANCISCO",,
9626268,2023,2023-10-11,3801,2023-09-06,2330,1902,MISSI,3,5,7,3801,0,0,0,,0,3D15E,"MISSION ST","18TH ST",0.00,,Y,A,-,N,,,,,,,,,,Y,3,0,1,2,A,-,08,22103,,N,D,C,A,A,H,-,C,A,0,,,,,Y,,A,01,0,1,0,0,0,0,0,0,0,"- ","- ",,,"SAN FRANCISCO","SAN FRANCISCO",,
9626273,2023,2023-10-11,3801,2023-09-06,1511,2407,MISSI,3,5,7,3801,0,0,0,,0,3D14D,"DOLORES ST","25TH ST",0.00,,Y,A,-,N,,,,,,,,,,N,4,0,1,2,A,-,09,21800,A,N,D,C,A,A,H,-,A,A,0,,,,,Y,,B,01,0,0,1,0,0,0,0,0,0,"- ","- ",,,"SAN FRANCISCO","SAN FRANCISCO",,
9626296,2023,2023-10-13,3801,2023-09-22,2139,2186,INGLE,5,5,7,3801,0,0,0,,0,3H15E,"SUNNYDALE AV","SUNNYDALE AV 1450",0.00,,Y,A,-,N,,,,,,,,,,N,3,0,1,1,-,-,"- ",,,N,E,A,A,A,G,-,C,A,0,,,,,Y,,-,"- ",0,1,0,0,0,0,0,0,0,"- ","- ",,,"SAN FRANCISCO","SAN FRANCISCO",,
9626300,2023,2023-10-13,3801,2023-09-18,1526,1147,TENDE,1,5,7,3801,0,0,0,,0,3J13D,"TURK ST","DODGE PL",0.00,,Y,A,-,N,,,,,,,,,,N,4,0,1,1,A,-,03,22350,,N,H,A,A,A,H,-,A,D,0,,,,,Y,Y,M,94,0,0,1,0,0,0,0,0,0,"- ","- ",,,"SAN FRANCISCO","SAN FRANCISCO",,
9626354,2023,2023-10-17,3801,2023-09-23,"451 ",4040,CENTR,6,5,7,3801,0,0,0,,0,3A14E,"SUTTER ST","STOCKTON ST",0.00,,Y,A,-,N,,,,,,,,,,Y,4,0,1,2,A,-,03,22350,,N,C,C,A,A,H,-,C,A,0,,,,,Y,,A,01,0,0,1,0,0,0,0,0,0,"- ","- ",,,"SAN FRANCISCO","SAN FRANCISCO",,
9626357,2023,2023-10-17,3801,2023-09-06,1823,AIELLO,RICHM,3,5,7,3801,0,0,0,,0,2G12D,"ARGUELLO BL","ANZA ST",0.00,,Y,A,-,N,,,,,,,,,,N,3,0,1,2,A,-,09,21801,,N,D,G,A,A,-,-,A,A,0,,Y,,,Y,,M,94,0,1,0,0,0,0,1,0,0,"- ","- ",,,"SAN FRANCISCO","SAN FRANCISCO",,
9626412,2023,2023-10-13,3801,2023-08-30,1029,1513,RICHM,3,5,7,3801,0,0,0,,0,3G11A,"JACKSON ST","PRESIDIO AV",0.00,,Y,A,-,N,,,,,,,,,,N,4,0,1,2,A,-,10,21950,,N,B,B,B,-,H,-,A,D,0,Y,,,,Y,,A,01,0,0,1,0,1,0,0,0,0,"- ","- ",,,"SAN FRANCISCO","SAN FRANCISCO",,
9628789,2023,2023-10-20,3801,2023-08-31,"848 ",1396,SOUTH,4,5,7,3801,0,0,0,,0,3B13A,"BEALE ST","BRYANT ST",78.00,N,N,A,-,N,,,,,,,,,,Y,3,0,1,2,C,-,18,,,N,C,C,A,A,H,-,A,A,0,,,,Y,Y,,-,"- ",0,1,0,0,0,0,0,0,0,"- ","- ",,,"SAN FRANCISCO","SAN FRANCISCO",-122.38986968994141,37.786380767822266
9631887,2023,2023-12-15,3801,2023-10-04,1230,2323,BAY,3,5,7,3801,0,0,0,,0,3801,"JENNINGS ST","CARGO WY",0.00,,Y,A,-,N,,,,,,,,,,N,4,0,2,2,A,-,06,21750,,N,C,E,A,A,H,-,A,D,0,,,,,Y,,-,,0,0,2,0,0,0,0,0,0,"- ","- ",,,"SAN FRANCISCO","SAN FRANCISCO",,
9633467,2023,2023-12-30,3801,2023-10-11,1412,1396,SOUTH,3,5,7,3801,0,0,0,,0,3B14A,"6TH ST","BRYANT ST",0.00,,Y,A,-,N,,,,,,,,,,N,4,0,1,2,A,-,08,22100,A,N,D,C,A,A,H,-,A,A,0,,,,Y,Y,,A,01,0,0,1,0,0,0,0,0,0,"- ","- ",,,"SAN FRANCISCO","SAN FRANCISCO",,
9633490,2023,2024-01-17,3801,2023-10-24,"853 ",1342,NORTH,2,5,7,3801,0,0,0,,0,3E14A,"JACKSON ST","WEBSTER ST",27.00,W,N,A,-,N,,,,,,,,,,Y,4,0,2,2,A,-,08,22107,,N,B,E,A,A,H,-,A,D,0,,,,,Y,,A,01,0,0,2,0,0,0,0,0,0,"- ","- ",,,"SAN FRANCISCO","SAN FRANCISCO",-122.43301391601562,37.792659759521484