CASE_ID,ACCIDENT_YEAR,PROC_DATE,JURIS,COLLISION_DATE,COLLISION_TIME,OFFICER_ID,REPORTING_DISTRICT,DAY_OF_WEEK,CHP_SHIFT,POPULATION,CNTY_CITY_LOC,SPECIAL_COND,BEAT_TYPE,CHP_BEAT_TYPE,CITY_DIVISION_LAPD,CHP_BEAT_CLASS,BEAT_NUMBER,PRIMARY_RD,SECONDARY_RD,DISTANCE,DIRECTION,INTERSECTION,WEATHER_1,WEATHER_2,STATE_HWY_IND,CALTRANS_COUNTY,CALTRANS_DISTRICT,STATE_ROUTE,ROUTE_SUFFIX,POSTMILE_PREFIX,POSTMILE,LOCATION_TYPE,RAMP_INTERSECTION,SIDE_OF_HWY,TOW_AWAY,COLLISION_SEVERITY,NUMBER_KILLED,NUMBER_INJURED,PARTY_COUNT,PRIMARY_COLL_FACTOR,PCF_CODE_OF_VIOL,PCF_VIOL_CATEGORY,PCF_VIOLATION,PCF_VIOL_SUBSECTION,HIT_AND_RUN,TYPE_OF_COLLISION,MVIW,PED_ACTION,ROAD_SURFACE,ROAD_COND_1,ROAD_COND_2,LIGHTING,CONTROL_DEVICE,CHP_ROAD_TYPE,PEDESTRIAN_ACCIDENT,BICYCLE_ACCIDENT,MOTORCYCLE_ACCIDENT,TRUCK_ACCIDENT,NOT_PRIVATE_PROPERTY,ALCOHOL_INVOLVED,STWD_VEHTYPE_AT_FAULT,CHP_VEHTYPE_AT_FAULT,COUNT_SEVERE_INJ,COUNT_VISIBLE_INJ,COUNT_COMPLAINT_PAIN,COUNT_PED_KILLED,COUNT_PED_INJURED,COUNT_BICYCLIST_KILLED,COUNT_BICYCLIST_INJURED,COUNT_MC_KILLED,COUNT_MC_INJURED,PRIMARY_RAMP,SECONDARY_RAMP,LATITUDE,LONGITUDE,COUNTY,CITY,POINT_X,POINT_Y
91693621,2022,2022-02-04,9335,2022-01-31,1020,018053,,1,1,7,3801,0,1,1,,1,081,"I-80 E/B","SAN FRANCISCO/ALAMEDA COUNTY LINE",2693.00,W,N,A,-,Y,SF,,80,,R,8.347,H,,R,Y,4,0,1,2,A,-,03,22350,,N,C,C,A,A,H,-,A,D,0,,,,,Y,,A,01,0,0,1,0,0,0,0,0,0,"- ","- ",37.815299987792969,-122.35797119140625,"SAN FRANCISCO","SAN FRANCISCO",-122.35809326171875,37.815448760986328
91696546,2022,2022-02-09,9350,2022-01-16,1813,022532,,7,2,7,3801,0,1,3,,2,011,"SR-1 S/B","LAKE ST",3000.00,N,N,A,-,Y,SF,,1,,,6.422,H,,L,N,4,0,4,2,A,-,03,22350,,N,C,C,A,A,H,-,C,D,0,,,,,Y,,A,01,0,0,4,0,0,0,0,0,0,"- ","- ",37.79412841796875,-122.46961975097656,"SAN FRANCISCO","SAN FRANCISCO",-122.46962738037109,37.79412841796875
91697815,2022,2022-02-10,9335,2022-01-31,1645,020991,,1,2,7,3801,0,1,2,,2,014,"US-101 S/B","18TH ST. PED OVER CROSSING",377.00,S,N,A,-,Y,SF,,101,,,3.889,H,,L,Y,4,0,1,1,A,-,08,22107,,N,E,I,A,A,H,-,A,D,0,,,,,Y,,A,01,0,0,1,0,0,0,0,0,0,"- ","- ",37.761310577392578,-122.40647888183594,"SAN FRANCISCO","SAN FRANCISCO",-122.40632629394531,37.761283874511719
91699590,2022,2022-06-02,9335,2022-02-05,1720,021957,,6,2,7,3801,0,1,1,,2,024,"I-280 S/B","23RD ST. UNDERCROSSING",135.00,S,N,A,-,Y,SF,,280,,R,5.937,H,,L,Y,4,0,1,2,A,-,07,21658,A,N,C,C,A,A,H,-,A,D,0,,,,,Y,,A,01,0,0,1,0,0,0,0,0,0,"- ","- ",37.754730224609375,-122.39202880859375,"SAN FRANCISCO","SAN FRANCISCO",-122.39204406738281,37.754726409912109
91699627,2022,2022-02-14,9335,2022-02-08,1730,018688,,2,2,7,3801,0,1,2,,2,013,"US-101 S/B","FAITH ST.",300.00,S,N,A,-,Y,SF,,101,,,2.555,H,,L,N,4,0,1,2,A,-,03,22350,,N,C,C,A,A,H,-,B,D,0,,,,,Y,,A,01,0,0,1,0,0,0,0,0,0,"- ","- ",37.743301391601562,-122.40644073486328,"SAN FRANCISCO","SAN FRANCISCO",-122.40638732910156,37.743270874023438
91699632,2022,2022-02-14,9335,2022-02-08,1750,021886,,2,2,7,3801,0,1,2,,2,013,"US-101 SB","FAITH ST PED. O/C",552.00,N,N,A,-,Y,SF,,101,,,2.721,H,,L,N,4,0,1,2,A,-,03,22350,,N,C,C,A,A,H,-,C,D,0,,,,,Y,,A,01,0,0,1,0,0,0,0,0,0,"- ","- ",37.745418548583984,-122.40518188476562,"SAN FRANCISCO","SAN FRANCISCO",-122.40505981445312,37.745395660400391
91704723,2022,2022-02-21,9335,2022-02-11,1120,022703,,5,1,7,3801,0,1,2,,2,013,"US-101 NORTHBOUND","THE PAUL AVENUE UNDERCROSSING.",785.00,N,N,A,-,Y,SF,,101,,,1.269,H,,R,Y,3,0,1,1,A,-,03,22350,,N,F,A,A,A,H,-,A,D,0,,,Y,,Y,,C,02,0,1,0,0,0,0,0,0,1,"- ","- ",37.725811004638672,-122.40177154541016,"SAN FRANCISCO","SAN FRANCISCO",-122.40187072753906,37.725784301757812
91704869,2022,2022-02-21,9335,2022-02-11,1906,021222,,5,2,7,3801,0,1,2,,2,014,"US-101 SOUTHBOUND","23RD STREET",175.00,N,N,A,-,Y,SF,,101,,,3.399,H,,L,Y,4,0,1,3,A,-,03,22350,,N,C,C,A,A,H,-,C,D,0,,,,,Y,,A,08,0,0,1,0,0,0,0,0,0,"- ","- ",37.755020141601562,-122.40326690673828,"SAN FRANCISCO","SAN FRANCISCO",-122.40319061279297,37.755023956298828
91706630,2022,2022-02-23,9335,2022-02-10,1952,021222,,4,2,7,3801,0,1,2,,2,015,"I-80 WESTBOUND TO US-101 NORTHBOUND","SAN BRUNO AVENUE",120.00,W,N,A,-,Y,SF,,80,,L,4.037,H,,L,N,4,0,1,2,A,-,03,22350,,N,C,C,A,A,H,-,C,D,0,,,,,Y,,A,01,0,0,1,0,0,0,0,0,0,"- ","- ",37.769020080566406,-122.40647125244141,"SAN FRANCISCO","SAN FRANCISCO",-122.406494140625,37.769069671630859
91710386,2022,2022-02-28,9335,2022-02-12,0240,022096,,6,3,7,3801,0,1,1,,2,023,"I-280 N/B FROM ALEMANY BLVD","JUSTIN DRIVE",2421.00,N,N,A,-,Y,SF,,280,,R,3.687,H,,R,Y,2,0,5,1,A,-,01,23152,A,N,E,I,A,A,H,-,C,D,0,,,,,Y,Y,A,01,2,2,1,0,0,0,0,0,0,"- ","- ",37.731651306152344,-122.41779327392578,"SAN FRANCISCO","SAN FRANCISCO",-122.41778564453125,37.731857299804688
91713136,2022,2022-03-02,9335,2022-02-23,1810,021886,,3,2,7,3801,0,1,2,,2,013,"US-101 S/B","SILVER AVE O/C",301.00,N,N,A,-,Y,SF,,101,,,1.835,H,,L,Y,4,0,1,2,A,-,04,21703,,N,C,C,A,A,H,-,A,D,0,,,,,Y,,A,01,0,0,1,0,0,0,0,0,0,"- ","- ",37.733409881591797,-122.40589904785156,"SAN FRANCISCO","SAN FRANCISCO",-122.40579223632812,37.733451843261719
91713154,2022,2022-03-02,9335,2022-02-23,1740,022860,,3,2,7,3801,0,1,1,,2,024,"I-280 N\B","20TH STREET OVERCROSSING",120.00,N,N,A,-,Y,SF,,280,,R,6.423,H,,R,N,4,0,1,2,A,-,03,22350,,N,C,C,A,A,H,-,A,D,0,,,,,Y,,A,07,0,0,1,0,0,0,0,0,0,"- ","- ",37.760669708251953,-122.39227294921875,"SAN FRANCISCO","SAN FRANCISCO",-122.39234161376953,37.760665893554688
91713201,2022,2022-03-02,9335,2022-02-19,1540,021222,,6,2,7,3801,0,1,1,,1,083,"I-80 EASTBOUND","SPEAR STREET",130.00,W,N,A,-,Y,SF,,80,,,5.829,H,,R,Y,2,0,2,2,A,-,08,22107,,N,E,I,A,A,H,-,A,D,0,,,,,Y,,A,01,1,1,0,0,0,0,0,0,0,"- ","- ",37.787811279296875,-122.38886260986328,"SAN FRANCISCO","SAN FRANCISCO",-122.38893890380859,37.787864685058594
91716072,2022,2022-03-07,9335,2022-02-26,0620,022703,,6,1,7,3801,0,1,1,,2,024,"I-280 SOUTHBOUND OT US-101 SOUTHBOUND","THE BACON STREET UNDERCROSSING",175.00,N,N,A,-,Y,SF,,101,,,1.450,H,,L,N,4,0,1,1,C,-,18,,,N,E,J,A,A,H,-,A,D,0,,,,,Y,,-,"- ",0,0,1,0,0,0,0,0,0,"- ","- ",37.728321075439453,-122.40303039550781,"SAN FRANCISCO","SAN FRANCISCO",-122.40318298339844,37.728279113769531
91722798,2022,2022-03-15,9335,2022-03-03,2250,021301,,4,3,7,3801,0,1,3,,2,041,"I-280 S/B","ALEMANY BLVD OVER-CROSSING",308.00,N,N,C,-,Y,SF,,280,,R,3.952,H,,L,N,3,0,1,1,A,-,08,22107,,N,F,A,A,B,H,-,C,D,0,,,,,Y,,A,01,0,1,0,0,0,0,0,0,0,"- ","- ",37.733100891113281,-122.41329956054688,"SAN FRANCISCO","SAN FRANCISCO",-122.41319274902344,37.732963562011719
91727426,2022,2022-03-21,9335,2022-03-11,0907,018399,,5,1,7,3801,0,1,1,,1,083,"I-80 E/B","SFOBB CENTER ANCHORAGE EAST EDGE",152.00,E,N,A,-,Y,SF,,80,,,6.808,H,,R,Y,4,0,1,2,A,-,03,22350,,N,C,C,A,A,H,-,A,D,0,,,Y,,Y,,-,"- ",0,0,1,0,0,0,0,0,1,"- ","- ",37.798629760742188,-122.37693786621094,"SAN FRANCISCO","SAN FRANCISCO",-122.37709045410156,37.798732757568359
91730082,2022,2022-03-23,9335,2022-03-11,1630,022795,,5,2,7,3801,0,1,1,,2,022,"I-280 N/B","SAN JOSE AVENUE OVERCROSSING",245.00,S,N,A,-,Y,SF,,280,,R,1.407,H,,R,Y,4,0,1,2,A,-,03,22350,,N,C,C,A,A,H,-,A,D,0,,,,,Y,,D,22,0,0,1,0,0,0,0,0,0,"- ","- ",37.717800140380859,-122.44837951660156,"SAN FRANCISCO","SAN FRANCISCO",-122.448486328125,37.717807769775391
91733692,2022,2022-03-25,9335,2022-03-15,0312,021672,,2,3,7,3801,0,1,1,,1,081,"I-80 W/B","YERBA BUENA ISLAND TUNNEL",4594.00,W,N,C,-,Y,SF,,80,,,6.861,H,,L,N,3,0,1,2,A,-,08,22107,,N,E,I,A,B,H,-,C,D,0,,,,,Y,,A,01,0,1,0,0,0,0,0,0,0,"- ","- ",37.799449920654297,-122.37661743164062,"SAN FRANCISCO","SAN FRANCISCO",-122.37644195556641,37.799327850341797
91734268,2022,2022-03-28,9335,2022-03-12,0010,022271,,6,3,7,3801,0,1,2,,2,013,"US-101 S/B","SILVER AVE",805.00,N,N,A,-,Y,SF,,101,,,1.929,H,,L,N,4,0,1,2,A,-,08,22107,,N,E,I,A,A,H,-,C,D,0,,,,,Y,,A,01,0,0,1,0,0,0,0,0,0,"- ","- ",37.734668731689453,-122.40664672851562,"SAN FRANCISCO","SAN FRANCISCO",-122.40657806396484,37.734699249267578
91739237,2022,2022-04-01,9335,2022-03-24,0656,022032,,4,1,7,3801,0,1,2,,2,014,"US-101 S/B","23RD ST",90.00,N,N,A,-,Y,SF,,101,,,3.385,H,,L,Y,4,0,1,4,A,-,03,22350,,N,C,C,A,A,H,-,A,D,0,,,,,Y,,-,"- ",0,0,1,0,0,0,0,0,0,"- ","- ",37.754810333251953,-122.40312957763672,"SAN FRANCISCO","SAN FRANCISCO",-122.40316772460938,37.754806518554688
91739500,2022,2022-04-04,9335,2022-03-10,1410,021474,,4,2,7,3801,0,1,2,,2,014,"US-101 N/B","CESAR CHAVEZ ST. U/C",140.00,N,N,A,-,Y,SF,,101,,,3.046,H,,R,Y,4,0,2,4,A,-,03,22350,,N,C,C,A,A,H,-,A,D,0,,,,,Y,,D,22,0,0,2,0,0,0,0,0,0,"- ","- ",37.749931335449219,-122.40351867675781,"SAN FRANCISCO","SAN FRANCISCO",-122.40345001220703,37.749916076660156
91740543,2022,2022-08-16,9335,2022-03-20,1320,018399,,7,1,7,3801,0,1,1,,1,083,"I-80 E/B","8TH ST.",50.00,E,N,A,-,Y,SF,,80,,,4.292,H,,R,N,4,0,1,2,D,-,00,,,N,B,C,A,A,H,-,A,D,0,,,Y,,Y,,-,"- ",0,0,1,0,0,0,0,0,1,"- ","- ",37.772331237792969,-122.40648651123047,"SAN FRANCISCO","SAN FRANCISCO",-122.406494140625,37.772327423095703
91741487,2022,2022-04-05,9335,2022-03-20,2000,021390,,7,2,7,3801,0,1,1,,2,080,"I-80 E/B","THE 16TH ST. UNDERCROSSING",10.00,E,N,B,-,Y,SF,,80,,,3.836,H,,R,N,4,0,1,2,A,-,07,21658,A,F,B,C,A,A,H,-,C,D,0,,,,,Y,,-,99,0,0,1,0,0,0,0,0,0,"- ","- ",37.766059875488281,-122.40492248535156,"SAN FRANCISCO","SAN FRANCISCO",-122.40492248535156,37.766075134277344
91741592,2022,2022-04-05,9335,2022-03-24,2030,022860,,4,2,7,3801,0,1,2,,2,014,"US-101 NB","22ND STREET PEDESTRIAN OVERCROSSING",380.00,N,N,B,-,Y,SF,,101,,,3.600,H,,R,N,3,0,2,2,A,-,03,22350,,N,B,C,A,A,H,-,C,D,0,,,,,Y,,A,01,0,1,1,0,0,0,0,0,0,"- ","- ",37.75775146484375,-122.40428161621094,"SAN FRANCISCO","SAN FRANCISCO",-122.40422058105469,37.757793426513672
91741625,2022,2022-04-05,9335,2022-03-25,2115,022271,,5,2,7,3801,0,1,1,,2,080,"I-80 WESTBOUND","4TH STREET",300.00,W,N,A,-,Y,SF,,80,,,4.944,H,,L,N,4,0,1,2,A,-,03,22350,,M,C,C,A,A,H,-,C,A,0,,,,,Y,,-,99,0,0,1,0,0,0,0,0,0,"- ","- ",37.779689788818359,-122.39988708496094,"SAN FRANCISCO","SAN FRANCISCO",-122.39992523193359,37.779712677001953
91741701,2022,2022-04-06,9335,2022-03-16,1545,022860,,3,2,7,3801,0,1,2,,2,015,"US-101 S/B","BRYANT STREET",200.00,S,N,A,-,Y,SF,,101,,R,4.633,H,,L,N,4,0,1,2,A,-,03,22350,,F,C,C,A,A,H,-,A,D,0,,,,,Y,,A,01,0,0,1,0,0,0,0,0,0,"- ","- ",37.769229888916016,-122.41020202636719,"SAN FRANCISCO","SAN FRANCISCO",-122.41020202636719,37.769218444824219
91742658,2022,2022-04-06,9335,2022-03-25,1635,022802,,5,2,7,3801,0,1,1,,2,023,"I-280 S/B","ALEMANY BLVD O/C",525.00,N,N,A,-,Y,SF,,280,,R,3.982,H,,L,N,2,0,1,2,A,-,01,23152,A,N,C,C,A,A,H,-,A,D,0,,,Y,,Y,Y,C,02,1,0,0,0,0,0,0,0,1,"- ","- ",37.733180999755859,-122.41272735595703,"SAN FRANCISCO","SAN FRANCISCO",-122.41273498535156,37.733188629150391
91744492,2022,2022-04-08,9335,2022-04-05,1038,018053,,2,1,7,3801,0,1,1,,1,081,"I-80 W/B","WEST OF YERBA BUENA ISLAND TUNNEL",31.00,W,N,A,-,Y,SF,,80,,,7.713,H,,L,Y,4,0,2,2,A,-,03,22350,,N,C,C,A,A,H,-,A,D,0,,,,,Y,,A,01,0,0,2,0,0,0,0,0,0,"- ","- ",37.808979034423828,-122.36643218994141,"SAN FRANCISCO","SAN FRANCISCO",-122.36637878417969,37.808944702148438
91747528,2022,2022-04-13,9335,2022-04-03,0215,022795,,7,3,7,3801,0,1,2,,2,013,"US-101 SOUTHBOUND","CORTLAND AVENUE UNDERCROSSING",460.00,S,N,A,-,Y,SF,,101,,,2.188,H,,L,Y,3,0,2,2,A,-,01,23152,A,N,C,2,A,A,H,-,C,D,0,,,,,Y,Y,A,01,0,1,1,0,0,0,0,0,0,"- ","- ",37.738338470458984,-122.40818023681641,"SAN FRANCISCO","SAN FRANCISCO",-122.40811157226562,37.738346099853516
91748480,2022,2022-04-14,9335,2022-04-03,0226,022795,,7,3,7,3801,0,1,2,,2,013,"US 101 SOUTHBOUND","CORTLAND AVENUE UNDERCROSSING",470.00,S,N,A,-,Y,SF,,101,,,2.185,H,,L,Y,3,0,1,2,A,-,03,22350,,N,D,2,A,A,C,-,C,D,0,,,,Y,Y,Y,G,25,0,1,0,0,0,0,0,0,0,"- ","- ",37.738300323486328,-122.40817260742188,"SAN FRANCISCO","SAN FRANCISCO",-122.40811157226562,37.738304138183594
91748884,2022,2022-04-15,9350,2022-04-07,0520,022574,,4,3,7,3801,0,1,2,,2,010,"US-101 N/B TO SR-1 S/B","LINCOLN BLVD. UNDERCROSSING",590.00,N,N,A,-,Y,SF,,101,,R,9.390,H,,R,N,2,0,1,1,A,-,03,22350,,N,E,I,A,A,H,-,C,D,0,,,Y,,Y,,C,02,1,0,0,0,0,0,0,0,1,"- ","- ",37.803730010986328,-122.47080230712891,"SAN FRANCISCO","SAN FRANCISCO",-122.47081756591797,37.803703308105469
91755915,2022,2022-04-25,9335,2022-04-17,1635,019799,,7,2,7,3801,0,1,1,,2,080,"I-80 W/B","9TH ST. OFF RAMP",200.00,E,N,A,-,Y,SF,,80,,,4.508,H,,L,N,3,0,2,3,A,-,07,21658,A,N,B,C,A,A,H,-,A,D,0,,,,,Y,,D,22,0,2,0,0,0,0,0,0,0,"- ","- ",37.775508880615234,-122.40598297119141,"SAN FRANCISCO","SAN FRANCISCO",-122.40593719482422,37.775478363037109
91756026,2022,2022-04-25,9335,2022-04-24,1430,019799,,7,2,7,3801,0,1,1,,2,080,"I-80 W/B","FREMONT ST. OFF RAMP",400.00,W,N,A,-,Y,SF,,80,,,5.474,H,,L,N,4,0,3,2,A,-,03,22350,,N,C,C,A,A,H,-,A,D,0,,,,,Y,,A,07,0,0,3,0,0,0,0,0,0,"- ","- ",37.784450531005859,-122.39370727539062,"SAN FRANCISCO","SAN FRANCISCO",-122.39371490478516,37.784454345703125
91756531,2022,2022-04-26,9335,2022-04-20,1118,019949,,3,1,7,3801,0,1,1,,2,022,"I-280 S/B","GENEVA AVE",2600.00,S,N,A,-,Y,SF,,280,,R,1.168,H,,L,N,4,0,1,2,A,-,03,22350,,N,C,C,A,A,H,-,A,D,0,,,,,Y,,A,01,0,0,1,0,0,0,0,0,0,"- ","- ",37.714778900146484,-122.45063781738281,"SAN FRANCISCO","SAN FRANCISCO",-122.45064544677734,37.71478271484375
91760521,2022,2022-04-29,9335,2022-04-18,1720,022823,,1,2,7,3801,0,1,1,,2,022,"I-280 NB","SAN JOSE AVE. OVERCROSSING",185.00,N,N,A,-,Y,SF,,280,,R,1.518,H,,R,Y,3,0,3,4,A,-,03,22350,,N,C,C,A,A,H,-,A,D,0,,,,,Y,,A,01,0,1,2,0,0,0,0,0,0,"- ","- ",37.719390869140625,-122.44812774658203,"SAN FRANCISCO","SAN FRANCISCO",-122.44829559326172,37.719402313232422
91765499,2022,2022-05-05,9335,2022-04-29,1405,021916,,5,2,7,3801,0,1,2,,2,013,"US-101 S/B TO PAUL AVE","SAN BRUNO AVE",60.00,N,N,A,-,Y,SF,,101,,,0.987,H,,L,Y,4,0,1,1,A,-,03,22350,,N,E,I,A,A,H,-,A,D,0,,,,,Y,,A,07,0,0,1,0,0,0,0,0,0,"- ","- ",37.721748352050781,-122.40084075927734,"SAN FRANCISCO","SAN FRANCISCO",-122.40058898925781,37.721805572509766
91765734,2022,2022-05-05,9335,2022-04-20,0734,014455,,3,1,7,3801,0,1,1,,1,083,"I-80 E/B","TREASURE ISLAND TUNNEL ENTRANCE",528.00,W,N,A,-,Y,SF,,80,,,7.571,H,,R,N,4,0,1,2,A,-,03,22350,,N,C,C,A,A,H,-,A,D,0,,,,,Y,,A,07,0,0,1,0,0,0,0,0,0,"- ","- ",37.807220458984375,-122.36785888671875,"SAN FRANCISCO","SAN FRANCISCO",-122.36792755126953,37.807266235351562
91769571,2022,2022-05-11,9335,2022-05-03,0535,022416,,2,3,7,3801,0,1,2,,2,014,"US-101 S/B TO CESAR CHAVEZ STREET","CESAR CHAVEZ STREET",431.00,N,N,A,-,Y,SF,,101,,,3.086,H,,L,Y,4,0,2,3,A,-,03,22350,,N,C,C,A,A,H,-,B,D,0,,,,,Y,,A,08,0,0,2,0,0,0,0,0,0,"- ","- ",37.750568389892578,-122.40364837646484,"SAN FRANCISCO","SAN FRANCISCO",-122.4034423828125,37.750526428222656
91774035,2022,2022-05-17,9335,2022-03-16,1125,019949,,3,1,7,3801,0,1,1,,2,023,"I-280 N/B TO US-101 N/B","ALEMANY BLVD. OVERCROSSING",5280.00,N,N,A,-,Y,SF,,280,,R,6.634,H,,R,Y,4,0,1,2,A,-,03,22350,,F,C,C,A,A,H,-,A,D,0,,,,,Y,,A,01,0,0,1,0,0,0,0,0,0,"- ","- ",37.763301849365234,-122.39259338378906,"SAN FRANCISCO","SAN FRANCISCO",-122.39263153076172,37.763298034667969
91775161,2022,2022-05-18,9350,2022-05-15,1825,022432,,7,2,7,3801,0,1,3,,2,011,"SR-1 SB","LAKE STREET",3168.00,N,N,A,-,Y,SF,,1,,,6.441,H,,L,N,4,0,1,3,A,-,03,22350,,N,C,C,A,A,H,-,A,D,0,,,,,Y,Y,A,01,0,0,1,0,0,0,0,0,0,"- ","- ",37.794448852539062,-122.46961975097656,"SAN FRANCISCO","SAN FRANCISCO",-122.46961975097656,37.794448852539062
91775932,2022,2022-05-19,9335,2022-05-11,1030,018053,,3,1,7,3801,0,1,1,,1,081,"I-80 W/B","YERBA BUENA ISLAND TUNNEL WEST EDGE",200.00,E,N,A,-,Y,SF,,80,,,7.719,H,,L,N,4,0,1,3,A,-,03,22350,,N,C,C,A,A,H,-,A,D,0,,,,,Y,,D,22,0,0,1,0,0,0,0,0,0,"- ","- ",37.809040069580078,-122.36636352539062,"SAN FRANCISCO","SAN FRANCISCO",-122.36631011962891,37.809005737304688
91777615,2022,2022-05-23,9335,2022-05-13,1540,022795,,5,2,7,3801,0,1,2,,2,013,"US-101 NORTHBOUND","PAUL AVENUE UNDERCROSSING",280.00,S,N,A,-,Y,SF,,101,,,1.063,H,,R,Y,4,0,1,3,A,-,03,22350,,N,C,C,A,A,H,-,A,D,0,,,,,Y,,A,01,0,0,1,0,0,0,0,0,0,"- ","- ",37.722888946533203,-122.4007568359375,"SAN FRANCISCO","SAN FRANCISCO",-122.40074920654297,37.722892761230469
91781217,2022,2022-05-26,9335,2022-05-16,0040,022667,,1,3,7,3801,0,1,1,,2,080,"I-80 W/B TO 5TH ST.","5TH ST",300.00,E,N,A,-,Y,SF,,80,,,4.884,H,,L,Y,3,0,1,2,A,-,01,23152,A,N,E,8,A,A,H,-,C,D,0,,,,,Y,Y,A,01,0,1,0,0,0,0,0,0,0,"- ","- ",37.778999328613281,-122.40059661865234,"SAN FRANCISCO","SAN FRANCISCO",-122.40070343017578,37.779083251953125
91783062,2022,2022-05-27,9335,2022-05-19,0730,020384,,4,1,7,3801,0,1,2,,2,014,"US-101 N/B FROM BAYSHORE BLVD","CESAR CHAVEZ ST",200.00,N,N,A,-,Y,SF,,101,,,3.061,H,,R,N,4,0,1,2,A,-,03,22350,,N,C,C,A,A,H,-,A,D,0,,,,,Y,,D,22,0,0,1,0,0,0,0,0,0,"- ","- ",37.75006103515625,-122.40306091308594,"SAN FRANCISCO","SAN FRANCISCO",-122.40338134765625,37.750125885009766
91783500,2022,2022-05-27,9335,2022-05-21,1530,022795,,6,2,7,3801,0,1,1,,2,024,"I-280 NORTHBOUND","20TH STREET OVERCROSSING",35.00,N,N,A,-,Y,SF,,280,,R,6.403,H,,R,Y,4,0,2,2,A,-,03,22350,,N,C,C,A,A,H,-,A,D,0,,,,,Y,,A,01,0,0,2,0,0,0,0,0,0,"- ","- ",37.760421752929688,-122.39228057861328,"SAN FRANCISCO","SAN FRANCISCO",-122.39231109619141,37.760417938232422
91784335,2022,2022-05-30,9335,2022-05-20,0850,020972,,5,1,7,3801,0,1,1,,1,081,"I-80 W/B","BEALE STREET",100.00,W,N,A,-,Y,SF,,80,,,5.688,H,,L,Y,3,0,1,2,A,-,07,21658,A,N,B,C,A,A,H,-,A,D,0,,,Y,,Y,,A,01,0,1,0,0,0,0,0,0,1,"- ","- ",37.786300659179688,-122.39064788818359,"SAN FRANCISCO","SAN FRANCISCO",-122.39064788818359,37.786300659179688
91784711,2022,2022-05-31,9335,2022-05-21,0101,022468,,6,3,7,3801,0,1,1,,1,083,"I-80 E/B","CECTER ANCHORAGE",1056.00,W,N,A,-,Y,SF,,80,,,6.548,H,,R,Y,2,0,3,2,A,-,01,23152,A,N,A,C,A,A,H,-,C,D,0,,,,,Y,Y,A,01,1,0,2,0,0,0,0,0,0,"- ","- ",37.795810699462891,-122.38017272949219,"SAN FRANCISCO","SAN FRANCISCO",-122.38023376464844,37.795852661132812
91785575,2022,2022-06-01,9335,2022-05-22,0240,022525,,7,3,7,3801,0,1,1,,1,083,"I-80 EB","EAST EDGE OF THE TREASURE ISLAND TUNNEL",800.00,E,N,A,-,Y,SF,,80,,R,7.941,H,,R,Y,4,0,1,3,A,-,03,22350,,N,C,C,A,A,C,-,C,D,0,,,,,Y,,A,01,0,0,1,0,0,0,0,0,0,"- ","- ",37.811519622802734,-122.36360168457031,"SAN FRANCISCO","SAN FRANCISCO",-122.36367034912109,37.811550140380859
91787216,2022,2022-06-02,9335,2022-05-24,1730,021756,,2,2,7,3801,0,1,2,,2,013,"US-101 S/B","SILVER AVE. O/C",1019.00,N,N,A,-,Y,SF,,101,,,1.968,H,,L,N,4,0,1,3,A,-,03,22350,,N,C,C,A,A,H,-,A,D,0,,,,,Y,,A,01,0,0,1,0,0,0,0,0,0,"- ","- ",37.735248565673828,-122.40683746337891,"SAN FRANCISCO","SAN FRANCISCO",-122.40687561035156,37.735240936279297