CASE_ID,ACCIDENT_YEAR,PROC_DATE,JURIS,COLLISION_DATE,COLLISION_TIME,OFFICER_ID,REPORTING_DISTRICT,DAY_OF_WEEK,CHP_SHIFT,POPULATION,CNTY_CITY_LOC,SPECIAL_COND,BEAT_TYPE,CHP_BEAT_TYPE,CITY_DIVISION_LAPD,CHP_BEAT_CLASS,BEAT_NUMBER,PRIMARY_RD,SECONDARY_RD,DISTANCE,DIRECTION,INTERSECTION,WEATHER_1,WEATHER_2,STATE_HWY_IND,CALTRANS_COUNTY,CALTRANS_DISTRICT,STATE_ROUTE,ROUTE_SUFFIX,POSTMILE_PREFIX,POSTMILE,LOCATION_TYPE,RAMP_INTERSECTION,SIDE_OF_HWY,TOW_AWAY,COLLISION_SEVERITY,NUMBER_KILLED,NUMBER_INJURED,PARTY_COUNT,PRIMARY_COLL_FACTOR,PCF_CODE_OF_VIOL,PCF_VIOL_CATEGORY,PCF_VIOLATION,PCF_VIOL_SUBSECTION,HIT_AND_RUN,TYPE_OF_COLLISION,MVIW,PED_ACTION,ROAD_SURFACE,ROAD_COND_1,ROAD_COND_2,LIGHTING,CONTROL_DEVICE,CHP_ROAD_TYPE,PEDESTRIAN_ACCIDENT,BICYCLE_ACCIDENT,MOTORCYCLE_ACCIDENT,TRUCK_ACCIDENT,NOT_PRIVATE_PROPERTY,ALCOHOL_INVOLVED,STWD_VEHTYPE_AT_FAULT,CHP_VEHTYPE_AT_FAULT,COUNT_SEVERE_INJ,COUNT_VISIBLE_INJ,COUNT_COMPLAINT_PAIN,COUNT_PED_KILLED,COUNT_PED_INJURED,COUNT_BICYCLIST_KILLED,COUNT_BICYCLIST_INJURED,COUNT_MC_KILLED,COUNT_MC_INJURED,PRIMARY_RAMP,SECONDARY_RAMP,LATITUDE,LONGITUDE,COUNTY,CITY,POINT_X,POINT_Y
91787253,2022,2022-06-02,9335,2022-05-24,1750,021756,,2,2,7,3801,0,1,2,,2,013,"US-101 NORTHBOUND","PAUL AVE",46.00,S,N,A,-,Y,SF,,101,,,1.107,H,,R,N,4,0,1,5,A,-,03,22350,,N,C,C,A,A,H,-,A,D,0,,,,,Y,,A,01,0,0,1,0,0,0,0,0,0,"- ","- ",37.723480224609375,-122.40099334716797,"SAN FRANCISCO","SAN FRANCISCO",-122.40098571777344,37.723480224609375
91787650,2022,2022-06-03,9350,2022-05-23,1805,022577,,1,2,7,3801,0,1,2,,2,010,"US-101 SOUTHBOUND","SOUTH BATTERY TUNNEL",296.00,N,N,A,-,Y,SF,,101,,R,8.508,H,,L,N,3,0,1,1,A,-,03,22350,,N,F,A,A,A,H,-,A,D,0,,,Y,,Y,,C,02,0,1,0,0,0,0,0,0,1,"- ","- ",37.802978515625,-122.45526123046875,"SAN FRANCISCO","SAN FRANCISCO",-122.45526123046875,37.802989959716797
91789086,2022,2022-06-06,9335,2022-05-24,0340,022525,,2,3,7,3801,0,1,2,,2,013,"US-101 NB TO I-280","THE SOUTH EDGE OF THE SILVER AVENUE UNDERCROSS",50.00,N,N,A,-,Y,SF,,101,,,1.779,H,,R,Y,4,0,1,1,A,-,08,22107,,N,E,I,A,A,H,-,D,D,0,,,,,Y,,D,22,0,0,1,0,0,0,0,0,0,"- ","- ",37.732868194580078,-122.40492248535156,"SAN FRANCISCO","SAN FRANCISCO",-122.40519714355469,37.732780456542969
91791211,2022,2022-06-08,9335,2022-05-29,1850,022802,,7,2,7,3801,0,1,2,,2,015,"US-101 S/B","THE HARRISON ST U/C",140.00,S,N,A,-,Y,SF,,101,,R,4.830,H,,L,Y,4,0,2,2,A,-,03,22350,,N,C,C,A,A,H,-,A,D,0,,,,,Y,,A,01,0,0,2,0,0,0,0,0,0,"- ","- ",37.769500732421875,-122.41278076171875,"SAN FRANCISCO","SAN FRANCISCO",-122.41278076171875,37.769451141357422
91792214,2022,2022-06-09,9335,2022-05-28,1620,022802,,6,2,7,3801,0,1,2,,2,013,"US-101 S/B","THE BACON ST U/C",735.00,S,N,A,-,Y,SF,,101,,,1.272,H,,L,Y,3,0,1,2,A,-,07,21658,A,N,B,2,A,A,H,-,A,D,0,,,,,Y,,A,01,0,1,0,0,0,0,0,0,0,"- ","- ",37.725818634033203,-122.40216827392578,"SAN FRANCISCO","SAN FRANCISCO",-122.40219116210938,37.725814819335938
91794127,2022,2022-06-13,9335,2022-06-02,1950,022802,,4,2,7,3801,0,1,1,,1,083,"I-80 E/B","THE TREASURE ISLAND RD O/C",510.00,W,N,A,-,Y,SF,,80,,,7.624,H,,R,N,3,0,1,2,A,-,04,21703,,N,C,C,A,A,H,-,B,D,0,,,,,Y,,A,07,0,1,0,0,0,0,0,0,0,"- ","- ",37.807891845703125,-122.36734008789062,"SAN FRANCISCO","SAN FRANCISCO",-122.3673095703125,37.807872772216797
91794865,2022,2022-06-14,9335,2022-06-05,2340,022271,,7,3,7,3801,0,1,2,,2,015,"US-101 S/B TO I-80 E/B","BRANNAN STREET",705.00,N,N,A,-,Y,SF,,80,,L,4.024,H,,R,Y,3,0,1,1,A,-,01,23152,A,N,E,I,A,A,H,-,C,D,0,,,,,Y,Y,A,01,0,1,0,0,0,0,0,0,0,"- ","- ",37.769081115722656,-122.40576934814453,"SAN FRANCISCO","SAN FRANCISCO",-122.40581512451172,37.769119262695312
91799101,2022,2022-06-20,9335,2022-06-13,0120,022703,,1,3,7,3801,0,1,2,,2,013,"US-101 NORTHBOUND","THE PAUL AVENUE UNDERCROSSING",720.00,N,N,A,-,Y,SF,,101,,,1.271,H,,R,Y,3,0,2,2,A,-,03,22350,,N,C,C,A,A,H,-,C,D,0,,,,,Y,,A,07,0,1,1,0,0,0,0,0,0,"- ","- ",37.725799560546875,-122.40190124511719,"SAN FRANCISCO","SAN FRANCISCO",-122.40187835693359,37.725807189941406
91799179,2022,2022-06-20,9335,2022-06-05,0349,022468,,7,3,7,3801,0,1,1,,1,083,"I-80 E/B","CECTER ANCHORAGE",155.00,E,N,C,-,Y,SF,,80,,,6.807,H,,R,Y,4,0,2,2,A,-,01,23152,F,N,E,J,A,B,H,-,D,D,0,,,,,Y,Y,A,01,0,0,2,0,0,0,0,0,0,"- ","- ",37.798610687255859,-122.37693023681641,"SAN FRANCISCO","SAN FRANCISCO",-122.37709808349609,37.798725128173828
91805099,2022,2022-06-28,9350,2022-06-18,1131,022432,,6,1,7,3801,0,1,3,,2,011,"SR-1 S/B","LAKE STREET",2640.00,N,N,A,-,Y,SF,,1,,,6.404,H,,L,Y,3,0,3,4,A,-,03,22350,,M,C,C,A,A,H,-,A,D,0,,,,,Y,,A,01,0,1,2,0,0,0,0,0,0,"- ","- ",37.793830871582031,-122.46962738037109,"SAN FRANCISCO","SAN FRANCISCO",-122.46962738037109,37.793830871582031
91805202,2022,2022-06-28,9335,2022-06-17,2135,022667,,5,2,7,3801,0,1,2,,2,014,"US-101 S/B","25TH ST. PEDESTRIAN O/C",145.00,N,N,A,-,Y,SF,,101,,,3.244,H,,L,Y,4,0,1,3,A,-,07,21658,A,F,B,2,A,A,H,-,C,D,0,,,,,Y,,A,01,0,0,1,0,0,0,0,0,0,"- ","- ",37.752761840820312,-122.40297698974609,"SAN FRANCISCO","SAN FRANCISCO",-122.40299224853516,37.752758026123047
91808926,2022,2022-07-01,9335,2022-05-14,0618,019434,,6,1,7,3801,0,1,1,,2,080,"I-80 W/B TO 8TH STREET","8TH STREET",340.00,E,N,A,-,Y,,,,,,,,,,Y,2,0,3,2,A,-,01,23152,A,N,B,C,A,A,H,-,A,D,0,,,,,Y,Y,A,01,2,1,0,0,0,0,0,0,0,"- ","- ",37.774158477783203,-122.40721130371094,"SAN FRANCISCO","SAN FRANCISCO",-122.40721130371094,37.774158477783203
91809110,2022,2022-07-01,9335,2022-05-14,0617,020384,,6,1,7,3801,0,1,1,,2,080,"I-80 W/B","7TH ST.",554.00,E,N,A,-,Y,SF,,80,,,4.605,H,,L,Y,2,0,3,2,A,-,01,23152,A,F,B,C,A,A,H,-,A,D,0,,,,,Y,Y,A,01,1,0,2,0,0,0,0,0,0,"- ","- ",37.77642822265625,-122.40460205078125,"SAN FRANCISCO","SAN FRANCISCO",-122.40460205078125,37.776432037353516
91810662,2022,2022-07-05,9350,2022-06-20,2000,022514,,1,2,7,3801,0,1,3,,2,011,"US-101 NB TO SR-1 SB","LINCOLN BOULEVARD",505.00,N,N,A,-,Y,SF,,101,,R,9.388,H,,R,N,4,0,1,1,A,-,03,22350,,N,F,A,A,A,G,-,A,D,0,,,Y,,Y,,C,02,0,0,1,0,0,0,0,0,1,"- ","- ",37.803600311279297,-122.47083282470703,"SAN FRANCISCO","SAN FRANCISCO",-122.47077178955078,37.803684234619141
91812330,2022,2022-07-14,9335,2022-06-30,1600,020991,,4,2,7,3801,0,1,1,,2,022,"I-280 N/B","GENEVA AVE. OVER CROSSING",883.00,S,N,B,-,Y,SF,,280,,R,1.471,H,,R,Y,4,0,1,2,A,-,07,21658,A,N,B,C,A,A,H,-,A,D,0,,,,,Y,,A,01,0,0,1,0,0,0,0,0,0,"- ","- ",37.718730926513672,-122.44827270507812,"SAN FRANCISCO","SAN FRANCISCO",-122.44837951660156,37.718738555908203
91814529,2022,2022-07-11,9335,2022-06-26,1837,022186,,7,2,7,3801,0,1,2,,2,014,"US-101 S/B","23RD STREET O/C",310.00,S,N,A,-,Y,SF,,101,,,3.301,H,,L,N,4,0,1,2,A,-,01,23152,A,N,C,C,A,A,H,-,A,D,0,,,,,Y,Y,A,01,0,0,1,0,0,0,0,0,0,"- ","- ",37.753570556640625,-122.40312957763672,"SAN FRANCISCO","SAN FRANCISCO",-122.40305328369141,37.753574371337891
91815438,2022,2022-07-12,9335,2022-06-30,1405,022920,,4,2,7,3801,0,1,2,,2,013,"US-101 S/B","THE CORTLAND AVE UNDERCROSSING",405.00,N,N,B,-,Y,SF,,101,,,2.356,H,,L,Y,4,0,2,4,A,-,03,22350,,N,C,C,A,A,H,-,A,D,0,,,,Y,Y,,A,07,0,0,2,0,0,0,0,0,0,"- ","- ",37.740798950195312,-122.40805816650391,"SAN FRANCISCO","SAN FRANCISCO",-122.40792083740234,37.740779876708984
91816474,2022,2022-07-13,9335,2022-07-11,0841,018053,,1,1,7,3801,0,1,1,,1,083,"I-80 E/B","EAST EDGE OF THE MAIN STREET U/C",163.00,E,N,A,-,Y,SF,,80,,,5.822,H,,R,Y,4,0,1,2,A,-,08,22107,,N,E,I,A,A,H,-,A,D,0,,,,,Y,,A,08,0,0,1,0,0,0,0,0,0,"- ","- ",37.7877197265625,-122.38890838623047,"SAN FRANCISCO","SAN FRANCISCO",-122.38902282714844,37.787796020507812
91817642,2022,2022-07-15,9335,2022-07-12,1850,022920,,2,2,7,3801,0,1,1,,1,083,"I-80 E/B","THE YERBA BUENA ISLAND TUNNEL",1320.00,W,N,A,-,Y,SF,,80,,,7.475,H,,R,Y,4,0,1,2,A,-,08,22107,,N,F,A,A,A,H,-,A,D,0,,,Y,,Y,,C,02,0,0,1,0,0,0,0,0,1,"- ","- ",37.806098937988281,-122.36894989013672,"SAN FRANCISCO","SAN FRANCISCO",-122.36907958984375,37.806190490722656
91818047,2022,2022-07-15,9350,2022-07-06,0725,022020,,3,1,7,3801,0,1,2,,2,010,"US-101 N/B TO SR-1 S/B","LINCOLN BOULEVARD U/C",500.00,N,N,B,-,Y,SF,,101,,R,9.387,H,,R,Y,4,0,1,1,A,-,03,22350,,N,E,I,A,B,H,-,A,D,0,,,,,Y,,A,07,0,0,1,0,0,0,0,0,0,"- ","- ",37.803600311279297,-122.47081756591797,"SAN FRANCISCO","SAN FRANCISCO",-122.47076416015625,37.803680419921875
91819860,2022,2022-07-18,9335,2022-07-09,1100,022032,,6,1,7,3801,0,1,1,,1,081,"I-80 W/B","MAIN ST",80.00,W,N,A,-,Y,SF,,80,,,5.773,H,,L,Y,4,0,1,2,A,-,03,22350,,N,C,C,A,A,H,-,A,D,0,,,,,Y,,D,22,0,0,1,0,0,0,0,0,0,"- ","- ",37.787239074707031,-122.38961029052734,"SAN FRANCISCO","SAN FRANCISCO",-122.38961791992188,37.787246704101562
91826558,2022,2022-07-27,9335,2022-07-15,2355,022241,,5,3,7,3801,0,1,1,,2,022,"I-280 N/B","SAN JOSE AVENUE OVERCROSSING",833.00,S,N,A,-,Y,SF,,280,,R,1.302,H,,R,Y,3,0,1,1,A,-,01,23152,A,N,E,8,A,A,H,-,C,D,0,,,,,Y,Y,A,07,0,1,0,0,0,0,0,0,0,"- ","- ",37.716289520263672,-122.44889068603516,"SAN FRANCISCO","SAN FRANCISCO",-122.44900512695312,37.716327667236328
91827203,2022,2022-07-28,9335,2022-07-14,1000,022897,,4,1,7,3801,0,1,1,,2,024,"I-280 S/B","OAKDALE AVE. UNDERCROSSING",142.00,S,N,B,-,Y,SF,,280,,R,4.807,H,,L,N,4,0,1,2,A,-,03,22350,,N,C,C,A,A,H,-,A,D,0,,,,,Y,,A,07,0,0,1,0,0,0,0,0,0,"- ","- ",37.739551544189453,-122.40004730224609,"SAN FRANCISCO","SAN FRANCISCO",-122.40003204345703,37.739540100097656
91827354,2022,2022-07-28,9335,2022-07-17,1830,021916,,7,2,7,3801,0,1,2,,2,015,"US-101 S/B TO I-80 E/B","DIVISION STREET UNDERCROSSING",35.00,N,N,A,-,Y,SF,,80,,L,4.072,H,,R,Y,4,0,1,1,A,-,08,22107,,N,E,I,A,A,H,-,A,D,0,,,,,Y,,A,07,0,0,1,0,0,0,0,0,0,"- ","- ",37.769550323486328,-122.405517578125,"SAN FRANCISCO","SAN FRANCISCO",-122.40547943115234,37.769538879394531
91833382,2022,2022-08-04,9350,2022-08-02,0155,022606,,2,3,7,3801,0,1,2,,2,020,"US-101 N/B","LINCOLN BLVD",2790.00,N,N,A,-,Y,,,,,,,,,,Y,2,0,2,2,A,-,01,23152,A,N,C,C,A,A,D,-,C,D,0,,,,,Y,Y,A,01,1,1,0,0,0,0,0,0,0,"- ","- ",37.813159942626953,-122.47781372070312,"SAN FRANCISCO","SAN FRANCISCO",-122.47783660888672,37.813156127929688
91838776,2022,2022-10-31,9335,2022-08-05,1430,021222,,5,2,7,3801,0,1,1,,1,083,"I-80 EASTBOUND","PHYSICAL GOREPOINT OF I-80 EB TO TREASURE ISLAND R",170.00,W,N,A,-,Y,SF,,80,,,7.636,H,,R,Y,2,0,2,3,A,-,07,21658,A,F,B,C,A,A,H,-,A,D,0,,,,,Y,,A,07,1,0,1,0,0,0,0,0,0,"- ","- ",37.808101654052734,-122.36734008789062,"SAN FRANCISCO","SAN FRANCISCO",-122.3671875,37.808017730712891
91838846,2022,2022-08-12,9335,2022-08-05,1820,021222,,5,2,7,3801,0,1,1,,1,083,"I-80 EASTBOUND","NORTHGATE ROAD",1050.00,E,N,A,-,Y,SF,,80,,R,8.308,H,,R,N,4,0,2,4,A,-,03,22350,,N,C,C,A,A,H,-,A,D,0,,,,,Y,,A,07,0,0,2,0,0,0,0,0,0,"- ","- ",37.815078735351562,-122.35865020751953,"SAN FRANCISCO","SAN FRANCISCO",-122.35868072509766,37.815113067626953
91838982,2022,2022-08-12,9335,2022-08-09,1725,022897,,2,2,7,3801,0,1,1,,2,024,"I-280 N/B TO KING ST.","MISSION BAY DR.",95.00,N,N,A,-,Y,SF,,280,,T,7.174,H,,R,Y,4,0,1,3,A,-,03,22350,,N,C,C,A,A,H,-,A,D,0,,,,,Y,,A,01,0,0,1,0,0,0,0,0,0,"- ","- ",37.770378112792969,-122.39775848388672,"SAN FRANCISCO","SAN FRANCISCO",-122.39742279052734,37.770397186279297
91839165,2022,2022-08-12,9350,2022-08-10,0100,021615,,3,3,7,3801,0,1,2,,2,020,"US-101 N/B","GOLDEN GATE BRIDGE NORTH TOWER",190.00,S,N,A,-,Y,,,,,,,,,,Y,3,0,1,2,A,-,01,23152,A,N,C,C,A,A,D,-,C,A,0,,,,,Y,Y,A,01,0,1,0,0,0,0,0,0,0,"- ","- ",37.825061798095703,-122.47915649414062,"SAN FRANCISCO","SAN FRANCISCO",-122.4793701171875,37.825031280517578
91840098,2022,2022-08-15,9335,2022-08-06,0120,022795,,6,3,7,3801,0,1,1,,1,081,"I-80 WESTBOUND","THE EMBARCADERO",4800.00,E,N,A,-,Y,SF,,80,,,6.809,H,,L,Y,4,0,2,4,A,-,03,22350,,F,C,C,A,A,H,-,C,D,0,,,,,Y,,A,01,0,0,2,0,0,0,0,0,0,"- ","- ",37.798648834228516,-122.37692260742188,"SAN FRANCISCO","SAN FRANCISCO",-122.3770751953125,37.798751831054688
91840199,2022,2022-08-15,9335,2022-08-06,1205,022802,,6,1,7,3801,0,1,1,,1,081,"I-80 W/B","THE NORTHGATE RD U/C",1055.00,E,N,A,-,Y,SF,,80,,R,8.306,H,,L,Y,4,0,1,2,A,-,03,22350,,N,C,C,A,A,H,-,C,D,0,,,,,Y,,A,01,0,0,1,0,0,0,0,0,0,"- ","- ",37.815361022949219,-122.35888671875,"SAN FRANCISCO","SAN FRANCISCO",-122.35896301269531,37.815441131591797
91843506,2022,2022-08-18,9335,2022-08-14,1323,022920,,7,1,7,3801,0,1,1,,2,080,"I-80 E/B","THE BRYANT STREET UNDERCROSSING",60.00,E,N,A,-,Y,SF,,80,,,4.351,H,,R,N,4,0,1,2,A,-,04,21703,,N,C,C,A,A,H,-,A,D,0,,,,,Y,,A,01,0,0,1,0,0,0,0,0,0,"- ","- ",37.773178100585938,-122.40653991699219,"SAN FRANCISCO","SAN FRANCISCO",-122.40658569335938,37.773185729980469
91850599,2022,2022-08-26,9335,2022-08-22,2035,021390,,1,2,7,3801,0,1,2,,2,014,"US-101 N/B","THE 17TH ST. UNDERCROSSING",295.00,S,N,A,-,Y,SF,,101,,,4.066,H,,R,Y,4,0,2,5,A,-,03,22350,,N,C,C,A,A,H,-,D,D,0,,,,,Y,,A,01,0,0,2,0,0,0,0,0,0,"- ","- ",37.763641357421875,-122.40500640869141,"SAN FRANCISCO","SAN FRANCISCO",-122.40499114990234,37.763637542724609
91851519,2022,2022-08-29,9335,2022-08-17,2100,022795,,3,2,7,3801,0,1,2,,2,013,"US-101 SOUTHBOND","CORTLAND AVENUE",940.00,N,N,B,-,Y,SF,,101,,,2.459,H,,L,Y,3,0,1,3,A,-,08,22107,,F,C,E,A,A,H,-,D,D,0,,,,,Y,,-,99,0,1,0,0,0,0,0,0,0,"- ","- ",37.742179870605469,-122.40741729736328,"SAN FRANCISCO","SAN FRANCISCO",-122.40729522705078,37.742130279541016
91852160,2022,2022-08-29,9335,2022-08-23,1614,022897,,2,2,7,3801,0,1,1,,2,022,"I-280 S/B","SAN JOSE AVE. OVERCROSSING",45.00,N,N,A,-,Y,SF,,280,,R,1.473,H,,L,Y,4,0,6,3,A,-,03,22350,,N,C,C,A,A,H,-,A,D,0,,,,,Y,,A,07,0,0,6,0,0,0,0,0,0,"- ","- ",37.718681335449219,-122.44863128662109,"SAN FRANCISCO","SAN FRANCISCO",-122.44854736328125,37.718673706054688
91854562,2022,2022-08-31,9335,2022-08-27,0441,022179,,6,3,7,3801,0,1,1,,2,022,"I-280 S/B","HAVELOCK STREET OVERCROSSING",390.00,N,N,A,-,Y,SF,,280,,R,2.117,H,,L,Y,3,0,1,2,A,-,03,22350,,N,D,C,A,A,C,-,D,D,0,,,,,Y,,A,01,0,1,0,0,0,0,0,0,0,"- ","- ",37.727390289306641,-122.44486999511719,"SAN FRANCISCO","SAN FRANCISCO",-122.44488525390625,37.727401733398438
91855551,2022,2022-09-01,9335,2022-08-21,0843,022032,,7,1,7,3801,0,1,1,,2,080,"I-80 E/B FROM 8TH ST","7TH ST",360.00,W,N,A,-,Y,SF,,80,,,4.414,H,,R,Y,4,0,1,1,A,-,08,22107,,N,E,8,A,A,H,-,A,D,0,,,,,Y,,A,01,0,0,1,0,0,0,0,0,0,"- ","- ",37.774211883544922,-122.40651702880859,"SAN FRANCISCO","SAN FRANCISCO",-122.40628814697266,37.774143218994141
91856993,2022,2022-09-05,9335,2022-08-27,0435,022525,,6,3,7,3801,0,1,1,,2,021,"I-280 S/B","HAVELOCK STREET PEDESTRIAN OVERCROSSING",1400.00,N,N,A,-,Y,SF,,280,,R,2.128,H,,L,Y,3,0,1,2,A,-,03,22350,,M,C,C,A,A,H,-,D,D,0,,,,,Y,,A,01,0,1,0,0,0,0,0,0,0,"- ","- ",37.727531433105469,-122.44477844238281,"SAN FRANCISCO","SAN FRANCISCO",-122.44475555419922,37.727508544921875
91857006,2022,2022-09-05,9335,2022-09-01,1244,017995,,4,1,7,3801,0,1,2,,2,013,"US-101 N/B","PAUL AVE",390.00,S,N,A,-,Y,SF,,101,,,1.038,H,,R,Y,4,0,1,4,A,-,03,22350,,N,C,C,A,A,H,-,A,D,0,,,,,Y,,A,01,0,0,1,0,0,0,0,0,0,"- ","- ",37.722568511962891,-122.40061187744141,"SAN FRANCISCO","SAN FRANCISCO",-122.40061950683594,37.722568511962891
91857022,2022,2022-09-05,9335,2022-08-24,1735,021588,,3,2,7,3801,0,1,1,,1,081,"I-80 WESTBOUND TO HARRISON STREET","2ND STREET",460.00,E,N,A,-,Y,SF,,80,,,5.505,H,,L,N,3,0,1,1,A,-,08,22107,,N,F,A,A,A,H,-,A,D,0,,,Y,,Y,,C,02,0,1,0,0,0,0,0,0,1,"- ","- ",37.784568786621094,-122.39318084716797,"SAN FRANCISCO","SAN FRANCISCO",-122.39325714111328,37.784690856933594
91865291,2022,2022-09-15,9335,2022-09-06,2205,022416,,2,3,7,3801,0,1,1,,2,022,"I-280 S/B","GENEVA AVENUE",70.00,N,N,A,-,Y,SF,,280,,R,1.674,H,,L,Y,4,0,1,2,A,-,03,22350,,N,C,C,A,A,H,-,C,D,0,,,,,Y,,A,01,0,0,1,0,0,0,0,0,0,"- ","- ",37.721668243408203,-122.44828033447266,"SAN FRANCISCO","SAN FRANCISCO",-122.44818115234375,37.721660614013672
91867733,2022,2022-09-19,9335,2022-09-08,1055,022920,,4,1,7,3801,0,1,2,,2,015,"US-101 S/B","POTRERO AVE",350.00,N,N,A,-,Y,SF,,101,,R,4.581,H,,L,N,4,0,2,2,A,-,03,22350,,F,C,C,A,A,H,-,A,D,0,,,,,Y,,-,99,0,0,2,0,0,0,0,0,0,"- ","- ",37.769020080566406,-122.40927886962891,"SAN FRANCISCO","SAN FRANCISCO",-122.40927124023438,37.769050598144531
91869768,2022,2022-09-21,9335,2022-09-12,1640,023063,,1,2,7,3801,0,1,2,,2,013,"US-101 NORTHBOUND","FAITH ST. PEDESTRIAN OVERCROSSING",100.00,S,N,A,-,Y,SF,,101,,,2.574,H,,R,Y,3,0,1,3,D,-,00,,,N,C,C,A,A,H,-,A,D,0,,,Y,,Y,,-,"- ",0,1,0,0,0,0,0,0,1,"- ","- ",37.743431091308594,-122.40606689453125,"SAN FRANCISCO","SAN FRANCISCO",-122.40601348876953,37.743404388427734
91870114,2022,2022-09-21,9335,2022-09-15,1815,022241,,4,2,7,3801,0,1,2,,2,013,"US-101 S/B","CORTLAND AVENUE",182.00,N,N,A,-,Y,SF,,101,,,2.313,H,,L,Y,3,0,1,2,A,-,07,21658,A,F,B,C,A,A,H,-,A,D,0,,,Y,,Y,,-,99,0,1,0,0,0,0,0,0,1,"- ","- ",37.740188598632812,-122.40814971923828,"SAN FRANCISCO","SAN FRANCISCO",-122.40806579589844,37.740180969238281
91875428,2022,2022-09-28,9335,2022-09-21,0650,023078,,3,1,7,3801,0,1,1,,2,023,"I-280 N/B TRANSITION TO 101 N/B","CORTLAND AVE",715.00,S,N,A,-,Y,SF,,101,,,2.139,H,,R,N,4,0,1,4,A,-,03,22350,,N,C,C,A,A,H,-,A,D,0,,,,,Y,,A,01,0,0,1,0,0,0,0,0,0,"- ","- ",37.737678527832031,-122.4075927734375,"SAN FRANCISCO","SAN FRANCISCO",-122.40784454345703,37.737644195556641
91878718,2022,2022-09-30,9335,2022-09-20,2210,021754,,2,3,7,3801,0,1,1,,2,022,"I-280 S/B","OCEAN AVE",5.00,N,N,A,-,Y,SF,,280,,R,1.775,H,,L,Y,4,0,2,2,A,-,03,22350,,N,C,C,A,A,H,-,C,D,0,,,,,Y,,A,01,0,0,2,0,0,0,0,0,0,"- ","- ",37.723110198974609,-122.44795227050781,"SAN FRANCISCO","SAN FRANCISCO",-122.44786071777344,37.723091125488281
91880193,2022,2022-10-03,9335,2022-09-15,0830,022823,,4,1,7,3801,0,1,2,,2,013,"US-101 S/B","BACON ST",875.00,N,N,A,-,Y,SF,,101,,,1.586,H,,L,Y,4,0,2,2,A,-,03,22350,,N,C,C,A,A,H,-,A,D,0,,,,,Y,,A,01,0,0,2,0,0,0,0,0,0,"- ","- ",37.730129241943359,-122.40399169921875,"SAN FRANCISCO","SAN FRANCISCO",-122.40401458740234,37.730121612548828
91885281,2022,2022-10-07,9335,2022-09-30,1400,023065,,5,2,7,3801,0,1,1,,2,024,"I-280 SOUTHBOUND","THE SOUTH ROAD EDGE OF EVANS AVENUE UNDERCROSSING",900.00,S,N,A,-,Y,SF,,280,,R,5.179,H,,L,Y,2,0,3,1,A,-,08,22107,,N,E,I,A,A,H,-,A,D,0,,,,,Y,,A,01,2,1,0,0,0,0,0,0,0,"- ","- ",37.74407958984375,-122.39592742919922,"SAN FRANCISCO","SAN FRANCISCO",-122.39595031738281,37.744094848632812
91886292,2022,2022-10-10,9335,2022-10-03,1255,018053,,1,1,7,3801,0,1,2,,2,015,"US-101 S/B","FOLSOM STREET U/C",216.00,S,N,A,-,Y,SF,,101,,R,4.939,H,,L,N,4,0,1,2,A,-,07,21658,A,N,C,C,A,A,H,-,A,D,0,,,Y,,Y,,A,01,0,0,1,0,0,0,0,0,1,"- ","- ",37.769489288330078,-122.41474914550781,"SAN FRANCISCO","SAN FRANCISCO",-122.41474914550781,37.769496917724609