CASE_ID,ACCIDENT_YEAR,PROC_DATE,JURIS,COLLISION_DATE,COLLISION_TIME,OFFICER_ID,REPORTING_DISTRICT,DAY_OF_WEEK,CHP_SHIFT,POPULATION,CNTY_CITY_LOC,SPECIAL_COND,BEAT_TYPE,CHP_BEAT_TYPE,CITY_DIVISION_LAPD,CHP_BEAT_CLASS,BEAT_NUMBER,PRIMARY_RD,SECONDARY_RD,DISTANCE,DIRECTION,INTERSECTION,WEATHER_1,WEATHER_2,STATE_HWY_IND,CALTRANS_COUNTY,CALTRANS_DISTRICT,STATE_ROUTE,ROUTE_SUFFIX,POSTMILE_PREFIX,POSTMILE,LOCATION_TYPE,RAMP_INTERSECTION,SIDE_OF_HWY,TOW_AWAY,COLLISION_SEVERITY,NUMBER_KILLED,NUMBER_INJURED,PARTY_COUNT,PRIMARY_COLL_FACTOR,PCF_CODE_OF_VIOL,PCF_VIOL_CATEGORY,PCF_VIOLATION,PCF_VIOL_SUBSECTION,HIT_AND_RUN,TYPE_OF_COLLISION,MVIW,PED_ACTION,ROAD_SURFACE,ROAD_COND_1,ROAD_COND_2,LIGHTING,CONTROL_DEVICE,CHP_ROAD_TYPE,PEDESTRIAN_ACCIDENT,BICYCLE_ACCIDENT,MOTORCYCLE_ACCIDENT,TRUCK_ACCIDENT,NOT_PRIVATE_PROPERTY,ALCOHOL_INVOLVED,STWD_VEHTYPE_AT_FAULT,CHP_VEHTYPE_AT_FAULT,COUNT_SEVERE_INJ,COUNT_VISIBLE_INJ,COUNT_COMPLAINT_PAIN,COUNT_PED_KILLED,COUNT_PED_INJURED,COUNT_BICYCLIST_KILLED,COUNT_BICYCLIST_INJURED,COUNT_MC_KILLED,COUNT_MC_INJURED,PRIMARY_RAMP,SECONDARY_RAMP,LATITUDE,LONGITUDE,COUNTY,CITY,POINT_X,POINT_Y
91888206,2022,2022-10-12,9335,2022-09-30,1730,023044,,5,2,7,3801,0,1,1,,1,083,"I-80 EASTBOUND","SPEAR STREET",795.00,E,N,A,-,Y,SF,,80,,,6.013,H,,R,N,3,0,1,1,A,-,08,22107,,N,F,A,A,A,H,-,A,D,0,,,Y,,Y,,C,02,0,1,0,0,0,0,0,0,1,"- ","- ",37.789920806884766,-122.38671112060547,"SAN FRANCISCO","SAN FRANCISCO",-122.38670349121094,37.7899169921875
91889544,2022,2022-10-13,9335,2022-10-04,2330,022897,,2,3,7,3801,0,1,1,,1,083,"I-80 E/B","TREASURE ISLAND RD",1267.00,E,N,A,-,Y,SF,,80,,R,7.960,H,,R,N,4,0,2,2,A,-,01,23152,A,M,B,C,A,A,H,-,C,D,0,,,,,Y,Y,A,01,0,0,2,0,0,0,0,0,0,"- ","- ",37.811721801757812,-122.36331939697266,"SAN FRANCISCO","SAN FRANCISCO",-122.36351013183594,37.811798095703125
91890604,2022,2022-10-14,9335,2022-10-03,1721,023044,,1,2,7,3801,0,1,1,,1,081,"I-80 WESTBOUND","3RD STREET",44.00,W,N,A,-,Y,SF,,80,,,5.230,H,,L,N,4,0,2,2,A,-,03,22350,,N,C,C,A,A,H,-,A,D,0,,,,,Y,Y,-,"- ",0,0,2,0,0,0,0,0,0,"- ","- ",37.781978607177734,-122.39681243896484,"SAN FRANCISCO","SAN FRANCISCO",-122.39689636230469,37.782051086425781
91892181,2022,2022-10-18,9335,2022-10-10,1416,023044,,1,2,7,3801,0,1,1,,1,083,"I-80 EASTBOUND","I-80 E/B TO TREASURE ISLAND ROAD",178.00,E,N,A,-,Y,SF,,80,,,7.714,H,,R,Y,4,0,2,4,A,-,03,22350,,N,C,C,A,A,H,-,A,D,0,,,,,Y,,A,01,0,0,2,0,0,0,0,0,0,"- ","- ",37.8089599609375,-122.36637878417969,"SAN FRANCISCO","SAN FRANCISCO",-122.36637115478516,37.808952331542969
91894391,2022,2022-10-19,9335,2022-10-12,1225,018053,,3,1,7,3801,0,1,1,,2,080,"I-80 E/B","2ND STREET U/C",16.00,E,N,A,-,Y,SF,,80,,,5.422,H,,R,Y,4,0,1,3,A,-,03,22350,,N,C,C,A,A,H,-,A,D,0,,,,Y,Y,,F,27,0,0,1,0,0,0,0,0,0,"- ","- ",37.783828735351562,-122.39430999755859,"SAN FRANCISCO","SAN FRANCISCO",-122.39426422119141,37.783794403076172
91895603,2022,2022-10-20,9335,2022-10-19,1140,018804,,3,1,7,3801,0,1,2,,2,014,"US 101 S/B","18TH STREET PEDESTRIAN OVER CROSSING",230.00,S,N,A,-,Y,SF,,101,,,3.914,H,,L,N,4,0,1,2,A,-,03,22350,,N,C,C,A,A,H,-,A,D,0,,,,,Y,,A,01,0,0,1,0,0,0,0,0,0,"- ","- ",37.761608123779297,-122.40618896484375,"SAN FRANCISCO","SAN FRANCISCO",-122.40618133544922,37.761608123779297
91897914,2022,2022-10-24,9335,2022-10-15,2050,019799,,6,2,7,3801,0,1,1,,2,080,"I-80 W/B","9TH ST. OFF RAMP",800.00,E,N,B,-,Y,ALA,,80,,,1.986,H,,L,N,3,0,5,2,A,-,03,22350,,N,C,C,A,A,H,-,C,D,0,,,,,Y,,A,01,0,5,0,0,0,0,0,0,0,"- ","- ",37.824630737304688,-122.31388092041016,"SAN FRANCISCO","SAN FRANCISCO",-122.31393432617188,37.8248291015625
91898772,2022,2022-10-25,9335,2022-10-14,1400,023065,,5,2,7,3801,0,1,2,,2,013,"US-101 NORTHBOUND","THE CESAR CHAVEZ STREET UNDERCROSSING",149.00,S,N,A,-,Y,SF,,101,,,2.972,H,,R,N,4,0,1,2,A,-,03,22350,,F,C,C,A,A,H,-,A,D,0,,,,,Y,,-,99,0,0,1,0,0,0,0,0,0,"- ","- ",37.748878479003906,-122.40386199951172,"SAN FRANCISCO","SAN FRANCISCO",-122.40377807617188,37.748863220214844
91898880,2022,2022-10-25,9335,2022-10-14,2328,022024,,5,3,7,3801,0,1,1,,2,080,"I-80 E/B","BRANNAN ST. UNDERCROSSING",296.00,E,N,A,-,Y,SF,,80,,,4.256,H,,R,N,4,0,1,2,A,-,03,22350,,F,C,C,A,A,H,-,D,D,0,,,,,Y,,-,99,0,0,1,0,0,0,0,0,0,"- ","- ",37.771820068359375,-122.4063720703125,"SAN FRANCISCO","SAN FRANCISCO",-122.40630340576172,37.771842956542969
91900327,2022,2022-10-26,9335,2022-10-23,0515,022667,,7,3,7,3801,0,1,2,,2,015,"US-101 S/B TO I-80 E/B","DIVISION ST U/C",35.00,S,N,A,-,Y,SF,,80,,L,4.102,H,,R,Y,3,0,1,1,A,-,08,22107,,N,E,I,A,A,H,-,C,A,0,,,,,Y,,A,01,0,1,0,0,0,0,0,0,0,"- ","- ",37.769851684570312,-122.40547180175781,"SAN FRANCISCO","SAN FRANCISCO",-122.40542602539062,37.769847869873047
91905540,2022,2022-12-19,9335,2022-10-09,1900,022795,,7,2,7,3801,0,1,2,,2,013,"US-101 SOUTHBOUND","CORTLAND AVENUE",1584.00,N,N,A,-,Y,SF,,101,,,2.631,H,,L,Y,4,0,1,2,A,-,07,21658,A,F,C,C,A,A,H,-,D,D,0,,,,,Y,,-,99,0,0,1,0,0,0,0,0,0,"- ","- ",37.744190216064453,-122.40567779541016,"SAN FRANCISCO","SAN FRANCISCO",-122.40567779541016,37.744190216064453
91905663,2022,2022-10-31,9335,2022-10-20,1630,023044,,4,2,7,3801,0,1,1,,2,024,"I-280 NORTHBOUND TO 6TH STREET","BERRY STREET",583.00,S,N,A,-,Y,SF,,280,,T,7.186,H,,R,N,4,0,2,2,A,-,03,22350,,N,C,C,A,A,H,-,A,D,0,,,,,Y,,A,01,0,0,2,0,0,0,0,0,0,"- ","- ",37.770580291748047,-122.39737701416016,"SAN FRANCISCO","SAN FRANCISCO",-122.39743804931641,37.770576477050781
91905769,2022,2022-10-31,9335,2022-10-24,1655,022920,,1,2,7,3801,0,1,1,,1,083,"I-80 E/B","THE YERBA BUENA ISLAND TUNNEL",400.00,W,N,A,-,Y,SF,,80,,,7.646,H,,R,Y,4,0,4,3,A,-,07,21658,A,N,C,C,A,A,H,-,A,D,0,,,,,Y,,D,22,0,0,4,0,0,0,0,0,0,"- ","- ",37.808181762695312,-122.36715698242188,"SAN FRANCISCO","SAN FRANCISCO",-122.36708068847656,37.808139801025391
91905791,2022,2022-10-31,9335,2022-10-25,1710,022920,,2,2,7,3801,0,1,2,,2,013,"US-101 N/B","FAITH STREET PEDESTRIAN OVERCROSSING",66.00,S,N,A,-,Y,SF,,101,,,2.602,H,,R,Y,4,0,2,4,A,-,03,22350,,N,C,C,A,A,H,-,D,D,0,,,,,Y,,A,01,0,0,2,0,0,0,0,0,0,"- ","- ",37.743721008300781,-122.40573120117188,"SAN FRANCISCO","SAN FRANCISCO",-122.40575408935547,37.743732452392578
91906109,2022,2022-11-01,9335,2022-10-23,1900,023044,,7,2,7,3801,0,1,2,,2,014,"US-101 SOUTHBOUND","23RD STREET",153.00,S,N,A,-,Y,SF,,101,,,3.331,H,,L,N,4,0,2,3,A,-,03,22350,,N,C,C,A,A,H,-,C,D,0,,,,,Y,Y,A,01,0,0,2,0,0,0,0,0,0,"- ","- ",37.754001617431641,-122.40312957763672,"SAN FRANCISCO","SAN FRANCISCO",-122.40309906005859,37.754001617431641
91906540,2022,2022-11-01,9350,2022-10-22,1618,022577,,6,2,7,3801,0,1,3,,2,011,"SR-1 SOUTHBOUND","LAKE STREET",2640.00,N,N,A,-,Y,SF,,1,,,6.437,H,,L,N,3,0,1,2,A,-,03,22350,,N,C,C,A,A,H,-,A,D,0,,,,,Y,,A,01,0,1,0,0,0,0,0,0,0,"- ","- ",37.794380187988281,-122.46954345703125,"SAN FRANCISCO","SAN FRANCISCO",-122.46961975097656,37.794380187988281
91907781,2022,2022-11-02,9335,2022-10-27,1845,022920,,4,2,7,3801,0,1,2,,2,015,"US-101 N/B","THE ALAMEDA STREET UNDERCROSSING",182.00,S,N,A,-,Y,SF,,101,,R,4.363,H,,R,Y,4,0,2,2,A,-,03,22350,,N,C,A,A,A,H,-,E,D,0,,,,,Y,,A,01,0,0,2,0,0,0,0,0,0,"- ","- ",37.767898559570312,-122.40541076660156,"SAN FRANCISCO","SAN FRANCISCO",-122.40548706054688,37.767860412597656
91909844,2022,2022-11-04,9335,2022-10-29,0758,022897,,6,1,7,3801,0,1,1,,2,024,"I-280 S/B","MCKINNON AVE.",225.00,N,N,A,-,Y,SF,,280,,R,4.985,H,,L,Y,3,0,1,2,A,-,08,22107,,N,B,C,A,A,H,-,A,D,0,,,,,Y,,A,01,0,1,0,0,0,0,0,0,0,"- ","- ",37.741748809814453,-122.39813232421875,"SAN FRANCISCO","SAN FRANCISCO",-122.39808654785156,37.741729736328125
91909906,2022,2022-11-04,9335,2022-11-02,2320,022735,,3,3,7,3801,0,1,1,,2,023,"I-280 SOUTHBOUND","MONTEREY BLVD",528.00,N,N,A,-,Y,SF,,280,,R,2.960,H,,L,Y,4,0,1,2,A,-,07,21658,A,N,B,2,A,A,H,-,D,D,0,,,,,Y,,A,07,0,0,1,0,0,0,0,0,0,"- ","- ",37.732410430908203,-122.43087768554688,"SAN FRANCISCO","SAN FRANCISCO",-122.43087768554688,37.732376098632812
91913603,2022,2022-11-09,9335,2022-11-01,0325,023082,,2,3,7,3801,0,1,1,,1,081,"I-80 WESTBOUND TO HARRISON STREET","2ND STREET UNDERCROSSING",450.00,E,N,A,-,Y,,,,,,,,,,N,4,0,1,1,A,-,01,23152,A,M,E,I,A,A,H,-,D,A,0,,,,,Y,Y,A,01,0,0,1,0,0,0,0,0,0,"- ","- ",37.784069061279297,-122.39256286621094,"SAN FRANCISCO","SAN FRANCISCO",-122.39256286621094,37.784069061279297
91913838,2022,2022-11-09,9335,2022-11-05,1405,017672,,6,2,7,3801,0,1,1,,1,083,"I-80 E/B","STERLING STREET",920.00,E,N,B,-,Y,SF,,80,,,5.803,H,,R,N,4,0,2,2,A,-,08,22107,,N,E,I,A,B,H,-,A,D,0,,,,,Y,,A,07,0,0,2,0,0,0,0,0,0,"- ","- ",37.787559509277344,-122.38922119140625,"SAN FRANCISCO","SAN FRANCISCO",-122.38925170898438,37.787582397460938
91917237,2022,2022-11-14,9335,2022-11-06,1335,021222,,7,1,7,3801,0,1,2,,2,013,"US-101 SOUTHBOUND","PHYSICAL GOREPONT OF US-101 SOUTHBOUND TO 3RD STRE",300.00,N,N,A,-,Y,SF,,101,,,0.890,H,,L,Y,2,0,3,2,A,-,03,22350,,N,C,C,A,A,H,-,A,D,0,,,,,Y,,D,22,1,0,2,0,0,0,0,0,0,"- ","- ",37.720470428466797,-122.39987182617188,"SAN FRANCISCO","SAN FRANCISCO",-122.40011596679688,37.720424652099609
91917241,2022,2022-12-19,9335,2022-11-06,2200,023063,,7,3,7,3801,0,1,1,,2,024,"I-280 SB","23RD ST. UNDERCROSSING",265.00,N,N,C,-,Y,SF,,280,,R,6.023,H,,L,Y,4,0,1,1,A,-,08,22107,,N,E,I,A,B,H,-,C,D,0,,,,,Y,,A,01,0,0,1,0,0,0,0,0,0,"- ","- ",37.756008148193359,-122.39238739013672,"SAN FRANCISCO","SAN FRANCISCO",-122.39240264892578,37.756008148193359
91918044,2022,2022-11-15,9335,2022-11-09,0700,020658,,3,1,7,3801,0,1,1,,1,081,"I-80 W/B","WEST EDGE OF YERBA BUENA ISLAND TUNNEL",2798.00,E,N,A,-,Y,SF,,80,,R,8.346,H,,L,Y,2,0,1,2,A,-,07,21658,A,N,C,C,A,A,H,-,A,D,0,,,Y,,Y,,A,01,1,0,0,0,0,0,0,0,1,"- ","- ",37.815650939941406,-122.35823059082031,"SAN FRANCISCO","SAN FRANCISCO",-122.35836029052734,37.815792083740234
91919154,2022,2022-11-16,9335,2022-11-10,0617,018053,,4,1,7,3801,0,1,1,,2,080,"I-80 E/B","ALAMEDA STREET U/C",720.00,W,N,A,-,Y,SF,,80,,,3.868,H,,R,Y,3,0,1,3,A,-,08,22107,,N,E,I,A,A,A,-,A,D,0,,,,,Y,,A,01,0,1,0,0,0,0,0,0,0,"- ","- ",37.76654052734375,-122.40496826171875,"SAN FRANCISCO","SAN FRANCISCO",-122.40494537353516,37.76654052734375
91920196,2022,2022-11-17,9335,2022-11-12,0005,022703,,6,3,7,3801,0,1,2,,2,015,"US-101 SOUTBOUND TO I-80 EASTBOUND","THE DIVISION STREET UNDERCROSSING",105.00,N,N,A,-,Y,SF,,80,,L,4.077,H,,L,Y,3,0,1,2,A,-,03,22350,,N,B,C,A,A,H,-,D,D,0,,,,,Y,,A,01,0,1,0,0,0,0,0,0,0,"- ","- ",37.769371032714844,-122.40599060058594,"SAN FRANCISCO","SAN FRANCISCO",-122.40601348876953,37.769382476806641
91920565,2022,2022-11-17,9335,2022-11-13,0120,022703,,7,3,7,3801,0,1,2,,2,015,"US-101 SOUTHBOUND TO I-80 EASTBOUND","THE DIVISION STREET UNDERCROSSING",85.00,N,N,A,-,Y,SF,,80,,L,4.064,H,,R,Y,4,0,1,1,A,-,01,23152,A,N,E,I,A,A,H,-,D,D,0,,,,,Y,Y,A,01,0,0,1,0,0,0,0,0,0,"- ","- ",37.769451141357422,-122.40545654296875,"SAN FRANCISCO","SAN FRANCISCO",-122.40550994873047,37.769466400146484
91920571,2022,2022-11-17,9335,2022-11-13,1550,021222,,7,2,7,3801,0,1,1,,2,080,"I-80 WESTBOUND","OAK GROVE STREET",40.00,E,N,A,-,Y,SF,,80,,,4.762,H,,L,N,4,0,1,2,A,-,03,22350,,N,C,C,A,A,H,-,A,D,0,,,,,Y,,A,01,0,0,1,0,0,0,0,0,0,"- ","- ",37.777870178222656,-122.40235137939453,"SAN FRANCISCO","SAN FRANCISCO",-122.40232086181641,37.777843475341797
91921702,2022,2022-12-13,9335,2022-11-14,1600,022920,,1,2,7,3801,0,1,1,,1,081,"I-80 W/B","THE EMBACADERO UNDERCROSSING",2370.00,E,N,A,-,Y,SF,,80,,,6.366,H,,L,N,4,0,1,2,A,-,07,21658,A,F,B,C,A,A,H,-,A,D,0,,,,,Y,,-,99,0,0,1,0,0,0,0,0,0,"- ","- ",37.793949127197266,-122.38262176513672,"SAN FRANCISCO","SAN FRANCISCO",-122.38243865966797,37.793827056884766
91925324,2022,2022-11-23,9335,2022-11-15,1725,022920,,2,2,7,3801,0,1,2,,2,014,"US-101 SB","THE 23RD STREET OVERCROSSING",133.00,S,N,A,-,Y,SF,,101,,,3.336,H,,L,Y,3,0,2,3,A,-,03,22350,,M,C,C,A,A,H,-,D,D,0,,,,,Y,,A,01,0,1,1,0,0,0,0,0,0,"- ","- ",37.754070281982422,-122.40309906005859,"SAN FRANCISCO","SAN FRANCISCO",-122.40309906005859,37.754070281982422
91925431,2022,2022-11-23,9335,2022-10-26,1550,021754,,3,2,7,3801,0,1,1,,2,022,"I-280 S/B FROM SAN JOSE AVENUE","BADEN STREET O/C",100.00,N,N,A,-,Y,SF,,280,,R,2.494,H,,L,Y,4,0,1,3,A,-,03,22350,,N,C,C,A,A,H,-,A,D,0,,,,,Y,,D,22,0,0,1,0,0,0,0,0,0,"- ","- ",37.730388641357422,-122.4390869140625,"SAN FRANCISCO","SAN FRANCISCO",-122.43904876708984,37.730308532714844
91927955,2022,2022-11-28,9335,2022-11-20,0230,023063,,7,3,7,3801,0,1,1,,2,023,"I-280 SB","LYELL ST.",257.00,N,N,A,-,Y,SF,,280,,R,2.976,H,,L,Y,2,0,1,1,A,-,01,23152,A,N,E,8,A,A,H,-,D,D,0,,,,,Y,Y,A,01,1,0,0,0,0,0,0,0,0,"- ","- ",37.732440948486328,-122.43058013916016,"SAN FRANCISCO","SAN FRANCISCO",-122.43058013916016,37.732383728027344
91929013,2022,2022-11-29,9335,2022-11-18,0250,023082,,5,3,7,3801,0,1,2,,2,015,"US-101 SOUTHBOUND TO I-80 EASTBOUND","OF DIVISION STREET",45.00,W,N,A,-,Y,SF,,80,,L,4.066,H,,R,Y,4,0,1,1,A,-,01,23152,A,M,E,I,A,A,H,-,A,D,0,,,,,Y,Y,A,07,0,0,1,0,0,0,0,0,0,"- ","- ",37.769489288330078,-122.40553283691406,"SAN FRANCISCO","SAN FRANCISCO",-122.40550231933594,37.769481658935547
91935493,2022,2022-12-06,9335,2022-11-29,1627,021328,,2,2,7,3801,0,1,1,,2,022,"I-280 S/B FROM SAN JOSE AVE.","BADEN ST. OVERCROSSING",650.00,N,N,A,-,Y,SF,,280,,R,2.591,H,,L,N,4,0,1,2,A,-,04,21703,,N,C,C,A,A,H,-,B,D,0,,,,,Y,,A,01,0,0,1,0,0,0,0,0,0,"- ","- ",37.730979919433594,-122.43744659423828,"SAN FRANCISCO","SAN FRANCISCO",-122.43739318847656,37.730873107910156
91936315,2022,2022-12-07,9335,2022-12-01,0830,022920,,4,1,7,3801,0,1,1,,2,021,"SR1 N/B TO I-280 N/B","THE D STREET OVERCROSSING",1780.00,S,N,B,C,Y,SM,,1,,R,47.823,H,,R,Y,4,0,1,2,A,-,03,22350,,N,D,2,A,B,H,-,A,D,0,,,,,Y,,A,01,0,0,1,0,0,0,0,0,0,"- ","- ",37.678211212158203,-122.47128295898438,"SAN FRANCISCO","SAN FRANCISCO",-122.47126770019531,37.678207397460938
91937141,2022,2022-12-08,9335,2022-12-02,0650,022486,,5,1,7,3801,0,1,2,,2,014,"US-101 N/B","23RD STREET OVERCROSSING",905.00,S,N,A,-,Y,SF,,101,,,3.777,H,,R,N,4,0,2,2,A,-,03,22350,,N,C,C,A,A,H,-,A,D,0,,,,,Y,,D,22,0,0,2,0,0,0,0,0,0,"- ","- ",37.759681701660156,-122.40621185302734,"SAN FRANCISCO","SAN FRANCISCO",-122.40615081787109,37.759693145751953
91938217,2022,2022-12-09,9335,2022-12-01,0845,022920,,4,1,7,3801,0,1,1,,2,021,"I-280 S/B","THE JOHN DALY TUNNEL SOUTH EDGE",104.00,S,N,B,C,Y,SM,,280,,M,27.235,H,,L,N,4,0,1,2,A,-,03,22350,,N,C,2,A,B,H,-,A,D,0,,,,,Y,,A,01,0,0,1,0,0,0,0,0,0,"- ","- ",37.705978393554688,-122.47123718261719,"SAN FRANCISCO","SAN FRANCISCO",-122.47122192382812,37.705974578857422
91939508,2022,2022-12-12,9335,2022-12-02,1850,022897,,5,2,7,3801,0,1,2,,2,013,"US-101 N/B","PAUL AVE. UNDERCROSSING",150.00,N,N,A,-,Y,SF,,101,,,1.161,H,,R,N,4,0,1,2,A,-,03,22350,,M,C,C,A,A,H,-,D,D,0,,,,,Y,,A,07,0,0,1,0,0,0,0,0,0,"- ","- ",37.724258422851562,-122.40122985839844,"SAN FRANCISCO","SAN FRANCISCO",-122.40129852294922,37.7242431640625
91940728,2022,2022-12-13,9335,2022-12-08,1001,018804,,4,1,7,3801,0,1,2,,2,013,"US 101 S/B","18TH STREET PEDESTRIAN OVERCROSSING",265.00,N,N,A,-,Y,SF,,101,,,4.010,H,,L,N,4,0,1,2,A,-,03,22350,,N,C,C,A,A,H,-,A,D,0,,,,,Y,,A,07,0,0,1,0,0,0,0,0,0,"- ","- ",37.762851715087891,-122.40540313720703,"SAN FRANCISCO","SAN FRANCISCO",-122.40544891357422,37.762866973876953
91945516,2022,2022-12-19,9335,2022-12-07,2218,023067,,3,3,7,3801,0,1,1,,1,081,"I-80 WESTBOUND","NORTHGATE RD",155.00,W,N,A,-,Y,SF,,80,,R,7.972,H,,L,N,4,0,1,3,A,-,07,21658,A,M,B,C,A,A,H,-,C,D,0,,,,,Y,,-,99,0,0,1,0,0,0,0,0,0,"- ","- ",37.811931610107422,-122.36325836181641,"SAN FRANCISCO","SAN FRANCISCO",-122.36338806152344,37.811985015869141
91946760,2022,2022-12-20,9335,2022-12-11,1230,020384,,7,1,7,3801,0,1,1,,1,081,"I-80 W/B","THE EMBARCADERO",1162.00,E,N,B,-,Y,SF,,80,,,6.146,H,,L,Y,4,0,1,2,A,-,03,22350,,N,C,C,A,A,H,-,A,D,0,,,,,Y,,A,01,0,0,1,0,0,0,0,0,0,"- ","- ",37.791408538818359,-122.3851318359375,"SAN FRANCISCO","SAN FRANCISCO",-122.38510131835938,37.791389465332031
91947979,2022,2022-12-21,9350,2022-12-16,1855,022634,,5,2,7,3801,0,1,2,,2,020,"US-101 S/B","LINCOLN BLVD. U/C",475.00,N,N,A,-,Y,,,,,,,,,,N,3,0,1,1,A,-,08,22107,,N,E,I,A,A,H,-,A,D,0,,,,,Y,,A,08,0,1,0,0,0,0,0,0,0,"- ","- ",37.807281494140625,-122.47566223144531,"SAN FRANCISCO","SAN FRANCISCO",-122.47575378417969,37.807182312011719
91948218,2022,2022-12-21,9335,2022-12-19,1552,018688,,1,2,7,3801,0,1,1,,1,081,"I-80 W/B","SPEAR ST.",1164.00,E,N,B,-,Y,SF,,80,,,6.080,H,,L,N,4,0,1,4,A,-,03,22350,,N,C,C,A,A,H,-,A,D,0,,,,,Y,,A,01,0,0,1,0,0,0,0,0,0,"- ","- ",37.790691375732422,-122.38594818115234,"SAN FRANCISCO","SAN FRANCISCO",-122.38590240478516,37.790657043457031
91949026,2022,2022-12-22,9335,2022-11-01,0716,020772,,2,1,7,3801,0,1,2,,2,013,"US-101 S/B","ALANA WAY",748.00,N,N,B,-,Y,SF,,101,,,0.174,H,,L,N,3,0,1,4,A,-,03,22350,,N,C,C,A,B,H,-,A,D,0,,,,,Y,,A,07,0,1,0,0,0,0,0,0,0,"- ","- ",37.710899353027344,-122.39560699462891,"SAN FRANCISCO","SAN FRANCISCO",-122.39570617675781,37.710887908935547
91951473,2022,2022-12-23,9335,2022-12-13,1745,023044,,2,2,7,3801,0,1,2,,2,014,"US-101 SOUTHBOUND","22ND STREET PEDESTRIAN OVERCROSSING",208.00,N,N,A,-,Y,SF,,101,,,3.256,H,,L,Y,4,0,1,2,A,-,03,22350,,N,C,C,A,A,H,-,C,D,0,,,,,Y,,A,01,0,0,1,0,0,0,0,0,0,"- ","- ",37.7529296875,-122.40294647216797,"SAN FRANCISCO","SAN FRANCISCO",-122.40299987792969,37.752925872802734
91951489,2022,2022-12-23,9335,2022-11-08,0204,023082,,2,3,7,3801,0,1,2,,2,013,"US-101 NORTHBOUND","PAUL AVENUE UNDERCROSSING",180.00,S,N,C,G,Y,SF,,101,,,1.075,H,,R,Y,4,0,2,1,A,-,03,22350,,N,E,I,A,B,H,-,C,D,0,,,,,Y,,J,48,0,0,2,0,0,0,0,0,0,"- ","- ",37.723079681396484,-122.40072631835938,"SAN FRANCISCO","SAN FRANCISCO",-122.40081787109375,37.723060607910156
91954583,2022,2022-12-28,9335,2022-12-24,1300,023082,,6,1,7,3801,0,1,1,,2,022,"I-280 NORTHBOUND","THE FARALLONES PEDESTRIAN STREET OVERPASSING",180.00,S,N,A,-,Y,SF,,280,,R,1.029,H,,R,Y,4,0,2,2,A,-,03,22350,,N,C,C,A,A,H,-,A,D,0,,,,,Y,,A,07,0,0,2,0,0,0,0,0,0,"- ","- ",37.713199615478516,-122.45217895507812,"SAN FRANCISCO","SAN FRANCISCO",-122.45222473144531,37.713233947753906
91961890,2022,2023-01-06,9335,2022-11-17,0254,023082,,4,3,7,3801,0,1,1,,2,022,"I-280 SOUTHBOUND TO SAN JOSE AVENUE","SICKLES AVENUE",915.00,N,N,A,-,Y,SF,,280,,R,0.974,H,,L,Y,3,0,1,1,A,-,08,22107,,M,H,J,A,A,H,-,C,D,0,,,,,Y,,A,01,0,1,0,0,0,0,0,0,0,"- ","- ",37.712898254394531,-122.45320892333984,"SAN FRANCISCO","SAN FRANCISCO",-122.45301055908203,37.712753295898438
91965930,2023,2023-01-11,9335,2023-01-05,1120,020658,,4,1,7,3801,0,1,1,,1,081,"I-80 W.B","WEST EDGE OF YERBA BUENA ISLAND TUNNEL",300.00,W,N,B,C,Y,SF,,80," "," ",7.662,H,,R,Y,3,0,2,2,A,-,03,22350,,N,C,C,A,B,H,-,A,D,0,,,,,Y,,D,22,0,2,0,0,0,0,0,0,0,"- ","- ",37.808319091796875,-122.36689758300781,"SAN FRANCISCO","SAN FRANCISCO",-122.36692047119141,37.808330535888672