CASE_ID,ACCIDENT_YEAR,PROC_DATE,JURIS,COLLISION_DATE,COLLISION_TIME,OFFICER_ID,REPORTING_DISTRICT,DAY_OF_WEEK,CHP_SHIFT,POPULATION,CNTY_CITY_LOC,SPECIAL_COND,BEAT_TYPE,CHP_BEAT_TYPE,CITY_DIVISION_LAPD,CHP_BEAT_CLASS,BEAT_NUMBER,PRIMARY_RD,SECONDARY_RD,DISTANCE,DIRECTION,INTERSECTION,WEATHER_1,WEATHER_2,STATE_HWY_IND,CALTRANS_COUNTY,CALTRANS_DISTRICT,STATE_ROUTE,ROUTE_SUFFIX,POSTMILE_PREFIX,POSTMILE,LOCATION_TYPE,RAMP_INTERSECTION,SIDE_OF_HWY,TOW_AWAY,COLLISION_SEVERITY,NUMBER_KILLED,NUMBER_INJURED,PARTY_COUNT,PRIMARY_COLL_FACTOR,PCF_CODE_OF_VIOL,PCF_VIOL_CATEGORY,PCF_VIOLATION,PCF_VIOL_SUBSECTION,HIT_AND_RUN,TYPE_OF_COLLISION,MVIW,PED_ACTION,ROAD_SURFACE,ROAD_COND_1,ROAD_COND_2,LIGHTING,CONTROL_DEVICE,CHP_ROAD_TYPE,PEDESTRIAN_ACCIDENT,BICYCLE_ACCIDENT,MOTORCYCLE_ACCIDENT,TRUCK_ACCIDENT,NOT_PRIVATE_PROPERTY,ALCOHOL_INVOLVED,STWD_VEHTYPE_AT_FAULT,CHP_VEHTYPE_AT_FAULT,COUNT_SEVERE_INJ,COUNT_VISIBLE_INJ,COUNT_COMPLAINT_PAIN,COUNT_PED_KILLED,COUNT_PED_INJURED,COUNT_BICYCLIST_KILLED,COUNT_BICYCLIST_INJURED,COUNT_MC_KILLED,COUNT_MC_INJURED,PRIMARY_RAMP,SECONDARY_RAMP,LATITUDE,LONGITUDE,COUNTY,CITY,POINT_X,POINT_Y
91972006,2023,2023-01-19,9335,2023-01-10,1320,020658,,2,1,7,3801,0,1,1,,2,080,"I-80 WB TO 5TH STREET","THE EAST ROADWAY EDGE OF 5TH STREET",350.00,E,N,C,-,Y,SF,,80," "," ",4.905,H,,L,N,4,0,1,5,A,-,03,22350,,N,C,C,A,B,H,-,A,D,0,,,,,Y,Y,A,01,0,0,1,0,0,0,0,0,0,"- ","- ",37.779170989990234,-122.40025329589844,"SAN FRANCISCO","SAN FRANCISCO",-122.40042877197266,37.779308319091797
91972134,2023,2023-01-19,9350,2023-01-14,1714,022432,,6,2,7,3801,0,1,2,,2,020,"US-101 S/B","CONZELMAN ROAD",2112.00,S,N,C,G,Y,,,,,,,,,,N,3,0,1,1,C,-,18,,,N,F,I,A,B,H,-,C,D,0,,,,Y,Y,,-,"- ",0,1,0,0,0,0,0,0,0,"- ","- ",37.824901580810547,-122.47915649414062,"SAN FRANCISCO","SAN FRANCISCO",-122.47943115234375,37.824859619140625
91983379,2023,2023-01-31,9335,2023-01-29,"600 ",023067,,7,1,7,3801,0,1,2,,2,013,"US-101 S/B","ALEMANY BLVD",52.00,N,N,A,-,Y,SF,,101," "," ",2.160,H,,L,Y,3,0,1,1,A,-,01,23152,A,N,E,I,A,A,H,-,D,D,0,,,,,Y,,A,01,0,1,0,0,0,0,0,0,0,"- ","- ",37.737941741943359,-122.40799713134766,"SAN FRANCISCO","SAN FRANCISCO",-122.40804290771484,37.737934112548828
91985005,2023,2023-02-02,9335,2023-01-11,1605,023121,,3,2,7,3801,0,1,2,,2,013,"US 101 N/B","SILVER AVE",3050.00,S,N,A,-,Y,SF,,101," "," ",1.204,H,,R,Y,4,0,1,3,A,-,03,22350,,N,C,C,A,B,H,-,A,D,0,,,,,Y,,A,08,0,0,1,0,0,0,0,0,0,"- ","- ",37.724849700927734,-122.40151977539062,"SAN FRANCISCO","SAN FRANCISCO",-122.40154266357422,37.724845886230469
91985008,2023,2023-02-02,9335,2023-01-14,"701 ",023118,,6,1,7,3801,0,1,1,,1,083,"I-80 E/B","ARMY RD",1320.00,E,N,B,C,Y,SF,,80," ",R,8.473,H,,R,Y,4,0,1,1,A,-,01,23152,A,N,E,I,A,B,H,-,C,D,0,,,,,Y,Y,A,01,0,0,1,0,0,0,0,0,0,"- ","- ",37.816509246826172,-122.35617065429688,"SAN FRANCISCO","SAN FRANCISCO",-122.35615539550781,37.816493988037109
91985439,2023,2023-02-03,9335,2023-01-23,1445,023121,,1,2,7,3801,0,1,2,,2,015,"US 101 SB","DIVISION STREET",100.00,S,N,A,-,Y,SF,,101," ",R,4.424,H,,R,Y,4,0,1,3,A,-,01,23152,F,N,C,C,A,A,H,-,A,D,0,,,,,Y,,A,07,0,0,1,0,0,0,0,0,0,"- ","- ",37.768440246582031,-122.40630340576172,"SAN FRANCISCO","SAN FRANCISCO",-122.40624237060547,37.768489837646484
91986370,2023,2023-02-03,9335,2023-01-25,"50  ",022024,,3,3,7,3801,0,1,1,,2,024,"I-280 S/B","16TH ST UNDERCROSSING",208.00,N,N,A,-,Y,SF,,280," ",R,6.927,H,,L,N,3,0,1,2,A,-,11,21954,A,N,G,B,E,A,H,-,D,D,0,Y,,,,Y,,N,60,0,1,0,0,1,0,0,0,0,"- ","- ",37.767059326171875,-122.39550018310547,"SAN FRANCISCO","SAN FRANCISCO",-122.39552307128906,37.767040252685547
91988351,2023,2023-02-07,9335,2023-01-26,"820 ",021957,,4,1,7,3801,0,1,2,,2,015,"US-101 SB","15TH ST. UNDERCROSSING",10.00,N,N,A,-,Y,SF,,101," ",R,4.322,H,,L,N,4,0,1,2,A,-,03,22350,,N,C,C,A,A,H,-,A,D,0,,,,,Y,,A,07,0,0,1,0,0,0,0,0,0,"- ","- ",37.767311096191406,-122.40545654296875,"SAN FRANCISCO","SAN FRANCISCO",-122.40548706054688,37.767307281494141
91991160,2023,2023-02-10,9335,2023-01-25,"925 ",018804,,3,1,7,3801,0,1,2,,2,013,"US 101 N/B","PAUL AVENUE",612.00,N,N,A,-,Y,SF,,101," "," ",1.255,H,,R,N,4,0,1,2,A,-,08,22107,,N,C,C,A,A,H,-,A,D,0,,,,Y,Y,,I,20,0,0,1,0,0,0,0,0,0,"- ","- ",37.725589752197266,-122.40174865722656,"SAN FRANCISCO","SAN FRANCISCO",-122.40179443359375,37.725578308105469
91991162,2023,2023-02-10,9335,2023-01-28,"215 ",022823,,6,3,7,3801,0,1,1,,2,023,"I-280 S/B","ALEMANY BLVD.",262.00,S,N,A,-,Y,SF,,280," ",R,3.825,H,,L,Y,4,0,1,1,A,-,01,23152,A,N,E,I,A,A,H,-,C,D,0,,,,,Y,Y,A,01,0,0,1,0,0,0,0,0,0,"- ","- ",37.7322998046875,-122.41532135009766,"SAN FRANCISCO","SAN FRANCISCO",-122.41527557373047,37.732189178466797
91993167,2023,2023-02-13,9335,2023-02-08,"830 ",023118,,3,1,7,3801,0,1,2,,2,015,"US 101 S/B","15TH STREET UNDERCROSSING",200.00,N,N,A,-,Y,SF,,101," ",R,4.352,H,,L,N,4,0,1,2,A,-,03,22350,,N,C,C,A,A,H,-,A,D,0,,,,,Y,,A,07,0,0,1,0,0,0,0,0,0,"- ","- ",37.767730712890625,-122.40560913085938,"SAN FRANCISCO","SAN FRANCISCO",-122.40563201904297,37.767723083496094
91995908,2023,2023-02-16,9335,2023-02-04,2325,022897,,6,3,7,3801,0,1,2,,2,014,"US-101 N/B","18TH ST. PEDESTRIAN OVERCROSSING",130.00,S,N,A,-,Y,SF,,101," "," ",3.933,H,,R,Y,4,0,1,1,A,-,01,23152,A,N,E,I,A,B,H,-,D,D,0,,,,,Y,Y,A,01,0,0,1,0,0,0,0,0,0,"- ","- ",37.761810302734375,-122.40589141845703,"SAN FRANCISCO","SAN FRANCISCO",-122.40585327148438,37.761795043945312
91995949,2023,2023-02-16,9335,2023-01-31,1545,023111,,2,2,7,3801,0,1,2,,2,013,"US-101 N/B","CORTLAND AVE UNDERCROSSING",342.00,N,N,A,-,Y,SF,,101," "," ",2.348,H,,R,N,4,0,1,3,A,-,03,22350,,N,C,C,A,A,H,-,A,D,0,,,,,Y,,A,01,0,0,1,0,0,0,0,0,0,"- ","- ",37.740619659423828,-122.40773010253906,"SAN FRANCISCO","SAN FRANCISCO",-122.40779113769531,37.740631103515625
91997779,2023,2023-02-20,9335,2023-02-12,1455,017672,,7,2,7,3801,0,1,1,,2,080,"I-80 E/B","STERLING STREET ON-RAMP",470.00,W,N,A,-,Y,SF,,80," "," ",5.508,H,,R,N,4,0,3,3,A,-,03,22350,,N,C,C,A,A,H,-,A,D,0,,,,,Y,,A,01,0,0,3,0,0,0,0,0,0,"- ","- ",37.784610748291016,-122.39311981201172,"SAN FRANCISCO","SAN FRANCISCO",-122.39315795898438,37.784641265869141
91997783,2023,2023-02-20,9335,2023-02-13,1457,018688,,1,2,7,3801,0,1,1,,1,081,"I-80 W/B","2ND ST.",78.00,W,N,A,-,Y,SF,,80," "," ",5.390,H,,L,N,4,0,1,4,A,-,03,22350,,N,C,C,A,A,H,-,A,D,0,,,,,Y,,A,08,0,0,1,0,0,0,0,0,0,"- ","- ",37.783599853515625,-122.39478302001953,"SAN FRANCISCO","SAN FRANCISCO",-122.39482116699219,37.783634185791016
92003240,2022,2023-02-27,9335,2022-12-02,1125,022486,,5,1,7,3801,0,1,2,,2,014,"US-101 S/B","23RD STREET OVERCROSSING",400.00,N,N,A,-,Y,SF,,101,,,4.035,H,,L,N,4,0,1,3,A,-,07,21658,A,M,C,C,A,A,H,-,A,D,0,,,,,Y,,A,07,0,0,1,0,0,0,0,0,0,"- ","- ",37.763198852539062,-122.40525054931641,"SAN FRANCISCO","SAN FRANCISCO",-122.40531921386719,37.763214111328125
92007760,2022,2023-03-02,9335,2022-07-23,2357,022703,,6,3,7,3801,0,1,1,,1,081,"I-80 WESTBOUND","THE FOREST HILL ROAD OVERCROSSING.",260.00,E,N,A,-,Y,SF,,80,,,7.852,H,,L,Y,2,0,4,2,A,-,01,23152,A,F,C,C,A,A,H,-,C,D,0,,,,,Y,Y,A,01,4,0,0,0,0,0,0,0,0,"- ","- ",37.810539245605469,-122.36470031738281,"SAN FRANCISCO","SAN FRANCISCO",-122.36465454101562,37.810512542724609
92009005,2023,2023-03-03,9335,2023-02-20,1155,023063,,1,1,7,3801,0,1,1,,2,080,"I-80 EASTBOUND","5TH STREET",215.00,W,N,A,-,Y,SF,,80," "," ",4.787,H,,R,Y,2,0,1,2,A,-,03,22350,,N,C,C,A,A,H,-,A,D,0,,,Y,,Y,,C,02,1,0,0,0,0,0,0,0,1,"- ","- ",37.777881622314453,-122.40160369873047,"SAN FRANCISCO","SAN FRANCISCO",-122.40156555175781,37.777843475341797
92009066,2023,2023-03-03,9335,2023-02-21,1510,023067,,2,2,7,3801,0,1,1,,2,024,"I-280 NORTHBOUND","16TH STREET",586.00,N,N,A,-,Y,SF,,280," ",R,6.987,H,,R,N,4,0,1,2,A,-,07,21658,A,N,B,C,A,A,H,-,B,D,0,,,Y,,Y,,A,08,0,0,1,0,0,0,0,0,1,"- ","- ",37.767860412597656,-122.39598083496094,"SAN FRANCISCO","SAN FRANCISCO",-122.39600372314453,37.767845153808594
92009428,2023,2023-03-03,9335,2023-02-25,"213 ",022860,,6,3,7,3801,0,1,2,,2,014,"US-101 S/B","THE 23RD STREET OVERCROSSING",300.00,N,N,A,-,Y,SF,,101," "," ",3.423,H,,L,N,4,0,1,1,A,-,01,23152,A,N,F,I,A,A,H,-,D,D,0,,,,,Y,Y,A,01,0,0,1,0,0,0,0,0,0,"- ","- ",37.755390167236328,-122.40322875976562,"SAN FRANCISCO","SAN FRANCISCO",-122.40322113037109,37.755390167236328
92013415,2022,2023-03-09,9335,2022-08-15,1701,020991,,1,2,7,3801,0,1,1,,2,024,"I280 NB TO 6TH STREET","MISSION BAY DRIVE",152.00,S,N,A,-,Y,SF,,280,,T,7.111,H,,R,N,4,0,1,2,A,-,03,22350,,M,C,C,A,A,H,-,A,D,0,,,,,Y,,J,41,0,0,1,0,0,0,0,0,0,"- ","- ",37.769458770751953,-122.39718627929688,"SAN FRANCISCO","SAN FRANCISCO",-122.39723205566406,37.769451141357422
92015092,2022,2023-03-10,9335,2022-06-19,0254,022196,,7,3,7,3801,0,1,1,,1,081,"I-80 WESTBOUND","CECTER ANCHORAGE",20.00,E,N,A,-,Y,SF,,80,,,6.770,H,,L,Y,1,1,4,2,A,-,03,22350,,N,C,C,A,A,H,-,C,D,0,,,,,Y,Y,D,22,3,0,1,0,0,0,0,0,0,"- ","- ",37.798469543457031,-122.37776184082031,"SAN FRANCISCO","SAN FRANCISCO",-122.37754058837891,37.798320770263672
92015396,2023,2023-03-13,9335,2023-03-03,"708 ",021237,,5,1,7,3801,0,1,2,,2,013,"US 101 N/B","BAYSHORE BLVD",950.00,N,N,A,-,Y,SF,,101," "," ",0.763,H,,R,Y,4,0,1,2,A,-,03,22350,,N,C,C,A,A,H,-,A,D,0,,,Y,,Y,,A,01,0,0,1,0,0,0,0,0,1,"- ","- ",37.718868255615234,-122.39933013916016,"SAN FRANCISCO","SAN FRANCISCO",-122.39940643310547,37.718856811523438
92015610,2023,2023-03-13,9335,2023-03-03,1900,023167,,5,2,7,3801,0,1,1,,2,023,"I-280 N/B TO US 101 S/B","ALEMANY BLVD",850.00,N,N,A,-,Y,SF,,280," ",R,4.033,H,,R,Y,4,0,1,1,A,-,08,22107,,N,E,I,A,A,H,-,C,D,0,,,,,Y,,A,07,0,0,1,0,0,0,0,0,0,"- ","- ",37.733200073242188,-122.41184234619141,"SAN FRANCISCO","SAN FRANCISCO",-122.41190338134766,37.733291625976562
92017738,2023,2023-03-14,9335,2023-03-08,"927 ",018053,,3,1,7,3801,0,1,1,,1,083,"I-80 E/B","YERBA BUENA ISLAND TUNNEL WEST EDGE",540.00,W,N,A,-,Y,SF,,80," "," ",7.619,H,,R,Y,4,0,1,3,A,-,08,22107,,N,F,I,A,B,H,-,A,D,0,,,Y,,Y,,C,02,0,0,1,0,0,0,0,0,1,"- ","- ",37.807929992675781,-122.36760711669922,"SAN FRANCISCO","SAN FRANCISCO",-122.36737060546875,37.807804107666016
92019428,2023,2023-03-16,9335,2023-02-05,"145 ",022920,,7,3,7,3801,0,1,2,,2,013,"US-101 N/B","THE PAUL AVENUE OVERCROSSING",115.00,N,N,C,-,Y,SF,,101," "," ",1.161,H,,R,Y,4,0,1,2,A,-,03,22350,,F,C,2,A,B,H,-,C,D,0,,,,,Y,,A,01,0,0,1,0,0,0,0,0,0,"- ","- ",37.724208831787109,-122.40141296386719,"SAN FRANCISCO","SAN FRANCISCO",-122.40129852294922,37.724239349365234
92020802,2023,2023-03-17,9335,2023-03-01,1425,023111,,3,2,7,3801,0,1,1,,2,023,"I-280 N/B","18TH STREET OVERCROSSING",400.00,S,N,A,-,Y,SF,,280," ",R,6.506,H,,R,Y,4,0,1,2,A,-,03,22350,,N,C,C,A,A,H,-,A,D,0,,,,,Y,,A,07,0,0,1,0,0,0,0,0,0,"- ","- ",37.761661529541016,-122.39241790771484,"SAN FRANCISCO","SAN FRANCISCO",-122.3924560546875,37.76165771484375
92021639,2023,2023-03-20,9335,2023-03-06,"200 ",023082,,1,3,7,3801,0,1,1,,2,022,"I-280 S/B","PAULDING ST",260.00,S,N,B,-,Y,SF,,280," ",R,2.152,H,,L,Y,4,0,1,2,A,-,01,23152,A,N,D,C,A,B,H,-,C,D,0,,,,,Y,Y,A,01,0,0,1,0,0,0,0,0,0,"- ","- ",37.727771759033203,-122.4444580078125,"SAN FRANCISCO","SAN FRANCISCO",-122.44444274902344,37.727756500244141
92021783,2023,2023-03-20,9335,2023-02-11,"435 ",022897,,6,3,7,3801,0,1,2,,2,014,"US-101 S/B","18TH STREET PEDESTRIAN OVERCROSSING",500.00,S,N,A,-,Y,SF,,101," "," ",3.861,H,,L,N,4,0,1,3,A,-,07,21658,A,M,B,C,A,B,H,-,D,D,0,,,,,Y,,-,99,0,0,1,0,0,0,0,0,0,"- ","- ",37.760898590087891,-122.40650939941406,"SAN FRANCISCO","SAN FRANCISCO",-122.40644836425781,37.760887145996094
92023741,2023,2023-03-21,9335,2023-03-15,1230,020658,,3,1,7,3801,0,1,1,,2,080,"I-80 W/B","THE WEST ROAD EDGE OF 2ND STREET",470.00,W,N,A,-,Y,SF,,80," "," ",5.313,H,,L,Y,4,0,1,2,A,-,03,22350,,N,C,C,A,A,H,-,A,D,0,,,,,Y,,A,01,0,0,1,0,0,0,0,0,0,"- ","- ",37.782798767089844,-122.39573669433594,"SAN FRANCISCO","SAN FRANCISCO",-122.39582061767578,37.782867431640625
92026723,2023,2023-03-23,9335,2023-03-14,"615 ",021957,,2,1,7,3801,0,1,1,,2,022,"I-280 NB","FARALLONES ST. PED OVERCROSSING",577.00,S,N,B,C,Y,SF,,280," ",R,0.955,H,,R,Y,4,0,1,3,A,-,07,21658,A,N,B,C,A,A,H,-,D,D,0,,,,,Y,,A,01,0,0,1,0,0,0,0,0,0,"- ","- ",37.712398529052734,-122.45307922363281,"SAN FRANCISCO","SAN FRANCISCO",-122.45314025878906,37.712444305419922
92032980,2023,2023-03-30,9335,2023-03-18,1515,023119,,6,2,7,3801,0,1,2,,2,013,"US-101 N/B","PAUL AVE",626.00,S,N,A,-,Y,SF,,101," "," ",0.996,H,,R,Y,4,0,1,4,A,-,03,22350,,N,C,C,A,A,H,-,A,D,0,,,,,Y,,D,22,0,0,1,0,0,0,0,0,0,"- ","- ",37.722011566162109,-122.40038299560547,"SAN FRANCISCO","SAN FRANCISCO",-122.40039825439453,37.722007751464844
92033088,2023,2023-03-30,9335,2023-03-27,"920 ",018053,,1,1,7,3801,0,1,1,,2,080,"I-80 E/B","THE 4TH STREET UNDERCROSSING",892.00,W,N,A,-,Y,SF,,80," "," ",4.831,H,,R,Y,4,0,1,2,A,-,03,22350,,N,C,C,A,A,H,-,A,D,0,,,,,Y,,A,01,0,0,1,0,0,0,0,0,0,"- ","- ",37.7781982421875,-122.40091705322266,"SAN FRANCISCO","SAN FRANCISCO",-122.40092468261719,37.778205871582031
92036916,2023,2023-04-04,9335,2023-03-26,1907,021916,,7,2,7,3801,0,1,1,,2,080,"I-80 E/B TO 4TH STREET","PROLONGATION OF WEST ROAD EDGE OF 4TH STREET",44.00,W,N,A,-,Y,,,,,,,,,,N,4,0,1,2,A,-,03,22350,,M,C,C,A,A,H,-,A,A,0,,,,,Y,,-,99,0,0,1,0,0,0,0,0,0,"- ","- ",37.779579162597656,-122.39846038818359,"SAN FRANCISCO","SAN FRANCISCO",-122.39846038818359,37.779579162597656
92037648,2023,2023-04-05,9335,2023-03-28,2020,022823,,2,2,7,3801,0,1,1,,2,023,"I-280 N/B","SAN JOSE AVENUE",807.00,S,N,C,-,Y,SF,,280," ",R,1.295,H,,R,N,4,0,1,1,A,-,08,22107,,N,E,I,A,B,H,-,C,D,0,,,,,Y,,A,01,0,0,1,0,0,0,0,0,0,"- ","- ",37.716270446777344,-122.44914245605469,"SAN FRANCISCO","SAN FRANCISCO",-122.44905853271484,37.716232299804688
92041060,2023,2023-04-10,9335,2023-04-01,"235 ",023063,,6,3,7,3801,0,1,2,,2,013,"US-101 SOUTHBOUND FROM CESAR CHAVEZ ST.","FAITH ST.",1460.00,N,N,B,-,Y,SF,,101," "," ",2.893,H,,L,Y,3,0,2,1,A,-,01,23152,A,F,E,I,A,A,H,-,D,D,0,,,,,Y,Y,A,01,0,2,0,0,0,0,0,0,0,"- ","- ",37.747871398925781,-122.40447998046875,"SAN FRANCISCO","SAN FRANCISCO",-122.40431213378906,37.747837066650391
92041291,2023,2023-04-10,9335,2023-04-06,"900 ",020658,,4,1,7,3801,0,1,2,,2,015,"US-101 N/B","NORTH ROAD EDGE OF SOUTH VAN NESS AVE.",10.00,N,N,A,-,Y,SF,,101," ",R,5.119,H,,R,N,4,0,1,2,A,-,03,22350,,N,C,C,A,A,H,-,A,D,0,,,,,Y,,A,07,0,0,1,0,0,0,0,0,0,"- ","- ",37.769901275634766,-122.41793823242188,"SAN FRANCISCO","SAN FRANCISCO",-122.41793823242188,37.7698974609375
92046598,2023,2023-04-17,9335,2023-04-05,2153,023111,,3,2,7,3801,0,1,2,,2,013,"US-101 N/B","3RD STREET OVERCROSSING",1656.00,N,N,A,-,Y,SF,,101," "," ",0.904,H,,R,Y,4,0,1,2,A,-,01,23152,A,N,B,C,A,A,H,-,C,D,0,,,,,Y,Y,A,01,0,0,1,0,0,0,0,0,0,"- ","- ",37.720790863037109,-122.39990234375,"SAN FRANCISCO","SAN FRANCISCO",-122.39995574951172,37.720779418945312
92047007,2023,2023-04-17,9335,2023-04-08,2030,022920,,6,2,7,3801,0,1,1,,2,080,"I-80 W/B","THE DIVISION STREET UNDERCROSSING",135.00,W,N,A,-,Y,SF,,80," "," ",4.061,H,,L,Y,4,0,2,3,A,-,04,21703,,N,C,C,A,A,H,-,C,D,0,,,,,Y,,A,01,0,0,2,0,0,0,0,0,0,"- ","- ",37.769279479980469,-122.40550231933594,"SAN FRANCISCO","SAN FRANCISCO",-122.40553283691406,37.769275665283203
92047048,2023,2023-04-17,9335,2023-02-12,"45  ",022802,,7,3,7,3801,0,1,1,,1,083,"I-80 E/B","THE BEALE ST U/C",305.00,W,N,A,-,Y,SF,,80," "," ",5.662,H,,R,Y,4,0,1,2,A,-,07,21658,A,F,B,C,A,A,H,-,C,D,0,,,,,Y,,-,99,0,0,1,0,0,0,0,0,0,"- ","- ",37.786060333251953,-122.39102172851562,"SAN FRANCISCO","SAN FRANCISCO",-122.39095306396484,37.786018371582031
92047898,2023,2023-04-18,9335,2023-04-12,1540,021424,,3,2,7,3801,0,1,1,,2,024,"I-280 N/B","22ND STREET",100.00,N,N,A,-,Y,SF,,280," ",R,6.193,H,,R,N,4,0,1,2,A,-,03,22350,,N,C,C,A,A,H,-,A,D,0,,,,,Y,,A,01,0,0,1,0,0,0,0,0,0,"- ","- ",37.758060455322266,-122.39215087890625,"SAN FRANCISCO","SAN FRANCISCO",-122.39224243164062,37.758064270019531
92052017,2023,2023-04-24,9335,2023-04-18,1555,022920,,2,2,7,3801,0,1,2,,2,013,"US-101 N/B","THE PAUL AVENUE UNDERCROSSING",635.00,N,N,A,-,Y,SF,,101," "," ",0.990,H,,R,N,3,0,1,2,A,-,03,22350,,N,C,C,A,A,H,-,A,D,0,,,,,Y,,A,07,0,1,0,0,0,0,0,0,0,"- ","- ",37.721931457519531,-122.40035247802734,"SAN FRANCISCO","SAN FRANCISCO",-122.40036773681641,37.721927642822266
92054189,2023,2023-04-26,9335,2023-04-26,1230,023118,,3,1,7,3801,0,1,1,,1,082,"I-80 W/B","SFOBB TOLL PLAZA",2640.00,W,N,A,-,Y,ALA,,80," ",R,1.463,H,,L,N,4,0,1,2,A,-,03,22350,,N,C,C,A,A,H,-,A,D,0,,,,,Y,,A,01,0,0,1,0,0,0,0,0,0,"- ","- ",37.822509765625,-122.32314300537109,"SAN FRANCISCO","SAN FRANCISCO",-122.32315826416016,37.822601318359375
92054866,2023,2023-04-27,9350,2023-04-23,1936,022411,,7,2,7,3801,0,1,3,,2,011,"US-101 S/B TO SR-1","LINCOLN BLVD. U/C",530.00,N,N,A,-,Y,SF,,101," ",R,9.375,H,,L,Y,3,0,2,1,A,-,08,22107,,N,E,I,A,A,H,-,A,D,0,,,,,Y,,A,01,0,2,0,0,0,0,0,0,0,"- ","- ",37.803340911865234,-122.47073364257812,"SAN FRANCISCO","SAN FRANCISCO",-122.47068786621094,37.803401947021484
92054962,2023,2023-04-27,9350,2023-04-17,2220,022577,,1,3,7,3801,0,1,2,,1,120,"US-101 SOUTHBOUND","CONZELMAN ROAD",1800.00,S,N,A,G,Y,,,,,,,,,,Y,3,0,1,2,A,-,03,22350,,N,F,A,A,A,H,-,C,D,0,,Y,,,Y,Y,L,04,0,1,0,0,0,0,1,0,0,"- ","- ",37.825389862060547,-122.47930145263672,"SAN FRANCISCO","SAN FRANCISCO",-122.47950744628906,37.825359344482422
92059338,2023,2023-05-02,9335,2023-04-26,1250,023118,,3,1,7,3801,0,1,1,,1,083,"I-80 E/B","TREASURE ISLAND RD",250.00,W,N,A,-,Y,SF,,80," "," ",7.672,H,,R,Y,4,0,1,3,A,-,03,22350,,N,C,C,A,A,H,-,A,D,0,,,,,Y,,A,01,0,0,1,0,0,0,0,0,0,"- ","- ",37.808460235595703,-122.3668212890625,"SAN FRANCISCO","SAN FRANCISCO",-122.36681365966797,37.808456420898438
92059355,2023,2023-05-02,9335,2023-04-24,1050,023167,,1,1,7,3801,0,1,2,,2,014,"US 101 N/B","25TH STREET OVERCROSSING",270.00,N,N,A,-,Y,SF,,101," "," ",3.268,H,,R,Y,4,0,1,2,A,-,07,21658,A,N,C,2,A,A,H,-,A,D,0,,,,,Y,,A,01,0,0,1,0,0,0,0,0,0,"- ","- ",37.753101348876953,-122.40276336669922,"SAN FRANCISCO","SAN FRANCISCO",-122.40281677246094,37.753097534179688
92060156,2023,2023-05-03,9335,2023-04-26,1135,018053,,3,1,7,3801,0,1,1,,1,081,"I-80 W/B","SAN FRANCISCO COUNTY LINE",1748.00,W,N,A,-,Y,SF,,80," ",R,8.617,H,,L,Y,4,0,2,3,A,-,08,22107,,N,B,C,E,A,D,-,A,D,0,Y,,,Y,Y,,D,22,0,0,2,0,1,0,0,0,0,"- ","- ",37.818099975585938,-122.35417938232422,"SAN FRANCISCO","SAN FRANCISCO",-122.35411071777344,37.817989349365234