CASE_ID,ACCIDENT_YEAR,PROC_DATE,JURIS,COLLISION_DATE,COLLISION_TIME,OFFICER_ID,REPORTING_DISTRICT,DAY_OF_WEEK,CHP_SHIFT,POPULATION,CNTY_CITY_LOC,SPECIAL_COND,BEAT_TYPE,CHP_BEAT_TYPE,CITY_DIVISION_LAPD,CHP_BEAT_CLASS,BEAT_NUMBER,PRIMARY_RD,SECONDARY_RD,DISTANCE,DIRECTION,INTERSECTION,WEATHER_1,WEATHER_2,STATE_HWY_IND,CALTRANS_COUNTY,CALTRANS_DISTRICT,STATE_ROUTE,ROUTE_SUFFIX,POSTMILE_PREFIX,POSTMILE,LOCATION_TYPE,RAMP_INTERSECTION,SIDE_OF_HWY,TOW_AWAY,COLLISION_SEVERITY,NUMBER_KILLED,NUMBER_INJURED,PARTY_COUNT,PRIMARY_COLL_FACTOR,PCF_CODE_OF_VIOL,PCF_VIOL_CATEGORY,PCF_VIOLATION,PCF_VIOL_SUBSECTION,HIT_AND_RUN,TYPE_OF_COLLISION,MVIW,PED_ACTION,ROAD_SURFACE,ROAD_COND_1,ROAD_COND_2,LIGHTING,CONTROL_DEVICE,CHP_ROAD_TYPE,PEDESTRIAN_ACCIDENT,BICYCLE_ACCIDENT,MOTORCYCLE_ACCIDENT,TRUCK_ACCIDENT,NOT_PRIVATE_PROPERTY,ALCOHOL_INVOLVED,STWD_VEHTYPE_AT_FAULT,CHP_VEHTYPE_AT_FAULT,COUNT_SEVERE_INJ,COUNT_VISIBLE_INJ,COUNT_COMPLAINT_PAIN,COUNT_PED_KILLED,COUNT_PED_INJURED,COUNT_BICYCLIST_KILLED,COUNT_BICYCLIST_INJURED,COUNT_MC_KILLED,COUNT_MC_INJURED,PRIMARY_RAMP,SECONDARY_RAMP,LATITUDE,LONGITUDE,COUNTY,CITY,POINT_X,POINT_Y
92065238,2023,2023-05-09,9335,2023-05-08,1805,022048,,1,2,7,3801,0,1,2,,2,013,"US-101 N/B","PAUL AVE",50.00,N,N,A,-,Y,SF,,101," "," ",1.147,H,,R,Y,4,0,1,2,A,-,03,22350,,N,C,C,A,A,H,-,A,D,0,,,,,Y,,D,22,0,0,1,0,0,0,0,0,0,"- ","- ",37.724048614501953,-122.40120697021484,"SAN FRANCISCO","SAN FRANCISCO",-122.40121459960938,37.724048614501953
92066164,2023,2023-05-11,9335,2023-04-29,"345 ",023044,,6,3,7,3801,0,1,1,,2,080,"I-80 WESTBOUND","7TH STREET",62.00,E,N,A,-,Y,SF,,80," "," ",4.513,H,,L,Y,4,0,2,2,A,-,01,23152,F,N,C,C,A,A,H,-,C,D,0,,,,,Y,,A,01,0,0,2,0,0,0,0,0,0,"- ","- ",37.775539398193359,-122.40586853027344,"SAN FRANCISCO","SAN FRANCISCO",-122.40586853027344,37.775539398193359
92068658,2023,2023-05-15,9335,2023-05-03,1424,017667,,3,2,7,3801,0,1,1,,2,023,"I-280 N/B","SAN JOSE AVE.",2000.00,S,N,B,C,Y,SF,,280," ",R,3.176,H,,R,Y,3,0,1,2,A,-,08,22107,,N,B,C,A,B,H,-,A,D,0,,,,,Y,,A,01,0,1,0,0,0,0,0,0,0,"- ","- ",37.731670379638672,-122.42707061767578,"SAN FRANCISCO","SAN FRANCISCO",-122.42709350585938,37.731605529785156
92068962,2023,2023-05-30,9335,2023-04-29,2225,023063,,6,3,7,3801,0,1,1,,1,083,"I-80 EASTBOUND","TREASURE ISLAND RD.",582.00,E,N,A,-,Y,SF,,80," "," ",7.826,H,,R,Y,3,0,1,5,A,-,07,21658,A,N,B,C,A,A,H,-,C,D,0,,,,,Y,,A,01,0,1,0,0,0,0,0,0,0,"- ","- ",37.81024169921875,-122.36499786376953,"SAN FRANCISCO","SAN FRANCISCO",-122.36495208740234,37.810203552246094
92069693,2023,2023-05-16,9335,2023-05-05,1925,023119,,5,2,7,3801,0,1,1,,2,023,"I-280 N/B TO US-101 N/B","ALEMANY BLVD O/C",732.00,N,N,A,-,Y,SF,,280," ",R,4.019,H,,R,Y,4,0,1,2,A,-,08,22107,,N,E,J,A,A,H,-,B,D,0,,,,,Y,,A,01,0,0,1,0,0,0,0,0,0,"- ","- ",37.733249664306641,-122.41217803955078,"SAN FRANCISCO","SAN FRANCISCO",-122.41213989257812,37.733192443847656
92069895,2023,2023-05-16,9335,2023-05-06,1045,021588,,6,1,7,3801,0,1,2,,2,013,"US-101 NORTHBOUND","18TH STREET PEDESTRIAN BRIDGE",300.00,S,N,B,-,Y,SF,,101," "," ",3.900,H,,R,N,4,0,2,4,A,-,03,22350,,N,C,C,A,A,H,-,A,D,0,,,,,Y,,A,01,0,0,2,0,0,0,0,0,0,"- ","- ",37.761398315429688,-122.40617370605469,"SAN FRANCISCO","SAN FRANCISCO",-122.40608978271484,37.761371612548828
92070985,2023,2023-05-17,9335,2023-05-08,1320,021588,,1,1,7,3801,0,1,1,,2,022,"I-280 SOUTHBOUND","HAVELOCK STREET PEDESTRIAN BRIDGE",174.00,N,N,A,-,Y,SF,,280," ",R,2.059,H,,L,N,4,0,1,2,A,-,07,21658,A,N,B,C,A,A,H,-,A,D,0,,,,,Y,,A,07,0,0,1,0,0,0,0,0,0,"- ","- ",37.726829528808594,-122.44564819335938,"SAN FRANCISCO","SAN FRANCISCO",-122.44556427001953,37.726776123046875
92077270,2023,2023-05-25,9350,2023-05-16,1124,017729,,2,1,7,3801,0,1,2,,2,020,"US-101 S/B","NORTH TOWER OF GOLDEN GATE BRIDGE",175.00,S,N,E,-,Y,,,,,,,,,,Y,3,0,1,2,A,-,07,21658,A,N,C,C,A,A,H,-,A,D,0,,,,,Y,,A,07,0,1,0,0,0,0,0,0,0,"- ","- ",37.825069427490234,-122.47920227050781,"SAN FRANCISCO","SAN FRANCISCO",-122.47945404052734,37.825031280517578
92080433,2023,2023-05-29,9335,2023-05-20,1300,023119,,6,1,7,3801,0,1,2,,2,014,"US-101 N/B TO OCTAVIA BLVD","OCTAVIA BLVD",457.00,S,N,A,-,Y,SF,,101," ",M,5.381,H,,R,Y,4,0,2,7,A,-,03,22350,,N,B,C,A,A,H,-,A,A,0,,,,,Y,,A,01,0,0,2,0,0,0,0,0,0,"- ","- ",37.770778656005859,-122.42243957519531,"SAN FRANCISCO","SAN FRANCISCO",-122.42244720458984,37.770774841308594
92080499,2023,2023-05-29,9335,2023-05-23,1201,021957,,2,1,7,3801,0,1,1,,1,081,"I-80 W/B","TREASURE ISLAND RD. OVERCROSSING",130.00,W,N,A,-,Y,SF,,80," "," ",7.693,H,,L,N,4,0,2,2,A,-,03,22350,,N,C,C,A,A,H,-,A,D,0,,,,,Y,,A,01,0,0,2,0,0,0,0,0,0,"- ","- ",37.808708190917969,-122.36659240722656,"SAN FRANCISCO","SAN FRANCISCO",-122.36659240722656,37.808712005615234
92087052,2023,2023-06-06,9335,2023-05-15,1705,022525,,1,2,7,3801,0,1,1,,1,083,"I-80 EB","TREASURE ISLAND TUNNEL",400.00,E,N,A,-,Y,SF,,80," ",R,8.193,H,,R,N,4,0,1,3,A,-,08,22107,,N,B,C,A,A,H,-,A,D,0,,,Y,,Y,,C,02,0,0,1,0,0,0,0,0,1,"- ","- ",37.814090728759766,-122.36035919189453,"SAN FRANCISCO","SAN FRANCISCO",-122.36039733886719,37.814125061035156
92087330,2023,2023-06-06,9350,2023-06-02,2043,022432,,5,2,7,3801,0,1,2,,2,020,"US-101 S/B","LINCOLN BLVD",485.00,N,N,A,-,Y,,,,,,,,,,Y,4,0,1,1,A,-,03,22350,,N,A,I,A,A,H,-,C,D,0,,,,,Y,,A,08,0,0,1,0,0,0,0,0,0,"- ","- ",37.807258605957031,-122.4757080078125,"SAN FRANCISCO","SAN FRANCISCO",-122.47576904296875,37.807197570800781
92088463,2023,2023-06-07,9335,2023-05-25,1820,023121,,4,2,7,3801,0,1,1,,2,022,"I-280 S/B","ALEMANY BOULEVARD",400.00,S,N,A,-,Y,SF,,280," ",R,0.397,H,,L,Y,4,0,1,2,A,-,08,22107,,N,E,2,A,A,H,-,A,D,0,,,,,Y,,A,01,0,0,1,0,0,0,0,0,0,"- ","- ",37.710491180419922,-122.462646484375,"SAN FRANCISCO","SAN FRANCISCO",-122.462646484375,37.7105712890625
92089107,2023,2023-06-08,9335,2023-06-02,1228,020384,,5,1,7,3801,0,1,1,,1,081,"I-80 W/B",EMBARCADERO,2112.00,E,N,A,-,Y,SF,,80," "," ",6.320,H,,L,N,4,0,1,2,A,-,03,22350,,M,C,C,A,A,H,-,A,D,0,,,,,Y,,-,99,0,0,1,0,0,0,0,0,0,"- ","- ",37.793430328369141,-122.38314819335938,"SAN FRANCISCO","SAN FRANCISCO",-122.38299560546875,37.793323516845703
92089137,2023,2023-06-08,9335,2023-06-02,1900,022823,,5,2,7,3801,0,1,1,,1,083,"I-80 E/B","YERBA BUENA ISLAND",1470.00,W,N,A,-,Y,SF,,80," "," ",7.451,H,,R,N,4,0,1,2,A,-,03,22350,,N,C,C,A,A,H,-,A,D,0,,,,,Y,,A,01,0,0,1,0,0,0,0,0,0,"- ","- ",37.805801391601562,-122.36920166015625,"SAN FRANCISCO","SAN FRANCISCO",-122.36937713623047,37.805915832519531
92091439,2023,2023-06-12,9335,2023-06-06,"710 ",023119,,2,1,7,3801,0,1,2,,2,014,"US-101 N/B","16TH STREET",25.00,N,N,B,-,Y,SF,,101," "," ",4.234,H,,R,Y,4,0,1,1,A,-,08,22107,,N,E,I,A,A,H,-,A,D,0,,,,,Y,,A,01,0,0,1,0,0,0,0,0,0,"- ","- ",37.766078948974609,-122.40496826171875,"SAN FRANCISCO","SAN FRANCISCO",-122.40504455566406,37.766075134277344
92094483,2023,2023-06-15,9335,2023-06-12,1430,022920,,1,2,7,3801,0,1,1,,2,080,"I-80 W/B","THE EMBACADERO UNDERCROSSING",545.00,E,N,A,-,Y,SF,,80," "," ",6.018,H,,L,N,3,0,2,3,A,-,03,22350,,N,C,C,A,A,H,-,A,D,0,,,,,Y,,A,07,0,1,1,0,0,0,0,0,0,"- ","- ",37.789970397949219,-122.38665008544922,"SAN FRANCISCO","SAN FRANCISCO",-122.38665008544922,37.789970397949219
92094826,2023,2023-06-15,9335,2023-06-15,"531 ",020384,,4,3,7,3801,0,1,1,,2,080,"I-80 W/B","2ND ST",250.00,W,N,B,-,Y,SF,,80," "," ",5.358,H,,L,N,4,0,1,3,A,-,03,22350,,N,C,C,A,A,H,-,B,D,0,,,,,Y,,A,01,0,0,1,0,0,0,0,0,0,"- ","- ",37.783279418945312,-122.39518737792969,"SAN FRANCISCO","SAN FRANCISCO",-122.39523315429688,37.783317565917969
92095517,2023,2023-06-16,9335,2023-06-11,"245 ",022860,,7,3,7,3801,0,1,1,,1,083,"I-80 E/B","FOREST HILL ROAD",500.00,E,N,A,-,Y,SF,,80," ",R,7.906,H,,R,Y,4,0,1,1,A,-,08,22107,,N,E,I,A,A,H,-,C,D,0,,,,,Y,,A,01,0,0,1,0,0,0,0,0,0,"- ","- ",37.811069488525391,-122.36393737792969,"SAN FRANCISCO","SAN FRANCISCO",-122.36405944824219,37.811141967773438
92097653,2023,2023-06-20,9335,2023-06-08,1540,022920,,4,2,7,3801,0,1,1,,2,022,"I-280 S/B","THE CONGDON STREET OVERCROSSING",65.00,N,N,A,-,Y,SF,,280," ",R,3.296,H,,L,N,4,0,1,2,A,-,03,22350,,N,C,2,A,A,H,-,A,D,0,,,,,Y,,D,22,0,0,1,0,0,0,0,0,0,"- ","- ",37.731510162353516,-122.42478179931641,"SAN FRANCISCO","SAN FRANCISCO",-122.42478179931641,37.731533050537109
92097677,2023,2023-06-20,9335,2023-06-16,1815,022920,,5,2,7,3801,0,1,2,,2,014,"US-101 N/B","THE 18TH STREET PEDESTRIAN OVERCROSSING",123.00,S,N,A,-,Y,SF,,101," "," ",3.934,H,,R,N,3,0,1,2,A,-,03,22350,,N,C,C,A,A,H,-,A,D,0,,,,,Y,,A,01,0,1,0,0,0,0,0,0,0,"- ","- ",37.761821746826172,-122.40589141845703,"SAN FRANCISCO","SAN FRANCISCO",-122.40584564208984,37.761802673339844
92101682,2023,2023-06-26,9335,2023-06-17,1330,022920,,6,1,7,3801,0,1,1,,2,023,"I-280 N/B","THE 16TH STREET UNDERCROSSING",385.00,N,N,A,-,Y,SF,,280," ",R,6.951,H,,R,N,4,0,1,2,A,-,03,22350,,N,C,C,A,A,H,-,A,D,0,,,,,Y,,A,01,0,0,1,0,0,0,0,0,0,"- ","- ",37.767448425292969,-122.39550018310547,"SAN FRANCISCO","SAN FRANCISCO",-122.39551544189453,37.767436981201172
92101792,2023,2023-06-26,9335,2023-06-05,"255 ",023082,,1,3,7,3801,0,1,2,,2,015,"US-101 N/B","MARKET ST",60.00,S,N,A,-,Y,SF,,101," ",M,5.439,H,,R,Y,3,0,1,3,A,-,01,23152,A,N,B,C,A,A,H,-,C,A,0,,,,,Y,Y,A,01,0,1,0,0,0,0,0,0,0,"- ","- ",37.771678924560547,-122.42321014404297,"SAN FRANCISCO","SAN FRANCISCO",-122.42319488525391,37.771686553955078
92108723,2023,2023-07-03,9335,2023-06-17,2030,022920,,6,2,7,3801,0,1,2,,2,013,"US-101 S/B","THE ALEMENAY BOULEVARD UDNERCROSSING",150.00,N,N,A,-,Y,SF,,101," "," ",2.175,H,,L,Y,4,0,2,2,A,-,08,22107,,N,E,8,A,A,H,-,A,D,0,,,,,Y,,A,07,0,0,2,0,0,0,0,0,0,"- ","- ",37.738151550292969,-122.408203125,"SAN FRANCISCO","SAN FRANCISCO",-122.40808868408203,37.7381591796875
92109734,2023,2023-07-05,9335,2023-07-03,1645,018688,,1,2,7,3801,0,1,2,,2,015,"US-101 S/B","HARRISON ST",180.00,S,N,A,-,Y,SF,,101," ",R,4.824,H,,L,N,4,0,1,2,A,-,03,22350,,N,C,C,A,A,H,-,A,D,0,,,,,Y,,A,07,0,0,1,0,0,0,0,0,0,"- ","- ",37.769439697265625,-122.41265869140625,"SAN FRANCISCO","SAN FRANCISCO",-122.41265869140625,37.769447326660156
92109974,2023,2023-07-05,9335,2023-06-28,1430,022703,,3,2,7,3801,0,1,1,,1,083,"I-80 EASTBOUND","THE NORTHGATE ROAD UNDERCROSSING",115.00,E,N,A,-,Y,SF,,80," ",R,8.126,H,,R,N,2,0,1,2,A,-,08,22107,,N,E,0,A,A,H,-,A,D,0,,,Y,,Y,,C,02,1,0,0,0,0,0,0,0,1,"- ","- ",37.813480377197266,-122.361328125,"SAN FRANCISCO","SAN FRANCISCO",-122.36138916015625,37.813529968261719
92110115,2023,2023-07-05,9335,2023-06-30,"930 ",021957,,5,1,7,3801,0,1,1,,1,081,"I-80 W/B","TREASURE ISLAND RD.",1056.00,W,N,A,-,Y,SF,,80," "," ",7.521,H,,L,N,4,0,2,3,A,-,03,22350,,N,C,C,A,A,H,-,A,A,0,,,,,Y,,-,33,0,0,2,0,0,0,0,0,0,"- ","- ",37.806819915771484,-122.36871337890625,"SAN FRANCISCO","SAN FRANCISCO",-122.36853790283203,37.80670166015625
92110125,2023,2023-07-05,9335,2023-06-30,"55  ",023082,,5,3,7,3801,0,1,1,,1,083,"I-80 E/B","TREASURE ISLAND RD",2080.00,W,N,A,-,Y,SF,,80," "," ",7.327,H,,R,N,4,0,1,3,A,-,03,22350,,F,C,C,A,A,D,-,C,D,0,,,,,Y,,A,08,0,0,1,0,0,0,0,0,0,"- ","- ",37.804641723632812,-122.37101745605469,"SAN FRANCISCO","SAN FRANCISCO",-122.37085723876953,37.804531097412109
92111821,2023,2023-07-07,9335,2023-06-30,1515,022795,,5,2,7,3801,0,1,2,,2,013,"US-101 N/B","CESAR CHAVEZ STREET",1900.00,S,N,A,-,Y,SF,,101," "," ",2.638,H,,R,N,4,0,1,2,A,-,03,22350,,N,C,C,A,A,H,-,A,D,0,,,,,Y,,-,"- ",0,0,1,0,0,0,0,0,0,"- ","- ",37.744159698486328,-122.40535736083984,"SAN FRANCISCO","SAN FRANCISCO",-122.40541839599609,37.744182586669922
92115673,2023,2023-07-13,9335,2023-06-30,"445 ",023082,,5,3,7,3801,0,1,1,,1,083,"I-80 E/B","TREASURE ISLAND RD",1500.00,E,N,B,-,Y,SF,,80," ",R,8.026,H,,R,N,4,0,1,2,A,-,03,22350,,N,C,C,A,A,H,-,C,D,0,,,,Y,Y,,F,26,0,0,1,0,0,0,0,0,0,"- ","- ",37.812370300292969,-122.36255645751953,"SAN FRANCISCO","SAN FRANCISCO",-122.36275482177734,37.812534332275391
92116765,2023,2023-07-14,9350,2023-07-09,1310,022432,,7,1,7,3801,0,1,2,,2,020,"US-101 N/B","CONZELMAN ROAD",2112.00,S,N,A,-,Y,,,,,,,,,,Y,4,0,5,4,A,-,03,22350,,N,C,C,A,A,H,-,A,D,0,,,,,Y,,A,01,0,0,5,0,0,0,0,0,0,"- ","- ",37.825241088867188,-122.47913360595703,"SAN FRANCISCO","SAN FRANCISCO",-122.47939300537109,37.825202941894531
92118953,2023,2023-07-17,9335,2023-07-07,1520,023118,,5,2,7,3801,0,1,1,,2,022,"I-280 N/B","SAN JOSE AVE",775.00,S,N,A,-,Y,SF,,280," ",R,1.254,H,,R,Y,4,0,1,2,A,-,07,21658,A,N,B,C,A,A,H,-,A,D,0,,,,,Y,,A,01,0,0,1,0,0,0,0,0,0,"- ","- ",37.715690612792969,-122.44940185546875,"SAN FRANCISCO","SAN FRANCISCO",-122.44944763183594,37.715713500976562
92120507,2023,2023-07-19,9335,2023-07-09,2124,023111,,7,2,7,3801,0,1,1,,1,081,"I-80 W/B","NAVY ROAD UNDERCROSSING",1649.00,E,N,A,-,Y,SF,,80," ",R,8.507,H,,L,Y,4,0,1,2,A,-,08,22107,,N,C,2,A,A,H,-,C,D,0,,,,,Y,,A,01,0,0,1,0,0,0,0,0,0,"- ","- ",37.817089080810547,-122.35581970214844,"SAN FRANCISCO","SAN FRANCISCO",-122.35584259033203,37.817119598388672
92120979,2023,2023-07-19,9335,2023-07-11,1933,019434,,2,2,7,3801,0,1,2,,2,015,"S/B US-101","BRANNAN STREET UNDER-CROSSING",170.00,S,N,A,-,Y,SF,,80," "," ",4.153,H,,R,Y,4,0,2,4,A,-,03,22350,,N,B,C,A,A,H,-,B,D,0,,,,,Y,,A,01,0,0,2,0,0,0,0,0,0,"- ","- ",37.770511627197266,-122.40557861328125,"SAN FRANCISCO","SAN FRANCISCO",-122.40549468994141,37.770538330078125
92121009,2023,2023-07-19,9335,2023-07-17,1242,023367,,1,1,7,3801,0,1,1,,1,081,"I-80 W/B","BEAL ST UNDER-CROSSING",606.00,W,N,A,-,Y,SF,,80," "," ",5.626,H,,L,N,4,0,1,2,A,-,03,22350,,N,C,C,A,A,H,-,A,D,0,,,,,Y,,A,01,0,0,1,0,0,0,0,0,0,"- ","- ",37.785480499267578,-122.39124298095703,"SAN FRANCISCO","SAN FRANCISCO",-122.39142608642578,37.785633087158203
92124127,2023,2023-07-24,9335,2023-07-15,1000,022823,,6,1,7,3801,0,1,1,,1,081,"I-80 W/B","BEALE STREET",20.00,E,N,A,-,Y,SF,,80," "," ",5.732,H,,L,N,4,0,1,3,A,-,03,22350,,N,C,C,A,A,H,-,A,D,0,,,,,Y,,A,08,0,0,1,0,0,0,0,0,0,"- ","- ",37.786720275878906,-122.39000701904297,"SAN FRANCISCO","SAN FRANCISCO",-122.39011383056641,37.786788940429688
92125085,2023,2023-07-25,9335,2023-07-15,"235 ",023067,,6,3,7,3801,0,1,2,,2,014,"US-101 S/B TO CESAR CHAVEZ ST","CESAR CHAVEZ ST",300.00,N,N,A,-,Y,SF,,101," "," ",3.068,H,,L,Y,3,0,1,1,A,-,01,23152,A,N,E,J,A,A,H,-,C,D,0,,,,,Y,Y,A,01,0,1,0,0,0,0,0,0,0,"- ","- ",37.750320434570312,-122.40377807617188,"SAN FRANCISCO","SAN FRANCISCO",-122.40353393554688,37.750270843505859
92125633,2023,2023-07-25,9335,2023-07-19,1550,023357,,3,2,7,3801,0,1,2,,2,013,"US 101 N/B","PAUL STREET",280.00,S,N,A,-,Y,SF,,101," "," ",1.066,H,,R,Y,4,0,3,5,A,-,03,22350,,F,C,C,A,A,H,-,A,D,0,,,,,Y,,-,99,0,0,3,0,0,0,0,0,0,"- ","- ",37.722930908203125,-122.4007568359375,"SAN FRANCISCO","SAN FRANCISCO",-122.40076446533203,37.722930908203125
92125648,2023,2023-07-25,9335,2023-07-18,1325,023338,,2,1,7,3801,0,1,1,,2,021,"S/B I-280 TO WESTBOROUGH BLVD","WESTBOROUGH BLVD",100.00,N,N,A,-,Y,,,,,,,,,,Y,4,0,1,1,A,-,08,22107,,N,E,I,A,A,H,-,A,A,0,,,,,Y,,A,01,0,0,1,0,0,0,0,0,0,"- ","- ",37.645191192626953,-122.45018768310547,"SAN FRANCISCO","SAN FRANCISCO",-122.45008087158203,37.645858764648438
92131033,2023,2023-07-28,9335,2023-07-07,1825,022186,,5,2,7,3801,0,1,1,,1,083,"I-80 E/B","YERBA BUENA ISLAND TUNNEL",3325.00,E,N,A,-,Y,SF,,80," ",R,8.449,H,,R,Y,4,0,1,2,A,-,07,21658,A,N,B,C,A,A,H,-,A,D,0,,,Y,,Y,,A,01,0,0,1,0,0,0,0,0,1,"- ","- ",37.816299438476562,-122.35652923583984,"SAN FRANCISCO","SAN FRANCISCO",-122.35652160644531,37.816291809082031
92131373,2023,2023-12-11,9335,2023-07-29,"200 ",023063,,6,3,7,3801,0,1,2,,2,013,"US-101 SOUTHBOUND","SOUTH OF THE WEST RDWY EDGE OF US-101 SB OF THIRD",280.00,S,N,A,-,Y,SF,,101," "," ",0.869,H,,L,Y,1,1,0,2,A,-,01,23153,A,N,C,C,A,A,H,-,D,D,0,,,Y,,Y,Y,A,07,0,0,0,0,0,0,0,1,0,"- ","- ",37.720111846923828,-122.40007019042969,"SAN FRANCISCO","SAN FRANCISCO",-122.4000244140625,37.720119476318359
92140110,2023,2023-08-09,9335,2023-08-07,1713,023338,,1,2,7,3801,0,1,2,,2,013,"US 101 S/B","PAUL AVE UC",280.00,N,N,A,-,Y,SF,,101," "," ",1.270,H,,L,Y,3,0,1,3,A,-,03,22350,,N,C,C,A,A,H,-,A,D,0,,,,,Y,,A,08,0,1,0,0,0,0,0,0,0,"- ","- ",37.725780487060547,-122.40219116210938,"SAN FRANCISCO","SAN FRANCISCO",-122.40217590332031,37.725784301757812
92141556,2023,2023-08-11,9335,2023-08-02,1030,023367,,3,1,7,3801,0,1,1,,1,081,"I-80 W/B","BEALE ST UNDER CROSSING",258.00,E,N,A,-,Y,SF,,80," "," ",5.767,H,,L,N,3,0,1,2,A,-,03,22350,,N,C,C,A,A,H,-,A,A,0,,,,,Y,,A,07,0,1,0,0,0,0,0,0,0,"- ","- ",37.7872314453125,-122.3897705078125,"SAN FRANCISCO","SAN FRANCISCO",-122.38969421386719,37.787178039550781
92143250,2023,2023-08-14,9335,2023-07-31,"815 ",022795,,1,1,7,3801,0,1,1,,1,081,"I-80 W/B","FREMONT STREET",230.00,E,N,A,-,Y,,,,,,,,,,N,4,0,2,1,C,-,18,,,N,E,A,A,A,G,-,A,D,0,,,,,Y,,-,"- ",0,0,2,0,0,0,0,0,0,"- ","- ",37.788059234619141,-122.39492034912109,"SAN FRANCISCO","SAN FRANCISCO",,
92148534,2023,2023-08-21,9335,2023-08-11,1640,023378,,5,2,7,3801,0,1,2,,2,013,"US-101 N/B","THE PAUL AVENUE UNDERCROSSING",276.00,S,N,A,-,Y,SF,,101," "," ",1.070,H,,R,N,4,0,3,3,A,-,03,22350,,N,C,C,A,A,H,-,A,D,0,,,,,Y,,A,01,0,0,3,0,0,0,0,0,0,"- ","- ",37.722988128662109,-122.40077972412109,"SAN FRANCISCO","SAN FRANCISCO",-122.40078735351562,37.722988128662109
92148864,2023,2023-08-21,9335,2023-08-09,"755 ",023367,,3,1,7,3801,0,1,2,,2,013,"US-101 S/B","PAUL AVE UNDER-CROSSING",250.00,N,N,A,-,Y,SF,,101," "," ",1.074,H,,L,N,4,0,1,2,A,-,03,22350,,N,C,C,A,A,H,-,A,A,0,,,,,Y,,A,01,0,0,1,0,0,0,0,0,0,"- ","- ",37.723060607910156,-122.40104675292969,"SAN FRANCISCO","SAN FRANCISCO",-122.40107727050781,37.723052978515625
92151747,2023,2023-08-23,9335,2023-08-22,1735,023357,,2,2,7,3801,0,1,2,,2,014,"US-101 N/B","17TH ST",188.00,N,N,A,-,Y,SF,,101," "," ",4.176,H,,R,Y,3,0,1,2,A,-,04,21703,,N,C,C,A,A,H,-,A,D,0,,,,,Y,,A,01,0,1,0,0,0,0,0,0,0,"- ","- ",37.765239715576172,-122.40495300292969,"SAN FRANCISCO","SAN FRANCISCO",-122.40493011474609,37.765239715576172
92151751,2023,2023-08-23,9335,2023-08-23,"710 ",018053,,3,1,7,3801,0,1,1,,2,080,"I-80 E/B","HARRIET STREET U/C",146.00,W,N,A,-,Y,SF,,80," "," ",4.584,H,,R,N,4,0,1,2,A,-,03,22350,,N,C,C,A,A,H,-,A,D,0,,,,,Y,,A,07,0,0,1,0,0,0,0,0,0,"- ","- ",37.776191711425781,-122.40463256835938,"SAN FRANCISCO","SAN FRANCISCO",-122.40461730957031,37.776180267333984
92151759,2023,2023-08-23,9335,2023-08-19,1225,018399,,6,1,7,3801,0,1,1,,1,081,"I-80 W/B","NORTH GATE ROAD",1320.00,E,N,A,-,Y,SF,,80," ",R,8.350,H,,L,N,4,0,1,2,A,-,03,22350,,M,C,C,A,A,H,-,A,D,0,,,,,Y,,-,99,0,0,1,0,0,0,0,0,0,"- ","- ",37.815689086914062,-122.35817718505859,"SAN FRANCISCO","SAN FRANCISCO",-122.35830688476562,37.815826416015625