CASE_ID,ACCIDENT_YEAR,PROC_DATE,JURIS,COLLISION_DATE,COLLISION_TIME,OFFICER_ID,REPORTING_DISTRICT,DAY_OF_WEEK,CHP_SHIFT,POPULATION,CNTY_CITY_LOC,SPECIAL_COND,BEAT_TYPE,CHP_BEAT_TYPE,CITY_DIVISION_LAPD,CHP_BEAT_CLASS,BEAT_NUMBER,PRIMARY_RD,SECONDARY_RD,DISTANCE,DIRECTION,INTERSECTION,WEATHER_1,WEATHER_2,STATE_HWY_IND,CALTRANS_COUNTY,CALTRANS_DISTRICT,STATE_ROUTE,ROUTE_SUFFIX,POSTMILE_PREFIX,POSTMILE,LOCATION_TYPE,RAMP_INTERSECTION,SIDE_OF_HWY,TOW_AWAY,COLLISION_SEVERITY,NUMBER_KILLED,NUMBER_INJURED,PARTY_COUNT,PRIMARY_COLL_FACTOR,PCF_CODE_OF_VIOL,PCF_VIOL_CATEGORY,PCF_VIOLATION,PCF_VIOL_SUBSECTION,HIT_AND_RUN,TYPE_OF_COLLISION,MVIW,PED_ACTION,ROAD_SURFACE,ROAD_COND_1,ROAD_COND_2,LIGHTING,CONTROL_DEVICE,CHP_ROAD_TYPE,PEDESTRIAN_ACCIDENT,BICYCLE_ACCIDENT,MOTORCYCLE_ACCIDENT,TRUCK_ACCIDENT,NOT_PRIVATE_PROPERTY,ALCOHOL_INVOLVED,STWD_VEHTYPE_AT_FAULT,CHP_VEHTYPE_AT_FAULT,COUNT_SEVERE_INJ,COUNT_VISIBLE_INJ,COUNT_COMPLAINT_PAIN,COUNT_PED_KILLED,COUNT_PED_INJURED,COUNT_BICYCLIST_KILLED,COUNT_BICYCLIST_INJURED,COUNT_MC_KILLED,COUNT_MC_INJURED,PRIMARY_RAMP,SECONDARY_RAMP,LATITUDE,LONGITUDE,COUNTY,CITY,POINT_X,POINT_Y
92298632,2023,2024-01-29,9335,2023-12-29,"650 ",021200,,5,1,7,3801,0,1,2,,2,013,"US-101 NB","PAUL AVENUE",300.00,S,N,C,-,Y,SF,,101," "," ",1.015,H,,R,N,3,0,1,2,A,-,08,22107,,N,D,C,A,B,H,-,A,D,0,,,,,Y,,A,01,0,1,0,0,0,0,0,0,0,"- ","- ",37.722251892089844,-122.40052795410156,"SAN FRANCISCO","SAN FRANCISCO",-122.40048980712891,37.722259521484375
92316941,2023,2024-03-13,9335,2023-12-13,1100,023504,,3,1,7,3801,0,1,1,,1,083,"I-80 E/B","FOREST HILL ROAD",180.00,E,N,A,-,Y,SF,,80," "," ",7.826,H,,R,N,4,0,1,2,A,-,03,22350,,F,C,C,A,A,H,-,A,D,0,,,,,Y,,-,99,0,0,1,0,0,0,0,0,0,"- ","- ",37.810188293457031,-122.36492919921875,"SAN FRANCISCO","SAN FRANCISCO",-122.36495208740234,37.810203552246094
92316968,2023,2024-02-19,9335,2023-10-20,1840,022795,,5,2,7,3801,0,1,1,,1,083,"I-80 E/B","BEALE STREET",315.00,W,N,A,-,Y,SF,,80," "," ",5.658,H,,R,N,3,0,1,2,A,-,07,21658,A,N,B,C,A,A,H,-,A,D,0,,,Y,,Y,,C,02,0,1,0,0,0,0,0,0,1,"- ","- ",37.7860107421875,-122.39108276367188,"SAN FRANCISCO","SAN FRANCISCO",-122.39101409912109,37.785964965820312
92319553,2023,2024-02-21,9335,2023-10-27,1810,023167,,5,2,7,3801,0,1,1,,2,023,"I-280 S/B","MISSION ST",135.00,S,N,A,-,Y,SF,,280," ",R,3.080,H,,L,N,4,0,1,3,A,-,03,22350,,N,C,2,A,A,H,-,A,D,0,,,,,Y,,A,07,0,0,1,0,0,0,0,0,0,"- ","- ",37.732189178466797,-122.42862701416016,"SAN FRANCISCO","SAN FRANCISCO",-122.42864227294922,37.732147216796875
92320248,2023,2024-02-22,9335,2023-12-09,1335,023595,,6,1,7,3801,0,1,1,,2,022,"I-280 S/B","CONGDON STREET OVERCROSSING",76.00,N,N,A,-,Y,SF,,280," ",R,3.243,H,,L,Y,3,0,1,3,A,-,07,21658,A,M,B,C,A,A,H,-,A,D,0,,,,,Y,,A,01,0,1,0,0,0,0,0,0,0,"- ","- ",37.731590270996094,-122.42578887939453,"SAN FRANCISCO","SAN FRANCISCO",-122.42578887939453,37.731601715087891
92320738,2023,2024-02-22,9335,2023-10-31,1635,023366,,2,2,7,3801,0,1,2,,2,013,"US-101 N/B","PAUL AVE",435.00,N,N,A,-,Y,SF,,101," "," ",1.208,H,,R,N,4,0,1,2,A,-,03,22350,,N,C,C,A,A,H,-,A,D,0,,,,,Y,,A,01,0,0,1,0,0,0,0,0,0,"- ","- ",37.724910736083984,-122.40151977539062,"SAN FRANCISCO","SAN FRANCISCO",-122.40156555175781,37.724899291992188
92322540,2023,2024-02-26,9335,2023-10-26,"439 ",023312,,4,3,7,3801,0,1,1,,1,083,"I-80 W/B","BEALE ST U/C",727.00,W,N,A,-,Y,SF,,80," "," ",5.581,H,,L,Y,4,0,1,3,A,-,03,22350,,M,C,C,A,A,H,-,C,D,0,,,,,Y,,A,01,0,0,1,0,0,0,0,0,0,"- ","- ",37.785369873046875,-122.39218139648438,"SAN FRANCISCO","SAN FRANCISCO",-122.39208221435547,37.785251617431641
92322562,2023,2024-02-26,9335,2023-10-31,2240,023312,,2,3,7,3801,0,1,1,,1,081,"I-80 W/B","NAVY RD U/C",1145.00,E,N,A,-,Y,SF,,80," ",R,8.410,H,,L,N,3,0,1,1,A,-,01,23152,G,N,E,I,A,A,H,-,C,D,0,,,,,Y,Y,-,"- ",0,1,0,0,0,0,0,0,0,"- ","- ",37.816181182861328,-122.35726165771484,"SAN FRANCISCO","SAN FRANCISCO",-122.35738372802734,37.816329956054688
92325634,2023,2024-02-28,9335,2023-10-21,"210 ",022802,,6,3,7,3801,0,1,2,,2,013,"US-101 S/B TO I-280 S/B TO ALEMANY BLVD","ALEMANY BLVD",65.00,S,N,A,-,Y,,,,,,,,,,Y,3,0,1,1,A,-,01,23152,A,N,E,I,A,A,H,-,C,A,0,,,,,Y,Y,A,07,0,1,0,0,0,0,0,0,0,"- ","- ",37.734569549560547,-122.41056060791016,"SAN FRANCISCO","SAN FRANCISCO",-122.40804290771484,37.737823486328125
92331293,2023,2024-03-06,9335,2023-11-26,1458,020772,,7,2,7,3801,0,1,1,,2,022,I-280,"PAULDING ST OVERCROSSING",215.00,S,N,A,-,Y,SF,,280," ",R,2.147,H,,R,N,3,0,1,1,A,-,08,22107,,N,F,A,A,A,H,-,A,D,0,,,Y,,Y,,C,02,0,1,0,0,0,0,0,0,1,"- ","- ",37.727680206298828,-122.44429016113281,"SAN FRANCISCO","SAN FRANCISCO",-122.44429016113281,37.727680206298828
92338551,2023,2024-03-14,9335,2023-12-31,2155,023489,,7,2,7,3801,0,1,1,,2,080,"I-80 E/B","5TH STREET UNDER-CROSSING",126.00,W,N,C,-,Y,SF,,80," "," ",4.805,H,,R,N,4,0,1,2,A,-,03,22350,,N,C,C,A,B,H,-,C,D,0,,,,,Y,,A,01,0,0,1,0,0,0,0,0,0,"- ","- ",37.777969360351562,-122.40128326416016,"SAN FRANCISCO","SAN FRANCISCO",-122.40129089355469,37.777988433837891
92348754,2023,2024-03-27,9335,2023-11-02,1950,022860,,4,2,7,3801,0,1,1,,2,024,"I-280 N/B","16TH ST UNDERCROSSING",430.00,N,N,A,-,Y,SF,,280," ",R,6.956,H,,R,N,4,0,1,2,A,-,03,22350,,N,C,C,A,A,H,-,C,D,0,,,,,Y,,M,94,0,0,1,0,0,0,0,0,0,"- ","- ",37.767528533935547,-122.39553833007812,"SAN FRANCISCO","SAN FRANCISCO",-122.39558410644531,37.767494201660156
92350032,2023,2024-03-29,9335,2023-11-09,1055,018804,,4,1,7,3801,0,1,1,,2,023,"I-280 S/B","FARALLONES ST. PEDESTRIAN OVERCROSSING",600.00,N,N,A,-,Y,SF,,280," ",R,1.180,H,,L,N,4,0,1,2,A,-,00,21960,A,M,G,B,D,A,H,-,A,D,0,Y,,,,Y,,-,"- ",0,0,1,0,1,0,0,0,0,"- ","- ",37.714920043945312,-122.45050048828125,"SAN FRANCISCO","SAN FRANCISCO",-122.45049285888672,37.714912414550781
92357062,2023,2024-04-05,9335,2023-11-17,"747 ",022860,,5,1,7,3801,0,1,2,,2,013,"US-101 S/B","FAITH STREET PEDESTRIAN OVERCROSSING",1000.00,S,N,A,-,Y,SF,,101," "," ",2.418,H,,L,N,4,0,1,2,A,-,07,21658,A,M,B,C,A,A,H,-,A,D,0,,,,,Y,,-,99,0,0,1,0,0,0,0,0,0,"- ","- ",37.741600036621094,-122.40757751464844,"SAN FRANCISCO","SAN FRANCISCO",-122.40760040283203,37.741607666015625
92363904,2023,2024-04-15,9335,2023-11-19,1545,022860,,7,2,7,3801,0,1,2,,2,013,"US-101 S/B","CORTLAND AVE UNDERCROSSING",410.00,N,N,A,-,Y,SF,,101," "," ",2.358,H,,L,N,4,0,1,2,A,-,06,21755,A,M,C,C,A,A,H,-,A,D,0,,,Y,,Y,,A,07,0,0,1,0,0,0,0,0,1,"- ","- ",37.740798950195312,-122.40789031982422,"SAN FRANCISCO","SAN FRANCISCO",-122.40791320800781,37.740802764892578
92415470,2023,2024-06-17,9335,2023-08-27,"252 ",023111,,7,3,7,3801,0,1,2,,2,013,"US-101 N/B","BAYSHORE BLVD OVERCROSSING",1129.00,N,N,A,-,Y,SF,,101," "," ",0.772,H,,R,Y,1,2,1,2,A,-,01,23152,A,N,A,C,A,A,H,-,C,D,0,,,,,Y,Y,A,01,1,0,0,0,0,0,0,0,0,"- ","- ",37.718978881835938,-122.39949798583984,"SAN FRANCISCO","SAN FRANCISCO",-122.39943695068359,37.718990325927734
9320639,2022,2022-04-26,3801,2022-03-04,2044,1166,INGLE,5,5,7,3801,0,0,0,,0,901,"FRANCE AV","LONDON ST",101.00,W,N,B,-,N,,,,,,,,,,Y,1,1,0,2,D,-,00,,,N,B,C,A,B,H,-,C,D,0,,,,,Y,,-,"- ",0,0,0,0,0,0,0,0,0,"- ","- ",,,"SAN FRANCISCO","SAN FRANCISCO",-122.43787384033203,37.719810485839844
9320640,2022,2022-04-26,3801,2022-03-05,0015,2499,TARAV,6,5,7,3801,0,0,0,,0,3I13E,"QUINTARA ST","39TH AV",54.00,E,N,A,-,N,,,,,,,,,,Y,1,1,1,1,A,-,03,22350,,N,E,I,A,B,H,-,C,D,0,,,,,Y,,A,07,1,0,0,0,0,0,0,0,0,"- ","- ",,,"SAN FRANCISCO","SAN FRANCISCO",-122.49751281738281,37.7476806640625
9320850,2022,2022-07-14,3801,2022-03-20,0852,262,TRAFF,7,5,7,3801,0,0,0,,0,4B2G,"BAYSHORE BL","OAKDALE AV",187.00,S,N,A,-,N,,,,,,,,,,Y,1,1,0,3,A,-,08,22107,,F,D,C,A,A,H,-,A,D,0,,,Y,Y,Y,,A,01,0,0,0,0,0,0,0,1,0,"- ","- ",,,"SAN FRANCISCO","SAN FRANCISCO",-122.40557098388672,37.742607116699219
9321181,2022,2023-03-14,3801,2022-12-07,0923,707,TRAFF,3,5,7,3801,0,0,0,,0,4B1C,"CESAR CHAVEZ ST","S VAN NESS AV",0.00,,Y,A,-,N,,,,,,,,,,Y,1,1,1,2,A,-,09,21801,A,N,D,C,A,A,H,-,A,A,0,,,Y,,Y,,A,07,0,1,0,0,0,0,0,1,0,"- ","- ",,,"SAN FRANCISCO","SAN FRANCISCO",-122.41593170166016,37.748260498046875
9321190,2022,2023-03-16,3801,2022-12-28,0501,707,TRAFF,3,5,7,3801,0,0,0,,0,4B1C,"BAY ST","MIDWAY ST",8.00,W,N,A,-,N,,,,,,,,,,N,1,1,0,3,D,-,00,,,F,G,B,E,A,H,-,E,D,0,Y,,,Y,Y,,-,"- ",0,0,0,1,0,0,0,0,0,"- ","- ",,,"SAN FRANCISCO","SAN FRANCISCO",-122.40950775146484,37.806137084960938
9348884,2022,2022-06-16,3801,2022-05-12,2100,2379,INGLE,4,5,7,3801,0,0,0,,0,3H15D,"MISSION ST","GENEVA AV",0.00,,Y,A,-,N,,,,,,,,,,N,4,0,1,2,A,-,12,21453,A,F,B,C,A,A,H,-,C,A,0,,,Y,,Y,,C,03,0,0,1,0,0,0,0,0,1,"- ","- ",,,"SAN FRANCISCO","SAN FRANCISCO",-122.44100189208984,37.716388702392578
9348893,2022,2022-06-16,3801,2022-05-13,2020,1052,RICHM,5,5,7,3801,0,0,0,,0,3G15D,"FULTON ST","26TH AV",0.00,,Y,A,-,N,,,,,,,,,,N,4,0,2,2,A,-,09,21801,A,N,D,-,A,A,H,-,C,D,0,,,,,Y,,A,01,0,0,2,0,0,0,0,0,0,"- ","- ",,,"SAN FRANCISCO","SAN FRANCISCO",-122.48526000976562,37.77252197265625
9348895,2022,2022-06-16,3801,2022-05-14,2044,359,TARAV,6,5,7,3801,0,0,0,,0,3I2D,"19TH AV","EUCALYPTUS ST",100.00,S,N,A,-,N,,,,,,,,,,N,4,0,1,2,A,-,08,22107,,F,B,C,A,A,-,-,C,A,0,,,,,Y,,A,01,0,0,1,0,0,0,0,0,0,"- ","- ",,,"SAN FRANCISCO","SAN FRANCISCO",-122.47484588623047,37.730804443359375
9348898,2022,2022-06-16,3801,2022-05-01,1250,1342,NORTH,7,5,7,3801,0,0,0,,0,3E4A,"DIVISADERO ST","POST ST",0.00,,Y,-,-,N,,,,,,,,,,Y,4,0,1,2,A,-,12,21453,A,N,D,C,A,A,H,-,A,A,0,,,,,Y,,A,01,0,0,1,0,0,0,0,0,0,"- ","- ",,,"SAN FRANCISCO","SAN FRANCISCO",-122.43967437744141,37.784313201904297
9348905,2022,2022-06-21,3801,2022-05-03,1846,1489,BAYVI,2,5,7,3801,0,0,0,,0,3C12E,"BAY SHORE BL","RT 101",0.00,,Y,A,-,Y,SF,4,101,-,-,1.627,R,4,N,Y,2,0,2,2,A,-,00,14601,A,N,B,C,A,A,H,-,A,A,0,,,,,Y,Y,A,07,1,0,1,0,0,0,0,0,0,"- ",NF,,,"SAN FRANCISCO","SAN FRANCISCO",-122.40402984619141,37.730758666992188
9348909,2022,2022-06-15,3801,2022-05-03,1901,307,INGLE,2,5,7,3801,0,0,0,,0,3H15D,"GENEVA AV","MOSCOW ST",0.00,,Y,A,-,N,,,,,,,,,,Y,4,0,1,2,A,-,00,22453,,N,-,C,A,A,H,-,A,A,0,,,,,Y,,A,01,0,0,1,0,0,0,0,0,0,"- ","- ",,,"SAN FRANCISCO","SAN FRANCISCO",-122.43374633789062,37.713130950927734
9348920,2022,2022-06-16,3801,2022-05-05,2248,2708,SOUTH,4,5,7,3801,0,0,0,,0,3B12E,"THE EMBARCADERO","FOLSOM ST",0.00,,Y,A,-,N,,,,,,,,,,Y,4,0,1,1,A,-,03,22350,,N,E,I,A,A,H,-,C,A,0,,,,,Y,,-,"- ",0,0,1,0,0,0,0,0,0,"- ","- ",,,"SAN FRANCISCO","SAN FRANCISCO",-122.39015960693359,37.790756225585938
9348932,2022,2022-06-16,3801,2022-05-17,1850,2461,SOUTH,2,5,7,3801,0,0,0,,0,3B13D,"TOWNSEND ST","47TH ST",0.00,,Y,A,-,N,,,,,,,,,,N,3,0,1,2,A,-,08,22100,B,N,D,G,A,A,H,-,A,A,0,,Y,,,Y,,L,04,0,1,0,0,0,0,1,0,0,"- ","- ",,,"SAN FRANCISCO","SAN FRANCISCO",,
9348936,2022,2022-11-14,3801,2022-05-16,1439,1438,INGLE,1,5,7,3801,0,0,0,,0,5CAR,"MISSION ST","RUSSIA AV",0.00,,Y,-,-,N,,,,,,,,,,N,4,0,2,3,A,-,12,22450,A,N,B,C,A,A,H,-,A,A,0,,,,,Y,,A,01,0,0,2,0,0,0,0,0,0,"- ","- ",,,"SAN FRANCISCO","SAN FRANCISCO",-122.43717956542969,37.721572875976562
9348940,2022,2022-06-16,3801,2022-05-20,1912,2735,BAYVI,5,5,7,3801,0,0,0,,0,3C11D,"CESAR CHAVEZ ST","PENNSYLVANIA AV",0.00,,Y,A,-,N,,,,,,,,,,Y,4,0,2,2,A,-,12,21453,A,N,D,C,A,A,H,-,A,A,0,,,,,Y,,A,01,0,0,2,0,0,0,0,0,0,"- ","- ",,,"SAN FRANCISCO","SAN FRANCISCO",-122.39242553710938,37.750049591064453
9348944,2022,2022-06-17,3801,2022-05-10,0454,2467,BAYVI,2,5,7,3801,0,0,0,,0,,"MINNESOTA ST","25TH ST",0.00,,Y,A,-,N,,,,,,,,,,Y,4,0,1,1,D,-,00,,,N,A,I,A,A,H,-,C,A,0,,,,,Y,,-,"- ",0,0,1,0,0,0,0,0,0,"- ","- ",,,"SAN FRANCISCO","SAN FRANCISCO",-122.38973999023438,37.752731323242188
9348947,2022,2022-06-15,3801,2022-05-07,0033,2463,SOUTH,6,5,7,3801,0,0,0,,0,,"HOWARD ST","5TH ST",138.00,W,N,A,-,N,,,,,,,,,,N,2,0,1,1,D,-,00,,,N,H,J,A,A,H,-,C,D,0,,Y,,,Y,,-,"- ",1,0,0,0,0,0,1,0,0,"- ","- ",,,"SAN FRANCISCO","SAN FRANCISCO",-122.40526580810547,37.781242370605469
9348948,2022,2022-06-15,3801,2022-05-11,1620,1160,SOUTH,3,5,7,3801,0,0,0,,0,0B1,"HARRISON ST","MAIN ST",0.00,,Y,A,-,N,,,,,,,,,,Y,3,0,1,2,A,-,09,21801,A,N,D,C,A,A,H,-,A,A,0,,,Y,,Y,,A,01,0,1,0,0,0,0,0,0,1,"- ","- ",,,"SAN FRANCISCO","SAN FRANCISCO",-122.39031982421875,37.78814697265625
9348951,2022,2022-06-15,3801,2022-05-12,1624,2098,TENDE,4,5,7,3801,0,0,0,,0,,"EDDY ST","POLK ST",0.00,,Y,A,-,N,,,,,,,,,,N,4,0,1,2,A,-,07,21658,A,N,B,J,A,A,H,-,A,A,0,,,,,Y,,M,94,0,0,1,0,0,0,0,0,0,"- ","- ",,,"SAN FRANCISCO","SAN FRANCISCO",-122.41918182373047,37.7830810546875
9372031,2022,2022-04-26,3801,2022-03-18,1155,1605,NORTH,5,5,7,3801,0,0,0,,0,3E15A,"GREENWICH ST","LAGUNA ST",0.00,,Y,A,-,N,,,,,,,,,,Y,4,0,2,5,A,-,03,22350,,N,D,C,A,A,H,-,A,A,0,,,,,Y,,J,43,0,0,2,0,0,0,0,0,0,"- ","- ",,,"SAN FRANCISCO","SAN FRANCISCO",-122.43090057373047,37.799587249755859
9379935,2022,2022-02-18,3801,2022-01-18,2115,2713,TARAV,2,5,7,3801,0,0,0,,0,"5 CAR","19TH AV","WINSTON DR",0.00,,Y,A,-,Y,SF,4,1,-,-,1.350,I,5,N,Y,3,0,1,2,A,-,12,21453,A,N,F,C,A,A,H,-,C,A,0,,,,,Y,,A,01,0,1,0,0,0,0,0,0,0,"- ","- ",,,"SAN FRANCISCO","SAN FRANCISCO",-122.47480773925781,37.726951599121094
9396402,2022,2022-06-15,3801,2022-05-10,1141,156,BAYVI,2,5,7,3801,0,0,0,,0,3C60,"LASALLE AV","WHITEFIELD CT",0.00,,Y,A,-,N,,,,,,,,,,Y,4,0,2,2,A,-,09,21801,A,N,D,C,A,A,H,-,A,D,0,,,,,Y,,A,01,0,0,2,0,0,0,0,0,0,"- ","- ",,,"SAN FRANCISCO","SAN FRANCISCO",-122.38156890869141,37.731124877929688
9396405,2022,2022-07-13,3801,2022-05-01,0022,679,NORTH,7,5,7,3801,0,0,0,,0,0E2,"MCALLISTER ST","WEBSTER ST",0.00,,Y,A,-,N,,,,,,,,,,Y,4,0,2,2,A,-,12,21453,A,N,D,C,A,A,H,-,C,A,0,,,,,Y,,-,"- ",0,0,2,0,0,0,0,0,0,"- ","- ",,,"SAN FRANCISCO","SAN FRANCISCO",-122.43010711669922,37.778839111328125
9396408,2022,2022-06-15,3801,2022-05-22,0220,2186,NORTH,7,5,7,3801,0,0,0,,0,3E16E,"HAYES ST","GOUGH ST",0.00,,Y,A,-,N,,,,,,,,,,Y,4,0,1,2,A,-,12,21453,A,F,D,C,A,A,H,-,C,A,0,,,,,Y,,A,07,0,0,1,0,0,0,0,0,0,"- ","- ",,,"SAN FRANCISCO","SAN FRANCISCO",-122.42296600341797,37.776878356933594
9396414,2022,2022-10-31,3801,2022-05-18,1019,73,TRAFF,3,5,7,3801,0,0,0,,0,4B1B,"PLYMOUTH AV","PLYMOUTH AV 959",0.00,,N,A,-,N,,,,,,,,,,Y,2,0,1,2,A,-,11,21955,,N,A,B,D,A,H,-,A,D,0,Y,,,,Y,Y,N,60,1,0,0,0,1,0,0,0,0,"- ","- ",,,"SAN FRANCISCO","SAN FRANCISCO",,
9396417,2022,2022-06-15,3801,2022-05-30,1648,540,TARAV,1,5,7,3801,0,0,0,,0,0I2,"SANTIAGO ST","36TH AV",0.00,,Y,A,-,N,,,,,,,,,,Y,4,0,1,2,A,-,12,22450,A,N,D,C,A,A,H,-,A,D,0,,,,,Y,,-,,0,0,1,0,0,0,0,0,0,"- ","- ",,,"SAN FRANCISCO","SAN FRANCISCO",-122.49404144287109,37.744129180908203
9396424,2022,2022-06-14,3801,2022-05-14,1145,1540,TARAV,6,5,7,3801,0,0,0,,0,3I15A,"LAKE MERCED BL","LIGHT POST # N282 400 C",143.00,W,N,A,-,N,,,,,,,,,,N,4,0,1,2,A,-,21,22106,,N,C,-,A,A,H,-,A,A,0,,,,,Y,,A,07,0,0,1,0,0,0,0,0,0,"- ","- ",,,"SAN FRANCISCO","SAN FRANCISCO",,
9396425,2022,2022-06-14,3801,2022-05-17,1848,1160,SOUTH,2,5,7,3801,0,0,0,,0,0B1,"HOWARD ST","BEALE ST",0.00,,Y,A,-,N,,,,,,,,,,Y,2,0,2,2,A,-,12,21453,A,N,D,C,A,A,H,-,A,C,0,,,Y,,Y,,-,"- ",1,0,1,0,0,0,0,0,1,"- ","- ",,,"SAN FRANCISCO","SAN FRANCISCO",-122.39427947998047,37.789920806884766
9396434,2022,2022-06-15,3801,2022-05-14,0337,359,TARAV,6,5,7,3801,0,0,0,,0,3I2D,"SAGAMORE ST","ORIZABA AV",49.00,E,N,A,-,N,,,,,,,,,,Y,4,0,2,1,A,-,03,22350,,N,E,I,A,A,H,-,C,A,0,,,,,Y,,A,07,0,0,2,0,0,0,0,0,0,"- ","- ",,,"SAN FRANCISCO","SAN FRANCISCO",-122.46241760253906,37.711399078369141
9396435,2022,2022-06-16,3801,2022-05-13,0437,577,TARAV,5,5,7,3801,0,0,0,,0,0I4,"PORTAL DR","KENSINGTON WY",112.00,S,N,A,-,N,,,,,,,,,,Y,4,0,1,1,C,-,18,,,N,F,A,A,A,G,-,C,D,0,,,Y,,Y,,-,"- ",0,0,1,0,0,0,0,0,1,"- ","- ",,,"SAN FRANCISCO","SAN FRANCISCO",,
9396437,2022,2022-06-15,3801,2022-05-22,0508,1144,RICHM,7,5,7,3801,0,0,0,,0,3G12E,"FULTON ST","29TH AV",162.00,W,N,A,-,N,,,,,,,,,,Y,4,0,1,2,A,-,01,23152,A,N,C,E,A,A,H,-,C,D,0,,,,,Y,Y,A,01,0,0,1,0,0,0,0,0,0,"- ","- ",,,"SAN FRANCISCO","SAN FRANCISCO",-122.48902893066406,37.772354125976562
9396438,2022,2022-06-15,3801,2022-05-20,1250,2495,BAYVI,5,5,7,3801,0,0,0,,0,3C15A,"3RD ST","LECONTE AV",0.00,,Y,A,-,N,,,,,,,,,,N,2,0,1,1,A,-,"- ",,,N,H,G,A,A,A,C,A,A,0,,Y,,,Y,,L,04,1,0,0,0,0,0,1,0,0,"- ","- ",,,"SAN FRANCISCO","SAN FRANCISCO",-122.39756774902344,37.718875885009766
9396439,2022,2022-06-15,3801,2022-05-21,0917,2461,SOUTH,6,5,7,3801,0,0,0,,0,3B14A,"FOLSOM ST","HARRIET ST",0.00,,Y,A,-,N,,,,,,,,,,N,4,0,1,2,A,-,08,22107,,F,D,G,A,A,H,-,A,D,0,,Y,,,Y,,A,01,0,0,1,0,0,0,1,0,0,"- ","- ",,,"SAN FRANCISCO","SAN FRANCISCO",-122.40613555908203,37.778076171875
9396441,2022,2022-11-09,3801,2022-05-21,2200,1453,CENTR,6,5,7,3801,0,0,0,,0,3A12D,"POWELL ST","POWELL ST 730",0.00,,N,A,-,N,,,,,,,,,,N,3,0,1,1,D,-,00,,,N,E,I,A,A,H,-,C,D,0,,,Y,,Y,,-,"- ",0,1,0,0,0,0,0,0,1,"- ","- ",,,"SAN FRANCISCO","SAN FRANCISCO",,
9396446,2022,2022-06-16,3801,2022-05-20,1942,524,INGLE,5,5,7,3801,0,0,0,,0,,"GENEVA AV","BANNOCK ST",0.00,,Y,A,-,N,,,,,,,,,,Y,3,0,2,3,A,-,04,21703,,N,C,C,A,A,H,-,A,A,0,,,,,Y,,A,08,0,1,1,0,0,0,0,0,0,"- ","- ",,,"SAN FRANCISCO","SAN FRANCISCO",-122.44287109375,37.718280792236328
9396459,2022,2022-07-07,3801,2022-05-26,1107,1572,SOUTH,4,5,7,3801,0,0,0,,0,3B1A,"2ND ST","FOLSOM ST",0.00,,Y,A,-,N,,,,,,,,,,N,4,0,1,2,A,-,03,22350,A,N,C,C,A,A,H,-,A,A,0,,,,,Y,,M,94,0,0,1,0,0,0,0,0,0,"- ","- ",,,"SAN FRANCISCO","SAN FRANCISCO",-122.396728515625,37.785564422607422
9396463,2022,2022-06-16,3801,2022-05-19,0920,4020,MISSI,4,5,7,3801,0,0,0,,0,3D11A,"17TH ST","POTRERO AV",0.00,,Y,A,-,N,,,,,,,,,,N,4,0,1,2,A,-,08,22107,,N,C,G,A,A,H,-,A,A,0,,Y,,,Y,,L,04,0,0,1,0,0,0,1,0,0,"- ","- ",,,"SAN FRANCISCO","SAN FRANCISCO",-122.40743255615234,37.764484405517578
9396465,2022,2022-06-15,3801,2022-05-22,1305,1418,TARAV,7,5,7,3801,0,0,0,,0,0I6,"VICTORIA ST","GARFIELD ST",51.00,N,N,A,-,N,,,,,,,,,,N,3,0,1,1,A,-,12,22450,A,N,E,I,A,A,H,-,A,A,0,,Y,,,Y,,L,04,0,1,0,0,0,0,1,0,0,"- ","- ",,,"SAN FRANCISCO","SAN FRANCISCO",-122.46536254882812,37.719810485839844
9396468,2022,2022-06-15,3801,2022-05-12,1611,1766,PARK,4,5,7,3801,0,0,0,,0,4B103,"HAYES ST","BRODERICK ST",226.00,W,N,A,-,N,,,,,,,,,,N,2,0,1,1,D,-,00,,,N,H,-,A,A,H,-,A,D,0,,Y,,,Y,,-,"- ",1,0,0,0,0,0,1,0,0,"- ","- ",,,"SAN FRANCISCO","SAN FRANCISCO",-122.44024658203125,37.774665832519531
9396475,2022,2022-06-16,3801,2022-05-25,1400,1053,TARAV,3,5,7,3801,0,0,0,,0,3I12A,"19TH AV","ORTEGA ST",26.00,N,N,A,-,N,,,,,,,,,,N,4,0,1,2,A,-,04,21703,,N,C,C,A,A,H,-,A,A,0,,,Y,,Y,,C,02,0,0,1,0,0,0,0,0,1,"- ","- ",,,"SAN FRANCISCO","SAN FRANCISCO",-122.476318359375,37.752429962158203
9400430,2022,2022-02-15,3801,2022-01-21,0744,2485,CENTR,5,5,7,3801,0,0,0,,0,"1 CAR","CALIFORNIA ST","TAYLOR ST",0.00,,Y,A,-,N,,,,,,,,,,Y,4,0,1,2,A,-,12,21453,A,N,D,C,A,A,H,-,A,A,0,,,,,Y,,A,01,0,0,1,0,0,0,0,0,0,"- ","- ",,,"SAN FRANCISCO","SAN FRANCISCO",-122.41246032714844,37.791610717773438