CASE_ID,ACCIDENT_YEAR,PROC_DATE,JURIS,COLLISION_DATE,COLLISION_TIME,OFFICER_ID,REPORTING_DISTRICT,DAY_OF_WEEK,CHP_SHIFT,POPULATION,CNTY_CITY_LOC,SPECIAL_COND,BEAT_TYPE,CHP_BEAT_TYPE,CITY_DIVISION_LAPD,CHP_BEAT_CLASS,BEAT_NUMBER,PRIMARY_RD,SECONDARY_RD,DISTANCE,DIRECTION,INTERSECTION,WEATHER_1,WEATHER_2,STATE_HWY_IND,CALTRANS_COUNTY,CALTRANS_DISTRICT,STATE_ROUTE,ROUTE_SUFFIX,POSTMILE_PREFIX,POSTMILE,LOCATION_TYPE,RAMP_INTERSECTION,SIDE_OF_HWY,TOW_AWAY,COLLISION_SEVERITY,NUMBER_KILLED,NUMBER_INJURED,PARTY_COUNT,PRIMARY_COLL_FACTOR,PCF_CODE_OF_VIOL,PCF_VIOL_CATEGORY,PCF_VIOLATION,PCF_VIOL_SUBSECTION,HIT_AND_RUN,TYPE_OF_COLLISION,MVIW,PED_ACTION,ROAD_SURFACE,ROAD_COND_1,ROAD_COND_2,LIGHTING,CONTROL_DEVICE,CHP_ROAD_TYPE,PEDESTRIAN_ACCIDENT,BICYCLE_ACCIDENT,MOTORCYCLE_ACCIDENT,TRUCK_ACCIDENT,NOT_PRIVATE_PROPERTY,ALCOHOL_INVOLVED,STWD_VEHTYPE_AT_FAULT,CHP_VEHTYPE_AT_FAULT,COUNT_SEVERE_INJ,COUNT_VISIBLE_INJ,COUNT_COMPLAINT_PAIN,COUNT_PED_KILLED,COUNT_PED_INJURED,COUNT_BICYCLIST_KILLED,COUNT_BICYCLIST_INJURED,COUNT_MC_KILLED,COUNT_MC_INJURED,PRIMARY_RAMP,SECONDARY_RAMP,LATITUDE,LONGITUDE,COUNTY,CITY,POINT_X,POINT_Y
9400466,2022,2022-02-18,3801,2022-01-19,1147,1362,RICHM,3,5,7,3801,0,0,0,,0,G13A,"GEARY BL","5TH AV",0.00,,Y,A,-,N,,,,,,,,,,N,4,0,1,2,A,-,12,21453,A,N,D,C,A,A,H,-,A,A,0,,,,,Y,,A,01,0,0,1,0,0,0,0,0,0,"- ","- ",,,"SAN FRANCISCO","SAN FRANCISCO",-122.46322631835938,37.781135559082031
9400468,2022,2022-03-08,3801,2022-01-23,2012,2744,SOUTH,7,5,7,3801,0,0,0,,0,005,"7TH ST","KING ST",0.00,,Y,A,-,N,,,,,,,,,,Y,4,0,2,2,A,-,08,22100,B,N,D,C,A,A,H,-,C,D,0,,,,,Y,,A,01,0,0,2,0,0,0,0,0,0,"- ","- ",,,"SAN FRANCISCO","SAN FRANCISCO",-122.40081024169922,37.771137237548828
9400472,2022,2022-02-18,3801,2022-01-11,1233,327,MISSI,2,5,7,3801,0,0,0,,0,3D11C,"DOLORES ST","14TH ST",0.00,,Y,A,-,N,,,,,,,,,,Y,4,0,3,2,A,-,09,21801,A,N,D,C,A,A,H,-,A,A,0,,,,,Y,,A,01,0,0,3,0,0,0,0,0,0,"- ","- ",,,"SAN FRANCISCO","SAN FRANCISCO",-122.42677307128906,37.767879486083984
9400474,2022,2022-02-18,3801,2022-01-24,1700,1613,MISSI,1,5,7,3801,0,0,0,,0,3D00,"MARKET ST","VAN NESS AV",0.00,,Y,A,-,N,,,,,,,,,,N,4,0,1,2,A,-,08,22107,,N,B,G,A,A,H,-,A,A,0,,Y,,,Y,,L,04,0,0,1,0,0,0,1,0,0,"- ","- ",,,"SAN FRANCISCO","SAN FRANCISCO",-122.41925811767578,37.775169372558594
9400475,2022,2022-02-18,3801,2022-01-23,1703,327,MISSI,7,5,7,3801,0,0,0,,0,3D11C,"POTRERO AV","22ND ST",28.00,N,N,A,-,N,,,,,,,,,,Y,2,0,1,2,A,-,07,21658,A,F,B,C,A,A,H,-,A,D,0,,,,,Y,,A,01,1,0,0,0,0,0,0,0,0,"- ","- ",,,"SAN FRANCISCO","SAN FRANCISCO",-122.40670776367188,37.756916046142578
9400476,2022,2022-03-08,3801,2022-01-16,1258,993,SOUTH,7,5,7,3801,0,0,0,,0,"4 CAR","9TH ST","HARRISON ST",0.00,,Y,A,-,N,,,,,,,,,,,4,0,5,2,A,-,12,21453,A,N,D,C,A,A,H,-,A,A,0,,,,,Y,,A,01,0,0,5,0,0,0,0,0,0,"- ","- ",,,"SAN FRANCISCO","SAN FRANCISCO",-122.41004943847656,37.772533416748047
9400541,2022,2022-02-14,3801,2022-01-20,1724,2407,MISSI,4,5,7,3801,0,0,0,,0,3D13D,"HARRISON ST","14TH ST",10.00,N,N,-,-,N,,,,,,,,,,N,4,0,1,2,A,-,08,22100,A,F,D,C,A,A,H,-,C,A,0,,,,,Y,,I,11,0,0,1,0,0,0,0,0,0,"- ","- ",,,"SAN FRANCISCO","SAN FRANCISCO",-122.41344451904297,37.768688201904297
9400553,2022,2022-03-03,3801,2022-01-04,1559,104,TRAFF,2,5,7,3801,0,0,0,,0,104,"GENEVA AV","MISSION ST",5.00,W,N,B,-,N,,,,,,,,,,N,4,0,1,2,A,-,10,21950,A,N,G,B,B,A,H,-,A,A,0,Y,,,Y,Y,,F,27,0,0,1,0,1,0,0,0,0,"- ","- ",,,"SAN FRANCISCO","SAN FRANCISCO",-122.44100952148438,37.716403961181641
9400568,2022,2022-02-22,3801,2022-01-21,0039,740,MISSI,5,5,7,3801,0,0,0,,0,0D2,"CESAR CHAVEZ ST","GUERRERO ST",234.00,W,N,B,-,N,,,,,,,,,,Y,3,0,1,4,A,-,01,23152,A,N,A,E,A,A,H,-,C,D,0,,,,,Y,Y,A,01,0,1,0,0,0,0,0,0,0,"- ","- ",,,"SAN FRANCISCO","SAN FRANCISCO",-122.42328643798828,37.747966766357422
9400576,2022,2022-03-15,3801,2022-01-20,0028,2186,NORTH,4,5,7,3801,0,0,0,,0,3E13E,"VAN NESS AV","CLAY ST",0.00,,Y,A,-,N,,,,,,,,,,Y,3,0,2,2,A,-,08,22107,,N,C,C,A,A,H,-,C,A,0,,,,,Y,,A,07,0,1,1,0,0,0,0,0,0,"- ","- ",,,"SAN FRANCISCO","SAN FRANCISCO",-122.422607421875,37.792186737060547
9400659,2022,2022-02-22,3801,2022-01-19,1051,1628,RICHM,3,5,7,3801,0,0,0,,0,4SECTO,"29TH AV","BALBOA ST",0.00,,Y,A,-,N,,,,,,,,,,Y,4,0,1,2,A,-,09,21800,A,N,D,C,A,A,H,-,A,A,0,,,,,Y,,A,01,0,0,1,0,0,0,0,0,0,"- ","- ",,,"SAN FRANCISCO","SAN FRANCISCO",-122.48876953125,37.776115417480469
9400684,2022,2022-02-15,3801,2022-01-20,0825,2210,SOUTH,4,5,7,3801,0,0,0,,0,0B4,"SOUTH VAN NESS AV","PLUM ST",78.00,N,N,A,B,N,,,,,,,,,,Y,4,0,2,2,A,-,21,22106,,N,D,C,A,A,H,-,A,D,0,,,,,Y,,A,01,0,0,2,0,0,0,0,0,0,"- ","- ",,,"SAN FRANCISCO","SAN FRANCISCO",-122.41797637939453,37.771076202392578
9400686,2022,2022-02-15,3801,2022-01-17,1539,2215,NORTH,1,5,7,3801,0,0,0,,0,3E12D,"GOLDEN GATE AV","STEINER ST",25.00,W,N,A,-,N,,,,,,,,,,Y,4,0,4,2,A,-,08,22107,,N,B,C,A,A,H,-,A,A,0,,,,,Y,,A,01,0,0,4,0,0,0,0,0,0,"- ","- ",,,"SAN FRANCISCO","SAN FRANCISCO",-122.43366241455078,37.779338836669922
9400688,2022,2022-02-15,3801,2022-01-22,1630,4047,MISSI,6,5,7,3801,0,0,0,,0,3D11D,"VALENCIA ST","16TH ST",0.00,,Y,A,-,N,,,,,,,,,,N,4,0,1,2,A,-,04,21703,,N,C,C,A,A,H,-,A,A,0,,,,,Y,,A,01,0,0,1,0,0,0,0,0,0,"- ","- ",,,"SAN FRANCISCO","SAN FRANCISCO",-122.42189025878906,37.764907836914062
9403537,2022,2022-03-21,3801,2022-01-31,2224,2154,TARAV,1,5,7,3801,0,0,0,,0,3I11E,"OCEAN AV","JULES AV",0.00,,Y,A,-,N,,,,,,,,,,N,3,0,1,2,A,-,09,21801,A,N,D,C,A,A,H,-,C,A,0,,,Y,,Y,,A,01,0,1,0,0,0,0,0,0,1,"- ","- ",,,"SAN FRANCISCO","SAN FRANCISCO",-122.46123504638672,37.724948883056641
9403538,2022,2022-05-09,3801,2022-01-15,1815,2020,SOUTH,6,5,7,3801,0,0,0,,0,3CAR,"MARKET ST","SOUTH VAN NESS",0.00,,Y,A,B,N,,,,,,,,,,N,4,0,1,2,A,-,08,22101,D,N,D,G,A,A,H,-,C,A,0,,Y,,,Y,,A,01,0,0,1,0,0,0,1,0,0,"- ","- ",,,"SAN FRANCISCO","SAN FRANCISCO",-122.41925811767578,37.775169372558594
9403624,2022,2022-04-01,3801,2022-02-14,0629,1925,BAYVI,1,5,7,3801,0,0,0,,0,3C13A,"3RD ST","EVANS AV",0.00,,Y,A,-,N,,,,,,,,,,N,4,0,1,2,A,-,12,21453,A,N,D,C,A,A,H,-,C,A,0,,,,,Y,,D,22,0,0,1,0,0,0,0,0,0,"- ","- ",,,"SAN FRANCISCO","SAN FRANCISCO",-122.38801574707031,37.742733001708984
9403763,2022,2022-03-21,3801,2022-02-19,0954,2580,SOUTH,6,5,7,3801,0,0,0,,0,901,"HOWARD ST","3RD ST",20.00,W,N,A,-,N,,,,,,,,,,Y,4,0,2,2,A,-,08,22107,,N,B,D,A,A,H,-,A,A,0,,,Y,,Y,,A,01,0,0,2,0,0,0,0,0,0,"- ","- ",,,"SAN FRANCISCO","SAN FRANCISCO",-122.40055084228516,37.78497314453125
9403921,2022,2022-03-18,3801,2022-02-15,0540,2354,TARAV,2,5,7,3801,0,0,0,,0,2CAR,"SANTIAGO ST","27TH AV",0.00,,Y,A,-,N,,,,,,,,,,Y,3,0,1,4,A,-,09,21802,A,N,D,C,A,A,H,-,B,A,0,,,,,Y,,A,01,0,1,0,0,0,0,0,0,0,"- ","- ",,,"SAN FRANCISCO","SAN FRANCISCO",-122.48439025878906,37.744541168212891
9403926,2022,2022-03-17,3801,2022-02-02,1848,2102,BAYVI,3,5,7,3801,0,0,0,,0,3C12D,"OAKDALE AV","PHELPS ST",0.00,,Y,A,-,N,,,,,,,,,,Y,4,0,1,2,A,-,12,22450,A,F,D,C,A,A,H,-,C,A,0,,,,,Y,,A,01,0,0,1,0,0,0,0,0,0,"- ","- ",,,"SAN FRANCISCO","SAN FRANCISCO",-122.39408874511719,37.736721038818359
9403933,2022,2022-03-17,3801,2022-02-15,0813,1609,RICHM,2,5,7,3801,0,0,0,,0,3G12A,"GEARY BL","20TH AV",0.00,,Y,A,-,N,,,,,,,,,,N,2,0,1,2,A,-,10,21950,A,N,G,B,B,A,H,-,A,A,0,Y,,,,Y,,A,01,1,0,0,0,1,0,0,0,0,"- ","- ",,,"SAN FRANCISCO","SAN FRANCISCO",-122.47938537597656,37.780387878417969
9403936,2022,2022-03-18,3801,2022-02-20,1226,1133,CENTR,7,5,7,3801,0,0,0,,0,03A,"NORTH POINT ST","JONES ST",0.00,,Y,A,-,N,,,,,,,,,,N,4,0,1,2,A,-,09,21801,A,N,-,J,A,A,H,-,A,A,0,,,Y,,Y,,A,01,0,0,1,0,0,0,0,0,1,"- ","- ",,,"SAN FRANCISCO","SAN FRANCISCO",-122.41709899902344,37.806148529052734
9403942,2022,2022-03-16,3801,2022-02-18,2216,1144,RICHM,5,5,7,3801,0,0,0,,0,3G12E,"GEARY BL","SAINT JOSEPHS AV",0.00,,Y,A,-,N,,,,,,,,,,N,4,0,1,1,A,-,03,22350,,N,E,A,E,A,H,-,C,A,0,Y,,,,Y,,N,60,0,0,1,0,1,0,0,0,0,"- ","- ",,,"SAN FRANCISCO","SAN FRANCISCO",-122.44276428222656,37.782810211181641
9403945,2022,2022-03-15,3801,2022-02-18,1849,312,TARAV,5,5,7,3801,0,0,0,,0,1CAR,"PACHECO ST","ALTON AV",0.00,,Y,A,-,N,,,,,,,,,,N,4,0,1,1,A,-,03,22350,,N,F,A,A,A,H,-,C,D,0,,,Y,,Y,,C,02,0,0,1,0,0,0,0,0,1,"- ","- ",,,"SAN FRANCISCO","SAN FRANCISCO",-122.46388244628906,37.750408172607422
9403949,2022,2022-03-15,3801,2022-02-11,1850,801,SOUTH,5,5,7,3801,0,0,0,,0,0B3,"HARRIET ST","HARRISON ST",8.00,E,N,A,-,N,,,,,,,,,,N,4,0,1,2,A,-,12,22450,A,F,D,C,A,A,H,-,C,A,0,,,,,Y,,A,01,0,0,1,0,0,0,0,0,0,"- ","- ",,,"SAN FRANCISCO","SAN FRANCISCO",-122.40462493896484,37.776844024658203
9403952,2022,2022-03-21,3801,2022-02-16,0700,82,MISSI,3,5,7,3801,0,0,0,,0,3D44C,"POTRERO AV","24TH ST",82.00,S,N,A,-,N,,,,,,,,,,N,4,0,1,2,A,-,03,22350,,F,G,B,E,A,H,-,A,A,0,Y,,,,Y,,A,01,0,0,1,0,1,0,0,0,0,"- ","- ",,,"SAN FRANCISCO","SAN FRANCISCO",-122.40629577636719,37.752765655517578
9403955,2022,2022-03-15,3801,2022-02-14,1630,2439,CENTR,1,5,7,3801,0,0,0,,0,,"STOCKTON ST","BUSH ST",422.00,N,N,A,-,N,,,,,,,,,,Y,4,0,2,3,A,-,03,22350,,M,C,C,A,A,H,-,C,D,0,,,,,Y,,-,,0,0,2,0,0,0,0,0,0,"- ","- ",,,"SAN FRANCISCO","SAN FRANCISCO",-122.40739440917969,37.791522979736328
9403959,2022,2022-03-15,3801,2022-02-12,2316,1166,INGLE,6,5,7,3801,0,0,0,,0,3H15E,"OCEAN AV","HOWTH ST",105.00,W,N,A,-,N,,,,,,,,,,N,4,0,1,2,A,-,11,21955,,N,G,B,D,A,H,-,C,D,0,Y,,,,Y,,N,60,0,0,1,0,1,0,0,0,0,"- ","- ",,,"SAN FRANCISCO","SAN FRANCISCO",-122.44994354248047,37.72296142578125
9403960,2022,2022-03-15,3801,2022-02-12,0900,1438,INGLE,6,5,7,3801,0,0,0,,0,5CAR,"MISSION ST","PERSIA ST",28.00,S,N,A,-,N,,,,,,,,,,N,4,0,1,3,A,-,05,21460,A,N,A,C,A,A,H,-,A,D,0,,,,,Y,,A,01,0,0,1,0,0,0,0,0,0,"- ","- ",,,"SAN FRANCISCO","SAN FRANCISCO",-122.43602752685547,37.723075866699219
9404332,2022,2022-02-22,3801,2022-01-05,1700,2094,SOUTH,3,5,7,3801,0,0,0,,0,0B4,"MCALLISTER ST","POLK ST",0.00,,Y,A,-,N,,,,,,,,,,N,4,0,1,2,A,-,03,22350,,M,C,C,A,A,-,-,C,A,0,,,,,Y,,-,99,0,0,1,0,0,0,0,0,0,"- ","- ",,,"SAN FRANCISCO","SAN FRANCISCO",-122.41860198974609,37.7802734375
9405016,2022,2022-02-17,3801,2022-01-16,1826,1534,INGLE,7,5,7,3801,0,0,0,,0,3H16D,"NAPLES ST","AMAZON AV",0.00,,Y,A,-,N,,,,,,,,,,Y,4,0,1,4,A,-,03,22350,,F,D,C,A,A,H,-,C,D,0,,,,,Y,,A,01,0,0,1,0,0,0,0,0,0,"- ","- ",,,"SAN FRANCISCO","SAN FRANCISCO",-122.43536376953125,37.715389251708984
9405019,2022,2022-02-17,3801,2022-01-18,1703,1642,INGLE,2,5,7,3801,0,0,0,,0,3H15D,"ALEMANY BL","SENECA AV",0.00,,Y,A,-,N,,,,,,,,,,N,3,0,1,2,A,-,08,22100,,N,D,G,A,A,-,-,A,A,0,,Y,,,Y,,L,04,0,1,0,0,0,0,1,0,0,"- ","- ",,,"SAN FRANCISCO","SAN FRANCISCO",-122.44136047363281,37.718658447265625
9405039,2022,2022-03-23,3801,2022-01-07,0031,1252,RICHM,5,5,7,3801,0,0,0,,0,0I1,"19TH AV","LINCOLN WY",0.00,,Y,C,-,N,,,,,,,,,,Y,4,0,1,2,A,-,01,23153,A,F,D,D,A,B,H,-,C,A,0,,,,,Y,Y,-,,0,0,1,0,0,0,0,0,0,"- ","- ",,,"SAN FRANCISCO","SAN FRANCISCO",-122.47732543945312,37.76544189453125
9405067,2022,2022-02-18,3801,2022-01-13,0954,2485,CENTR,4,5,7,3801,0,0,0,,0,1CAR,"HYDE ST","BUSH ST",87.00,S,N,A,-,N,,,,,,,,,,Y,4,0,2,3,A,-,08,22100,B,N,-,C,A,A,H,-,A,D,0,,,,,Y,,A,01,0,0,2,0,0,0,0,0,0,"- ","- ",,,"SAN FRANCISCO","SAN FRANCISCO",-122.41696166992188,37.788883209228516
9405077,2022,2022-02-14,3801,2022-01-15,0644,4027,BAYVI,6,5,7,3801,0,0,0,,0,3C11A,"SILVER AV","ELMIRA ST",24.00,W,N,A,-,N,,,,,,,,,,Y,4,0,1,4,A,-,01,23152,A,F,B,C,A,A,H,-,C,D,0,,,,,Y,Y,A,01,0,0,1,0,0,0,0,0,0,NO,NO,,,"SAN FRANCISCO","SAN FRANCISCO",-122.40357971191406,37.733631134033203
9405080,2022,2022-02-14,3801,2022-01-15,2105,2186,NORTH,6,5,7,3801,0,0,0,,0,,"FRANKLIN ST","BUSH ST",0.00,,Y,A,-,N,,,,,,,,,,N,4,0,1,2,-,-,"- ",,A,F,G,B,B,A,H,-,C,A,0,Y,,,,Y,,A,01,0,0,1,0,1,0,0,0,0,"- ","- ",,,"SAN FRANCISCO","SAN FRANCISCO",-122.42357635498047,37.788280487060547
9405699,2022,2022-02-11,3801,2022-01-08,1018,1377,INGLE,6,5,7,3801,0,0,0,,0,3H15A,"BRUNSWICK ST","OLIVER ST",0.00,,Y,A,-,N,,,,,,,,,,N,3,0,1,2,A,-,12,22450,A,N,A,G,A,A,H,-,A,A,0,,Y,,,Y,,L,04,0,1,0,0,0,0,1,0,0,"- ","- ",,,"SAN FRANCISCO","SAN FRANCISCO",-122.44985961914062,37.708324432373047
9405841,2022,2022-03-17,3801,2022-02-04,1950,614,TARAV,5,5,7,3801,0,0,0,,0,3I13E,"TARAVAL ST","43RD AV",75.00,E,N,A,-,N,,,,,,,,,,Y,3,0,1,1,A,-,03,22350,,N,E,I,A,A,H,-,C,A,0,,,,,Y,,A,01,0,1,0,0,0,0,0,0,0,"- ","- ",,,"SAN FRANCISCO","SAN FRANCISCO",-122.50115203857422,37.741878509521484
9409003,2022,2022-03-15,3801,2022-01-26,1054,1653,INGLE,3,5,7,3801,0,0,0,,0,3H13A,"SILVER AV","NAPLES ST",0.00,,Y,A,-,N,,,,,,,,,,N,4,0,1,2,A,-,10,21950,A,N,G,B,B,A,H,-,A,D,0,Y,,,,Y,,D,22,0,0,1,0,1,0,0,0,0,"- ","- ",,,"SAN FRANCISCO","SAN FRANCISCO",-122.42532348632812,37.728664398193359
9409651,2022,2022-03-17,3801,2022-02-06,1530,2400,NORTH,7,5,7,3801,0,0,0,,0,3CAR,"VAN NESS AV","CALIFORNIA ST",32.00,N,N,A,-,N,,,,,,,,,,N,4,0,1,2,A,-,04,21703,,F,C,C,A,A,H,-,A,A,0,,,,,Y,,D,22,0,0,1,0,0,0,0,0,0,"- ","- ",,,"SAN FRANCISCO","SAN FRANCISCO",-122.42226409912109,37.790458679199219
9409671,2022,2022-03-22,3801,2022-01-27,1415,2493,PARK,4,5,7,3801,0,0,0,,0,3F13C,"CASTRO ST","CASTRO ST 376",0.00,,Y,A,-,N,,,,,,,,,,Y,4,0,1,4,A,-,03,22350,,N,B,C,A,A,H,-,A,D,0,,,,,Y,,A,01,0,0,1,0,0,0,0,0,0,"- ","- ",,,"SAN FRANCISCO","SAN FRANCISCO",,
9409993,2022,2022-03-21,3801,2022-02-04,2500,1614,MISSI,5,5,7,3801,0,0,0,,0,3D14D,"24TH ST","BALMY ST",28.00,W,N,A,-,N,,,,,,,,,,N,4,0,1,2,A,-,03,22350,,N,C,E,A,A,H,-,C,D,0,,,,,Y,Y,A,01,0,0,1,0,0,0,0,0,0,"- ","- ",,,"SAN FRANCISCO","SAN FRANCISCO",-122.41255950927734,37.752601623535156
9410012,2022,2022-03-16,3801,2022-02-05,2134,2288,INGLE,6,5,7,3801,0,0,0,,0,3H13E,"FELTON ST","OXFORD ST",0.00,,Y,A,-,N,,,,,,,,,,N,3,0,1,2,A,-,12,22450,A,N,D,C,A,A,H,-,C,A,0,,,Y,,Y,,C,02,0,1,0,0,0,0,0,0,1,"- ","- ",,,"SAN FRANCISCO","SAN FRANCISCO",-122.41940307617188,37.726181030273438
9410013,2022,2022-03-16,3801,2022-02-03,0831,A20952,INGLE,4,5,7,3801,0,0,0,,0,1CAR,"CORTLAND AV","ELSIE ST",0.00,,Y,A,-,N,,,,,,,,,,N,4,0,1,2,A,-,10,21950,A,N,G,B,B,A,H,-,A,D,0,Y,,,,Y,,A,01,0,0,1,0,1,0,0,0,0,"- ","- ",,,"SAN FRANCISCO","SAN FRANCISCO",-122.41973876953125,37.739761352539062
9410014,2022,2022-03-16,3801,2022-02-24,1246,231,BAYVI,4,5,7,3801,0,0,0,,0,901,"IOWA ST","23RD ST",0.00,,Y,A,-,N,,,,,,,,,,N,3,0,1,2,A,-,05,21651,A,F,A,G,A,A,H,-,A,D,0,,Y,,,Y,,A,01,0,1,0,0,0,0,1,0,0,"- ","- ",,,"SAN FRANCISCO","SAN FRANCISCO",-122.39200592041016,37.755180358886719
9410015,2022,2022-03-16,3801,2022-02-23,1715,2723,BAYVI,3,5,7,3801,0,0,0,,0,3C11D,"OAKDALE AV","DUNSHEE ST",56.00,N,N,A,-,N,,,,,,,,,,N,3,0,1,2,A,-,09,21801,A,N,B,C,A,A,H,-,A,A,0,,,Y,,Y,,A,01,0,1,0,0,0,0,0,0,1,"- ","- ",,,"SAN FRANCISCO","SAN FRANCISCO",-122.39528656005859,37.737411499023438
9410029,2022,2022-03-16,3801,2022-02-12,0152,367,CENTR,6,5,7,3801,0,0,0,,0,3A13E,"CHESTNUT ST","MASON ST",0.00,,Y,A,-,N,,,,,,,,,,N,3,0,1,1,D,-,00,,,N,H,A,A,A,H,-,C,D,0,,,Y,,Y,,-,"- ",0,1,0,0,0,0,0,0,1,"- ","- ",,,"SAN FRANCISCO","SAN FRANCISCO",-122.41320037841797,37.803745269775391
9410031,2022,2022-12-05,3801,2022-02-11,1350,1052,RICHM,5,5,7,3801,0,0,0,,0,3G12C,"ANZA ST","PARK PRESIDIO BL",17.00,E,N,A,-,N,,,,,,,,,,N,3,0,1,2,A,-,10,21950,A,N,G,B,B,A,H,-,A,A,0,Y,,,,Y,,A,01,0,1,0,0,1,0,0,0,0,"- ","- ",,,"SAN FRANCISCO","SAN FRANCISCO",-122.47212982177734,37.778720855712891
9410033,2022,2022-12-05,3801,2022-02-08,2113,2427,SOUTH,2,5,7,3801,0,0,0,,0,003,"NATOMA ST","7TH ST",0.00,,Y,A,-,N,,,,,,,,,,N,4,0,1,2,A,-,08,22107,,F,B,C,A,A,H,-,C,A,0,,,Y,,Y,,-,,0,0,1,0,0,0,0,0,1,"- ","- ",,,"SAN FRANCISCO","SAN FRANCISCO",-122.40989685058594,37.778400421142578
9410035,2022,2022-03-17,3801,2022-02-02,1800,1660,SOUTH,3,5,7,3801,0,0,0,,0,3B13D,"3RD ST","STILLMAN ST",0.00,,Y,A,-,N,,,,,,,,,,N,4,0,1,2,A,-,09,21804,A,N,D,D,A,A,H,-,C,A,0,,,,,Y,,A,01,0,0,1,0,0,0,0,0,0,"- ","- ",,,"SAN FRANCISCO","SAN FRANCISCO",-122.39640808105469,37.781749725341797
9410038,2022,2022-04-08,3801,2022-02-05,1215,1875,TARAV,6,5,7,3801,0,0,0,,0,3I15B,"19TH AV","JUDAH ST",0.00,,Y,A,-,N,,,,,,,,,,N,2,0,1,2,A,-,11,21456,,N,G,B,B,A,H,-,A,A,0,Y,,,,Y,,N,60,1,0,0,0,1,0,0,0,0,"- ","- ",,,"SAN FRANCISCO","SAN FRANCISCO",-122.47702789306641,37.761695861816406
9410046,2022,2022-03-18,3801,2022-02-11,1718,2407,MISSI,5,5,7,3801,0,0,0,,0,3D11D,"VALENCIA ST","CESAR CHAVEZ ST",0.00,,Y,A,-,N,,,,,,,,,,N,3,0,1,2,A,-,09,21801,A,N,D,G,A,A,H,-,B,A,0,,Y,,,Y,,A,01,0,1,0,0,0,0,1,0,0,"- ","- ",,,"SAN FRANCISCO","SAN FRANCISCO",-122.42025756835938,37.748161315917969
9410052,2022,2022-03-17,3801,2022-02-02,0830,1118,SOUTH,3,5,7,3801,0,0,0,,0,3B14A,"9TH ST","MISSION ST",0.00,,Y,A,-,N,,,,,,,,,,N,4,0,1,2,A,-,10,21950,A,N,G,B,B,A,H,-,A,A,0,Y,,,,Y,,A,01,0,0,1,0,1,0,0,0,0,"- ","- ",,,"SAN FRANCISCO","SAN FRANCISCO",-122.41471862792969,37.776241302490234
9410053,2022,2022-03-17,3801,2022-02-08,0634,892,SOUTH,2,5,7,3801,0,0,0,,0,0B3,"6TH ST","SHIPLEY ST",0.00,,Y,A,-,N,,,,,,,,,,N,2,0,1,2,A,-,11,21955,,N,G,B,D,A,H,-,B,A,0,Y,,,,Y,,N,60,1,0,0,0,1,0,0,0,0,"- ","- ",,,"SAN FRANCISCO","SAN FRANCISCO",-122.40505218505859,37.778057098388672
9410054,2022,2022-03-17,3801,2022-02-03,1313,1620,BAYVI,4,5,7,3801,0,0,0,,0,,"EVANS AV","CESAR CHAVEZ ST",0.00,,Y,A,-,N,,,,,,,,,,Y,4,0,1,2,A,-,04,21703,,N,C,C,A,A,H,-,A,A,0,,,,,Y,,A,01,0,0,1,0,0,0,0,0,0,"- ","- ",,,"SAN FRANCISCO","SAN FRANCISCO",-122.39731597900391,37.749691009521484
9410058,2022,2022-03-17,3801,2022-02-04,1702,2209,MISSI,5,5,7,3801,0,0,0,,0,3D11C,"DOLORES ST","17TH ST",0.00,,Y,A,-,N,,,,,,,,,,N,4,0,1,2,A,-,09,21801,A,N,D,C,A,A,H,-,A,A,0,,,,,Y,,A,01,0,0,1,0,0,0,0,0,0,"- ","- ",,,"SAN FRANCISCO","SAN FRANCISCO",-122.42630004882812,37.763008117675781
9410075,2022,2022-04-21,3801,2022-01-27,1915,1544,CENTR,4,5,7,3801,0,0,0,,0,3A13D,"BAY ST",COLUMBUS,132.00,W,N,A,-,N,,,,,,,,,,N,4,0,1,2,A,-,03,22350,A,F,C,C,A,A,H,-,C,D,0,,,,,Y,,A,07,0,0,1,0,0,0,0,0,0,"- ","- ",,,"SAN FRANCISCO","SAN FRANCISCO",-122.41764831542969,37.805137634277344
9410076,2022,2022-03-11,3801,2022-01-28,1827,1207,SOUTH,5,5,7,3801,0,0,0,,0,3B14D,"MARKET ST","OCTAVIA ST",0.00,,Y,A,B,N,,,,,,,,,,Y,4,0,1,2,A,-,09,21803,B,N,D,C,A,A,H,-,C,A,0,,,Y,,Y,,C,03,0,0,1,0,0,0,0,0,1,"- ","- ",,,"SAN FRANCISCO","SAN FRANCISCO",-122.42359161376953,37.771774291992188
9410079,2022,2022-03-11,3801,2022-01-19,1915,1148,MISSI,3,5,7,3801,0,0,0,,0,3D14D,"CESAR CHAVEZ ST","ALABAMA ST",0.00,,Y,A,-,N,,,,,,,,,,N,4,0,1,2,A,-,09,21801,,N,D,C,A,A,H,-,C,A,0,,,Y,,Y,,B,01,0,0,1,0,0,0,0,0,1,"- ","- ",,,"SAN FRANCISCO","SAN FRANCISCO",-122.41054534912109,37.748374938964844
9410082,2022,2022-03-14,3801,2022-01-28,1650,969,MISSI,5,5,7,3801,0,0,0,,0,6CAR,"16TH ST","SAN BRUNO AV",0.00,,Y,A,-,N,,,,,,,,,,N,3,0,1,2,D,-,00,,,N,H,G,A,A,H,-,A,A,0,,Y,,,Y,,-,"- ",0,1,0,0,0,0,0,0,0,"- ","- ",,,"SAN FRANCISCO","SAN FRANCISCO",-122.40557098388672,37.765888214111328