CASE_ID,ACCIDENT_YEAR,PROC_DATE,JURIS,COLLISION_DATE,COLLISION_TIME,OFFICER_ID,REPORTING_DISTRICT,DAY_OF_WEEK,CHP_SHIFT,POPULATION,CNTY_CITY_LOC,SPECIAL_COND,BEAT_TYPE,CHP_BEAT_TYPE,CITY_DIVISION_LAPD,CHP_BEAT_CLASS,BEAT_NUMBER,PRIMARY_RD,SECONDARY_RD,DISTANCE,DIRECTION,INTERSECTION,WEATHER_1,WEATHER_2,STATE_HWY_IND,CALTRANS_COUNTY,CALTRANS_DISTRICT,STATE_ROUTE,ROUTE_SUFFIX,POSTMILE_PREFIX,POSTMILE,LOCATION_TYPE,RAMP_INTERSECTION,SIDE_OF_HWY,TOW_AWAY,COLLISION_SEVERITY,NUMBER_KILLED,NUMBER_INJURED,PARTY_COUNT,PRIMARY_COLL_FACTOR,PCF_CODE_OF_VIOL,PCF_VIOL_CATEGORY,PCF_VIOLATION,PCF_VIOL_SUBSECTION,HIT_AND_RUN,TYPE_OF_COLLISION,MVIW,PED_ACTION,ROAD_SURFACE,ROAD_COND_1,ROAD_COND_2,LIGHTING,CONTROL_DEVICE,CHP_ROAD_TYPE,PEDESTRIAN_ACCIDENT,BICYCLE_ACCIDENT,MOTORCYCLE_ACCIDENT,TRUCK_ACCIDENT,NOT_PRIVATE_PROPERTY,ALCOHOL_INVOLVED,STWD_VEHTYPE_AT_FAULT,CHP_VEHTYPE_AT_FAULT,COUNT_SEVERE_INJ,COUNT_VISIBLE_INJ,COUNT_COMPLAINT_PAIN,COUNT_PED_KILLED,COUNT_PED_INJURED,COUNT_BICYCLIST_KILLED,COUNT_BICYCLIST_INJURED,COUNT_MC_KILLED,COUNT_MC_INJURED,PRIMARY_RAMP,SECONDARY_RAMP,LATITUDE,LONGITUDE,COUNTY,CITY,POINT_X,POINT_Y
9410086,2022,2022-03-14,3801,2022-01-25,1125,624,NORTH,2,5,7,3801,0,0,0,,0,004,"WEBSTER ST","SUTTER ST",12.00,S,N,A,-,N,,,,,,,,,,N,4,0,1,2,C,-,18,,,N,-,C,A,A,H,-,A,A,0,,,,,Y,,-,"- ",0,0,1,0,0,0,0,0,0,"- ","- ",,,"SAN FRANCISCO","SAN FRANCISCO",-122.43167877197266,37.786258697509766
9410108,2022,2022-03-14,3801,2022-01-28,2010,93,NORTH,5,5,7,3801,0,0,0,,0,3E76,"POLK ST","CLAY ST",55.00,S,N,A,-,N,,,,,,,,,,N,4,0,1,1,B,-,22,,,N,H,A,A,A,H,-,D,A,0,,,Y,,Y,,C,02,0,0,1,0,0,0,0,0,1,"- ","- ",,,"SAN FRANCISCO","SAN FRANCISCO",-122.4210205078125,37.792240142822266
9410109,2022,2022-03-14,3801,2022-01-29,0139,1574,NORTH,6,5,7,3801,0,0,0,,0,3E13E,"GEARY ST","POLK ST",0.00,,Y,A,-,N,,,,,,,,,,Y,4,0,1,2,A,-,17,21657,,F,A,C,A,A,H,-,C,A,0,,,,,Y,,A,01,0,0,1,0,0,0,0,0,0,"- ","- ",,,"SAN FRANCISCO","SAN FRANCISCO",-122.41973876953125,37.785896301269531
9410113,2022,2022-03-14,3801,2022-01-31,0625,2339,PARK,1,5,7,3801,0,0,0,,0,3F14A,"11TH ST","MISSION ST",0.00,,Y,A,-,N,,,,,,,,,,N,4,0,1,2,D,-,00,,,F,G,B,B,A,H,-,B,A,0,Y,,,,Y,,-,"- ",0,0,1,0,1,0,0,0,0,"- ","- ",,,"SAN FRANCISCO","SAN FRANCISCO",-122.41709899902344,37.774330139160156
9410114,2022,2022-03-14,3801,2022-01-09,1825,4041,TARAV,7,5,7,3801,0,0,0,,0,3I13D,"JUDAH ST","9TH AV",0.00,,Y,A,-,N,,,,,,,,,,Y,4,0,2,2,A,-,12,21453,A,N,D,C,A,A,H,-,C,A,0,,,,,Y,,A,01,0,0,2,0,0,0,0,0,0,"- ","- ",,,"SAN FRANCISCO","SAN FRANCISCO",-122.46617889404297,37.762180328369141
9410115,2022,2022-03-14,3801,2022-01-29,2235,2457,SOUTH,6,5,7,3801,0,0,0,,0,3B14E,"BRYANT ST","5TH ST",0.00,,Y,A,-,N,,,,,,,,,,Y,4,0,1,2,A,-,03,22350,,N,D,C,A,A,H,-,C,A,0,,,,,Y,,A,01,0,0,1,0,0,0,0,0,0,"- ","- ",,,"SAN FRANCISCO","SAN FRANCISCO",-122.40029144287109,37.777797698974609
9410117,2022,2022-03-14,3801,2022-01-31,1818,1286,SOUTH,1,5,7,3801,0,0,0,,0,3B2,"5TH ST","FOLSOM ST",93.00,S,N,A,-,N,,,,,,,,,,N,2,0,1,2,A,-,05,21650,1,N,A,-,A,A,H,-,C,A,0,,Y,,,Y,,L,04,1,0,0,0,0,0,1,0,0,"- ","- ",,,"SAN FRANCISCO","SAN FRANCISCO",-122.40317535400391,37.780086517333984
9410118,2022,2022-03-14,3801,2022-01-27,1220,4132,MISSI,4,5,7,3801,0,0,0,,0,1CAR,"17TH ST","CHURCH ST",0.00,,Y,A,-,N,,,,,,,,,,Y,3,0,2,2,A,-,03,22350,,N,C,E,A,A,H,-,A,A,0,,,,,Y,,A,01,0,1,1,0,0,0,0,0,0,"- ","- ",,,"SAN FRANCISCO","SAN FRANCISCO",-122.42851257324219,37.762882232666016
9410119,2022,2022-04-21,3801,2022-01-31,0034,1955,MISSI,1,5,7,3801,0,0,0,,0,3D105,"POTRERO AV","23RD ST",12.00,S,N,A,-,N,,,,,,,,,,N,4,0,1,2,A,-,17,22517,,N,B,C,A,-,H,-,C,A,0,,Y,,,Y,,A,01,0,0,1,0,0,0,1,0,0,"- ","- ",,,"SAN FRANCISCO","SAN FRANCISCO",-122.40646362304688,37.754547119140625
9410521,2022,2022-02-17,3801,2022-01-11,1122,4274,RICHM,2,5,7,3801,0,0,0,,0,3G1,"MARTIN LUTHER KING JR DR","CROSSOVER DR",0.00,,Y,A,-,N,,,,,,,,,,N,4,0,1,1,D,-,00,,,N,F,J,A,A,H,-,A,A,0,,,Y,,Y,,-,"- ",0,0,1,0,0,0,0,0,1,"- ","- ",,,"SAN FRANCISCO","SAN FRANCISCO",-122.47737884521484,37.766044616699219
9410523,2022,2022-02-15,3801,2022-01-11,1528,2479,NORTH,2,5,7,3801,0,0,0,,0,3E14D,"WASHINGTON ST","WEBSTER ST",3.00,S,N,A,-,N,,,,,,,,,,N,3,0,1,2,A,-,10,21950,A,N,G,B,B,A,H,-,A,A,0,Y,,,,Y,,A,01,0,1,0,0,1,0,0,0,0,"- ","- ",,,"SAN FRANCISCO","SAN FRANCISCO",-122.43274688720703,37.791797637939453
9410531,2022,2022-02-15,3801,2022-01-13,0653,2001,INGLE,4,5,7,3801,0,0,0,,0,003,"ALEMANY BL",CONGDON,0.00,,Y,A,-,N,,,,,,,,,,Y,4,0,2,2,A,-,09,21801,A,N,D,C,A,A,H,-,B,A,0,,,,,Y,,A,01,0,0,2,0,0,0,0,0,0,"- ","- ",,,"SAN FRANCISCO","SAN FRANCISCO",-122.42619323730469,37.731166839599609
9410532,2022,2022-02-15,3801,2022-01-01,2121,367,CENTR,6,5,7,3801,0,0,0,,0,3A13E,"UNION ST","POWELL ST",0.00,,Y,A,-,N,,,,,,,,,,N,4,0,1,2,A,-,10,21950,A,F,G,B,B,A,H,-,C,A,0,Y,,,,Y,,A,01,0,0,1,0,1,0,0,0,0,"- ","- ",,,"SAN FRANCISCO","SAN FRANCISCO",-122.41083526611328,37.800243377685547
9410533,2022,2022-02-15,3801,2022-01-03,1802,299,CENTR,1,5,7,3801,0,0,0,,0,3A12D,"POST ST","GRANT ST",0.00,,Y,-,-,N,,,,,,,,,,N,4,0,1,2,A,-,04,21703,,N,C,-,A,A,-,-,C,A,0,,,,,Y,,A,01,0,0,1,0,0,0,0,0,0,"- ","- ",,,"SAN FRANCISCO","SAN FRANCISCO",-122.40522003173828,37.7886962890625
9410534,2022,2022-02-15,3801,2022-01-01,0316,2708,SOUTH,6,5,7,3801,0,0,0,,0,3B12E,"BERRY ST","4TH ST",0.00,,Y,A,-,N,,,,,,,,,,Y,4,0,5,2,A,-,05,21651,A,F,D,C,A,A,H,-,C,A,0,,,,,Y,,A,01,0,0,5,0,0,0,0,0,0,"- ","- ",,,"SAN FRANCISCO","SAN FRANCISCO",-122.39334106445312,37.775779724121094
9410537,2022,2022-02-15,3801,2022-01-04,2148,1385,SOUTH,2,5,7,3801,0,0,0,,0,004,"9TH ST","MISSION ST",0.00,,Y,A,C,N,,,,,,,,,,N,3,0,1,2,A,-,11,21456,C,F,G,B,B,A,H,-,C,A,0,Y,,,,Y,,N,60,0,1,0,0,1,0,0,0,0,"- ","- ",,,"SAN FRANCISCO","SAN FRANCISCO",-122.41471862792969,37.776241302490234
9418018,2022,2022-04-11,3801,2022-01-31,1341,2375,RICHM,1,5,7,3801,0,0,0,,0,,"GEARY BL","7TH AV",140.00,,N,A,-,N,,,,,,,,,,Y,4,0,1,2,A,-,08,22107,,N,B,D,A,A,H,-,A,D,0,,,,Y,Y,,F,26,0,0,1,0,0,0,0,0,0,"- ","- ",,,"SAN FRANCISCO","SAN FRANCISCO",-122.46537017822266,37.781028747558594
9418020,2022,2022-03-15,3801,2022-01-31,1451,34,TRAFF,1,5,7,3801,0,0,0,,0,4B4F,"EDDY ST","LEAVENWORTH ST",137.00,W,N,A,-,N,,,,,,,,,,N,3,0,1,3,A,-,03,22350,A,N,B,C,A,A,H,-,A,D,0,,,Y,,Y,,C,02,0,1,0,0,0,0,0,0,1,"- ","- ",,,"SAN FRANCISCO","SAN FRANCISCO",-122.41471099853516,37.783668518066406
9418073,2022,2022-03-17,3801,2022-02-22,2217,2122,TENDE,2,5,7,3801,0,0,0,,0,3J15E,"ELLIS ST","LARKIN ST",56.00,E,N,-,-,N,,,,,,,,,,N,4,0,1,2,A,-,11,21954,A,F,G,B,D,A,H,-,C,D,0,Y,,,,Y,,N,60,0,0,1,0,1,0,0,0,0,"- ","- ",,,"SAN FRANCISCO","SAN FRANCISCO",-122.41752624511719,37.784271240234375
9418074,2022,2022-03-17,3801,2022-02-21,1246,4333,RICHM,1,5,7,3801,0,0,0,,0,3G13A,"GEARY BL","8TH AV",0.00,,Y,A,-,N,,,,,,,,,,Y,4,0,3,3,A,-,08,22107,,N,D,C,A,A,H,-,A,A,0,,,,,Y,,A,01,0,0,3,0,0,0,0,0,0,"- ","- ",,,"SAN FRANCISCO","SAN FRANCISCO",-122.4664306640625,37.780982971191406
9418075,2022,2022-04-01,3801,2022-02-21,1733,309,TARAV,1,5,7,3801,0,0,0,,0,,"21ST AV","LAWTON ST",0.00,,Y,A,-,N,,,,,,,,,,N,4,0,1,2,A,-,12,22450,,N,G,B,-,A,H,-,A,A,0,Y,,,,Y,,-,"- ",0,0,1,0,1,0,0,0,0,"- ","- ",,,"SAN FRANCISCO","SAN FRANCISCO",-122.47888946533203,37.757869720458984
9420286,2022,2022-04-18,3801,2022-02-27,1754,2465,TARAV,7,5,7,3801,0,0,0,,0,3I16D,"BROTHERHOOD WY","ARCH ST",0.00,,Y,A,-,N,,,,,,,,,,N,2,0,1,2,A,-,08,22103,,F,H,A,A,A,H,-,A,A,0,,,Y,,Y,,A,01,1,0,0,0,0,0,0,0,1,"- ","- ",,,"SAN FRANCISCO","SAN FRANCISCO",-122.46707916259766,37.712368011474609
9421204,2022,2022-04-07,3801,2022-02-16,0829,2202,INGLE,3,5,7,3801,0,0,0,,0,3H13A,"ONONDAGA AV","WANDA ST",24.00,S,N,A,-,N,,,,,,,,,,Y,4,0,2,3,A,-,09,21802,A,N,D,C,A,A,H,-,A,A,0,,,,,Y,Y,A,01,0,0,2,0,0,0,0,0,0,"- ","- ",,,"SAN FRANCISCO","SAN FRANCISCO",-122.44047546386719,37.72235107421875
9421313,2022,2022-03-25,3801,2022-02-01,1855,893,INGLE,2,5,7,3801,0,0,0,,0,3H13D,"CRESCENT AV","ALEMANY BL",0.00,,Y,A,-,N,,,,,,,,,,N,3,0,1,2,A,-,09,21453,B,F,D,J,A,A,H,-,C,A,0,,,,,Y,,A,07,0,1,0,0,0,0,0,0,0,"- ","- ",,,"SAN FRANCISCO","SAN FRANCISCO",-122.41170501708984,37.734554290771484
9421315,2022,2022-03-25,3801,2022-02-01,1915,1642,INGLE,2,5,7,3801,0,0,0,,0,3H15D,"ALEMANY BL","MOUNT VERNON AV",0.00,,Y,A,-,N,,,,,,,,,,Y,4,0,1,2,A,-,08,22107,,N,D,C,A,A,H,-,C,A,0,,,Y,,Y,,A,01,0,0,1,0,0,0,0,0,1,"- ","- ",,,"SAN FRANCISCO","SAN FRANCISCO",-122.44460296630859,37.716102600097656
9422554,2022,2022-07-21,3801,2022-04-21,1230,4020,MISSI,4,5,7,3801,0,0,0,,0,3D14A,"BAYSHORE AV","INDUSTRIAL AV",0.00,,Y,F,-,N,,,,,,,,,,N,4,0,1,2,A,-,08,22107,,N,-,G,A,-,G,-,-,-,0,,Y,,,Y,,-,"- ",0,0,1,0,0,0,1,0,0,"- ","- ",,,"SAN FRANCISCO","SAN FRANCISCO",-122.40695953369141,37.737998962402344
9422555,2022,2022-06-03,3801,2022-04-21,1120,4132,MISSI,4,5,7,3801,0,0,0,,0,6CAR,"HARRISON ST","16TH ST",0.00,,Y,A,-,N,,,,,,,,,,N,4,0,1,2,A,-,09,21801,A,N,D,G,A,A,H,-,A,A,0,,Y,,,Y,,A,01,0,0,1,0,0,0,1,0,0,"- ","- ",,,"SAN FRANCISCO","SAN FRANCISCO",-122.41314697265625,37.765449523925781
9422560,2022,2022-06-03,3801,2022-04-22,1817,1505,NORTH,5,5,7,3801,0,0,0,,0,3CAR,"GEARY BL","LAGUNA ST",0.00,,Y,A,-,N,,,,,,,,,,Y,4,0,1,2,A,-,00,21461,,N,D,C,A,A,H,-,A,A,0,,,,,Y,,A,01,0,0,1,0,0,0,0,0,0,"- ","- ",,,"SAN FRANCISCO","SAN FRANCISCO",-122.42800140380859,37.785041809082031
9425266,2022,2022-04-19,3801,2022-03-23,1511,890,BAYVI,3,5,7,3801,0,0,0,,0,BAYVIE,"GRIFFITH ST","NAVY RD",116.00,S,N,A,-,N,,,,,,,,,,N,4,0,1,2,A,-,05,21650,,F,B,C,A,A,G,-,A,D,0,,,,,Y,,A,01,0,0,1,0,0,0,0,0,0,"- ","- ",,,"SAN FRANCISCO","SAN FRANCISCO",-122.37876129150391,37.728660583496094
9425269,2022,2022-04-19,3801,2022-03-22,1309,798,NORTH,2,5,7,3801,0,0,0,,0,3E4C,"OCTAVIA ST","PACIFIC AV",15.00,S,N,A,-,N,,,,,,,,,,N,2,0,2,3,A,-,10,21950,,N,G,B,B,A,H,-,A,A,0,Y,,,,Y,,A,01,1,1,0,0,2,0,0,0,0,"- ","- ",,,"SAN FRANCISCO","SAN FRANCISCO",-122.42813873291016,37.794147491455078
9425275,2022,2022-04-20,3801,2022-03-13,0356,1308,SOUTH,7,5,7,3801,0,0,0,,0,3B15E,"2ND ST","CLEMENTINA ST",0.00,,Y,C,-,N,,,,,,,,,,N,3,0,1,2,A,-,09,21801,A,F,D,C,-,B,H,-,C,D,0,Y,,,,Y,,A,01,0,1,0,0,1,0,0,0,0,"- ","- ",,,"SAN FRANCISCO","SAN FRANCISCO",-122.39724731445312,37.785995483398438
9425277,2022,2022-04-19,3801,2022-03-06,2052,158,INGLE,7,5,7,3801,0,0,0,,0,3H15D,"GENEVA AV","SAN JOSE AV",0.00,,Y,A,-,N,,,,,,,,,,N,3,0,1,2,A,-,10,21950,A,N,G,B,B,A,H,-,C,A,0,Y,,,,Y,,A,01,0,1,0,0,1,0,0,0,0,"- ","- ",,,"SAN FRANCISCO","SAN FRANCISCO",-122.44663238525391,37.720729827880859
9425287,2022,2022-04-19,3801,2022-03-10,1526,1057,NORTH,4,5,7,3801,0,0,0,,0,3E13D,"POST ST","DIVISADERO ST",0.00,,Y,A,-,N,,,,,,,,,,N,4,0,1,2,A,-,09,21801,A,N,-,G,A,-,H,-,A,A,0,,Y,,,Y,,A,07,0,0,1,0,0,0,1,0,0,"- ","- ",,,"SAN FRANCISCO","SAN FRANCISCO",-122.43967437744141,37.784313201904297
9425288,2022,2022-06-20,3801,2022-03-10,0924,504,NORTH,4,5,7,3801,0,0,0,,0,3E15A,"LOMBARD ST","OCTAVIA ST",0.00,,Y,A,-,N,,,,,,,,,,Y,4,0,1,2,A,-,08,22107,,N,C,C,A,A,H,-,A,A,0,,,,,Y,,A,01,0,0,1,0,0,0,0,0,0,"- ","- ",,,"SAN FRANCISCO","SAN FRANCISCO",-122.42947387695312,37.800693511962891
9425295,2022,2022-04-19,3801,2022-03-12,0757,1185,BAYVI,6,5,7,3801,0,0,0,,0,3C15A,"AUGUSTA ST","ELMIRA ST",0.00,,Y,A,-,N,,,,,,,,,,N,4,0,1,2,A,-,09,21800,A,N,D,C,A,A,H,-,A,A,0,,,,,Y,,A,01,0,0,1,0,0,0,0,0,0,"- ","- ",,,"SAN FRANCISCO","SAN FRANCISCO",-122.40357971191406,37.734409332275391
9425297,2022,2022-06-27,3801,2022-03-11,2304,2130,TENDE,5,5,7,3801,0,0,0,,0,3J15E,"LEAVENWORTH ST","EDDY ST",94.00,S,N,A,-,N,,,,,,,,,,N,3,0,1,2,A,-,11,21955,,N,C,B,D,A,H,-,C,D,0,Y,,,,Y,,N,60,0,1,0,0,1,0,0,0,0,"- ","- ",,,"SAN FRANCISCO","SAN FRANCISCO",-122.4141845703125,37.783473968505859
9425306,2022,2022-04-19,3801,2022-03-27,0002,1472,PARK,7,5,7,3801,0,0,0,,0,003,"MASONIC AV","FELL ST",0.00,,Y,A,-,N,,,,,,,,,,Y,4,0,5,2,A,-,12,21453,A,N,D,C,A,A,H,-,C,A,0,,,,,Y,,A,01,0,0,5,0,0,0,0,0,0,"- ","- ",,,"SAN FRANCISCO","SAN FRANCISCO",-122.44591522216797,37.772983551025391
9425309,2022,2022-04-19,3801,2022-03-24,2225,367,CENTR,4,5,7,3801,0,0,0,,0,3A13E,"TAYLOR ST","BAY ST",0.00,,Y,A,-,N,,,,,,,,,,Y,3,0,2,1,A,-,03,22350,,F,E,-,A,A,H,-,C,A,0,,,,,Y,,A,01,0,1,1,0,0,0,0,0,0,"- ","- ",,,"SAN FRANCISCO","SAN FRANCISCO",-122.41525268554688,37.805408477783203
9425310,2022,2022-04-19,3801,2022-03-27,1536,2727,TARAV,7,5,7,3801,0,0,0,,0,3I16D,"ALEMANY BL","BROTHERHOOD WY",0.00,,Y,B,-,N,,,,,,,,,,Y,4,0,1,2,A,-,12,21453,A,F,D,C,A,A,H,-,A,A,0,,,,,Y,,A,01,0,0,1,0,0,0,0,0,0,"- ","- ",,,"SAN FRANCISCO","SAN FRANCISCO",-122.46389770507812,37.711612701416016
9425322,2022,2022-05-09,3801,2022-02-27,1413,1994,,7,5,7,3801,0,0,0,,0,4B3G,"IRVING ST","8TH ST",113.00,W,N,A,-,N,,,,,,,,,,Y,2,0,8,9,A,-,21,22106,,N,G,B,F,A,H,-,A,D,0,Y,,,,Y,,A,01,1,3,4,0,6,0,0,0,0,"- ","- ",,,"SAN FRANCISCO","SAN FRANCISCO",-122.46563720703125,37.764072418212891
9425324,2022,2022-04-11,3801,2022-02-18,1754,2237,SOUTH,5,5,7,3801,0,0,0,,0,00B,"FOLSOM ST","FREMONT ST",0.00,,Y,A,-,N,,,,,,,,,,N,4,0,1,2,A,-,08,22102,,N,C,C,A,A,H,-,C,A,0,,,,,Y,,-,,0,0,1,0,0,0,0,0,0,"- ","- ",,,"SAN FRANCISCO","SAN FRANCISCO",-122.39360046386719,37.788002014160156
9427333,2022,2022-04-19,3801,2022-03-05,2212,1750,NORTH,6,5,7,3801,0,0,0,,0,0E1,"FRANKLIN ST","FELL ST",0.00,,Y,A,-,N,,,,,,,,,,N,3,0,1,2,A,-,11,21453,D,N,G,B,B,A,H,-,C,A,0,Y,,,,Y,,N,60,0,1,0,0,1,0,0,0,0,"- ","- ",,,"SAN FRANCISCO","SAN FRANCISCO",-122.421142578125,37.776157379150391
9427349,2022,2022-04-20,3801,2022-03-03,1436,2376,SOUTH,4,5,7,3801,0,0,0,,0,0B2,"BRANNAN ST","5TH ST",43.00,E,N,A,-,N,,,,,,,,,,Y,2,0,3,5,A,-,03,22350,,N,C,C,A,D,H,-,A,D,0,,,,,Y,,-,"- ",2,0,1,0,0,0,0,0,0,"- ","- ",,,"SAN FRANCISCO","SAN FRANCISCO",-122.39865112304688,37.776653289794922
9427353,2022,2022-04-20,3801,2022-03-01,2003,1505,SOUTH,2,5,7,3801,0,0,0,,0,0B2,"HARRISON ST","3RD AV",0.00,,Y,A,-,N,,,,,,,,,,N,3,0,1,2,A,-,11,21456,A,N,G,B,B,A,H,-,C,A,0,Y,,,,Y,Y,A,01,0,1,0,0,1,0,0,0,0,"- ","- ",,,"SAN FRANCISCO","SAN FRANCISCO",-122.39739227294922,37.782550811767578
9427355,2022,2022-04-20,3801,2022-03-01,2117,2707,TARAV,2,5,7,3801,0,0,0,,0,5CAR,"CHUMASERO DR","GALINDO AV",0.00,,Y,A,-,N,,,,,,,,,,N,4,0,1,2,A,-,08,22107,,F,D,C,A,A,H,-,C,D,0,,,,,Y,Y,-,"- ",0,0,1,0,0,0,0,0,0,"- ","- ",,,"SAN FRANCISCO","SAN FRANCISCO",-122.47319793701172,37.713970184326172
9427381,2022,2022-04-21,3801,2022-03-01,1020,1420,INGLE,2,5,7,3801,0,0,0,,0,3H15A,"PERSIA AV","PARIS ST",0.00,,Y,A,-,N,,,,,,,,,,N,4,0,1,2,A,-,17,22517,,N,B,E,A,A,H,-,A,A,0,,,,,Y,,-,,0,0,1,0,0,0,0,0,0,"- ","- ",,,"SAN FRANCISCO","SAN FRANCISCO",-122.43437957763672,37.722393035888672
9427850,2022,2022-04-13,3801,2022-02-24,1026,1017,NORTH,4,5,7,3801,0,0,0,,0,3E12E,"SCOTT ST","FULTON ST",0.00,,Y,A,-,N,,,,,,,,,,Y,4,0,2,2,A,-,09,21804,A,N,D,C,A,A,H,-,A,A,0,,,,,Y,,A,08,0,0,2,0,0,0,0,0,0,"- ","- ",,,"SAN FRANCISCO","SAN FRANCISCO",-122.43650817871094,37.777069091796875
9427854,2022,2022-04-13,3801,2022-02-23,0940,1872,MISSI,3,5,7,3801,0,0,0,,0,,"23RD ST","HARRISON ST",0.00,,Y,A,-,N,,,,,,,,,,N,4,0,1,2,A,-,12,22450,,N,D,G,A,A,H,-,A,D,0,,Y,,,Y,,L,04,0,0,1,0,0,0,1,0,0,"- ","- ",,,"SAN FRANCISCO","SAN FRANCISCO",-122.41210174560547,37.754245758056641
9427857,2022,2022-04-13,3801,2022-02-25,1425,1460,SOUTH,5,5,7,3801,0,0,0,,0,3B5C,"HOWARD ST","8TH ST",143.00,E,N,A,-,N,,,,,,,,,,N,3,0,1,2,A,-,11,21955,,N,G,B,D,A,H,-,A,D,0,Y,,,,Y,,N,60,0,1,0,0,1,0,0,0,0,"- ","- ",,,"SAN FRANCISCO","SAN FRANCISCO",-122.41123199462891,37.776500701904297
9427858,2022,2022-04-13,3801,2022-02-24,0818,2466,RICHM,4,5,7,3801,0,0,0,,0,004,"BALBOA ST","20TH AV",0.00,,Y,A,-,N,,,,,,,,,,Y,4,0,1,2,A,-,09,21802,A,N,D,C,A,A,H,-,A,A,0,,,,,Y,,A,01,0,0,1,0,0,0,0,0,0,"- ","- ",,,"SAN FRANCISCO","SAN FRANCISCO",-122.4791259765625,37.776538848876953
9427860,2022,2022-04-13,3801,2022-02-25,2029,2718,BAYVI,5,5,7,3801,0,0,0,,0,3CI1D,"BAYSHORE BL","INDUSTRIAL ST",0.00,,Y,A,-,N,,,,,,,,,,Y,4,0,2,2,A,-,01,23153,A,F,D,C,A,A,H,-,C,A,0,,,,,Y,Y,-,"- ",0,0,2,0,0,0,0,0,0,"- ","- ",,,"SAN FRANCISCO","SAN FRANCISCO",-122.40695953369141,37.737998962402344
9427880,2022,2022-04-13,3801,2022-02-13,2100,969,MISSI,7,5,7,3801,0,0,0,,0,3D11D,"MARKET ST","NOE ST",0.00,,Y,A,-,N,,,,,,,,,,Y,2,0,1,2,A,-,09,21801,A,N,D,C,A,A,H,-,C,A,0,,,Y,,Y,,A,01,1,0,0,0,0,0,0,0,1,"- ","- ",,,"SAN FRANCISCO","SAN FRANCISCO",-122.43313598632812,37.764244079589844
9427939,2022,2022-04-13,3801,2022-02-27,1740,2705,BAYVI,7,5,7,3801,0,0,0,,0,3C13D,"JERROLD AV","DORMITORY RD",0.00,,Y,A,-,N,,,,,,,,,,Y,2,0,1,2,A,-,07,21658,A,N,C,C,A,A,H,-,A,D,0,,,Y,,Y,Y,C,03,1,0,0,0,0,0,0,0,1,"- ","- ",,,"SAN FRANCISCO","SAN FRANCISCO",-122.37429809570312,37.730224609375
9428585,2022,2022-04-22,3801,2022-03-30,1215,4132,MISSI,3,5,7,3801,0,0,0,,0,3-CAR,"VALENCIA ST","21ST ST",0.00,,Y,A,-,N,,,,,,,,,,N,2,0,1,2,A,-,08,22107,,F,D,C,A,A,H,-,A,A,0,,,Y,,Y,,A,01,1,0,0,0,0,0,0,0,1,"- ","- ",,,"SAN FRANCISCO","SAN FRANCISCO",-122.42109680175781,37.756908416748047
9429812,2022,2022-05-12,3801,2022-03-07,1749,2008,MISSI,1,5,7,3801,0,0,0,,0,3D15D,"20TH ST","CHURCH ST",48.00,E,N,-,-,N,,,,,,,,,,Y,3,0,2,7,A,-,08,22107,,F,G,E,-,A,H,-,A,D,0,Y,,,Y,Y,,F,26,0,1,1,0,2,0,0,0,0,"- ","- ",,,"SAN FRANCISCO","SAN FRANCISCO",-122.42788696289062,37.758071899414062
9429817,2022,2022-04-20,3801,2022-03-12,2024,1542,INGLE,6,5,7,3801,0,0,0,,0,2024,"ALEMANY BL","CONGDON AV",0.00,,Y,B,-,N,,,,,,,,,,Y,2,0,1,2,A,-,12,21453,A,N,D,C,A,A,H,-,C,A,0,,,Y,,Y,,C,03,1,0,0,0,0,0,0,0,1,"- ","- ",,,"SAN FRANCISCO","SAN FRANCISCO",-122.42619323730469,37.731166839599609
9430874,2022,2022-04-21,3801,2022-03-24,1930,4046,INGLE,4,5,7,3801,0,0,0,,0,3H13D,"MONTEREY BL","GENNESSEE ST",0.00,,Y,A,-,N,,,,,,,,,,N,3,0,1,2,A,-,10,21950,A,N,G,B,B,A,H,-,B,A,0,Y,,,,Y,,D,22,0,1,0,0,1,0,0,0,0,"- ","- ",,,"SAN FRANCISCO","SAN FRANCISCO",-122.45112609863281,37.731536865234375
9431367,2022,2022-04-21,3801,2022-03-04,1820,203,MISSI,5,5,7,3801,0,0,0,,0,,"GUERRERO ST","20TH ST",213.00,N,N,B,G,N,,,,,,,,,,N,3,0,1,2,A,-,11,21950,B,N,B,B,E,A,H,-,C,D,0,Y,,,,Y,,N,60,0,1,0,0,1,0,0,0,0,"- ","- ",,,"SAN FRANCISCO","SAN FRANCISCO",-122.42351531982422,37.758945465087891
9431370,2022,2022-04-18,3801,2022-02-23,0850,2469,BAYVI,3,5,7,3801,0,0,0,,0,3C13A,"YORK ST","25TH ST",0.00,,Y,-,-,N,,,,,,,,,,N,4,0,1,2,A,-,07,21658,A,M,B,C,A,A,-,-,A,-,0,,,,,Y,,D,22,0,0,1,0,0,0,0,0,0,"- ","- ",,,"SAN FRANCISCO","SAN FRANCISCO",-122.4080810546875,37.751247406005859