CASE_ID,ACCIDENT_YEAR,PROC_DATE,JURIS,COLLISION_DATE,COLLISION_TIME,OFFICER_ID,REPORTING_DISTRICT,DAY_OF_WEEK,CHP_SHIFT,POPULATION,CNTY_CITY_LOC,SPECIAL_COND,BEAT_TYPE,CHP_BEAT_TYPE,CITY_DIVISION_LAPD,CHP_BEAT_CLASS,BEAT_NUMBER,PRIMARY_RD,SECONDARY_RD,DISTANCE,DIRECTION,INTERSECTION,WEATHER_1,WEATHER_2,STATE_HWY_IND,CALTRANS_COUNTY,CALTRANS_DISTRICT,STATE_ROUTE,ROUTE_SUFFIX,POSTMILE_PREFIX,POSTMILE,LOCATION_TYPE,RAMP_INTERSECTION,SIDE_OF_HWY,TOW_AWAY,COLLISION_SEVERITY,NUMBER_KILLED,NUMBER_INJURED,PARTY_COUNT,PRIMARY_COLL_FACTOR,PCF_CODE_OF_VIOL,PCF_VIOL_CATEGORY,PCF_VIOLATION,PCF_VIOL_SUBSECTION,HIT_AND_RUN,TYPE_OF_COLLISION,MVIW,PED_ACTION,ROAD_SURFACE,ROAD_COND_1,ROAD_COND_2,LIGHTING,CONTROL_DEVICE,CHP_ROAD_TYPE,PEDESTRIAN_ACCIDENT,BICYCLE_ACCIDENT,MOTORCYCLE_ACCIDENT,TRUCK_ACCIDENT,NOT_PRIVATE_PROPERTY,ALCOHOL_INVOLVED,STWD_VEHTYPE_AT_FAULT,CHP_VEHTYPE_AT_FAULT,COUNT_SEVERE_INJ,COUNT_VISIBLE_INJ,COUNT_COMPLAINT_PAIN,COUNT_PED_KILLED,COUNT_PED_INJURED,COUNT_BICYCLIST_KILLED,COUNT_BICYCLIST_INJURED,COUNT_MC_KILLED,COUNT_MC_INJURED,PRIMARY_RAMP,SECONDARY_RAMP,LATITUDE,LONGITUDE,COUNTY,CITY,POINT_X,POINT_Y
9431503,2022,2022-04-18,3801,2022-02-24,0649,1938,NORTH,4,5,7,3801,0,0,0,,0,3CAR,"TURK ST","GOUGH ST",0.00,,Y,A,-,N,,,,,,,,,,N,3,0,1,3,A,-,17,21235,G,N,B,C,A,A,H,-,A,D,0,,,Y,,Y,,C,03,0,1,0,0,0,0,0,0,0,"- ","- ",,,"SAN FRANCISCO","SAN FRANCISCO",-122.42391967773438,37.781532287597656
9431506,2022,2022-04-18,3801,2022-02-25,1608,2093,NORTH,5,5,7,3801,0,0,0,,0,3E13D,"EDDY ST","VAN NESS AV",0.00,,Y,A,-,N,,,,,,,,,,N,4,0,1,2,A,-,05,21460,A,N,D,J,A,A,H,-,A,A,0,,,Y,,Y,,A,01,0,0,1,0,0,0,0,0,1,"- ","- ",,,"SAN FRANCISCO","SAN FRANCISCO",-122.42076110839844,37.782890319824219
9431511,2022,2022-04-18,3801,2022-02-25,1327,676,TENDE,5,5,7,3801,0,0,0,,0,3J96C,"MARKET ST","MCALLISTER ST",30.00,E,N,A,-,N,,,,,,,,,,N,3,0,1,1,A,-,08,22107,,N,H,G,A,A,H,-,A,D,0,,Y,,,Y,,L,04,0,1,0,0,0,0,1,0,0,"- ","- ",,,"SAN FRANCISCO","SAN FRANCISCO",-122.41156768798828,37.781238555908203
9431566,2022,2022-04-15,3801,2022-03-04,1455,1237,CENTR,5,5,7,3801,0,0,0,,0,3S46C,"POWELL ST","POST ST",195.00,S,N,B,-,N,,,,,,,,,,N,3,0,1,2,A,-,05,21651,B,N,A,E,A,A,G,-,A,D,0,,,,,Y,,M,94,0,1,0,0,0,0,0,0,0,"- ","- ",,,"SAN FRANCISCO","SAN FRANCISCO",-122.40828704833984,37.787761688232422
9431568,2022,2022-04-15,3801,2022-03-03,1937,1696,NORTH,4,5,7,3801,0,0,0,,0,3E12D,"DIVISADERO ST","FELL ST",25.00,S,N,A,-,N,,,,,,,,,,N,4,0,2,4,A,-,03,22350,,N,C,C,A,B,H,-,C,A,0,,,,,Y,,A,01,0,0,2,0,0,0,0,0,0,"- ","- ",,,"SAN FRANCISCO","SAN FRANCISCO",-122.43758392333984,37.773990631103516
9431570,2022,2022-04-15,3801,2022-03-04,1507,801,SOUTH,5,5,7,3801,0,0,0,,0,0B1,"HOWARD ST","2ND ST",20.00,N,N,A,-,N,,,,,,,,,,N,4,0,1,2,A,-,08,22101,D,N,D,C,A,A,H,-,A,A,0,,,,,Y,,A,08,0,0,1,0,0,0,0,0,0,"- ","- ",,,"SAN FRANCISCO","SAN FRANCISCO",-122.39820098876953,37.786827087402344
9431572,2022,2022-04-15,3801,2022-03-01,0900,310,SOUTH,2,5,7,3801,0,0,0,,0,3B5C,"SHERMAN ST","HARRISON ST",0.00,,Y,A,-,N,,,,,,,,,,N,3,0,1,2,A,-,12,22450,A,N,D,G,A,A,H,-,A,A,0,,Y,,,Y,Y,A,01,0,1,0,0,0,0,1,0,0,"- ","- ",,,"SAN FRANCISCO","SAN FRANCISCO",-122.40547180175781,37.776203155517578
9431574,2022,2022-04-15,3801,2022-03-28,2023,2733,SOUTH,1,5,7,3801,0,0,0,,0,0B4,"MISSION ST","9TH ST",0.00,,Y,A,-,N,,,,,,,,,,N,3,0,1,2,A,-,11,21453,D,N,G,B,B,A,H,-,C,A,0,Y,,,,Y,,N,60,0,1,0,0,1,0,0,0,0,"- ","- ",,,"SAN FRANCISCO","SAN FRANCISCO",-122.41471862792969,37.776241302490234
9431575,2022,2022-04-15,3801,2022-03-28,2315,1871,INGLE,1,5,7,3801,0,0,0,,0,901,"VISTACION AV","MANSELL ST",558.00,S,N,A,-,N,,,,,,,,,,Y,4,0,1,2,A,-,05,21650,,F,E,I,A,A,H,-,D,D,0,,,,,Y,,A,01,0,0,1,0,0,0,0,0,0,"- ","- ",,,"SAN FRANCISCO","SAN FRANCISCO",-122.41177368164062,37.717197418212891
9431580,2022,2022-06-22,3801,2022-03-29,2330,1350,BAYVI,2,5,7,3801,0,0,0,,0,3C15E,"SILLIMAN ST","SOMERSET ST",0.00,,Y,A,-,N,,,,,,,,,,N,4,0,1,2,A,-,10,21950,A,N,G,B,B,A,H,-,C,A,0,Y,,Y,,Y,,C,06,0,0,1,0,1,0,0,0,0,"- ","- ",,,"SAN FRANCISCO","SAN FRANCISCO",-122.40904998779297,37.730213165283203
9431589,2022,2022-04-19,3801,2022-03-09,1600,426,NORTH,3,5,7,3801,0,0,0,,0,3E3D,"GOUGH ST","POST ST",60.00,N,N,A,-,N,,,,,,,,,,Y,4,0,1,3,A,-,08,22107,,F,B,C,A,A,H,-,A,D,0,,,,,Y,,A,01,0,0,1,0,0,0,0,0,0,"- ","- ",,,"SAN FRANCISCO","SAN FRANCISCO",-122.42487335205078,37.786354064941406
9431591,2022,2022-04-18,3801,2022-03-08,1728,2359,TENDE,2,5,7,3801,0,0,0,,0,0J4,"MCALLISTER ST","CHARLES J BRENHAM PL",18.00,E,N,A,-,N,,,,,,,,,,N,3,0,1,2,A,-,00,38300,,N,A,G,A,A,H,-,A,A,0,,Y,,,Y,,A,01,0,1,0,0,0,0,1,0,0,"- ","- ",,,"SAN FRANCISCO","SAN FRANCISCO",-122.41302490234375,37.781009674072266
9431598,2022,2022-04-19,3801,2022-03-03,2048,245,BAYVI,4,5,7,3801,0,0,0,,0,2CAR,"BAY SHORE BL","JERROLD AV",0.00,,Y,C,-,N,,,,,,,,,,Y,4,0,1,2,A,-,03,22350,,N,A,C,A,B,H,-,C,D,0,,,,,Y,,A,01,0,0,1,0,0,0,0,0,0,"- ","- ",,,"SAN FRANCISCO","SAN FRANCISCO",-122.40361785888672,37.747386932373047
9432293,2022,2022-06-18,3801,2022-05-29,1420,837,CENTR,7,5,7,3801,0,0,0,,0,3A3C,"JEFFERSON ST","MASON ST",88.00,W,N,A,-,N,,,,,,,,,,N,3,0,1,2,A,-,08,22107,,F,B,D,A,A,H,-,A,D,0,,,Y,,Y,,C,03,0,1,0,0,0,0,0,0,1,"- ","- ",,,"SAN FRANCISCO","SAN FRANCISCO",-122.41447448730469,37.808368682861328
9433116,2022,2022-08-05,3801,2022-07-02,1312,2328,BAYVI,6,5,7,3801,0,0,0,,0,3C12C,"NEWHALL ST","KIRKWOOD AV",73.00,N,N,A,-,N,,,,,,,,,,Y,3,0,1,6,A,-,03,22350,,N,A,C,A,A,H,-,A,D,0,,,,,Y,,A,01,0,1,0,0,0,0,0,0,0,"- ","- ",,,"SAN FRANCISCO","SAN FRANCISCO",-122.38982391357422,37.738315582275391
9433189,2022,2022-08-05,3801,2022-07-12,1754,2268,INGLE,2,5,7,3801,0,0,0,,0,3H13D,"VAN DYKE AV","LANE ST",264.00,E,N,A,-,N,,,,,,,,,,N,4,0,1,2,A,-,06,21751,,N,C,C,A,A,H,-,A,D,0,,,,,Y,,J,48,0,0,1,0,0,0,0,0,0,"- ","- ",,,"SAN FRANCISCO","SAN FRANCISCO",-122.39168548583984,37.728717803955078
9433281,2022,2022-09-27,3801,2022-08-01,2052,4084,TRAFF,1,5,7,3801,0,0,0,,0,COA,"STOCKTON ST","SUTTER ST",0.00,,Y,B,-,N,,,,,,,,,,N,3,0,1,2,A,-,12,21453,A,N,D,G,A,A,H,-,C,A,0,,Y,,,Y,Y,L,04,0,1,0,0,0,0,1,0,0,"- ","- ",,,"SAN FRANCISCO","SAN FRANCISCO",-122.40693664550781,37.789417266845703
9433349,2022,2022-09-26,3801,2022-04-03,1241,4124,INGLE,7,5,7,3801,0,0,0,,0,3H5D,"GENEVA AV","MISSION ST",0.00,,Y,A,-,N,,,,,,,,,,Y,4,0,2,2,A,-,09,21806,A,N,D,C,A,A,H,-,A,A,0,,,,,Y,,A,08,0,0,2,0,0,0,0,0,0,"- ","- ",,,"SAN FRANCISCO","SAN FRANCISCO",-122.44100189208984,37.716388702392578
9433687,2022,2022-10-20,3801,2022-09-15,1851,4201,NORTH,4,5,7,3801,0,0,0,,0,3E12D,"VAN NESS AV","ELLIS ST",0.00,,Y,A,-,Y,SF,4,101,-,-,5.480,I,5,N,N,3,0,1,2,A,-,09,21806,A,N,D,C,A,A,H,-,A,A,0,,,Y,,Y,,C,02,0,1,0,0,0,0,0,0,1,"- ","- ",,,"SAN FRANCISCO","SAN FRANCISCO",-122.42095184326172,37.783843994140625
9434243,2022,2022-04-18,3801,2022-03-18,2020,2017,MISSI,5,5,7,3801,0,0,0,,0,3D11D,"18TH ST","DOLORES ST",0.00,,Y,A,-,N,,,,,,,,,,N,2,0,1,1,A,-,03,22350,A,N,-,I,A,A,H,-,C,A,0,,,,,Y,,M,94,1,0,0,0,0,0,0,0,0,"- ","- ",,,"SAN FRANCISCO","SAN FRANCISCO",-122.42615509033203,37.761444091796875
9434247,2022,2022-05-10,3801,2022-03-18,1830,141,INGLE,5,5,7,3801,0,0,0,,0,3H90,"MISSION ST","MISSION ST 4753",0.00,,-,A,-,N,,,,,,,,,,N,4,0,2,3,A,-,03,22350,,F,C,-,A,A,H,-,A,D,0,,,,,Y,,-,,0,0,2,0,0,0,0,0,0,"- ","- ",,,"SAN FRANCISCO","SAN FRANCISCO",-122.41979217529297,37.7705078125
9434251,2022,2022-04-19,3801,2022-03-18,0220,2149,NORTH,5,5,7,3801,0,0,0,,0,3E15E,"POLK ST","PINE ST",0.00,,Y,A,-,N,,,,,,,,,,Y,4,0,1,2,A,-,05,21460,A,F,A,C,A,A,H,-,C,A,0,,,,,Y,,A,01,0,0,1,0,0,0,0,0,0,"- ","- ",,,"SAN FRANCISCO","SAN FRANCISCO",-122.42050170898438,37.789642333984375
9434253,2022,2022-05-09,3801,2022-03-03,0730,2376,SOUTH,4,5,7,3801,0,0,0,,0,3B15A,"16TH ST","4TH ST",0.00,,Y,A,-,N,,,,,,,,,,N,2,0,1,2,A,-,08,22107,,N,D,-,A,A,H,-,A,A,0,,Y,,,Y,,A,01,1,0,0,0,0,0,1,0,0,"- ","- ",,,"SAN FRANCISCO","SAN FRANCISCO",-122.39083099365234,37.766845703125
9434258,2022,2022-04-18,3801,2022-03-15,1240,2718,BAYVI,2,5,7,3801,0,0,0,,0,3C11D,"VALENCIA ST","19TH ST",0.00,,Y,A,-,N,,,,,,,,,,N,3,0,1,2,A,-,21,22106,,N,D,G,A,A,H,-,A,D,0,,Y,,,Y,,A,01,0,1,0,0,0,0,1,0,0,"- ","- ",,,"SAN FRANCISCO","SAN FRANCISCO",-122.42140197753906,37.760112762451172
9434285,2022,2022-04-19,3801,2022-03-22,0813,4286,RICHM,2,5,7,3801,0,0,0,,0,0G4,"CALIFORNIA ST","22ND AV",5.00,E,N,A,-,N,,,,,,,,,,N,3,0,1,2,A,-,10,21950,A,N,B,B,B,A,H,-,A,A,0,Y,,,,Y,,A,07,0,1,0,0,1,0,0,0,0,"- ","- ",,,"SAN FRANCISCO","SAN FRANCISCO",-122.48178100585938,37.784019470214844
9434289,2022,2022-04-19,3801,2022-03-23,0930,2402,TARAV,3,5,7,3801,0,0,0,,0,3I11A,"19TH AV","KIRKHAM ST",133.00,N,N,B,-,N,,,,,,,,,,Y,4,0,1,2,A,-,08,22107,,N,B,C,A,A,H,-,A,A,0,,,,,Y,,A,01,0,0,1,0,0,0,0,0,0,"- ","- ",,,"SAN FRANCISCO","SAN FRANCISCO",-122.47686767578125,37.76019287109375
9434290,2022,2022-04-19,3801,2022-03-24,0810,1418,TARAV,4,5,7,3801,0,0,0,,0,03I,"QUINTARA ST","18TH AV",0.00,,Y,B,-,N,,,,,,,,,,Y,4,0,1,2,A,-,12,22450,A,N,D,C,A,A,H,-,A,A,0,,,,,Y,,A,01,0,0,1,0,0,0,0,0,0,"- ","- ",,,"SAN FRANCISCO","SAN FRANCISCO",-122.47499847412109,37.748691558837891
9434295,2022,2022-04-19,3801,2022-03-17,1440,2089,TARAV,4,5,7,3801,0,0,0,,0,COI6C,"OCEAN AV","LEE AV",0.00,,Y,A,-,N,,,,,,,,,,N,4,0,1,2,A,-,11,21955,,N,G,B,D,A,H,-,A,A,0,Y,,,,Y,,N,60,0,0,1,0,1,0,0,0,0,"- ","- ",,,"SAN FRANCISCO","SAN FRANCISCO",-122.4541015625,37.723491668701172
9434300,2022,2022-10-31,3801,2022-03-21,2330,4103,MISSI,1,5,7,3801,0,0,0,,0,3D14E,"CESAR CHAVEZ BL","FOLSOM ST",0.00,,Y,A,-,N,,,,,,,,,,Y,4,0,2,2,A,-,09,21801,A,N,D,C,A,A,H,-,C,A,0,,,,,Y,,A,07,0,0,2,0,0,0,0,0,0,"- ","- ",,,"SAN FRANCISCO","SAN FRANCISCO",-122.41368103027344,37.748313903808594
9435242,2022,2022-04-28,3801,2022-03-10,1710,1238,MISSI,4,5,7,3801,0,0,0,,0,,"16TH ST","ALBION ST",0.00,,Y,A,-,N,,,,,,,,,,N,4,0,1,2,A,-,09,21801,,N,D,G,A,A,H,-,A,-,0,,Y,,,Y,,A,01,0,0,1,0,0,0,1,0,0,"- ","- ",,,"SAN FRANCISCO","SAN FRANCISCO",-122.423095703125,37.764835357666016
9435249,2022,2022-04-29,3801,2022-03-09,1706,2008,MISSI,3,5,7,3801,0,0,0,,0,3D15D,"17TH ST","HOFF ST",35.00,W,N,A,-,N,,,,,,,,,,Y,4,0,1,2,A,-,02,22400,A,N,C,C,A,A,H,-,A,D,0,,,,,Y,,A,01,0,0,1,0,0,0,0,0,0,"- ","- ",,,"SAN FRANCISCO","SAN FRANCISCO",-122.42053985595703,37.763362884521484
9435252,2022,2022-04-29,3801,2022-03-13,1724,1033,TENDE,7,5,7,3801,0,0,0,,0,3J15D,"OFARRELL ST","HYDE ST",20.00,E,N,A,-,N,,,,,,,,,,N,4,0,1,1,C,-,18,,,N,H,J,A,A,A,-,A,D,0,,Y,,,Y,,-,"- ",0,0,1,0,0,0,1,0,0,"- ","- ",,,"SAN FRANCISCO","SAN FRANCISCO",-122.41619110107422,37.785400390625
9437130,2022,2022-05-12,3801,2022-03-31,2040,1148,MISSI,4,5,7,3801,0,0,0,,0,3D15D,"LIBERTY ST","CHURCH ST",188.00,E,N,A,-,N,,,,,,,,,,Y,4,0,1,5,A,-,21,22106,,N,H,C,A,A,H,-,C,D,0,,,,,Y,,A,01,0,0,1,0,0,0,0,0,0,"- ","- ",,,"SAN FRANCISCO","SAN FRANCISCO",-122.42731475830078,37.757343292236328
9437196,2022,2022-05-16,3801,2022-04-15,1740,1442,NORTH,5,5,7,3801,0,0,0,,0,3E12D,"POLK ST","WASHINGTON ST",0.00,N,N,A,-,N,,,,,,,,,,N,4,0,1,2,A,-,03,22350,,F,C,C,A,A,H,-,A,A,0,,,,,Y,,A,01,0,0,1,0,0,0,0,0,0,"- ","- ",,,"SAN FRANCISCO","SAN FRANCISCO",-122.42121887207031,37.793258666992188
9437198,2022,2022-05-16,3801,2022-04-08,2007,2727,TARAV,5,5,7,3801,0,0,0,,0,3I16D,"19TH AV","HOLLOWAY AV",450.00,N,N,A,-,N,,,,,,,,,,Y,3,0,4,3,A,-,03,22350,,N,C,C,A,A,H,-,C,D,0,,,,,Y,,A,01,0,1,3,0,0,0,0,0,0,"- ","- ",,,"SAN FRANCISCO","SAN FRANCISCO",-122.47529602050781,37.722183227539062
9437199,2022,2022-05-19,3801,2022-04-01,2145,1503,SOUTH,5,5,7,3801,0,0,0,,0,3B13E,"MISSION ST","WASHBURN ST",0.00,,Y,A,-,N,,,,,,,,,,Y,4,0,1,3,A,-,03,22350,,F,C,D,A,A,H,-,C,A,0,,,Y,,Y,Y,A,07,0,0,1,0,0,0,0,0,1,"- ","- ",,,"SAN FRANCISCO","SAN FRANCISCO",-122.41513824462891,37.775890350341797
9437201,2022,2022-05-16,3801,2022-04-05,0725,670,INGLE,2,5,7,3801,0,0,0,,0,3H15A,"MISSION ST","FOOTE AV",0.00,,Y,A,-,N,,,,,,,,,,N,4,0,1,3,A,-,08,22107,,N,B,C,A,A,H,-,A,D,0,,,,,Y,,A,01,0,0,1,0,0,0,0,0,0,"- ","- ",,,"SAN FRANCISCO","SAN FRANCISCO",-122.44477081298828,37.712638854980469
9437204,2022,2022-05-25,3801,2022-04-10,2150,1480,MISSI,7,5,7,3801,0,0,0,,0,3D15E,"MISSION ST","SYCAMORE ST",20.00,S,N,-,-,N,,,,,,,,,,N,4,0,1,2,A,-,21,22106,,F,G,B,E,-,-,-,-,D,0,Y,,,,Y,,A,01,0,0,1,0,1,0,0,0,0,"- ","- ",,,"SAN FRANCISCO","SAN FRANCISCO",-122.41945648193359,37.762664794921875
9437208,2022,2022-05-25,3801,2022-04-02,2135,969,MISSI,6,5,7,3801,0,0,0,,0,3D13E,"CAPP ST","22ND ST",0.00,,Y,A,-,N,,,,,,,,,,N,3,0,1,1,A,-,"- ",,,N,E,I,A,A,H,-,C,D,0,,,,,Y,Y,M,94,0,1,0,0,0,0,0,0,0,"- ","- ",,,"SAN FRANCISCO","SAN FRANCISCO",-122.41765594482422,37.755531311035156
9437211,2022,2022-05-16,3801,2022-04-09,1023,1053,TARAV,6,5,7,3801,0,0,0,,0,3I15A,"LINCOLN WY","21ST AV",9.00,W,N,A,-,N,,,,,,,,,,N,2,0,1,2,A,-,10,21950,A,N,G,B,B,A,H,-,A,D,0,Y,,,,Y,,A,01,1,0,0,0,1,0,0,0,0,"- ","- ",,,"SAN FRANCISCO","SAN FRANCISCO",-122.4794921875,37.765357971191406
9437216,2022,2022-05-25,3801,2022-04-14,2005,2107,NORTH,4,5,7,3801,0,0,0,,0,3E12D,"GEARY BL","WEBSTER ST",0.00,,Y,C,-,N,,,,,,,,,,N,3,0,1,2,A,-,12,21453,A,N,D,J,A,B,H,-,C,A,0,,,,,Y,,M,94,0,1,0,0,0,0,0,0,0,"- ","- ",,,"SAN FRANCISCO","SAN FRANCISCO",-122.43130493164062,37.784725189208984
9437221,2022,2022-05-16,3801,2022-04-16,1744,2461,SOUTH,6,5,7,3801,0,0,0,,0,0B1,"THE EMBARCADERO","HARRISON ST",0.00,,Y,A,-,N,,,,,,,,,,N,4,0,1,2,A,-,17,21200,A,N,B,G,A,A,H,-,A,A,0,,Y,,,Y,,L,04,0,0,1,0,0,0,1,0,0,"- ","- ",,,"SAN FRANCISCO","SAN FRANCISCO",-122.38861083984375,37.789497375488281
9437223,2022,2022-05-17,3801,2022-04-15,1526,215,BAYVI,5,5,7,3801,0,0,0,,0,SECTOR,"3RD ST","GILMAN AV",0.00,,Y,A,-,N,,,,,,,,,,N,3,0,2,3,A,-,11,21955,,N,B,B,D,A,H,-,A,A,0,Y,,,,Y,,N,60,0,1,1,0,2,0,0,0,0,"- ","- ",,,"SAN FRANCISCO","SAN FRANCISCO",-122.39556884765625,37.722366333007812
9437224,2022,2022-05-16,3801,2022-04-16,1230,2401,BAYVI,6,5,7,3801,0,0,0,,0,3C13B,"MADDUX AV","QUINT ST",0.00,,Y,A,-,N,,,,,,,,,,N,3,0,1,1,C,-,18,,,N,H,A,A,A,G,-,A,D,0,,Y,,,Y,,-,"- ",0,1,0,0,0,0,1,0,0,"- ","- ",,,"SAN FRANCISCO","SAN FRANCISCO",-122.39820861816406,37.735298156738281
9437228,2022,2022-05-31,3801,2022-04-06,1645,4358,BAYVI,3,5,7,3801,0,0,0,,0,901,"WISCONSIN ST","25TH ST",0.00,,-,A,-,N,,,,,,,,,,Y,4,0,1,2,A,-,03,22350,A,N,C,C,A,A,H,-,A,A,0,,,Y,,Y,Y,C,06,0,0,1,0,0,0,0,0,1,"- ","- ",,,"SAN FRANCISCO","SAN FRANCISCO",-122.39846801757812,37.75213623046875
9437229,2022,2022-05-16,3801,2022-04-09,0855,2713,TARAV,6,5,7,3801,0,0,0,,0,3CAR,"45TH AV","TARAVAL ST",0.00,,Y,A,-,N,,,,,,,,,,Y,3,0,1,2,A,-,12,22450,A,N,D,C,A,A,H,-,A,D,0,,,,,Y,,A,01,0,1,0,0,0,0,0,0,0,"- ","- ",,,"SAN FRANCISCO","SAN FRANCISCO",-122.50354766845703,37.741825103759766
9437231,2022,2022-05-17,3801,2022-04-07,0240,1237,CENTR,4,5,7,3801,0,0,0,,0,3A2E,"LARKIN ST","POST ST",0.00,N,N,A,-,N,,,,,,,,,,N,3,0,1,2,A,-,05,21651,B,F,A,G,A,A,H,-,C,D,0,,Y,,,Y,,L,04,0,1,0,0,0,0,1,0,0,"- ","- ",,,"SAN FRANCISCO","SAN FRANCISCO",-122.41826629638672,37.787040710449219
9437521,2022,2022-05-16,3801,2022-04-24,0818,891,PARK,7,5,7,3801,0,0,0,,0,3F4A,"CASTRO ST","15TH ST",0.00,,Y,A,-,N,,,,,,,,,,Y,4,0,2,2,A,-,03,22350,,N,D,C,A,A,H,-,A,A,0,,,,,Y,,A,01,0,0,2,0,0,0,0,0,0,"- ","- ",,,"SAN FRANCISCO","SAN FRANCISCO",-122.43546295166016,37.765720367431641
9437523,2022,2022-05-16,3801,2022-04-10,1535,2186,NORTH,7,5,7,3801,0,0,0,,0,3E13D,"HAYES ST","WEBSTER ST",0.00,,Y,A,-,N,,,,,,,,,,Y,2,0,1,2,A,-,12,21453,A,N,D,C,A,A,H,-,A,A,0,,,Y,,Y,,C,03,1,0,0,0,0,0,0,0,1,"- ","- ",,,"SAN FRANCISCO","SAN FRANCISCO",-122.42953491210938,37.776042938232422
9437530,2022,2022-05-16,3801,2022-04-25,0816,4124,INGLE,1,5,7,3801,0,0,0,,0,3H15A,"ALEMANY BL","ONONDAGA AV",0.00,,Y,A,-,N,,,,,,,,,,Y,4,0,2,2,A,-,12,21453,A,N,D,C,A,A,H,-,A,A,0,,,,,Y,,A,01,0,0,2,0,0,0,0,0,0,"- ","- ",,,"SAN FRANCISCO","SAN FRANCISCO",-122.43870544433594,37.721645355224609
9437532,2022,2022-05-13,3801,2022-04-22,1202,198,PARK,5,5,7,3801,0,0,0,,0,0F3,"STANYAN ST","OAK ST",0.00,,Y,A,-,N,,,,,,,,,,N,4,0,1,2,A,-,10,21950,A,N,G,B,B,A,H,-,A,A,0,Y,,,,Y,,A,01,0,0,1,0,1,0,0,0,0,"- ","- ",,,"SAN FRANCISCO","SAN FRANCISCO",-122.45395660400391,37.771354675292969
9437534,2022,2022-05-13,3801,2022-04-25,1824,1039,MISS,1,5,7,3801,0,0,0,,0,MISS,"CAPP ST","20TH ST",0.00,,Y,A,-,N,,,,,,,,,,Y,4,0,2,4,A,-,12,22450,A,N,D,C,A,A,H,-,A,D,0,,,,,Y,,A,01,0,0,2,0,0,0,0,0,0,"- ","- ",,,"SAN FRANCISCO","SAN FRANCISCO",-122.41796112060547,37.758682250976562
9437537,2022,2022-05-13,3801,2022-04-20,1849,2725,RICHM,3,5,7,3801,0,0,0,,0,,"LINCOLN WY","18TH AV",20.00,E,N,B,-,N,,,,,,,,,,N,3,0,1,2,A,-,11,21954,A,N,D,B,D,A,H,-,A,D,0,Y,,,,Y,Y,N,60,0,1,0,0,1,0,0,0,0,"- ","- ",,,"SAN FRANCISCO","SAN FRANCISCO",-122.47611999511719,37.765491485595703
9437540,2022,2022-05-13,3801,2022-04-22,1606,2359,TARAV,5,5,7,3801,0,0,0,,0,0I2,"21ST AV","QUINTARA ST",0.00,,Y,A,-,N,,,,,,,,,,Y,4,0,1,2,A,-,09,21800,A,N,D,C,A,A,H,-,A,D,0,,,,,Y,,A,01,0,0,1,0,0,0,0,0,0,"- ","- ",,,"SAN FRANCISCO","SAN FRANCISCO",-122.478271484375,37.748538970947266
9437542,2022,2022-05-13,3801,2022-04-24,0702,2485,CENTR,7,5,7,3801,0,0,0,,0,5CAR,"SANSOME ST","CALIFORNIA ST",43.00,N,N,A,-,N,,,,,,,,,,N,4,0,1,2,A,-,08,22107,,N,B,G,A,A,H,-,A,D,0,,Y,,,Y,,L,04,0,0,1,0,0,0,1,0,0,"- ","- ",,,"SAN FRANCISCO","SAN FRANCISCO",-122.40116119384766,37.793216705322266
9437544,2022,2022-05-13,3801,2022-04-22,1200,724,INGLE,5,5,7,3801,0,0,0,,0,3H13C,"MT VERNON ST","MISSION ST",0.00,,Y,A,-,N,,,,,,,,,,N,4,0,1,2,A,-,10,21950,A,N,G,B,B,A,H,-,A,A,0,Y,,,,Y,Y,A,01,0,0,1,0,1,0,0,0,0,"- ","- ",,,"SAN FRANCISCO","SAN FRANCISCO",-122.44264984130859,37.714607238769531
9437551,2022,2022-06-03,3801,2022-04-12,0730,1540,TARAV,2,5,7,3801,0,0,0,,0,3I13A,"SANTIAGO ST","47TH AV",84.00,E,N,A,-,N,,,,,,,,,,Y,4,0,1,3,A,-,03,22350,,N,-,E,A,A,H,-,A,D,0,,,,,Y,,A,01,0,0,1,0,0,0,0,0,0,"- ","- ",,,"SAN FRANCISCO","SAN FRANCISCO",-122.50556182861328,37.743598937988281
9437553,2022,2022-05-13,3801,2022-04-11,1626,2733,SOUTH,1,5,7,3801,0,0,0,,0,0B1,"MISSION ST","MAIN ST",0.00,,Y,A,-,N,,,,,,,,,,N,3,0,1,2,A,-,10,21950,A,N,G,B,B,A,H,-,A,A,0,Y,,,,Y,,A,01,0,1,0,0,1,0,0,0,0,"- ","- ",,,"SAN FRANCISCO","SAN FRANCISCO",-122.39496612548828,37.791862487792969
9437556,2022,2022-05-13,3801,2022-04-12,0347,2479,NORTH,2,5,7,3801,0,0,0,,0,3E13E,"VAN NESS AV","TURK ST",0.00,,Y,A,-,N,,,,,,,,,,Y,4,0,1,2,A,-,12,21453,A,F,D,C,A,A,H,-,C,A,0,,,,,Y,,A,01,0,0,1,0,0,0,0,0,0,"- ","- ",,,"SAN FRANCISCO","SAN FRANCISCO",-122.42057800292969,37.781936645507812
9437558,2022,2022-05-19,3801,2022-04-13,1159,4022,MISSI,3,5,7,3801,0,0,0,,0,3D95C,"16TH ST","ALABAMA ST",0.00,,Y,A,-,N,,,,,,,,,,Y,4,0,1,3,A,-,09,21804,A,F,D,C,A,A,H,-,A,A,0,,,,,Y,,A,01,0,0,1,0,0,0,0,0,0,"- ","- ",,,"SAN FRANCISCO","SAN FRANCISCO",-122.41239929199219,37.765495300292969