CASE_ID,ACCIDENT_YEAR,PROC_DATE,JURIS,COLLISION_DATE,COLLISION_TIME,OFFICER_ID,REPORTING_DISTRICT,DAY_OF_WEEK,CHP_SHIFT,POPULATION,CNTY_CITY_LOC,SPECIAL_COND,BEAT_TYPE,CHP_BEAT_TYPE,CITY_DIVISION_LAPD,CHP_BEAT_CLASS,BEAT_NUMBER,PRIMARY_RD,SECONDARY_RD,DISTANCE,DIRECTION,INTERSECTION,WEATHER_1,WEATHER_2,STATE_HWY_IND,CALTRANS_COUNTY,CALTRANS_DISTRICT,STATE_ROUTE,ROUTE_SUFFIX,POSTMILE_PREFIX,POSTMILE,LOCATION_TYPE,RAMP_INTERSECTION,SIDE_OF_HWY,TOW_AWAY,COLLISION_SEVERITY,NUMBER_KILLED,NUMBER_INJURED,PARTY_COUNT,PRIMARY_COLL_FACTOR,PCF_CODE_OF_VIOL,PCF_VIOL_CATEGORY,PCF_VIOLATION,PCF_VIOL_SUBSECTION,HIT_AND_RUN,TYPE_OF_COLLISION,MVIW,PED_ACTION,ROAD_SURFACE,ROAD_COND_1,ROAD_COND_2,LIGHTING,CONTROL_DEVICE,CHP_ROAD_TYPE,PEDESTRIAN_ACCIDENT,BICYCLE_ACCIDENT,MOTORCYCLE_ACCIDENT,TRUCK_ACCIDENT,NOT_PRIVATE_PROPERTY,ALCOHOL_INVOLVED,STWD_VEHTYPE_AT_FAULT,CHP_VEHTYPE_AT_FAULT,COUNT_SEVERE_INJ,COUNT_VISIBLE_INJ,COUNT_COMPLAINT_PAIN,COUNT_PED_KILLED,COUNT_PED_INJURED,COUNT_BICYCLIST_KILLED,COUNT_BICYCLIST_INJURED,COUNT_MC_KILLED,COUNT_MC_INJURED,PRIMARY_RAMP,SECONDARY_RAMP,LATITUDE,LONGITUDE,COUNTY,CITY,POINT_X,POINT_Y
9453927,2022,2022-07-14,3801,2022-06-11,0745,392,MISSI,6,5,7,3801,0,0,0,,0,3D14A,"MISSION ST","25TH ST",15.00,N,N,A,-,N,,,,,,,,,,N,4,0,1,2,A,-,09,21801,A,N,D,G,A,A,H,-,A,A,0,,Y,,,Y,,A,01,0,0,1,0,0,0,1,0,0,"- ","- ",,,"SAN FRANCISCO","SAN FRANCISCO",-122.41830444335938,37.750701904296875
9453932,2022,2022-12-05,3801,2022-06-06,1226,1297,PARK,1,5,7,3801,0,0,0,,0,,"CASTRO ST","DUBOCE AV",0.00,S,N,A,-,N,,,,,,,,,,N,4,0,2,3,A,-,04,21703,,N,C,C,A,A,H,-,A,D,0,,,,,Y,,A,01,0,0,2,0,0,0,0,0,0,"- ","- ",,,"SAN FRANCISCO","SAN FRANCISCO",-122.43582153320312,37.769050598144531
9453934,2022,2022-07-19,3801,2022-06-18,0155,2157,RICHM,6,5,7,3801,0,0,0,,0,002,"EUCLID AV","PALM AV",0.00,,Y,A,-,N,,,,,,,,,,,2,0,2,2,A,-,12,22450,A,N,D,C,A,A,H,-,C,D,0,,,,,Y,,-,,1,0,1,0,0,0,0,0,0,"- ","- ",,,"SAN FRANCISCO","SAN FRANCISCO",-122.45791625976562,37.783863067626953
9453936,2022,2022-10-31,3801,2022-06-18,1104,1857,TENDE,6,5,7,3801,0,0,0,,0,3J98D,"ELLIS ST","JONES ST",50.00,E,N,A,-,N,,,,,,,,,,Y,4,0,2,10,A,-,01,23153,F,F,A,-,F,A,H,-,A,A,0,Y,,Y,,Y,,C,06,0,0,2,0,1,0,0,0,1,"- ","- ",,,"SAN FRANCISCO","SAN FRANCISCO",-122.41260528564453,37.784919738769531
9453940,2022,2022-07-14,3801,2022-06-24,1423,2100,MISSI,5,5,7,3801,0,0,0,,0,3D14D,"MISSION ST","13TH ST",0.00,,Y,A,-,N,,,,,,,,,,N,4,0,2,2,A,-,04,21703,,F,C,C,A,A,H,-,A,A,0,,,,,Y,,-,,0,0,2,0,0,0,0,0,0,"- ","- ",,,"SAN FRANCISCO","SAN FRANCISCO",-122.419921875,37.769977569580078
9453949,2022,2022-07-14,3801,2022-06-19,1618,2359,TARAV,7,5,7,3801,0,0,0,,0,0I6,"ALEMANY BL","ST CHARLES AV",12.00,E,N,A,-,N,,,,,,,,,,Y,4,0,1,2,A,-,04,21703,,N,C,C,A,A,H,-,A,D,0,,,,,Y,,A,01,0,0,1,0,0,0,0,0,0,"- ","- ",,,"SAN FRANCISCO","SAN FRANCISCO",-122.46931457519531,37.710712432861328
9453950,2022,2022-07-14,3801,2022-06-19,1528,2209,PARK,7,5,7,3801,0,0,0,,0,3F13D,"EDDY ST","DIVISADERO ST",130.00,W,N,A,-,N,,,,,,,,,,Y,3,0,1,1,A,-,03,22350,,N,A,I,A,A,H,-,A,D,0,,,,,Y,Y,A,01,0,1,0,0,0,0,0,0,0,"- ","- ",,,"SAN FRANCISCO","SAN FRANCISCO",-122.43935394287109,37.780517578125
9453955,2022,2022-07-14,3801,2022-06-18,1840,1113,PARK,6,5,7,3801,0,0,0,,0,3F14D,"CARL ST","WILLARD ST",0.00,,Y,A,-,N,,,,,,,,,,Y,3,0,1,2,A,-,09,21804,A,N,D,C,A,A,H,-,A,-,0,,,,,Y,,A,01,0,1,0,0,0,0,0,0,0,"- ","- ",,,"SAN FRANCISCO","SAN FRANCISCO",-122.45439910888672,37.765232086181641
9453963,2022,2022-07-14,3801,2022-06-21,1828,1286,SOUTH,2,5,7,3801,0,0,0,,0,3B4,"MISSION ST","WASHBURN ST",0.00,,Y,A,-,N,,,,,,,,,,Y,4,0,1,2,A,-,08,22101,D,N,B,C,A,A,H,-,A,A,0,,,,,Y,,A,01,0,0,1,0,0,0,0,0,0,"- ","- ",,,"SAN FRANCISCO","SAN FRANCISCO",-122.41513824462891,37.775890350341797
9453968,2022,2022-07-14,3801,2022-06-16,1804,2118,SOUTH,4,5,7,3801,0,0,0,,0,3B12D,"16TH ST","3RD ST",0.00,,Y,A,-,N,,,,,,,,,,N,4,0,1,2,A,-,03,22350,,M,G,B,E,A,H,-,A,D,0,Y,,Y,,Y,,C,03,0,0,1,0,1,0,0,0,0,"- ","- ",,,"SAN FRANCISCO","SAN FRANCISCO",-122.38920593261719,37.766944885253906
9453970,2022,2023-02-09,3801,2022-06-23,0802,9,CENTR,4,5,7,3801,0,0,0,,0,,"NORTH POINT ST","JONES ST",64.00,E,N,A,-,N,,,,,,,,,,N,1,1,0,1,A,-,03,22350,,N,B,I,A,A,B,-,A,A,0,,Y,,,Y,,L,04,0,0,0,0,0,1,0,0,0,"- ","- ",,,"SAN FRANCISCO","SAN FRANCISCO",-122.41687774658203,37.806179046630859
9453975,2022,2022-07-19,3801,2022-06-25,0605,773,CENTR,6,5,7,3801,0,0,0,,0,3A1E,"SACRAMENTO ST","TAYLOR ST",0.00,,Y,A,-,N,,,,,,,,,,N,4,0,1,2,A,-,04,21703,,N,C,C,A,A,-,-,A,A,0,,,,,Y,,A,08,0,0,1,0,0,0,0,0,0,"- ","- ",,,"SAN FRANCISCO","SAN FRANCISCO",-122.41264343261719,37.792549133300781
9453981,2022,2022-07-15,3801,2022-06-22,1530,2210,SOUTH,3,5,7,3801,0,0,0,,0,0B5,"TOWNSEND ST","7TH ST",0.00,,Y,A,-,N,,,,,,,,,,Y,3,0,5,2,A,-,08,22107,,N,D,C,A,A,H,-,A,A,0,,,,,Y,,A,01,0,1,4,0,0,0,0,0,0,"- ","- ",,,"SAN FRANCISCO","SAN FRANCISCO",-122.40165710449219,37.771831512451172
9453983,2022,2022-12-05,3801,2022-06-22,0903,1297,PARK,3,5,7,3801,0,0,0,,0,3F13A,"MASONIC AV","OFARRELL ST",0.00,,Y,A,-,N,,,,,,,,,,N,4,0,1,2,A,-,08,22107,,N,D,G,A,A,H,-,A,A,0,,Y,,,Y,,A,01,0,0,1,0,0,0,1,0,0,"- ","- ",,,"SAN FRANCISCO","SAN FRANCISCO",-122.44754028320312,37.781036376953125
9453986,2022,2022-11-22,3801,2022-06-22,2000,2098,TENDE,3,5,7,3801,0,0,0,,0,3J90D,"POLK ST","ELLIS ST",0.00,,Y,-,-,N,,,,,,,,,,N,4,0,1,2,A,-,03,22350,,M,-,-,-,-,-,-,-,-,0,Y,,,,Y,,M,91,0,0,1,0,1,0,0,0,0,"- ","- ",,,"SAN FRANCISCO","SAN FRANCISCO",-122.41934967041016,37.784042358398438
9453988,2022,2022-10-28,3801,2022-06-11,1930,1933,NORTH,6,5,7,3801,0,0,0,,0,3E15D,"JACKSON ST","JACKSON ST 2770",0.00,,N,A,-,N,,,,,,,,,,N,3,0,1,1,A,-,03,22350,,N,H,A,A,A,H,-,A,D,0,,,Y,,Y,,C,02,0,1,0,0,0,0,0,0,1,"- ","- ",,,"SAN FRANCISCO","SAN FRANCISCO",,
9453994,2022,2022-07-18,3801,2022-06-10,0552,1605,NORTH,5,5,7,3801,0,0,0,,0,3E15A,"LAGUNA ST","FRANCISCO ST",0.00,,Y,A,-,N,,,,,,,,,,Y,2,0,1,4,A,-,01,23152,A,N,B,C,A,A,H,-,B,D,0,,,,,Y,Y,A,01,1,0,0,0,0,0,0,0,0,"- ","- ",,,"SAN FRANCISCO","SAN FRANCISCO",-122.43148803710938,37.8023681640625
9453999,2022,2022-07-18,3801,2022-06-09,0910,2266,INGLE,4,5,7,3801,0,0,0,,0,3H11A,"MISSION ST","PRECITA AV",0.00,,Y,A,-,N,,,,,,,,,,N,4,0,1,2,A,-,10,21950,A,N,G,B,B,A,H,-,A,A,0,Y,,,,Y,,A,01,0,0,1,0,1,0,0,0,0,"- ","- ",,,"SAN FRANCISCO","SAN FRANCISCO",-122.41912078857422,37.746757507324219
9454003,2022,2022-07-14,3801,2022-06-18,1405,2400,BAYVI,6,5,7,3801,0,0,0,,0,4CAR,"SAN BRUNO AV","SILLIMAN ST",0.00,,Y,A,-,N,,,,,,,,,,Y,2,0,1,2,A,-,03,22350,,F,G,B,-,A,H,-,A,A,0,Y,,,,Y,Y,A,07,1,0,0,0,1,0,0,0,0,"- ","- ",,,"SAN FRANCISCO","SAN FRANCISCO",-122.40512084960938,37.731231689453125
9454013,2022,2022-07-14,3801,2022-06-02,1339,1438,INGLE,4,5,7,3801,0,0,0,,0,2CAR,"SAN JOSE AV","30TH ST",0.00,,Y,A,-,N,,,,,,,,,,Y,3,0,2,2,A,-,12,21453,A,N,D,C,A,A,H,-,A,A,0,,,,,Y,,A,01,0,1,1,0,0,0,0,0,0,"- ","- ",,,"SAN FRANCISCO","SAN FRANCISCO",-122.42333984375,37.742301940917969
9454020,2022,2022-07-14,3801,2022-06-01,0637,1514,MISSI,3,5,7,3801,0,0,0,,0,3D15A,"MISSION ST","16TH ST",184.00,N,N,A,-,N,,,,,,,,,,N,4,0,1,2,A,-,08,22102,,N,-,C,A,A,H,-,A,D,0,,,,,Y,,A,01,0,0,1,0,0,0,0,0,0,"- ","- ",,,"SAN FRANCISCO","SAN FRANCISCO",-122.41971588134766,37.765552520751953
9454031,2022,2022-07-19,3801,2022-06-02,2151,2708,SOUTH,4,5,7,3801,0,0,0,,0,3B12E,"THE EMBARCADERO","FOLSOM ST",0.00,,Y,A,-,N,,,,,,,,,,Y,4,0,3,2,A,-,17,21657,,N,A,-,A,A,H,-,E,A,0,,,,,Y,,A,01,0,0,3,0,0,0,0,0,0,"- ","- ",,,"SAN FRANCISCO","SAN FRANCISCO",-122.39015960693359,37.790756225585938
9454032,2022,2022-07-15,3801,2022-06-09,1325,2461,SOUTH,4,5,7,3801,0,0,0,,0,3B14A,"HOWARD ST","LAFAYETTE ST",0.00,,Y,A,-,N,,,,,,,,,,Y,4,0,1,3,A,-,09,21801,A,N,D,C,A,A,H,-,A,A,0,,,,,Y,,A,01,0,0,1,0,0,0,0,0,0,"- ","- ",,,"SAN FRANCISCO","SAN FRANCISCO",-122.41630554199219,37.772487640380859
9454033,2022,2022-07-15,3801,2022-06-10,1440,2231,SOUTH,5,5,7,3801,0,0,0,,0,3B12D,"8TH ST","NATOMA ST",0.00,,Y,A,-,N,,,,,,,,,,Y,3,0,1,2,A,-,12,21453,A,N,D,C,A,A,H,-,A,A,0,,,,,Y,Y,A,01,0,1,0,0,0,0,0,0,0,"- ","- ",,,"SAN FRANCISCO","SAN FRANCISCO",-122.41213226318359,37.776664733886719
9454037,2022,2022-07-14,3801,2022-06-02,0909,1118,SOUTH,4,5,7,3801,0,0,0,,0,3B14A,"5TH ST","CLARA ST",0.00,,Y,A,-,N,,,,,,,,,,Y,4,0,1,2,A,-,09,21804,A,N,D,C,A,A,H,-,A,D,0,,,,,Y,,A,07,0,0,1,0,0,0,0,0,0,"- ","- ",,,"SAN FRANCISCO","SAN FRANCISCO",-122.40238189697266,37.779453277587891
9454040,2022,2022-07-14,3801,2022-06-02,1615,2118,SOUTH,4,5,7,3801,0,0,0,,0,3B12D,"MINNA ST","6TH ST",30.00,W,N,A,-,N,,,,,,,,,,Y,4,0,1,2,A,-,03,22350,,N,C,E,A,A,H,-,A,D,0,,,,,Y,,A,01,0,0,1,0,0,0,0,0,0,"- ","- ",,,"SAN FRANCISCO","SAN FRANCISCO",-122.40821838378906,37.780506134033203
9454045,2022,2022-07-15,3801,2022-06-03,1012,2262,TARAV,5,5,7,3801,0,0,0,,0,3I5A,"JUNIPERO SERRA BL","OCEAN AV",20.00,S,N,C,-,N,,,,,,,,,,Y,3,0,1,1,A,-,03,22350,,N,H,J,A,B,H,-,-,A,0,,,Y,,Y,,C,03,0,1,0,0,0,0,0,0,1,"- ","- ",,,"SAN FRANCISCO","SAN FRANCISCO",-122.47214508056641,37.731143951416016
9454050,2022,2022-07-15,3801,2022-06-04,1059,1557,TARAV,6,5,7,3801,0,0,0,,0,3I16A,"DEWEY BL","TARAVAL ST",0.00,,Y,A,-,N,,,,,,,,,,N,4,0,1,2,A,-,03,22350,,N,C,C,A,A,H,-,A,D,0,,,,,Y,,A,01,0,0,1,0,0,0,0,0,0,"- ","- ",,,"SAN FRANCISCO","SAN FRANCISCO",-122.4637451171875,37.743812561035156
9454055,2022,2022-07-15,3801,2022-06-03,1229,231,BAYVI,5,5,7,3801,0,0,0,,0,901,"OAKDALE AV","LANE ST",360.00,W,N,A,-,N,,,,,,,,,,N,3,0,1,3,A,-,03,22350,,F,B,E,F,A,H,-,A,D,0,Y,,,,Y,,A,01,0,1,0,0,1,0,0,0,0,"- ","- ",,,"SAN FRANCISCO","SAN FRANCISCO",-122.38950347900391,37.734123229980469
9454101,2022,2022-07-14,3801,2022-06-01,1254,1557,TARAV,3,5,7,3801,0,0,0,,0,3II3A,"38TH AV","LAWTON ST",0.00,,Y,A,-,N,,,,,,,,,,N,4,0,1,2,A,-,12,22450,A,N,D,C,A,A,H,-,A,D,0,,,,,Y,,A,01,0,0,1,0,0,0,0,0,0,"- ","- ",,,"SAN FRANCISCO","SAN FRANCISCO",-122.49710083007812,37.757080078125
9454105,2022,2022-07-14,3801,2022-06-07,1410,156,BAYVI,2,5,7,3801,0,0,0,,0,3C60,"19TH ST","WISCONSIN ST",0.00,,Y,A,-,N,,,,,,,,,,Y,4,0,1,1,A,-,15,26453,,N,E,-,A,A,H,-,A,D,0,,,,,Y,,A,01,0,0,1,0,0,0,0,0,0,"- ","- ",,,"SAN FRANCISCO","SAN FRANCISCO",-122.3992919921875,37.761138916015625
9454161,2022,2022-07-13,3801,2022-04-27,1523,1147,TENDE,3,5,7,3801,0,0,0,,0,3J13D,"EDDY ST","LEAVENWORTH ST",40.00,W,N,A,-,N,,,,,,,,,,N,4,0,1,2,A,-,06,21750,A,N,B,C,A,A,H,-,A,D,0,,,,,Y,,A,01,0,0,1,0,0,0,0,0,0,"- ","- ",,,"SAN FRANCISCO","SAN FRANCISCO",-122.41437530517578,37.783710479736328
9454194,2022,2022-07-12,3801,2022-05-14,1813,2228,CENTR,6,5,7,3801,0,0,0,,0,3A11D,"TAYLOR ST","POST ST",38.00,N,N,A,-,N,,,,,,,,,,N,4,0,1,3,A,-,04,21703,,N,C,C,A,A,H,-,A,A,0,,,Y,,Y,,A,01,0,0,1,0,0,0,0,0,1,"- ","- ",,,"SAN FRANCISCO","SAN FRANCISCO",-122.41172027587891,37.7879638671875
9454200,2022,2022-07-12,3801,2022-05-21,1803,1213,RICHM,6,5,7,3801,0,0,0,,0,3G90,"MARTIN LUTHER KING JR DR","HAGIWARA TEA GARDEN DR",20.00,W,N,A,-,N,,,,,,,,,,N,4,0,2,4,A,-,10,21950,A,N,G,B,C,A,H,-,A,D,0,Y,,,,Y,,-,,0,0,2,0,2,0,0,0,0,"- ","- ",,,"SAN FRANCISCO","SAN FRANCISCO",-122.46990966796875,37.769214630126953
9456438,2022,2022-07-13,3801,2022-04-24,2002,706,TARAV,7,5,7,3801,0,0,0,,0,3I15D,"19TH AV","SLOAT BL",0.00,,Y,A,-,Y,SF,4,1,-,-,1.897,I,5,N,Y,4,0,1,2,A,-,09,21801,A,N,A,C,A,A,H,-,C,A,0,,,,,Y,,A,01,0,0,1,0,0,0,0,0,0,"- ","- ",,,"SAN FRANCISCO","SAN FRANCISCO",-122.47508239746094,37.734642028808594
9458378,2022,2022-06-15,3801,2022-05-22,0706,2202,INGLE,7,5,7,3801,0,0,0,,0,3H13A,"PORTOLA DR","MIRALOMA DR",175.00,E,N,A,-,N,,,,,,,,,,Y,4,0,2,2,A,-,04,21703,,N,C,C,A,A,H,-,A,D,0,,,,,Y,,A,01,0,0,2,0,0,0,0,0,0,"- ","- ",,,"SAN FRANCISCO","SAN FRANCISCO",-122.45841217041016,37.740715026855469
9459042,2022,2022-06-09,3801,2022-05-29,2159,1217,MISSI,7,5,7,3801,0,0,0,,0,3CAR,"FOLSOM ST","18TH ST",0.00,,-,A,-,N,,,,,,,,,,N,3,0,1,2,A,-,03,22350,A,N,A,G,A,A,H,-,C,A,0,,Y,,,Y,,L,04,0,1,0,0,0,0,1,0,0,"- ","- ",,,"SAN FRANCISCO","SAN FRANCISCO",-122.41499328613281,37.762100219726562
9459044,2022,2022-06-09,3801,2022-05-29,0300,1499,MISSI,7,5,7,3801,0,0,0,,0,3D13E,"MISSION ST","DUBOCE AV",0.00,,Y,A,-,N,,,,,,,,,,N,4,0,1,2,A,-,09,21800,A,N,-,C,A,A,H,-,E,B,0,,,,,Y,,A,01,0,0,1,0,0,0,0,0,0,"- ","- ",,,"SAN FRANCISCO","SAN FRANCISCO",-122.42018127441406,37.769992828369141
9459046,2022,2022-06-09,3801,2022-05-25,2148,2167,NORTH,3,5,7,3801,0,0,0,,0,,"POLK ST","OFARRELL ST",0.00,,Y,A,-,N,,,,,,,,,,N,4,0,1,2,A,-,08,22107,,F,-,A,A,A,H,-,C,A,0,,,Y,,Y,,A,01,0,0,1,0,0,0,0,0,1,"- ","- ",,,"SAN FRANCISCO","SAN FRANCISCO",-122.41954803466797,37.784969329833984
9459048,2022,2022-06-10,3801,2022-05-20,1712,001460,SOUTH,5,5,7,3801,0,0,0,,0,4R61,"THE EMBARCADERO EAST SIDEWALK","PIER 30-32",0.00,,-,A,-,N,,,,,,,,,,N,4,0,1,2,A,-,17,21235,G,N,D,J,A,A,H,-,A,D,0,,,,,Y,,-,,0,0,1,0,0,0,0,0,0,"- ","- ",,,"SAN FRANCISCO","SAN FRANCISCO",-122.38771057128906,37.787067413330078
9459049,2022,2022-06-09,3801,2022-05-21,1254,001460,SOUTH,6,5,7,3801,0,0,0,,0,3B5A,"KING ST","2ND ST",180.00,N,N,A,-,N,,,,,,,,,,N,3,0,3,2,A,-,17,22517,,N,B,G,A,A,H,-,A,D,0,,Y,,,Y,,A,01,0,2,1,0,0,0,3,0,0,"- ","- ",,,"SAN FRANCISCO","SAN FRANCISCO",-122.38925933837891,37.780281066894531
9459053,2022,2022-06-09,3801,2022-05-26,2139,4118,MISSI,4,5,7,3801,0,0,0,,0,003,"GUERRERO ST","22ND ST",132.00,S,N,A,-,N,,,,,,,,,,Y,4,0,1,2,A,-,03,22350,,F,C,D,A,A,H,-,C,A,0,,,,,Y,,A,01,0,0,1,0,0,0,0,0,0,"- ","- ",,,"SAN FRANCISCO","SAN FRANCISCO",-122.42314910888672,37.754817962646484
9459054,2022,2022-06-09,3801,2022-05-27,1512,2100,MISSI,5,5,7,3801,0,0,0,,0,1512,"CHATTANOOGA ST","23RD ST",0.00,,Y,A,-,N,,,,,,,,,,N,4,0,1,3,A,-,10,21950,A,N,G,H,B,A,H,-,A,A,0,Y,,,,Y,,A,01,0,0,1,0,1,0,0,0,0,"- ","- ",,,"SAN FRANCISCO","SAN FRANCISCO",-122.42646789550781,37.753353118896484
9459308,2022,2022-06-14,3801,2022-03-24,1650,1148,MISSI,4,5,7,3801,0,0,0,,0,3D15D,"JULIAN AV","16TH ST",0.00,,Y,A,-,N,,,,,,,,,,N,4,0,1,2,A,-,09,21804,A,N,B,C,A,A,H,-,A,D,0,,,,,Y,,A,01,0,0,1,0,0,0,0,0,0,"- ","- ",,,"SAN FRANCISCO","SAN FRANCISCO",-122.4208984375,37.764972686767578
9459373,2022,2022-11-03,3801,2022-03-18,1409,2706,MISSI,5,5,7,3801,0,0,0,,0,3D14C,"POTRERO AV","21ST ST",0.00,,Y,A,-,N,,,,,,,,,,N,4,0,1,2,A,-,17,22517,,N,B,G,A,A,-,-,A,A,0,,Y,,,Y,,-,"- ",0,0,1,0,0,0,1,0,0,"- ","- ",,,"SAN FRANCISCO","SAN FRANCISCO",-122.40678405761719,37.757762908935547
9459376,2022,2022-06-14,3801,2022-03-14,2000,469,MISSI,1,5,7,3801,0,0,0,,0,3D2D,"GUERERO ST","24TH ST",0.00,,Y,A,-,N,,,,,,,,,,N,3,0,1,2,A,-,08,22107,,F,B,B,B,A,H,-,B,A,0,Y,,,,Y,,-,,0,1,0,0,1,0,0,0,0,"- ","- ",,,"SAN FRANCISCO","SAN FRANCISCO",-122.42286682128906,37.752002716064453
9459378,2022,2022-10-24,3801,2022-03-27,2230,2341,INGLE,7,5,7,3801,0,0,0,,0,3H11E,"MISSION ST","30TH ST",38.00,N,N,B,-,N,,,,,,,,,,Y,4,0,1,2,C,-,18,,,N,C,C,A,B,H,-,C,A,0,,,,,Y,,-,"- ",0,0,1,0,0,0,0,0,0,"- ","- ",,,"SAN FRANCISCO","SAN FRANCISCO",-122.42190551757812,37.742485046386719
9460096,2022,2022-06-24,3801,2022-01-24,1555,1066,NORTH,1,5,7,3801,0,0,0,,0,1CAR,"HAIGHT ST","FILLMORE ST",0.00,,Y,A,-,N,,,,,,,,,,N,2,0,1,2,A,-,08,22100,B,N,D,G,A,A,H,-,A,A,0,,Y,,,Y,,A,01,1,0,0,0,0,0,1,0,0,"- ","- ",,,"SAN FRANCISCO","SAN FRANCISCO",-122.43045043945312,37.772117614746094
9460136,2022,2022-06-23,3801,2022-02-02,0804,1387,CENTR,3,5,7,3801,0,0,0,,0,,"3RD ST","MISSION ST",0.00,S,N,A,-,N,,,,,,,,,,N,2,0,1,2,A,-,07,21658,A,N,B,C,A,A,H,-,A,A,0,,,Y,,Y,,A,01,1,0,0,0,0,0,0,0,1,"- ","- ",,,"SAN FRANCISCO","SAN FRANCISCO",-122.40200042724609,37.786266326904297
9463680,2022,2022-09-27,3801,2022-07-28,1808,4119,TRAFF,4,5,7,3801,0,0,0,,0,4B3K,"DUBOCE ST","MISSION ST",0.00,,Y,A,-,N,,,,,,,,,,Y,4,0,5,2,A,-,12,21453,A,F,D,D,A,A,H,-,A,A,0,,,,,Y,Y,J,48,0,0,5,0,0,0,0,0,0,"- ","- ",,,"SAN FRANCISCO","SAN FRANCISCO",-122.42018127441406,37.769992828369141
9464165,2023,2023-03-13,3801,2023-01-10,1751,4084,TRAFF,2,5,7,3801,0,0,0,,0,4B4B,"16TH ST","VALENCIA ST",11.00,E,N,B,-,N,,,,,,,,,,Y,1,1,0,2,A,-,11,21456,B,N,G,B,B,A,H,-,C,A,0,Y,,,,Y,,N,60,0,0,0,1,0,0,0,0,0,"- ","- ",,,"SAN FRANCISCO","SAN FRANCISCO",-122.42185211181641,37.764911651611328
9464243,2023,2023-06-16,3801,2023-01-23,"543 ",1422,TRAFF,1,5,7,3801,0,0,0,,0,4B2F,"FRANKLIN ST","EDDY ST",70.00,N,N,A,-,N,,,,,,,,,,Y,1,1,0,2,A,-,11,21954,A,N,G,B,E,A,H,-,C,A,0,Y,,,,Y,,N,60,0,0,0,1,0,0,0,0,0,"- ","- ",,,"SAN FRANCISCO","SAN FRANCISCO",-122.42247772216797,37.782859802246094
9464405,2022,2022-09-29,3801,2022-05-15,0136,1766,TENDE,7,5,7,3801,0,0,0,,0,4B103,"ELLIS ST","LEAVENWORTH ST",182.00,W,N,A,-,N,,,,,,,,,,N,1,1,0,2,A,-,10,21954,B,F,G,B,D,A,H,-,C,D,0,Y,,,,Y,Y,A,07,0,0,0,1,0,0,0,0,0,"- ","- ",,,"SAN FRANCISCO","SAN FRANCISCO",-122.4150390625,37.784580230712891
9464407,2022,2022-09-29,3801,2022-06-09,1812,76,TRAFF,4,5,7,3801,0,0,0,,0,4B3B,"LARKIN ST","EDDY ST",0.00,,Y,A,-,N,,,,,,,,,,Y,1,1,0,2,A,-,12,21453,A,N,D,C,A,A,H,-,A,A,0,,,Y,Y,Y,,C,02,0,0,0,0,0,0,0,1,0,"- ","- ",,,"SAN FRANCISCO","SAN FRANCISCO",-122.41751861572266,37.783294677734375
9464413,2022,2022-09-20,3801,2022-08-11,1136,1936,TRAFF,4,5,7,3801,0,0,0,,0,3B1D,"MARKET ST","DANVERS ST",0.00,,Y,A,-,N,,,,,,,,,,Y,1,1,1,2,A,-,09,21801,A,N,D,C,A,A,H,-,A,A,0,,,Y,,Y,,A,01,0,0,1,0,0,0,0,1,0,"- ","- ",,,"SAN FRANCISCO","SAN FRANCISCO",-122.44351959228516,37.760498046875
9464465,2022,2022-09-20,3801,2022-05-21,1548,4178,RICHM,6,5,7,3801,0,0,0,,0,4B3A,"FULTON ST","37TH AV",13.00,E,N,A,-,N,,,,,,,,,,Y,1,1,0,2,A,-,10,21950,A,N,G,B,B,A,H,-,A,A,0,Y,,,,Y,,A,07,0,0,0,1,0,0,0,0,0,"- ","- ",,,"SAN FRANCISCO","SAN FRANCISCO",-122.49700164794922,37.771991729736328
9464496,2022,2022-07-28,3801,2022-06-14,1442,2161,MISSI,2,5,7,3801,0,0,0,,0,3D13A,"20TH ST","CAPP ST",0.00,,Y,A,-,N,,,,,,,,,,Y,2,0,3,2,A,-,10,21950,A,N,D,C,A,A,H,-,A,D,0,,,,,Y,,A,01,1,1,1,0,0,0,0,0,0,"- ","- ",,,"SAN FRANCISCO","SAN FRANCISCO",-122.41796112060547,37.758682250976562
9464876,2022,2022-12-30,3801,2022-11-13,1950,2142,,7,5,7,3801,0,0,0,,0,,"SKYLINE BL","JOHN DALY BL",4330.00,N,N,A,-,N,,,,,,,,,,Y,3,0,1,2,A,-,09,21804,A,F,D,C,A,A,H,-,D,D,0,,,,,Y,Y,A,01,0,1,0,0,0,0,0,0,0,"- ","- ",,,"SAN FRANCISCO","SAN FRANCISCO",-122.49794006347656,37.709850311279297
9467671,2022,2022-12-08,3801,2022-11-02,0754,392,MISSI,3,5,7,3801,0,0,0,,0,3D14A,"VALENCIA ST","24TH ST",150.00,S,N,A,-,N,,,,,,,,,,N,4,0,1,2,A,-,08,22107,,N,B,C,A,A,H,-,A,D,0,,,,,Y,,J,48,0,0,1,0,0,0,0,0,0,"- ","- ",,,"SAN FRANCISCO","SAN FRANCISCO",-122.42061614990234,37.751697540283203
9467684,2022,2022-12-12,3801,2022-10-12,1630,1251,BAYVI,3,5,7,3801,0,0,0,,0,3C15D,"18TH ST","MISSION ST",1.00,W,N,A,-,N,,,,,,,,,,N,3,0,1,2,A,-,11,21950,B,N,G,B,B,A,H,-,A,A,0,Y,,,,Y,,N,60,0,1,0,0,1,0,0,0,0,"- ","- ",,,"SAN FRANCISCO","SAN FRANCISCO",-122.41937255859375,37.7618408203125