CASE_ID,ACCIDENT_YEAR,PROC_DATE,JURIS,COLLISION_DATE,COLLISION_TIME,OFFICER_ID,REPORTING_DISTRICT,DAY_OF_WEEK,CHP_SHIFT,POPULATION,CNTY_CITY_LOC,SPECIAL_COND,BEAT_TYPE,CHP_BEAT_TYPE,CITY_DIVISION_LAPD,CHP_BEAT_CLASS,BEAT_NUMBER,PRIMARY_RD,SECONDARY_RD,DISTANCE,DIRECTION,INTERSECTION,WEATHER_1,WEATHER_2,STATE_HWY_IND,CALTRANS_COUNTY,CALTRANS_DISTRICT,STATE_ROUTE,ROUTE_SUFFIX,POSTMILE_PREFIX,POSTMILE,LOCATION_TYPE,RAMP_INTERSECTION,SIDE_OF_HWY,TOW_AWAY,COLLISION_SEVERITY,NUMBER_KILLED,NUMBER_INJURED,PARTY_COUNT,PRIMARY_COLL_FACTOR,PCF_CODE_OF_VIOL,PCF_VIOL_CATEGORY,PCF_VIOLATION,PCF_VIOL_SUBSECTION,HIT_AND_RUN,TYPE_OF_COLLISION,MVIW,PED_ACTION,ROAD_SURFACE,ROAD_COND_1,ROAD_COND_2,LIGHTING,CONTROL_DEVICE,CHP_ROAD_TYPE,PEDESTRIAN_ACCIDENT,BICYCLE_ACCIDENT,MOTORCYCLE_ACCIDENT,TRUCK_ACCIDENT,NOT_PRIVATE_PROPERTY,ALCOHOL_INVOLVED,STWD_VEHTYPE_AT_FAULT,CHP_VEHTYPE_AT_FAULT,COUNT_SEVERE_INJ,COUNT_VISIBLE_INJ,COUNT_COMPLAINT_PAIN,COUNT_PED_KILLED,COUNT_PED_INJURED,COUNT_BICYCLIST_KILLED,COUNT_BICYCLIST_INJURED,COUNT_MC_KILLED,COUNT_MC_INJURED,PRIMARY_RAMP,SECONDARY_RAMP,LATITUDE,LONGITUDE,COUNTY,CITY,POINT_X,POINT_Y
9468486,2023,2023-02-14,3801,2023-01-03,1609,19,MISSI,2,5,7,3801,0,0,0,,0,,"DOLORES ST","17TH ST",0.00,,Y,A,-,N,,,,,,,,,,Y,4,0,1,2,A,-,00,21806,,N,D,C,A,A,H,-,A,A,0,,,,,Y,,A,01,0,0,1,0,0,0,0,0,0,"- ","- ",,,"SAN FRANCISCO","SAN FRANCISCO",,
9468614,2023,2023-09-08,3801,2023-08-22,1505,528,NORTH,2,5,7,3801,0,0,0,,0,901,"UNION ST","BUCHANAN ST",13.00,W,N,A,-,N,,,,,,,,,,N,4,0,1,2,A,-,10,21950,A,N,G,B,B,A,H,-,A,A,0,Y,,,,Y,,A,01,0,0,1,0,1,0,0,0,0,"- ","- ",,,"SAN FRANCISCO","SAN FRANCISCO",-122.43224334716797,37.797504425048828
9468615,2023,2023-09-08,3801,2023-08-06,1830,4253,INGLE,7,5,7,3801,0,0,0,,0,0H5,"GENEVA AV","ALEMANY BL",33.00,E,N,A,-,N,,,,,,,,,,Y,4,0,1,5,A,-,03,22350,,F,B,C,A,A,H,-,A,A,0,,,,,Y,,A,01,0,0,1,0,0,0,0,0,0,"- ","- ",,,"SAN FRANCISCO","SAN FRANCISCO",-122.43363952636719,37.713111877441406
9468617,2023,2023-09-08,3801,2023-08-29,1728,1796,RICHM,2,5,7,3801,0,0,0,,0,,"GEARY BL",27TH,0.00,,Y,A,-,N,,,,,,,,,,Y,4,0,1,2,A,-,12,21453,A,N,D,C,A,A,H,-,A,A,0,,,,,Y,,A,01,0,0,1,0,0,0,0,0,0,"- ","- ",,,"SAN FRANCISCO","SAN FRANCISCO",,
9468618,2023,2023-09-08,3801,2023-08-03,1831,1150,PARK,4,5,7,3801,0,0,0,,0,3F14D,"SANCHEZ ST","DUBOCE AV",0.00,,-,B,-,N,,,,,,,,,,,4,0,1,2,A,-,21,22106,,N,D,G,A,A,H,-,A,D,0,,Y,,,Y,,A,01,0,0,1,0,0,0,1,0,0,"- ","- ",,,"SAN FRANCISCO","SAN FRANCISCO",,
9468622,2023,2023-09-08,3801,2023-08-11,"942 ",1250,SOUTH,5,5,7,3801,0,0,0,,0,3B15A,"KANSAS ST","16TH ST",0.00,,Y,A,-,N,,,,,,,,,,N,3,0,1,2,A,-,08,22107,,N,G,B,E,A,H,-,A,A,0,Y,,,,Y,,-,,0,1,0,0,1,0,0,0,0,"- ","- ",,,"SAN FRANCISCO","SAN FRANCISCO",,
9468629,2023,2023-09-27,3801,2023-08-24,1210,2707,TARAV,4,5,7,3801,0,0,0,,0,3CAR,"37TH AV","KIRKHAM ST",0.00,,Y,A,-,N,,,,,,,,,,N,3,0,1,2,A,-,10,21950,,N,D,-,A,A,H,-,A,A,0,,,,,Y,,A,01,0,1,0,0,0,0,0,0,0,"- ","- ",,,"SAN FRANCISCO","SAN FRANCISCO",,
9468633,2023,2023-09-08,3801,2023-08-24,"925 ",1857,SOUTH,4,5,7,3801,0,0,0,,0,3B60,"7TH ST","HUBBELL ST",33.00,N,N,A,-,N,,,,,,,,,,N,2,0,1,1,D,-,00,,,N,H,-,A,A,H,-,A,D,0,,,,,Y,,-,"- ",1,0,0,0,0,0,0,0,0,"- ","- ",,,"SAN FRANCISCO","SAN FRANCISCO",-122.39678955078125,37.767894744873047
9468637,2023,2023-09-08,3801,2023-08-24,"600 ",764,PARK,4,5,7,3801,0,0,0,,0,3F13A,"STANYAN ST","TURK ST",0.00,,Y,A,-,N,,,,,,,,,,N,4,0,1,3,A,-,12,21453,A,N,D,C,A,A,H,-,B,A,0,,,,,Y,,A,01,0,0,1,0,0,0,0,0,0,"- ","- ",,,"SAN FRANCISCO","SAN FRANCISCO",,
9468648,2023,2023-09-21,3801,2023-08-17,1908,1046,NORTH,4,5,7,3801,0,0,0,,0,3E15D,"STEINER ST","GOLDEN GATE AV",0.00,,-,A,-,N,,,,,,,,,,Y,4,0,1,2,A,-,09,21801,A,N,D,G,A,A,D,H,B,A,0,,,,,Y,,A,01,0,0,1,0,0,0,0,0,0,"- ","- ",,,"SAN FRANCISCO","SAN FRANCISCO",,
9468651,2023,2023-09-20,3801,2023-08-17,1540,1246,BAYVI,4,5,7,3801,0,0,0,,0,3C15D,"3RD ST","VAN DYKE AV",0.00,,Y,A,-,N,,,,,,,,,,N,3,0,1,2,A,-,03,22350,,N,H,G,A,A,H,-,A,D,0,,Y,,,Y,,L,04,0,1,0,0,0,0,1,0,0,"- ","- ",,,"SAN FRANCISCO","SAN FRANCISCO",,
9468654,2023,2023-09-21,3801,2023-08-19,2045,1414,MISSI,6,5,7,3801,0,0,0,,0,3D11D,"13TH ST","MISSION ST",0.00,,Y,A,-,N,,,,,,,,,,N,3,0,1,2,A,-,12,21453,,F,D,C,A,A,H,-,C,A,0,,,Y,,Y,,A,01,0,1,0,0,0,0,0,0,1,"- ","- ",,,"SAN FRANCISCO","SAN FRANCISCO",,
9468655,2023,2023-09-21,3801,2023-08-19,2114,4103,MISSI,6,5,7,3801,0,0,0,,0,903,"15TH ST","15TH ST 1600",0.00,,-,A,-,N,,,,,,,,,,N,3,0,1,2,A,-,17,22517,,N,H,G,A,A,H,-,-,-,0,,Y,,,Y,,A,01,0,1,0,0,0,0,1,0,0,"- ","- ",,,"SAN FRANCISCO","SAN FRANCISCO",,
9468657,2023,2023-09-21,3801,2023-08-22,"845 ",1061,SOUTH,2,5,7,3801,0,0,0,,0,3B14A,"MARKET ST","OCTAVIA ST",0.00,,Y,A,-,N,,,,,,,,,,N,4,0,1,2,A,-,08,22101,D,N,D,G,A,A,H,-,A,A,0,,Y,,,Y,,A,01,0,0,1,0,0,0,1,0,0,"- ","- ",,,"SAN FRANCISCO","SAN FRANCISCO",,
9468658,2023,2023-09-21,3801,2023-08-21,1801,2038,PARK,1,5,7,3801,0,0,0,,0,3F13D,"PARKER AV","ANZA ST",223.00,S,N,A,-,N,,,,,,,,,,N,3,0,1,2,A,-,09,21804,,N,H,A,A,A,H,-,A,D,0,,,Y,,Y,,A,01,0,1,0,0,0,0,0,0,1,"- ","- ",,,"SAN FRANCISCO","SAN FRANCISCO",-122.45376586914062,37.779621124267578
9468660,2023,2023-09-21,3801,2023-08-20,2302,1217,MISSI,7,5,7,3801,0,0,0,,0,,"DOLORES ST","19TH ST",0.00,,Y,A,-,N,,,,,,,,,,,3,0,1,2,A,-,"- ",,,N,D,G,A,A,H,-,C,A,0,,Y,,,Y,,L,04,0,1,0,0,0,0,1,0,0,"- ","- ",,,"SAN FRANCISCO","SAN FRANCISCO",,
9468662,2023,2023-09-14,3801,2023-08-13,1120,2263,TARAV,7,5,7,3801,0,0,0,,0,3I11A,"JUDAH ST",FUNSTON,54.00,W,N,A,-,N,,,,,,,,,,N,4,0,1,2,A,-,09,21804,A,N,E,I,A,A,H,-,A,-,0,,,Y,,Y,,A,01,0,0,1,0,0,0,0,0,1,"- ","- ",,,"SAN FRANCISCO","SAN FRANCISCO",-122.47066497802734,37.762031555175781
9468663,2023,2023-09-21,3801,2023-08-14,"0   ",2157,RICHM,1,5,7,3801,0,0,0,,0,003,"GEARY BL","15TH AV",94.00,E,N,A,-,N,,,,,,,,,,Y,3,0,2,2,A,-,03,22350,,N,C,C,A,A,H,-,C,A,0,,,,,Y,,A,01,0,1,1,0,0,0,0,0,0,"- ","- ",,,"SAN FRANCISCO","SAN FRANCISCO",-122.47366333007812,37.780651092529297
9468666,2023,2023-09-11,3801,2023-08-10,1827,1066,NORTH,4,5,7,3801,0,0,0,,0,6CAR,"BROADWAY ST","POLK ST",0.00,,Y,A,-,N,,,,,,,,,,Y,4,0,3,3,A,-,09,21804,A,N,-,-,A,A,D,-,A,A,0,,,,,Y,,A,01,0,0,3,0,0,0,0,0,0,"- ","- ",,,"SAN FRANCISCO","SAN FRANCISCO",,
9468669,2023,2023-09-11,3801,2023-08-14,1536,A09968,PARK,1,5,7,3801,0,0,0,,0,3F2D,"CLAYTON ST","MARKET ST",0.00,,Y,A,-,N,,,,,,,,,,N,4,0,1,2,A,-,04,21703,,N,C,G,A,-,H,-,A,A,0,,Y,,,Y,,A,07,0,0,1,0,0,0,1,0,0,"- ","- ",,,"SAN FRANCISCO","SAN FRANCISCO",,
9468678,2023,2023-09-08,3801,2023-08-19,2124,2740,TARAV,6,5,7,3801,0,0,0,,0,INGLES,"MISSION ST","GENEVA AV",0.00,,Y,A,-,N,,,,,,,,,,N,4,0,1,2,A,-,09,21801,,F,B,-,A,A,H,-,C,A,0,,,,,Y,,A,01,0,0,1,0,0,0,0,0,0,"- ","- ",,,"SAN FRANCISCO","SAN FRANCISCO",,
9468682,2023,2023-09-14,3801,2023-08-10,"513 ",2157,RICHM,4,5,7,3801,0,0,0,,0,005,"42ND AV","BALBOA ST",310.00,N,N,A,-,N,,,,,,,,,,Y,4,0,1,5,A,-,05,21650,,N,A,E,A,B,H,-,C,D,0,,,,,Y,,-,,0,0,1,0,0,0,0,0,0,"- ","- ",,,"SAN FRANCISCO","SAN FRANCISCO",-122.50273132324219,37.776332855224609
9468689,2023,2023-09-15,3801,2023-08-09,1018,1832,TENDE,3,5,7,3801,0,0,0,,0,3J30,"CYRIL MAGNIN ST","ELLIS ST",0.00,,Y,A,-,N,,,,,,,,,,Y,3,0,1,2,A,-,00,16028,C,N,D,C,A,A,H,-,A,A,0,,,,,Y,Y,A,01,0,1,0,0,0,0,0,0,0,"- ","- ",,,"SAN FRANCISCO","SAN FRANCISCO",,
9468695,2023,2023-09-14,3801,2023-08-10,2131,1857,NORTH,4,5,7,3801,0,0,0,,0,3E6I,"PIERCE ST","ELM ST",0.00,,Y,A,-,N,,,,,,,,,,N,4,0,2,2,A,-,09,21801,A,N,D,D,A,A,H,-,C,D,0,,,,,Y,,A,01,0,0,2,0,0,0,0,0,0,"- ","- ",,,"SAN FRANCISCO","SAN FRANCISCO",,
9468698,2023,2023-10-05,3801,2023-08-10,"850 ",2190,INGLE,4,5,7,3801,0,0,0,,0,3H13A,"30TH ST","CHENERY ST",0.00,,Y,A,-,N,,,,,,,,,,Y,3,0,3,3,A,-,12,22450,A,N,D,C,A,A,H,-,A,A,0,,,,,Y,,A,01,0,1,2,0,0,0,0,0,0,"- ","- ",,,"SAN FRANCISCO","SAN FRANCISCO",,
9468700,2023,2023-09-14,3801,2023-08-12,1700,319,CENTR,6,5,7,3801,0,0,0,,0,3A13D,"WASHINGTON ST","HYDE ST",0.00,,Y,A,-,N,,,,,,,,,,N,4,0,1,2,A,-,03,22350,,F,D,B,B,A,H,-,A,A,0,Y,,,,Y,,A,01,0,0,1,0,1,0,0,0,0,"- ","- ",,,"SAN FRANCISCO","SAN FRANCISCO",,
9468702,2023,2023-09-15,3801,2023-08-09,1452,4274,RICHM,3,5,7,3801,0,0,0,,0,3G15C,"27TH AV","GEARY BL",41.00,N,N,A,-,N,,,,,,,,,,Y,4,0,1,2,A,-,03,22350,,N,B,E,A,A,H,-,A,A,0,,,,,Y,,A,01,0,0,1,0,0,0,0,0,0,"- ","- ",,,"SAN FRANCISCO","SAN FRANCISCO",-122.48690032958984,37.780162811279297
9468706,2023,2023-09-14,3801,2023-08-08,1551,260,SOUTH,2,5,7,3801,0,0,0,,0,3B12D,"4TH ST","FOLSOM ST",0.00,,Y,A,-,N,,,,,,,,,,N,4,0,1,2,A,-,04,21703,,N,C,G,A,A,H,-,A,A,0,,Y,,,Y,,A,01,0,0,1,0,0,0,1,0,0,"- ","- ",,,"SAN FRANCISCO","SAN FRANCISCO",,
9468714,2023,2023-09-14,3801,2023-08-08,1413,2097,BAYVI,2,5,7,3801,0,0,0,,0,3C2A,"OAKDALE AV","LOOMIS ST",0.00,,Y,A,-,N,,,,,,,,,,N,4,0,2,2,A,-,09,21802,A,N,D,C,A,A,H,-,A,A,0,,,,,Y,,A,01,0,0,2,0,0,0,0,0,0,"- ","- ",,,"SAN FRANCISCO","SAN FRANCISCO",,
9468715,2023,2023-09-15,3801,2023-08-10,1710,2143,MISSI,4,5,7,3801,0,0,0,,0,3D16D,"16TH ST","BRYANT ST",237.00,E,N,A,-,N,,,,,,,,,,N,4,0,1,2,A,-,09,21801,A,N,D,C,A,A,H,-,A,D,0,,,,,Y,,A,01,0,0,1,0,0,0,0,0,0,"- ","- ",,,"SAN FRANCISCO","SAN FRANCISCO",-122.40969848632812,37.765632629394531
9468780,2023,2023-09-12,3801,2023-07-29,1153,4006,TARAV,6,5,7,3801,0,0,0,,0,3112B,"ORTEGA ST","20TH AV",0.00,,Y,A,-,N,,,,,,,,,,Y,4,0,2,2,A,-,12,22450,A,N,D,C,A,A,H,-,A,A,0,,,,,Y,,A,01,0,0,2,0,0,0,0,0,0,"- ","- ",,,"SAN FRANCISCO","SAN FRANCISCO",,
9468783,2023,2023-09-12,3801,2023-07-19,1625,1994,TRAFF,3,5,7,3801,0,0,0,,0,4B3G,"MARKET ST","CYRIL MAGNIN ST",30.00,W,N,A,-,N,,,,,,,,,,N,3,0,2,2,A,-,05,21651,,N,A,G,A,A,D,-,A,A,0,,Y,,,Y,,M,94,0,2,0,0,0,0,1,0,0,"- ","- ",,,"SAN FRANCISCO","SAN FRANCISCO",-122.40813446044922,37.783939361572266
9468786,2023,2023-09-12,3801,2023-07-30,1235,1364,NORTH,7,5,7,3801,0,0,0,,0,3E6A,"LAGUNA ST","MARINA BL",0.00,,N,A,-,N,,,,,,,,,,N,2,0,1,2,A,-,09,21804,A,F,D,B,D,A,H,-,A,D,0,Y,,,,Y,,A,07,1,0,0,0,1,0,0,0,0,"- ","- ",,,"SAN FRANCISCO","SAN FRANCISCO",,
9468789,2023,2023-09-12,3801,2023-07-16,"300 ",2153,TARAV,7,5,7,3801,0,0,0,,0,3115E,"JUNIPERO SERRA BL","19TH AV",0.00,,Y,A,-,N,,,,,,,,,,Y,4,0,1,2,A,-,03,22350,,F,C,C,A,A,H,-,C,A,0,,,,,Y,,-,,0,0,1,0,0,0,0,0,0,"- ","- ",,,"SAN FRANCISCO","SAN FRANCISCO",,
9468791,2023,2023-09-11,3801,2023-07-11,1020,2476,SOUTH,2,5,7,3801,0,0,0,,0,3B14A,"MISSION ST","MISSION ST 680",0.00,,N,A,-,N,,,,,,,,,,Y,4,0,2,2,A,-,08,22107,,N,B,C,A,A,-,-,A,D,0,,,,,Y,,A,01,0,0,2,0,0,0,0,0,0,"- ","- ",,,"SAN FRANCISCO","SAN FRANCISCO",,
9468794,2023,2023-09-11,3801,2023-07-26,2020,964,NORTH,3,5,7,3801,0,0,0,,0,3E14D,POST,"FILLMORE ST",0.00,,Y,A,-,N,,,,,,,,,,N,3,0,1,3,A,-,03,22350,,F,C,C,A,A,H,-,C,D,0,,,Y,,Y,,-,,0,1,0,0,0,0,0,0,1,"- ","- ",,,"SAN FRANCISCO","SAN FRANCISCO",,
9468795,2023,2023-10-05,3801,2023-07-22,1336,637,MISSI,6,5,7,3801,0,0,0,,0,3D14C,"CESAR CHAVEZ ST","MISSION ST",0.00,,Y,A,-,N,,,,,,,,,,N,2,0,2,2,A,-,12,21453,A,N,D,C,A,A,H,-,A,A,0,,,,,Y,,M,94,1,0,1,0,0,0,0,0,0,"- ","- ",,,"SAN FRANCISCO","SAN FRANCISCO",,
9468800,2023,2023-09-11,3801,2023-07-25,1656,93,NORTH,2,5,7,3801,0,0,0,,0,3E6C,"VAN NESS AV","FRANCISCO ST",10.00,S,N,A,-,N,,,,,,,,,,N,4,0,1,2,A,-,08,22100,A,N,D,G,A,A,H,-,A,A,0,,Y,,,Y,,A,01,0,0,1,0,0,0,1,0,0,"- ","- ",,,"SAN FRANCISCO","SAN FRANCISCO",-122.42495727539062,37.803173065185547
9468801,2023,2023-09-11,3801,2023-07-26,2210,1706,SOUTH,3,5,7,3801,0,0,0,,0,3B14E,"HARRISON ST","HARRISON ST 674",0.00,,N,A,-,N,,,,,,,,,,N,4,0,1,2,D,-,00,,,N,B,G,A,A,H,-,D,A,0,,Y,,,Y,,-,"- ",0,0,1,0,0,0,1,0,0,"- ","- ",,,"SAN FRANCISCO","SAN FRANCISCO",,
9468809,2023,2023-09-11,3801,2023-07-30,1051,2151,PARK,7,5,7,3801,0,0,0,,0,3F13A,"MASONIC AV","OAK ST",0.00,,Y,A,-,N,,,,,,,,,,N,4,0,2,3,A,-,08,22107,,N,G,B,B,A,H,-,A,A,0,Y,,,,Y,,A,01,0,0,2,0,2,0,0,0,0,"- ","- ",,,"SAN FRANCISCO","SAN FRANCISCO",,
9468811,2023,2023-09-21,3801,2023-07-28,2136,740,MISSI,5,5,7,3801,0,0,0,,0,0D4,"24TH ST","CAPP ST",60.00,W,N,A,-,N,,,,,,,,,,N,3,0,1,2,A,-,17,22517,,N,B,E,A,A,H,-,C,D,0,,,,,Y,,A,01,0,1,0,0,0,0,0,0,0,"- ","- ",,,"SAN FRANCISCO","SAN FRANCISCO",-122.41754913330078,37.752300262451172
9468812,2023,2023-09-11,3801,2023-07-24,1540,4047,MISSI,1,5,7,3801,0,0,0,,0,3D16D,"FOLSOM ST","17TH ST",166.00,N,N,A,-,N,,,,,,,,,,N,4,0,1,2,A,-,17,22517,,N,H,G,A,A,H,-,A,D,0,,Y,,,Y,,A,01,0,0,1,0,0,0,1,0,0,"- ","- ",,,"SAN FRANCISCO","SAN FRANCISCO",-122.41519165039062,37.764144897460938
9468828,2023,2023-09-13,3801,2023-07-25,1809,4103,MISSI,2,5,7,3801,0,0,0,,0,903,"CYPRESS ST","26TH ST",0.00,,Y,A,-,N,,,,,,,,,,Y,4,0,2,4,A,-,01,23152,F,N,D,C,A,A,H,-,A,D,0,,,,,Y,Y,A,01,0,0,2,0,0,0,0,0,0,"- ","- ",,,"SAN FRANCISCO","SAN FRANCISCO",,
9468850,2023,2023-09-12,3801,2023-06-09,1243,2123,BAYVI,5,5,7,3801,0,0,0,,0,3C12A,"LOOMIS ST","OAKDALE AV",0.00,,Y,A,-,N,,,,,,,,,,Y,3,0,1,2,A,-,09,21802,A,N,D,C,A,A,H,-,A,A,0,,,,,Y,,A,01,0,1,0,0,0,0,0,0,0,"- ","- ",,,"SAN FRANCISCO","SAN FRANCISCO",,
9468931,2023,2023-09-11,3801,2023-04-30,2156,1830,CENTR,7,5,7,3801,0,0,0,,0,3A12E,"TAYLOR ST","GEARY ST",0.00,,Y,A,-,N,,,,,,,,,,N,4,0,1,2,A,-,12,21453,A,N,D,J,A,A,H,-,C,A,0,,,Y,,Y,,C,03,0,0,1,0,0,0,0,0,1,"- ","- ",,,"SAN FRANCISCO","SAN FRANCISCO",,
9469443,2023,2023-09-13,3801,2023-08-30,1509,2499,TARAV,3,5,7,3801,0,0,0,,0,,"LINCOLN WY","22ND AV",0.00,,Y,A,-,N,,,,,,,,,,Y,4,0,3,2,A,-,08,22100,B,N,D,C,A,A,H,-,A,D,0,,,,,Y,,A,01,0,0,3,0,0,0,0,0,0,"- ","- ",,,"SAN FRANCISCO","SAN FRANCISCO",,
9469448,2023,2023-09-13,3801,2023-08-29,1337,1051,NORTH,2,5,7,3801,0,0,0,,0,3E13C,"POST ST","POLK ST",0.00,,Y,A,-,N,,,,,,,,,,N,4,0,1,2,A,-,12,21453,A,N,D,G,A,A,H,-,A,A,0,,Y,,,Y,,L,04,0,0,1,0,0,0,1,0,0,"- ","- ",,,"SAN FRANCISCO","SAN FRANCISCO",,
9469449,2023,2023-09-21,3801,2023-08-27,1604,2718,BAYVI,7,5,7,3801,0,0,0,,0,3C11D,"BAYSHORE BL","QUNIT ST",0.00,,Y,A,-,N,,,,,,,,,,Y,3,0,3,2,A,-,09,21801,A,N,D,C,A,A,H,-,A,A,0,,,,,Y,,A,01,0,1,2,0,0,0,0,0,0,"- ","- ",,,"SAN FRANCISCO","SAN FRANCISCO",,
9469450,2023,2023-09-13,3801,2023-08-27,1951,158,NORTH,7,5,7,3801,0,0,0,,0,3E14D,"STEINER ST","FELL ST",0.00,,Y,A,-,N,,,,,,,,,,N,4,0,2,2,A,-,09,21801,A,N,A,C,A,A,H,-,B,A,0,,,Y,,Y,,A,01,0,0,2,0,0,0,0,0,2,"- ","- ",,,"SAN FRANCISCO","SAN FRANCISCO",,
9469454,2023,2023-09-13,3801,2023-08-26,"144 ",2307,NORTH,6,5,7,3801,0,0,0,,0,3E13E,"VAN NESS AV","SUTTER ST",0.00,,Y,A,-,N,,,,,,,,,,N,4,0,1,2,A,-,12,21453,A,N,G,B,B,A,H,-,C,A,0,Y,,,,Y,Y,A,01,0,0,1,0,1,0,0,0,0,"- ","- ",,,"SAN FRANCISCO","SAN FRANCISCO",,
9469458,2023,2023-09-21,3801,2023-08-17,1400,1759,PARK,4,5,7,3801,0,0,0,,0,,"ASHBURY ST","CLAYTON ST",32.00,E,N,A,-,N,,,,,,,,,,N,3,0,1,2,A,-,08,22107,,N,D,G,A,A,H,-,A,D,0,,Y,,,Y,Y,L,04,0,1,0,0,0,0,1,0,0,"- ","- ",,,"SAN FRANCISCO","SAN FRANCISCO",-122.44696044921875,37.762763977050781
9469459,2023,2023-09-13,3801,2023-08-28,"900 ",1210,INGLE,1,5,7,3801,0,0,0,,0,0H1,"ALEMANY BL","SAN BRUNO AV",0.00,,Y,A,-,N,,,,,,,,,,N,4,0,1,2,A,-,08,22107,,N,H,A,A,A,H,-,A,D,0,,,Y,,Y,,A,01,0,0,1,0,0,0,0,0,1,"- ","- ",,,"SAN FRANCISCO","SAN FRANCISCO",,
9469529,2023,2023-10-02,3801,2023-08-26,1102,1394,MISSI,6,5,7,3801,0,0,0,,0,006,"POTRERO AV","23RD ST",0.00,,Y,A,-,N,,,,,,,,,,Y,4,0,2,3,A,-,09,21801,A,N,D,C,A,A,H,-,A,D,0,,,,,Y,,A,01,0,0,2,0,0,0,0,0,0,"- ","- ",,,"SAN FRANCISCO","SAN FRANCISCO",,
9469530,2023,2023-10-02,3801,2023-08-26,1411,2728,TENDE,6,5,7,3801,0,0,0,,0,908,"EDDY ST","HYDE ST",0.00,,Y,A,-,N,,,,,,,,,,Y,2,0,1,2,A,-,09,21801,A,N,F,G,A,A,H,-,A,A,0,,Y,,,Y,,A,01,1,0,0,0,0,0,1,0,0,"- ","- ",,,"SAN FRANCISCO","SAN FRANCISCO",,
9469531,2023,2023-10-02,3801,2023-08-25,1920,1875,BAYVI,5,5,7,3801,0,0,0,,0,3C13D,"LA SALLE AV","OSCEOLA LN",300.00,E,N,A,-,N,,,,,,,,,,Y,3,0,1,2,A,-,01,23152,A,M,C,E,A,A,H,-,A,D,0,,,,,Y,Y,A,01,0,1,0,0,0,0,0,0,0,"- ","- ",,,"SAN FRANCISCO","SAN FRANCISCO",-122.38291168212891,37.732070922851562
9469532,2023,2023-10-02,3801,2023-08-26,"900 ",4356,INGLE,6,5,7,3801,0,0,0,,0,3H15A,"GENEVA AV","MOSCOW ST",0.00,,Y,A,-,N,,,,,,,,,,Y,3,0,2,2,A,-,09,21801,A,N,D,C,A,A,H,-,A,A,0,,,,,Y,,A,01,0,2,0,0,0,0,0,0,0,"- ","- ",,,"SAN FRANCISCO","SAN FRANCISCO",,
9469533,2023,2023-10-02,3801,2023-08-25,1706,2461,SOUTH,5,5,7,3801,0,0,0,,0,0B1,"THE EMBARCADERO","FOLSOM ST",0.00,,Y,A,-,N,,,,,,,,,,N,3,0,1,2,-,-,"- ",,,N,H,G,A,A,H,-,A,A,0,,Y,,,Y,,-,"- ",0,1,0,0,0,0,1,0,0,"- ","- ",,,"SAN FRANCISCO","SAN FRANCISCO",,
9469537,2023,2023-10-02,3801,2023-08-24,1534,2390,MISSI,4,5,7,3801,0,0,0,,0,3D16D,"YORK ST","24TH ST",198.00,N,N,A,-,N,,,,,,,,,,Y,3,0,1,4,A,-,09,21804,A,N,B,C,A,A,H,-,A,D,0,,,,,Y,,A,01,0,1,0,0,0,0,0,0,0,"- ","- ",,,"SAN FRANCISCO","SAN FRANCISCO",-122.40823364257812,37.753414154052734
9469538,2023,2023-10-02,3801,2023-08-24,1828,1845,TARAV,4,5,7,3801,0,0,0,,0,3I11D,"JUDAH ST","18TH AV",0.00,,Y,A,-,N,,,,,,,,,,Y,3,0,1,2,A,-,08,22101,D,N,D,C,A,A,H,-,A,A,0,,,Y,,Y,,A,01,0,1,0,0,0,0,0,0,1,"- ","- ",,,"SAN FRANCISCO","SAN FRANCISCO",,
9469546,2023,2023-10-09,3801,2023-08-23,"840 ",1759,PARK,3,5,7,3801,0,0,0,,0,3F14A,"BRODERICK ST","OAK ST",0.00,,Y,A,-,N,,,,,,,,,,N,3,0,1,2,A,-,10,21950,A,N,G,B,B,A,H,-,A,A,0,Y,,,,Y,,A,07,0,1,0,0,1,0,0,0,0,"- ","- ",,,"SAN FRANCISCO","SAN FRANCISCO",,
9469549,2023,2023-10-03,3801,2023-08-12,1150,2392,MISSI,6,5,7,3801,0,0,0,,0,,"17TH ST","POTRERO AV",60.00,E,N,A,-,N,,,,,,,,,,N,4,0,1,2,A,-,05,21460,A,N,B,C,A,A,H,-,A,D,0,,,Y,,Y,,C,03,0,0,1,0,0,0,0,0,1,"- ","- ",,,"SAN FRANCISCO","SAN FRANCISCO",-122.40721893310547,37.764499664306641
9469552,2023,2023-10-03,3801,2023-08-12,2354,2489,SOUTH,6,5,7,3801,0,0,0,,0,3B3E,"HARRIET ST","BRYANT ST",0.00,,Y,A,-,N,,,,,,,,,,N,3,0,1,2,A,-,"- ",,,N,A,B,E,A,H,-,C,D,0,Y,,,,Y,Y,A,01,0,1,0,0,1,0,0,0,0,"- ","- ",,,"SAN FRANCISCO","SAN FRANCISCO",,
9469619,2023,2023-09-14,3801,2023-08-14,2002,704,BAYVI,1,5,7,3801,0,0,0,,0,3C13D,"EVANS AV","JENNINGS ST",0.00,,Y,A,-,N,,,,,,,,,,Y,3,0,1,2,A,-,12,22450,A,N,-,C,A,A,H,-,B,A,0,,,,,Y,,A,01,0,1,0,0,0,0,0,0,0,"- ","- ",,,"SAN FRANCISCO","SAN FRANCISCO",,
9469868,2023,2023-09-25,3801,2023-08-28,2053,1666,PARK,1,5,7,3801,0,0,0,,0,4-CAR,"WEBSTER ST","HERMANN ST",0.00,,Y,A,-,N,,,,,,,,,,Y,4,0,3,3,A,-,03,22350,,F,A,C,A,A,H,-,C,A,0,,,,,Y,Y,A,01,0,0,3,0,0,0,0,0,0,"- ","- ",,,"SAN FRANCISCO","SAN FRANCISCO",,
9469975,2023,2023-09-13,3801,2023-06-03,"321 ",1113,PARK,6,5,7,3801,0,0,0,,0,3F14E,"STANYAN ST","HAYES ST",0.00,,Y,A,-,N,,,,,,,,,,N,4,0,1,2,A,-,03,22350,,N,C,C,A,A,H,-,C,A,0,,,,,Y,,A,01,0,0,1,0,0,0,0,0,0,"- ","- ",,,"SAN FRANCISCO","SAN FRANCISCO",,
9472006,2022,2022-07-19,3801,2022-06-07,1425,986,TARAV,2,5,7,3801,0,0,0,,0,3I14B,"SKYLINE BL","JOHN MUIR DR",0.00,,Y,A,-,N,,,,,,,,,,Y,3,0,2,3,A,-,12,21453,A,N,D,C,A,A,H,-,A,A,0,,,,,Y,,A,07,0,1,1,0,0,0,0,0,0,"- ","- ",,,"SAN FRANCISCO","SAN FRANCISCO",-122.50016021728516,37.718944549560547