CASE_ID,ACCIDENT_YEAR,PROC_DATE,JURIS,COLLISION_DATE,COLLISION_TIME,OFFICER_ID,REPORTING_DISTRICT,DAY_OF_WEEK,CHP_SHIFT,POPULATION,CNTY_CITY_LOC,SPECIAL_COND,BEAT_TYPE,CHP_BEAT_TYPE,CITY_DIVISION_LAPD,CHP_BEAT_CLASS,BEAT_NUMBER,PRIMARY_RD,SECONDARY_RD,DISTANCE,DIRECTION,INTERSECTION,WEATHER_1,WEATHER_2,STATE_HWY_IND,CALTRANS_COUNTY,CALTRANS_DISTRICT,STATE_ROUTE,ROUTE_SUFFIX,POSTMILE_PREFIX,POSTMILE,LOCATION_TYPE,RAMP_INTERSECTION,SIDE_OF_HWY,TOW_AWAY,COLLISION_SEVERITY,NUMBER_KILLED,NUMBER_INJURED,PARTY_COUNT,PRIMARY_COLL_FACTOR,PCF_CODE_OF_VIOL,PCF_VIOL_CATEGORY,PCF_VIOLATION,PCF_VIOL_SUBSECTION,HIT_AND_RUN,TYPE_OF_COLLISION,MVIW,PED_ACTION,ROAD_SURFACE,ROAD_COND_1,ROAD_COND_2,LIGHTING,CONTROL_DEVICE,CHP_ROAD_TYPE,PEDESTRIAN_ACCIDENT,BICYCLE_ACCIDENT,MOTORCYCLE_ACCIDENT,TRUCK_ACCIDENT,NOT_PRIVATE_PROPERTY,ALCOHOL_INVOLVED,STWD_VEHTYPE_AT_FAULT,CHP_VEHTYPE_AT_FAULT,COUNT_SEVERE_INJ,COUNT_VISIBLE_INJ,COUNT_COMPLAINT_PAIN,COUNT_PED_KILLED,COUNT_PED_INJURED,COUNT_BICYCLIST_KILLED,COUNT_BICYCLIST_INJURED,COUNT_MC_KILLED,COUNT_MC_INJURED,PRIMARY_RAMP,SECONDARY_RAMP,LATITUDE,LONGITUDE,COUNTY,CITY,POINT_X,POINT_Y
9472114,2022,2022-07-14,3801,2022-06-05,1645,2716,PARK,7,5,7,3801,0,0,0,,0,3F13D,"STANYAN ST","PAGE ST",120.00,N,N,B,-,N,,,,,,,,,,N,3,0,1,2,A,-,08,22107,,N,D,C,A,A,H,-,A,D,0,,,Y,,Y,,A,01,0,1,0,0,0,0,0,0,1,"- ","- ",,,"SAN FRANCISCO","SAN FRANCISCO",-122.45378112792969,37.770427703857422
9472118,2022,2022-07-14,3801,2022-06-15,0752,1129,TARAV,3,5,7,3801,0,0,0,,0,002,"NORIEGA ST","21ST AV",0.00,,Y,A,-,N,,,,,,,,,,N,4,0,1,2,A,-,10,21950,A,N,-,B,B,A,H,-,A,A,0,Y,,,,Y,,A,01,0,0,1,0,1,0,0,0,0,"- ","- ",,,"SAN FRANCISCO","SAN FRANCISCO",-122.47863006591797,37.754127502441406
9472211,2022,2022-07-20,3801,2022-05-31,1043,392,MISSI,2,5,7,3801,0,0,0,,0,3D14A,"26TH ST","MISSION ST",7.00,E,N,A,-,N,,,,,,,,,,N,3,0,1,2,A,-,10,21950,A,N,D,B,B,B,H,-,A,A,0,Y,,,,Y,,A,01,0,1,0,0,1,0,0,0,0,"- ","- ",,,"SAN FRANCISCO","SAN FRANCISCO",-122.41811370849609,37.749061584472656
9472212,2022,2022-07-20,3801,2022-05-29,1234,1511,BAYVI,7,5,7,3801,0,0,0,,0,3C14C,"BAYSHORE BL","SALINAS AV",0.00,,Y,A,-,N,,,,,,,,,,Y,3,0,2,2,A,-,08,22107,,N,D,C,A,A,H,-,A,D,0,,,,,Y,,A,08,0,1,1,0,0,0,0,0,0,"- ","- ",,,"SAN FRANCISCO","SAN FRANCISCO",-122.39991760253906,37.7215576171875
9472254,2022,2022-07-20,3801,2022-06-24,1536,2202,INGLE,5,5,7,3801,0,0,0,,0,3H13A,"BOSWORTH ST","BROMPTON AV",0.00,,Y,A,-,N,,,,,,,,,,Y,3,0,1,2,A,-,07,21658,A,N,F,C,A,A,H,-,A,D,0,,,,,Y,,A,01,0,1,0,0,0,0,0,0,0,"- ","- ",,,"SAN FRANCISCO","SAN FRANCISCO",-122.43499755859375,37.733688354492188
9472255,2022,2022-11-04,3801,2022-06-01,1305,1501,INGLE,3,5,7,3801,0,0,0,,0,3H13A,"MISSION ST","EXCELSIOR AV",52.00,N,N,A,-,N,,,,,,,,,,N,4,0,1,2,A,-,04,21703,,N,-,C,A,A,H,-,A,A,0,,,,,Y,,A,01,0,0,1,0,0,0,0,0,0,"- ","- ",,,"SAN FRANCISCO","SAN FRANCISCO",-122.43354797363281,37.726360321044922
9472257,2022,2022-07-21,3801,2022-06-04,0737,2202,INGLE,6,5,7,3801,0,0,0,,0,3H13A,"ALEMANY BL","CONGDON ST",0.00,,Y,A,-,N,,,,,,,,,,Y,3,0,2,2,A,-,12,21453,A,N,D,C,A,A,H,-,A,A,0,,,,Y,Y,,F,21,0,1,1,0,0,0,0,0,0,"- ","- ",,,"SAN FRANCISCO","SAN FRANCISCO",-122.42619323730469,37.731166839599609
9472259,2022,2022-08-31,3801,2022-06-23,1400,312,TARAV,4,5,7,3801,0,0,0,,0,2CAR,"SANTIAGO ST","19TH AV",0.00,,Y,B,-,N,,,,,,,,,,N,4,0,1,2,A,-,09,21804,A,F,D,C,A,A,H,-,A,D,0,,,,,Y,Y,A,01,0,0,1,0,0,0,0,0,0,"- ","- ",,,"SAN FRANCISCO","SAN FRANCISCO",-122.47579956054688,37.744903564453125
9472268,2022,2022-07-20,3801,2022-03-18,1531,2580,SOUTH,5,5,7,3801,0,0,0,,0,901,"8TH ST","HARRISON ST",20.00,S,N,A,-,N,,,,,,,,,,N,4,0,1,2,A,-,08,22107,,N,D,J,A,A,H,-,A,A,0,,,Y,,Y,,A,01,0,0,1,0,0,0,0,0,1,"- ","- ",,,"SAN FRANCISCO","SAN FRANCISCO",-122.40847778320312,37.773719787597656
9472269,2022,2022-07-20,3801,2022-03-05,1853,2241,NORTH,6,5,7,3801,0,0,0,,0,3E13D,"EDDY ST","FRANKLIN ST",0.00,,Y,A,-,N,,,,,,,,,,N,4,0,1,2,A,-,08,22107,,N,B,G,A,A,H,-,C,A,0,,Y,,,Y,,-,,0,0,1,0,0,0,1,0,0,"- ","- ",,,"SAN FRANCISCO","SAN FRANCISCO",-122.42243957519531,37.782665252685547
9472273,2022,2022-07-20,3801,2022-04-04,1608,2475,CENTR,1,5,7,3801,0,0,0,,0,3A11D,"GEARY ST","HYDE ST",0.00,,Y,A,-,N,,,,,,,,,,N,4,0,1,2,A,-,05,21650,1,N,A,G,A,A,-,-,A,D,0,,Y,,,Y,,L,04,0,0,1,0,0,0,1,0,0,"- ","- ",,,"SAN FRANCISCO","SAN FRANCISCO",-122.41645050048828,37.786319732666016
9478918,2022,2022-08-09,3801,2022-04-13,0610,4294,NORTH,3,5,7,3801,0,0,0,,0,0E1,"OCTAVIA ST","PAGE ST",0.00,,Y,A,-,N,,,,,,,,,,N,3,0,1,2,A,-,12,21453,A,F,D,G,A,A,H,-,A,A,0,,Y,,,Y,,A,01,0,1,0,0,0,0,1,0,0,"- ","- ",,,"SAN FRANCISCO","SAN FRANCISCO",-122.42411041259766,37.773883819580078
9478920,2022,2022-08-09,3801,2022-04-23,0714,1936,TRAFF,6,5,7,3801,0,0,0,,0,4B1D,"BROTHERHOOD WY","ARCH ST",0.00,,Y,A,-,N,,,,,,,,,,Y,2,0,1,2,A,-,11,21453,D,N,D,C,A,A,H,-,A,A,0,,,Y,,Y,,C,02,1,0,0,0,0,0,0,0,1,"- ","- ",,,"SAN FRANCISCO","SAN FRANCISCO",-122.46707916259766,37.712368011474609
9478957,2022,2022-10-03,3801,2022-07-07,1831,1442,NORTH,4,5,7,3801,0,0,0,,0,3E12D,"TURK ST","STEINER ST",0.00,,Y,A,-,N,,,,,,,,,,Y,4,0,2,2,A,-,12,21453,A,N,D,C,A,A,H,-,A,A,0,,,,,Y,,A,01,0,0,2,0,0,0,0,0,0,"- ","- ",,,"SAN FRANCISCO","SAN FRANCISCO",-122.43376922607422,37.780300140380859
9478959,2022,2022-08-10,3801,2022-07-09,0319,1713,NORTH,6,5,7,3801,0,0,0,,0,3E2E,"FRANKLIN ST","CALIFORNIA ST",0.00,,Y,B,-,N,,,,,,,,,,N,3,0,1,2,A,-,03,22350,,N,C,C,A,B,H,-,C,A,0,,,Y,,Y,,C,02,0,1,0,0,0,0,0,0,1,"- ","- ",,,"SAN FRANCISCO","SAN FRANCISCO",-122.42397308349609,37.7901611328125
9478964,2022,2022-08-10,3801,2022-07-08,1636,1696,NORTH,5,5,7,3801,0,0,0,,0,3E13D,"CALIFORNIA ST","WEBSTER ST",0.00,,Y,A,-,N,,,,,,,,,,Y,3,0,2,2,A,-,09,21801,,N,D,C,A,A,H,-,A,A,0,,,,,Y,,A,01,0,1,1,0,0,0,0,0,0,"- ","- ",,,"SAN FRANCISCO","SAN FRANCISCO",-122.43218994140625,37.789100646972656
9478976,2022,2022-08-10,3801,2022-07-02,0943,936,CENTR,6,5,7,3801,0,0,0,,0,3A13A,"NORTH POINT ST","POWELL ST",88.00,W,N,B,-,N,,,,,,,,,,N,3,0,1,2,A,-,17,22517,,N,B,G,A,A,H,-,A,D,0,,Y,,,Y,,A,01,0,1,0,0,0,0,1,0,0,"- ","- ",,,"SAN FRANCISCO","SAN FRANCISCO",-122.41242980957031,37.806728363037109
9479361,2022,2022-08-18,3801,2022-07-03,0036,2307,NORTH,7,5,7,3801,0,0,0,,0,3E15E,"LOMBARD ST","FILLMORE ST",0.00,,Y,B,-,N,,,,,,,,,,N,2,0,1,2,A,-,12,21453,A,F,G,B,B,B,H,-,C,A,0,Y,,,,Y,Y,A,01,1,0,0,0,1,0,0,0,0,"- ","- ",,,"SAN FRANCISCO","SAN FRANCISCO",-122.43605041503906,37.799846649169922
9481257,2022,2022-08-08,3801,2022-07-23,0754,488,INGLE,6,5,7,3801,0,0,0,,0,3H11A,"OSHAUGHNESSY BL","BOSWORTH ST",220.00,W,N,E,-,N,,,,,,,,,,N,4,0,1,2,A,-,03,22350,,N,B,C,A,A,H,-,A,D,0,,,,,Y,,D,22,0,0,1,0,0,0,0,0,0,"- ","- ",,,"SAN FRANCISCO","SAN FRANCISCO",-122.44264221191406,37.735809326171875
9481261,2022,2022-08-23,3801,2022-07-26,0723,310,SOUTH,2,5,7,3801,0,0,0,,0,3B12A,"OTIS ST","DUBOCE AV",149.00,N,N,A,-,N,,,,,,,,,,Y,4,0,1,3,A,-,21,22106,,F,C,C,A,A,H,-,A,D,0,,,,,Y,,-,,0,0,1,0,0,0,0,0,0,"- ","- ",,,"SAN FRANCISCO","SAN FRANCISCO",-122.42022705078125,37.770538330078125
9481269,2022,2022-08-08,3801,2022-07-16,1250,1429,CENTR,6,5,7,3801,0,0,0,,0,3A13C,"CLAY ST","WALTER U LUM PL",0.00,,Y,A,-,N,,,,,,,,,,N,4,0,1,2,A,-,08,22107,,N,B,E,A,A,H,-,A,A,0,,,,,Y,,I,09,0,0,1,0,0,0,0,0,0,"- ","- ",,,"SAN FRANCISCO","SAN FRANCISCO",-122.40565490722656,37.794357299804688
9481463,2022,2022-08-08,3801,2022-07-20,1006,4286,RICHM,3,5,7,3801,0,0,0,,0,0G4,"ANZA ST","17TH AV",0.00,,Y,A,-,N,,,,,,,,,,N,4,0,1,2,A,-,12,22450,A,N,H,G,A,A,H,-,A,D,0,,Y,,,Y,,L,04,0,0,1,0,0,0,1,0,0,"- ","- ",,,"SAN FRANCISCO","SAN FRANCISCO",-122.47602844238281,37.778545379638672
9481467,2022,2022-08-08,3801,2022-07-27,0803,1530,BAYVI,3,5,7,3801,0,0,0,,0,3C15A,"3RD ST","GILMAN AV",60.00,S,N,A,-,N,,,,,,,,,,Y,4,0,1,2,A,-,09,21804,A,N,A,C,A,A,H,-,A,A,0,,,,,Y,,A,01,0,0,1,0,0,0,0,0,0,"- ","- ",,,"SAN FRANCISCO","SAN FRANCISCO",-122.39564514160156,37.722217559814453
9481468,2022,2022-08-08,3801,2022-07-02,0222,2237,TENDE,6,5,7,3801,0,0,0,,0,3J14E,"ELLIS ST","LARKIN ST",0.00,,Y,A,-,N,,,,,,,,,,N,3,0,1,2,A,-,11,21456,B,N,G,B,B,B,H,-,C,A,0,Y,,,,Y,,N,60,0,1,0,0,1,0,0,0,0,"- ","- ",,,"SAN FRANCISCO","SAN FRANCISCO",-122.417724609375,37.784248352050781
9481469,2022,2022-08-08,3801,2022-07-12,0404,276,NORTH,2,5,7,3801,0,0,0,,0,4CAR,"GOUGH ST","PINE ST",0.00,,Y,A,-,N,,,,,,,,,,Y,4,0,1,3,A,-,12,21453,A,F,D,C,A,A,H,-,C,A,0,,,,,Y,,A,01,0,0,1,0,0,0,0,0,0,"- ","- ",,,"SAN FRANCISCO","SAN FRANCISCO",-122.42542266845703,37.789009094238281
9481470,2022,2022-08-08,3801,2022-07-24,1710,172,RICHM,7,5,7,3801,0,0,0,,0,004,"CLEMENT ST","18TH AV",0.00,,Y,B,-,N,,,,,,,,,,Y,4,0,2,2,A,-,09,21802,A,N,D,C,A,A,H,-,A,A,0,,,,,Y,,A,07,0,0,2,0,0,0,0,0,0,"- ","- ",,,"SAN FRANCISCO","SAN FRANCISCO",-122.47737884521484,37.782352447509766
9481471,2022,2022-08-08,3801,2022-07-24,0024,1750,NORTH,7,5,7,3801,0,0,0,,0,0E3,"GOUGH ST","TURK ST",7.00,S,N,A,-,N,,,,,,,,,,N,3,0,1,2,A,-,10,21950,,F,G,B,B,A,H,-,C,A,0,Y,,,,Y,,A,01,0,1,0,0,1,0,0,0,0,"- ","- ",,,"SAN FRANCISCO","SAN FRANCISCO",-122.42391967773438,37.781509399414062
9481473,2022,2022-10-07,3801,2022-07-14,1217,1015,PARK,4,5,7,3801,0,0,0,,0,1CAR,"FREDERICK ST","COLE ST",0.00,,Y,A,-,N,,,,,,,,,,N,4,0,1,2,A,-,11,21950,B,N,G,B,B,A,H,-,A,D,0,Y,,,,Y,Y,N,60,0,0,1,0,1,0,0,0,0,"- ","- ",,,"SAN FRANCISCO","SAN FRANCISCO",-122.45016479492188,37.766735076904297
9481484,2022,2022-09-08,3801,2022-07-13,1630,233,MISSI,3,5,7,3801,0,0,0,,0,03D,"17TH ST","CHURCH ST",200.00,W,N,A,-,N,,,,,,,,,,N,4,0,1,1,A,-,04,21703,,N,H,-,A,A,H,-,A,D,0,,,,,Y,,M,94,0,0,1,0,0,0,0,0,0,"- ","- ",,,"SAN FRANCISCO","SAN FRANCISCO",-122.42919921875,37.762844085693359
9481485,2022,2022-08-08,3801,2022-07-14,1843,1198,MISSI,4,5,7,3801,0,0,0,,0,,"VALENCIA ST","CUNNINGHAM PL",0.00,,Y,A,-,N,,,,,,,,,,N,4,0,1,2,A,-,11,21955,,N,A,B,D,A,H,-,A,D,0,Y,,Y,,Y,,N,60,0,0,1,0,1,0,0,0,0,"- ","- ",,,"SAN FRANCISCO","SAN FRANCISCO",-122.42134094238281,37.759384155273438
9481495,2022,2022-09-08,3801,2022-07-19,1719,2744,SOUTH,2,5,7,3801,0,0,0,,0,0B1,"1ST ST","HARRISON ST",0.00,,Y,A,-,N,,,,,,,,,,N,4,0,1,2,A,-,08,22107,,N,B,C,A,A,H,-,A,A,0,,,Y,,Y,,A,01,0,0,1,0,0,0,0,0,1,"- ","- ",,,"SAN FRANCISCO","SAN FRANCISCO",-122.39295959472656,37.786087036132812
9481500,2022,2022-08-10,3801,2022-07-10,1630,1179,TENDE,7,5,7,3801,0,0,0,,0,3J12D,EMBARCADERO,"HOBART ST",0.00,,Y,A,-,N,,,,,,,,,,N,3,0,1,2,A,-,17,21209,A,N,H,I,A,A,G,-,A,-,0,,Y,,,Y,,-,,0,1,0,0,0,0,1,0,0,"- ","- ",,,"SAN FRANCISCO","SAN FRANCISCO",,
9481509,2022,2022-08-10,3801,2022-07-23,1613,1160,SOUTH,6,5,7,3801,0,0,0,,0,0B1,"2ND ST","TEHAMA ST",0.00,,Y,A,-,N,,,,,,,,,,N,3,0,1,1,A,-,03,22350,,N,H,J,A,A,H,-,A,D,0,,Y,,,Y,,L,04,0,1,0,0,0,0,1,0,0,"- ","- ",,,"SAN FRANCISCO","SAN FRANCISCO",-122.39771270751953,37.786346435546875
9481511,2022,2022-09-08,3801,2022-07-22,1811,1950,RICHM,5,5,7,3801,0,0,0,,0,3G3D,"FULTON ST","6TH AV",0.00,,Y,A,-,N,,,,,,,,,,Y,4,0,1,2,A,-,03,22350,,N,C,C,A,A,H,-,A,A,0,,,Y,,Y,,C,03,0,0,1,0,0,0,0,0,1,"- ","- ",,,"SAN FRANCISCO","SAN FRANCISCO",-122.46376037597656,37.773612976074219
9481517,2022,2022-08-10,3801,2022-07-20,1653,1631,SOUTH,3,5,7,3801,0,0,0,,0,3B15D,"2ND ST","KING ST",0.00,,Y,A,-,N,,,,,,,,,,N,4,0,1,2,A,-,09,21804,A,F,D,G,A,A,H,-,A,A,0,,Y,,,Y,,-,,0,0,1,0,0,0,1,0,0,"- ","- ",,,"SAN FRANCISCO","SAN FRANCISCO",-122.38970184326172,37.779956817626953
9481893,2022,2022-08-08,3801,2022-04-30,0804,1297,PARK,6,5,7,3801,0,0,0,,0,3F13A,"FULTON ST","MASONIC AV",0.00,,Y,A,-,N,,,,,,,,,,N,3,0,1,2,A,-,10,21950,,F,G,B,B,A,H,-,A,A,0,Y,,,,Y,,A,01,0,1,0,0,1,0,0,0,0,"- ","- ",,,"SAN FRANCISCO","SAN FRANCISCO",-122.44647216796875,37.775791168212891
9483435,2022,2022-08-08,3801,2022-06-10,2052,1766,TRAFF,5,5,7,3801,0,0,0,,0,4B103,"CLAY ST","LEAVENWORTH ST",218.00,E,N,A,-,N,,,,,,,,,,Y,4,0,1,2,A,-,08,22108,,N,-,I,A,A,H,-,B,A,0,,,,,Y,,A,01,0,0,1,0,0,0,0,0,0,"- ","- ",,,"SAN FRANCISCO","SAN FRANCISCO",-122.41536712646484,37.793109893798828
9483465,2022,2022-09-19,3801,2022-07-17,2500,1881,RICHM,7,5,7,3801,0,0,0,,0,3G117,"PARK PRESIDIO BL","CLEMENT ST",28.00,N,N,A,-,N,,,,,,,,,,N,2,0,1,2,A,-,03,22350,,N,C,C,A,A,H,-,C,A,0,,,,,Y,,A,01,1,0,0,0,0,0,0,0,0,"- ","- ",,,"SAN FRANCISCO","SAN FRANCISCO",-122.47247314453125,37.782657623291016
9483467,2022,2022-08-05,3801,2022-07-23,0900,1572,SOUTH,6,5,7,3801,0,0,0,,0,3B1A,"10TH ST","FOLSOM ST",0.00,,Y,A,-,N,,,,,,,,,,Y,4,0,1,2,A,-,12,21453,A,N,D,C,A,A,H,-,A,A,0,,,,,Y,,-,,0,0,1,0,0,0,0,0,0,"- ","- ",,,"SAN FRANCISCO","SAN FRANCISCO",-122.41281890869141,37.772819519042969
9483468,2022,2022-08-05,3801,2022-07-16,2150,145,CENTR,6,5,7,3801,0,0,0,,0,3A15E,"DAVIS ST","CALIFORNIA ST",18.00,,N,A,-,N,,,,,,,,,,N,3,0,1,1,A,-,03,22350,,N,E,I,A,A,H,-,C,D,0,,,,,Y,,M,94,0,1,0,0,0,0,0,0,0,"- ","- ",,,"SAN FRANCISCO","SAN FRANCISCO",-122.39762878417969,37.793502807617188
9483548,2022,2022-08-08,3801,2022-06-26,0525,2750,BAYVI,7,5,7,3801,0,0,0,,0,0C2,"3RD ST","JAMESTOWN AV",0.00,,Y,A,-,N,,,,,,,,,,Y,4,0,2,2,A,-,03,22350,,N,D,C,A,A,H,-,A,A,0,,,,,Y,,A,01,0,0,2,0,0,0,0,0,0,"- ","- ",,,"SAN FRANCISCO","SAN FRANCISCO",-122.39671325683594,37.720260620117188
9483559,2022,2022-08-08,3801,2022-06-15,2004,LI1074,BAYVI,3,5,7,3801,0,0,0,,0,3C14D,"SILVER AV","SOMERSET ST",50.00,W,N,A,-,N,,,,,,,,,,N,4,0,1,2,A,-,11,21955,,N,G,B,D,A,H,-,B,-,0,Y,,,,Y,,N,60,0,0,1,0,1,0,0,0,0,"- ","- ",,,"SAN FRANCISCO","SAN FRANCISCO",-122.40965270996094,37.731220245361328
9483561,2022,2022-08-08,3801,2022-07-05,1654,2139,TARAV,2,5,7,3801,0,0,0,,0,,"43RD AV","QUINTARA ST",65.00,S,N,A,-,N,,,,,,,,,,N,3,0,1,3,A,-,08,22107,,N,C,E,A,A,H,-,A,D,0,,,,,Y,,A,07,0,1,0,0,0,0,0,0,0,"- ","- ",,,"SAN FRANCISCO","SAN FRANCISCO",-122.50180816650391,37.747333526611328
9483566,2022,2022-08-08,3801,2022-07-07,1841,2419,RICHM,4,5,7,3801,0,0,0,,0,908,"FULTON ST","20TH AV",27.00,W,N,A,-,N,,,,,,,,,,,3,0,1,2,A,-,01,23152,A,N,C,E,A,A,H,-,A,D,0,,,,,Y,Y,A,01,0,1,0,0,0,0,0,0,0,"- ","- ",,,"SAN FRANCISCO","SAN FRANCISCO",-122.47891998291016,37.772804260253906
9483567,2022,2022-08-08,3801,2022-07-11,0919,4124,INGLE,1,5,7,3801,0,0,0,,0,3H15A,"OCEAN AV","PERSIA AV",0.00,,Y,A,-,N,,,,,,,,,,N,4,0,1,2,A,-,11,21950,B,N,G,B,B,A,H,-,A,A,0,Y,,,,Y,,N,60,0,0,1,0,1,0,0,0,0,"- ","- ",,,"SAN FRANCISCO","SAN FRANCISCO",-122.4364013671875,37.723796844482422
9483586,2022,2022-08-05,3801,2022-07-19,0924,640,MISSI,2,5,7,3801,0,0,0,,0,3D11C,"PORTOLA DR","CLIPPER ST",0.00,,Y,B,-,N,,,,,,,,,,Y,4,0,1,2,A,-,09,21803,A,N,D,C,A,A,H,-,A,A,0,,,,,Y,Y,A,01,0,0,1,0,0,0,0,0,0,"- ","- ",,,"SAN FRANCISCO","SAN FRANCISCO",-122.44483947753906,37.746936798095703
9483590,2022,2022-08-05,3801,2022-07-15,1629,1823,SOUTH,5,5,7,3801,0,0,0,,0,001,"NEW MONTGOMERY ST","MISSION ST",0.00,,Y,A,-,N,,,,,,,,,,N,2,0,1,2,A,-,12,21453,A,N,D,G,A,A,H,-,A,A,0,,Y,,,Y,,A,01,1,0,0,0,0,0,1,0,0,"- ","- ",,,"SAN FRANCISCO","SAN FRANCISCO",-122.40049743652344,37.787452697753906
9483592,2022,2022-08-05,3801,2022-07-21,0037,2307,NORTH,4,5,7,3801,0,0,0,,0,3E13E,"GEARY ST","POLK ST",0.00,,Y,A,-,N,,,,,,,,,,Y,4,0,2,7,A,-,03,22350,,M,B,C,E,A,H,-,C,A,0,Y,,,,Y,,A,07,0,0,2,0,1,0,0,0,0,"- ","- ",,,"SAN FRANCISCO","SAN FRANCISCO",-122.41973876953125,37.785896301269531
9483595,2022,2022-08-05,3801,2022-02-17,1150,2147,NORTH,4,5,7,3801,0,0,0,,0,3E14A,"POLK ST",BONITA,0.00,,Y,A,-,N,,,,,,,,,,Y,3,0,1,2,A,-,05,21460,A,N,D,C,A,A,H,-,A,D,0,,,Y,,Y,,C,02,0,1,0,0,0,0,0,0,1,"- ","- ",,,"SAN FRANCISCO","SAN FRANCISCO",-122.42205047607422,37.79736328125
9483598,2022,2022-08-05,3801,2022-07-04,1100,4267,TARAV,1,5,7,3801,0,0,0,,0,3I41,"OCEAN AV","KEYSTONE WY",0.00,,-,A,-,N,,,,,,,,,,N,3,0,1,2,A,-,08,22107,,N,B,G,A,A,H,-,A,D,0,,Y,,,Y,,A,01,0,1,0,0,0,0,1,0,0,"- ","- ",,,"SAN FRANCISCO","SAN FRANCISCO",-122.46285247802734,37.725490570068359
9483787,2022,2022-08-08,3801,2022-06-29,1231,2202,INGLE,3,5,7,3801,0,0,0,,0,3H13A,"SICKLES AV","CAYUGA AV",0.00,,Y,A,-,N,,,,,,,,,,Y,4,0,1,2,A,-,09,21802,A,N,D,C,A,A,H,-,A,D,0,,,,,Y,,A,07,0,0,1,0,0,0,0,0,0,"- ","- ",,,"SAN FRANCISCO","SAN FRANCISCO",-122.45452880859375,37.710189819335938
9492870,2022,2022-09-22,3801,2022-08-18,0920,442,CENTR,4,5,7,3801,0,0,0,,0,3A4A,"FRANCISCO ST","STOCKTON ST",40.00,W,N,A,-,N,,,,,,,,,,N,3,0,1,2,A,-,08,22107,,F,G,B,E,A,H,-,A,D,0,Y,,,,Y,,-,"- ",0,1,0,0,1,0,0,0,0,"- ","- ",,,"SAN FRANCISCO","SAN FRANCISCO",-122.41024017333984,37.805103302001953
9492871,2022,2022-09-22,3801,2022-08-20,0726,396,BAYVI,6,5,7,3801,0,0,0,,0,3C13A,"3RD ST","NEWCOMB AV",0.00,,Y,A,-,N,,,,,,,,,,Y,4,0,1,2,A,-,12,21453,A,N,D,C,A,A,H,-,A,A,0,,,,,Y,,A,01,0,0,1,0,0,0,0,0,0,"- ","- ",,,"SAN FRANCISCO","SAN FRANCISCO",-122.39049530029297,37.735633850097656
9494255,2022,2022-09-29,3801,2022-01-12,1617,2479,NORTH,3,5,7,3801,0,0,0,,0,3E14D,"VAN NESS AV","FILBERT ST",15.00,E,N,A,-,N,,,,,,,,,,N,4,0,1,2,A,-,12,21453,A,N,D,G,A,A,H,-,A,A,0,,Y,,Y,Y,,F,26,0,0,1,0,0,0,1,0,0,"- ","- ",,,"SAN FRANCISCO","SAN FRANCISCO",-122.42411041259766,37.799457550048828
9497062,2022,2022-09-01,3801,2022-03-13,1413,2325,SOUTH,7,5,7,3801,0,0,0,,0,PATROL,"9TH ST","SHERIDAN ST",0.00,,-,A,-,N,,,,,,,,,,Y,3,0,1,3,A,-,08,22107,,N,B,C,A,A,H,-,A,A,0,,,,,Y,,A,01,0,1,0,0,0,0,0,0,0,"- ","- ",,,"SAN FRANCISCO","SAN FRANCISCO",-122.41067504882812,37.773017883300781
9497063,2022,2022-09-01,3801,2022-03-12,2322,1207,TENDE,6,5,7,3801,0,0,0,,0,0J4,"TURK ST","LEAVENWORTH ST",108.00,E,N,B,-,N,,,,,,,,,,Y,2,0,1,2,A,-,03,22350,,F,A,B,E,A,H,-,C,D,0,Y,,,,Y,Y,A,01,1,0,0,0,1,0,0,0,0,"- ","- ",,,"SAN FRANCISCO","SAN FRANCISCO",-122.41367340087891,37.782844543457031
9497064,2022,2022-09-01,3801,2022-03-14,2310,2175,BAYVI,1,5,7,3801,0,0,0,,0,3C12E,"BARNEVELD AV","MCKINNON AV",220.00,N,N,A,-,N,,,,,,,,,,Y,4,0,1,2,A,-,08,22107,,F,B,C,A,A,H,-,C,D,0,,,,,Y,,A,07,0,0,1,0,0,0,0,0,0,"- ","- ",,,"SAN FRANCISCO","SAN FRANCISCO",-122.40309143066406,37.744411468505859
9498743,2022,2022-12-28,3801,2022-10-31,2336,382,NORTH,1,5,7,3801,0,0,0,,0,3E15E,"LOMBARD ST","DIVISADERO ST",0.00,,Y,A,-,Y,SF,4,101,-,-,7.696,I,5,S,N,3,0,1,2,A,-,03,22350,,F,G,B,E,A,H,-,C,A,0,Y,,,,Y,,A,01,0,1,0,0,1,0,0,0,0,"- ","- ",,,"SAN FRANCISCO","SAN FRANCISCO",-122.44264984130859,37.798957824707031
9498747,2022,2022-12-27,3801,2022-11-08,0627,1316,RICHM,2,5,7,3801,0,0,0,,0,0G3,"PARK PRESIDIO BL","GEARY BL",0.00,,Y,B,C,N,,,,,,,,,,N,4,0,1,2,A,-,11,21453,D,N,G,B,B,B,H,-,C,A,0,Y,,,,Y,,N,60,0,0,1,0,1,0,0,0,0,"- ","- ",,,"SAN FRANCISCO","SAN FRANCISCO",-122.47234344482422,37.780723571777344
9502424,2022,2022-12-12,3801,2022-03-09,1334,1435,TRAFF,3,5,7,3801,0,0,0,,0,4B4G,BRANNAN,"BOARDMAN PL",0.00,,N,A,-,N,,,,,,,,,,N,4,0,1,2,D,-,00,,,N,H,G,A,-,H,-,A,D,0,,Y,,,Y,,-,"- ",0,0,1,0,0,0,1,0,0,"- ","- ",,,"SAN FRANCISCO","SAN FRANCISCO",-122.40267181396484,37.774429321289062