CASE_ID,ACCIDENT_YEAR,PROC_DATE,JURIS,COLLISION_DATE,COLLISION_TIME,OFFICER_ID,REPORTING_DISTRICT,DAY_OF_WEEK,CHP_SHIFT,POPULATION,CNTY_CITY_LOC,SPECIAL_COND,BEAT_TYPE,CHP_BEAT_TYPE,CITY_DIVISION_LAPD,CHP_BEAT_CLASS,BEAT_NUMBER,PRIMARY_RD,SECONDARY_RD,DISTANCE,DIRECTION,INTERSECTION,WEATHER_1,WEATHER_2,STATE_HWY_IND,CALTRANS_COUNTY,CALTRANS_DISTRICT,STATE_ROUTE,ROUTE_SUFFIX,POSTMILE_PREFIX,POSTMILE,LOCATION_TYPE,RAMP_INTERSECTION,SIDE_OF_HWY,TOW_AWAY,COLLISION_SEVERITY,NUMBER_KILLED,NUMBER_INJURED,PARTY_COUNT,PRIMARY_COLL_FACTOR,PCF_CODE_OF_VIOL,PCF_VIOL_CATEGORY,PCF_VIOLATION,PCF_VIOL_SUBSECTION,HIT_AND_RUN,TYPE_OF_COLLISION,MVIW,PED_ACTION,ROAD_SURFACE,ROAD_COND_1,ROAD_COND_2,LIGHTING,CONTROL_DEVICE,CHP_ROAD_TYPE,PEDESTRIAN_ACCIDENT,BICYCLE_ACCIDENT,MOTORCYCLE_ACCIDENT,TRUCK_ACCIDENT,NOT_PRIVATE_PROPERTY,ALCOHOL_INVOLVED,STWD_VEHTYPE_AT_FAULT,CHP_VEHTYPE_AT_FAULT,COUNT_SEVERE_INJ,COUNT_VISIBLE_INJ,COUNT_COMPLAINT_PAIN,COUNT_PED_KILLED,COUNT_PED_INJURED,COUNT_BICYCLIST_KILLED,COUNT_BICYCLIST_INJURED,COUNT_MC_KILLED,COUNT_MC_INJURED,PRIMARY_RAMP,SECONDARY_RAMP,LATITUDE,LONGITUDE,COUNTY,CITY,POINT_X,POINT_Y
9502428,2022,2022-12-27,3801,2022-05-11,1030,891,PARK,3,5,7,3801,0,0,0,,0,3F14A,"PARNASSUS AV","3RD AV",100.00,E,N,A,-,N,,,,,,,,,,Y,3,0,2,2,A,-,03,22350,,N,D,C,A,A,H,-,A,D,0,,,,,Y,,A,01,0,1,1,0,0,0,0,0,0,"- ","- ",,,"SAN FRANCISCO","SAN FRANCISCO",-122.45944213867188,37.763065338134766
9502436,2022,2022-09-27,3801,2022-08-22,1340,4314,RICHM,1,5,7,3801,0,0,0,,0,0G3,"CABRILLO ST","4TH AV",0.00,,Y,-,-,N,,,,,,,,,,N,3,0,1,2,A,-,12,22450,A,N,-,-,A,-,-,-,-,-,0,,Y,,,Y,,L,04,0,1,0,0,0,0,1,0,0,"- ","- ",,,"SAN FRANCISCO","SAN FRANCISCO",-122.46174621582031,37.775466918945312
9502447,2022,2022-12-16,3801,2022-06-20,1237,2059,CENTR,1,5,7,3801,0,0,0,,0,3A12A,"MONTGOMERY ST","CALIFORNIA ST",0.00,,Y,A,-,N,,,,,,,,,,Y,3,0,1,3,A,-,12,21453,A,N,D,C,A,A,H,-,A,A,0,,,,,Y,,I,09,0,1,0,0,0,0,0,0,0,"- ","- ",,,"SAN FRANCISCO","SAN FRANCISCO",-122.40277099609375,37.792888641357422
9502452,2022,2022-09-22,3801,2022-08-05,1611,1804,BAYVI,5,5,7,3801,0,0,0,,0,3C11D,"3RD ST","MARIN ST",223.00,S,N,A,-,N,,,,,,,,,,N,4,0,1,2,A,-,08,22107,,N,B,C,A,A,H,-,A,D,0,,,,Y,Y,,F,21,0,0,1,0,0,0,0,0,0,"- ","- ",,,"SAN FRANCISCO","SAN FRANCISCO",-122.38755035400391,37.748397827148438
9502460,2022,2022-10-06,3801,2022-08-22,1724,1680,MISSI,1,5,7,3801,0,0,0,,0,3D14D,"S VAN NESS AV","CESAR CHAVEZ ST",117.00,N,N,A,-,N,,,,,,,,,,Y,3,0,2,2,A,-,09,21804,A,N,D,C,A,A,H,-,A,D,0,,,,,Y,,A,07,0,1,1,0,0,0,0,0,0,"- ","- ",,,"SAN FRANCISCO","SAN FRANCISCO",-122.41595458984375,37.748580932617188
9502480,2022,2022-10-06,3801,2022-08-22,0837,1527,NORTH,1,5,7,3801,0,0,0,,0,03E,"VAN NESS AV","MCALLISTER ST",6.00,W,N,A,-,N,,,,,,,,,,N,4,0,1,2,A,-,08,22107,,F,D,G,A,A,H,-,A,A,0,,Y,,,Y,,D,22,0,0,1,0,0,0,1,0,0,"- ","- ",,,"SAN FRANCISCO","SAN FRANCISCO",-122.42020416259766,37.780075073242188
9502646,2022,2022-10-05,3801,2022-05-06,2341,1336,NORTH,5,5,7,3801,0,0,0,,0,0E1,"GOUGH ST","PAGE ST",0.00,,Y,A,-,N,,,,,,,,,,N,4,0,1,2,A,-,17,21657,,N,D,C,A,A,H,-,C,A,0,,,Y,,Y,,C,03,0,0,1,0,0,0,0,0,1,"- ","- ",,,"SAN FRANCISCO","SAN FRANCISCO",-122.42240905761719,37.774070739746094
9502992,2022,2022-09-19,3801,2022-08-16,0730,1339,NORTH,2,5,7,3801,0,0,0,,0,,"OFARRELL ST","DIVISADERO ST",0.00,,Y,A,-,N,,,,,,,,,,Y,4,0,1,2,A,-,09,21801,A,N,A,C,A,A,H,-,A,A,0,,,,,Y,,A,01,0,0,1,0,0,0,0,0,0,"- ","- ",,,"SAN FRANCISCO","SAN FRANCISCO",-122.43930053710938,37.782432556152344
9503003,2022,2022-10-04,3801,2022-08-06,2234,245,PARK,6,5,7,3801,0,0,0,,0,,"DUBOCE AV","BELCHER ST",0.00,,Y,A,-,N,,,,,,,,,,N,3,0,1,3,A,-,17,22517,,N,H,G,A,A,H,-,C,D,0,,,Y,,Y,,A,01,0,1,0,0,0,0,0,0,1,"- ","- ",,,"SAN FRANCISCO","SAN FRANCISCO",-122.43022918701172,37.769390106201172
9503041,2022,2022-10-05,3801,2022-08-09,1730,1307,TENDE,2,5,7,3801,0,0,0,,0,3J14D,"MCALLISTER ST","LEAVENWORTH ST",34.00,E,N,A,-,N,,,,,,,,,,N,4,0,1,2,A,-,21,22106,,F,C,E,A,A,H,-,A,D,0,,,,,Y,,A,01,0,0,1,0,0,0,0,0,0,"- ","- ",,,"SAN FRANCISCO","SAN FRANCISCO",-122.41357421875,37.78094482421875
9503042,2022,2022-09-21,3801,2022-08-13,1210,1503,SOUTH,6,5,7,3801,0,0,0,,0,3B13A,"MISSION ST","7TH ST",216.00,E,N,A,-,N,,,,,,,,,,N,4,0,1,2,A,-,06,21755,,N,B,C,A,A,H,-,A,D,0,,,Y,,Y,,C,02,0,0,1,0,0,0,0,0,1,"- ","- ",,,"SAN FRANCISCO","SAN FRANCISCO",-122.41037750244141,37.779632568359375
9503044,2022,2022-09-21,3801,2022-08-18,2200,1096,CENTR,4,5,7,3801,0,0,0,,0,3A14E,"THE EMBARCADERO","BAY ST",29.00,S,N,A,-,N,,,,,,,,,,Y,3,0,1,1,A,-,03,22350,,N,F,I,A,A,H,-,C,A,0,,,,,Y,,A,01,0,1,0,0,0,0,0,0,0,"- ","- ",,,"SAN FRANCISCO","SAN FRANCISCO",-122.4058837890625,37.806587219238281
9503056,2022,2022-09-21,3801,2022-08-19,1921,2491,SOUTH,5,5,7,3801,0,0,0,,0,3B13D,"2ND ST","TEHAMA ST",0.00,,Y,A,-,N,,,,,,,,,,Y,4,0,1,2,A,-,09,21804,A,N,D,C,A,A,H,-,A,A,0,,,Y,,Y,,A,01,0,0,1,0,0,0,0,0,1,"- ","- ",,,"SAN FRANCISCO","SAN FRANCISCO",-122.39771270751953,37.786346435546875
9503058,2022,2022-09-21,3801,2022-08-19,2237,2707,CENTR,5,5,7,3801,0,0,0,,0,2CAR,"STOCKTON ST","GEARY ST",0.00,,Y,A,-,N,,,,,,,,,,N,3,0,1,1,A,-,03,22350,,N,H,-,A,A,H,-,C,D,0,,,,,Y,,M,94,0,1,0,0,0,0,0,0,0,"- ","- ",,,"SAN FRANCISCO","SAN FRANCISCO",-122.40657806396484,37.787563323974609
9503059,2022,2022-10-11,3801,2022-08-18,1739,1945,BAYVI,4,5,7,3801,0,0,0,,0,3C13D,"3RD ST","LA SALLE AV",0.00,,Y,A,-,N,,,,,,,,,,N,4,0,1,2,A,-,03,22350,,N,D,-,A,A,H,-,A,A,0,,Y,,,Y,,-,"- ",0,0,1,0,0,0,1,0,0,"- ","- ",,,"SAN FRANCISCO","SAN FRANCISCO",-122.38993835449219,37.737216949462891
9503068,2022,2022-09-22,3801,2022-08-21,1124,1857,RICHM,7,5,7,3801,0,0,0,,0,3G11A,"GEARY BL","STANYAN ST",0.00,,Y,A,-,N,,,,,,,,,,N,4,0,1,2,A,-,09,21801,A,N,D,C,A,-,H,-,A,A,0,,,Y,,Y,,A,01,0,0,1,0,0,0,0,0,1,"- ","- ",,,"SAN FRANCISCO","SAN FRANCISCO",-122.45630645751953,37.781440734863281
9503073,2022,2022-09-23,3801,2022-08-20,1747,1860,TARAV,6,5,7,3801,0,0,0,,0,3I1D,"19TH AV","LINCOLN WY",172.00,S,N,A,-,N,,,,,,,,,,Y,4,0,3,4,D,-,00,,,N,C,C,A,A,H,-,A,D,0,,,,,Y,,-,"- ",0,0,3,0,0,0,0,0,0,"- ","- ",,,"SAN FRANCISCO","SAN FRANCISCO",-122.477294921875,37.764968872070312
9503075,2022,2022-09-22,3801,2022-08-20,0917,1129,TARAV,6,5,7,3801,0,0,0,,0,005,"LAKE MERCED BL","STATE DR",0.00,,Y,A,-,N,,,,,,,,,,N,4,0,1,2,A,-,03,22350,,F,C,C,A,A,H,-,A,A,0,,,,,Y,,-,,0,0,1,0,0,0,0,0,0,"- ","- ",,,"SAN FRANCISCO","SAN FRANCISCO",-122.48471832275391,37.72491455078125
9503076,2022,2022-10-05,3801,2022-08-20,1120,1540,TARAV,6,5,7,3801,0,0,0,,0,3I1A,"15TH AV","TARAVAL ST",300.00,N,N,A,-,N,,,,,,,,,,N,4,0,1,2,A,-,11,21950,B,N,G,B,E,A,H,-,A,D,0,Y,,,,Y,,N,60,0,0,1,0,1,0,0,0,0,"- ","- ",,,"SAN FRANCISCO","SAN FRANCISCO",-122.47141265869141,37.744064331054688
9503078,2022,2022-09-22,3801,2022-08-05,1618,1033,TENDE,5,5,7,3801,0,0,0,,0,3J15D,"LARKIN ST","GROVE ST",0.00,,Y,A,-,N,,,,,,,,,,N,2,0,1,2,A,-,03,22350,,N,D,G,A,A,H,-,A,A,0,,Y,,,Y,,L,04,1,0,0,0,0,0,1,0,0,"- ","- ",,,"SAN FRANCISCO","SAN FRANCISCO",-122.41658782958984,37.778659820556641
9503079,2022,2022-09-22,3801,2022-08-23,1546,306,CENTR,2,5,7,3801,0,0,0,,0,3A91G,"POWELL ST","GEARY ST",0.00,,Y,A,-,N,,,,,,,,,,N,4,0,1,2,A,-,10,21950,A,N,G,B,B,A,H,-,A,A,0,Y,,,,Y,,A,01,0,0,1,0,1,0,0,0,0,"- ","- ",,,"SAN FRANCISCO","SAN FRANCISCO",-122.40821075439453,37.787364959716797
9503081,2022,2022-09-21,3801,2022-08-10,1248,392,MISSI,3,5,7,3801,0,0,0,,0,3D14A,"CESAR CHAVEZ ST","MISSION ST",15.00,E,N,A,-,N,,,,,,,,,,N,3,0,1,1,A,-,03,22350,,N,B,I,A,A,H,-,A,A,0,,,Y,,Y,,C,02,0,1,0,0,0,0,0,0,1,"- ","- ",,,"SAN FRANCISCO","SAN FRANCISCO",-122.41815185546875,37.748218536376953
9503083,2022,2022-09-21,3801,2022-08-08,1720,4103,MISSI,1,5,7,3801,0,0,0,,0,901,16TH,POTRERO,0.00,,Y,A,-,N,,,,,,,,,,N,4,0,1,2,A,-,12,21453,,F,D,C,A,A,-,-,C,A,0,,,Y,,Y,,C,06,0,0,1,0,0,0,0,0,0,"- ","- ",,,"SAN FRANCISCO","SAN FRANCISCO",-122.40756225585938,37.765773773193359
9503084,2022,2022-09-21,3801,2022-08-09,1552,4022,MISSI,2,5,7,3801,0,0,0,,0,3D14C,"MISSION ST","26TH ST",104.00,,N,A,-,N,,,,,,,,,,N,4,0,1,2,A,-,08,22102,,F,D,C,A,A,H,-,A,A,0,,,,,Y,,A,01,0,0,1,0,0,0,0,0,0,"- ","- ",,,"SAN FRANCISCO","SAN FRANCISCO",-122.41813659667969,37.749061584472656
9503089,2022,2022-09-21,3801,2022-08-14,1905,2167,NORTH,7,5,7,3801,0,0,0,,0,3E13D,"VAN NESS AV","MCALLISTER ST",0.00,,Y,A,-,N,,,,,,,,,,N,4,0,1,2,A,-,03,22350,,N,D,C,A,A,H,-,A,A,0,,,Y,,Y,,C,02,0,0,1,0,0,0,0,0,1,"- ","- ",,,"SAN FRANCISCO","SAN FRANCISCO",-122.42020416259766,37.780055999755859
9503092,2022,2022-09-21,3801,2022-08-14,1222,1931,NORTH,7,5,7,3801,0,0,0,,0,3E14C,"CHESTNUT ST","BAKER ST",0.00,,Y,A,-,N,,,,,,,,,,N,3,0,1,2,A,-,08,22107,,N,D,C,A,A,H,-,A,A,0,,,Y,,Y,,A,01,0,1,0,0,0,0,0,0,1,"- ","- ",,,"SAN FRANCISCO","SAN FRANCISCO",-122.44598388671875,37.799575805664062
9503095,2022,2022-09-21,3801,2022-08-07,1355,737,NORTH,7,5,7,3801,0,0,0,,0,3E77,"EDDY ST","FILLMORE ST",0.00,,Y,A,-,N,,,,,,,,,,N,3,0,1,2,A,-,08,22107,,N,D,G,A,A,H,-,A,D,0,,Y,,,Y,,L,04,0,1,0,0,0,0,1,0,0,"- ","- ",,,"SAN FRANCISCO","SAN FRANCISCO",-122.43231964111328,37.781425476074219
9503097,2022,2022-09-21,3801,2022-08-05,1628,2419,RICHM,5,5,7,3801,0,0,0,,0,908,"CLAY ST","LYON ST",194.00,W,N,A,-,N,,,,,,,,,,N,2,0,1,1,A,-,03,22350,,N,H,A,A,A,G,-,A,D,0,,Y,,,Y,,L,04,1,0,0,0,0,0,1,0,0,"- ","- ",,,"SAN FRANCISCO","SAN FRANCISCO",-122.44643402099609,37.789157867431641
9503101,2022,2022-10-05,3801,2022-08-09,1038,2089,TENDE,2,5,7,3801,0,0,0,,0,COJ4CA,"EDDY ST","LEAVENWORTH ST",25.00,E,N,A,-,N,,,,,,,,,,Y,3,0,1,6,A,-,03,22350,,N,F,E," ",A,H,-,A,A,0,Y,,,,Y,,A,01,0,1,0,0,1,0,0,0,0,"- ","- ",,,"SAN FRANCISCO","SAN FRANCISCO",-122.41415405273438,37.783740997314453
9503103,2022,2022-09-21,3801,2022-08-08,1350,1100,TENDE,1,5,7,3801,0,0,0,,0,3J4A,"EDDY ST","HYDE ST",207.00,E,N,A,-,N,,,,,,,,,,N,3,0,1,3,A,-,17,22517,,N,B,G,A,A,H,-,A,D,0,,Y,,,Y,,A,01,0,1,0,0,0,0,1,0,0,"- ","- ",,,"SAN FRANCISCO","SAN FRANCISCO",-122.41518402099609,37.783603668212891
9503104,2022,2022-09-21,3801,2022-08-11,1815,2186,NORTH,4,5,7,3801,0,0,0,,0,3E12D,"EDDY ST","WEBSTER ST",0.00,,Y,A,-,N,,,,,,,,,,N,4,0,1,2,A,-,08,22107,,F,H,C,A,A,H,-,A,A,0,,,,,Y,,-,,0,0,1,0,0,0,0,0,0,"- ","- ",,,"SAN FRANCISCO","SAN FRANCISCO",-122.43067169189453,37.781623840332031
9503106,2022,2022-09-21,3801,2022-08-09,1830,1100,TENDE,2,5,7,3801,0,0,0,,0,3J5D,"MARKET ST","5TH ST",120.00,E,N,A,-,N,,,,,,,,,,N,3,0,1,1,A,-,03,22350,,N,F,I,A,A,-,-,A,D,0,,Y,,,Y,,L,04,0,1,0,0,0,0,1,0,0,"- ","- ",,,"SAN FRANCISCO","SAN FRANCISCO",-122.40776062011719,37.784229278564453
9503108,2022,2022-09-21,3801,2022-08-10,1503,1951,SOUTH,3,5,7,3801,0,0,0,,0,0B1,"MISSION ST","NEW MONTGOMERY ST",0.00,,Y,A,-,N,,,,,,,,,,N,4,0,1,2,A,-,10,21950,A,N,G,B,B,A,H,-,A,A,0,Y,,,,Y,,A,01,0,0,1,0,1,0,0,0,0,"- ","- ",,,"SAN FRANCISCO","SAN FRANCISCO",-122.40049743652344,37.787452697753906
9503117,2022,2022-09-21,3801,2022-08-11,2112,2035,MISSI,4,5,7,3801,0,0,0,,0,3D16E,"17TH ST","BRYAN ST",0.00,,Y,A,-,N,,,,,,,,,,N,4,0,1,2,A,-,09,21801,,N,D,G,A,A,H,-,C,A,0,,Y,,,Y,,A,01,0,0,1,0,0,0,1,0,0,"- ","- ",,,"SAN FRANCISCO","SAN FRANCISCO",-122.41038513183594,37.764324188232422
9503123,2022,2022-10-07,3801,2022-07-10,2500,2020,SOUTH,7,5,7,3801,0,0,0,,0,3B4A,"MARKET ST","GOUGH ST",0.00,,Y,A,-,N,,,,,,,,,,Y,3,0,2,2,A,-,03,22350,,N,D,C,A,A,H,-,A,A,0,,,,,Y,,-,,0,1,1,0,0,0,0,0,0,"- ","- ",,,"SAN FRANCISCO","SAN FRANCISCO",-122.42221069335938,37.772872924804688
9503149,2022,2022-09-19,3801,2022-07-28,0138,4222,INGLE,4,5,7,3801,0,0,0,,0,3H13E,"SILVER AV","CONGDON ST",0.00,,Y,F,-,N,,,,,,,,,,Y,4,0,2,3,A,-,12,22450,A,F,D,C,A,B,H,-,C,A,0,,,,,Y,,A,01,0,0,2,0,0,0,0,0,0,"- ","- ",,,"SAN FRANCISCO","SAN FRANCISCO",-122.42597961425781,37.7286376953125
9503165,2022,2022-09-20,3801,2022-07-04,1545,104,TRAFF,1,5,7,3801,0,0,0,,0,4B4A,"BATTERY ST","BUSH ST",0.00,,Y,A,-,N,,,,,,,,,,Y,2,0,6,3,A,-,12,21453,A,N,D,C,A,A,H,-,A,A,0,,,,,Y,,A,01,4,0,2,0,0,0,0,0,0,"- ","- ",,,"SAN FRANCISCO","SAN FRANCISCO",-122.39959716796875,37.791351318359375
9503185,2022,2022-09-21,3801,2022-08-29,1745,916,BAYVI,1,5,7,3801,0,0,0,,0,3C14D,"SILVER AV","DARTMOUTH ST",0.00,,Y,A,-,N,,,,,,,,,,N,4,0,1,2,A,-,02,22526,A,N,H,A,A,A,H,-,A,A,0,,,Y,,Y,,-,"- ",0,0,1,0,0,0,0,0,1,"- ","- ",,,"SAN FRANCISCO","SAN FRANCISCO",-122.41326904296875,37.729900360107422
9503191,2022,2022-09-21,3801,2022-08-29,1143,1119,SOUTH,1,5,7,3801,0,0,0,,0,,"12TH ST","BERNICE ST",12.00,E,N,A,-,N,,,,,,,,,,N,3,0,1,1,A,-,03,22350,,N,H,A,A,A,H,-,A,D,0,,,,,Y,,M,94,0,1,0,0,0,0,0,0,0,"- ","- ",,,"SAN FRANCISCO","SAN FRANCISCO",-122.41370391845703,37.770336151123047
9503193,2022,2022-09-21,3801,2022-08-25,1521,2017,MISSI,4,5,7,3801,0,0,0,,0,3D11D,"GUERRERO ST","19TH ST",50.00,N,N,A,-,N,,,,,,,,,,N,4,0,2,2,A,-,04,21703,,N,C,C,A,A,H,-,A,A,0,,,,,Y,,A,01,0,0,2,0,0,0,0,0,0,"- ","- ",,,"SAN FRANCISCO","SAN FRANCISCO",-122.42364501953125,37.760116577148438
9503194,2022,2022-09-21,3801,2022-08-28,1145,664,MISSI,7,5,7,3801,0,0,0,,0,003,"GUERRERO ST","19TH ST",0.00,,Y,A,-,N,,,,,,,,,,N,4,0,1,2,A,-,08,22100,B,N,B,G,A,A,H,-,A,A,0,,Y,,,Y,,L,04,0,0,1,0,0,0,1,0,0,"- ","- ",,,"SAN FRANCISCO","SAN FRANCISCO",-122.42362976074219,37.759975433349609
9503198,2022,2022-09-21,3801,2022-08-20,2123,1217,MISSI,6,5,7,3801,0,0,0,,0,3CAR,"S VAN NESS AV","23RD ST",110.00,N,N,A,-,N,,,,,,,,,,N,3,0,1,2,A,-,03,22350,A,N,C,C,A,A,H,-,C,A,0,,,,,Y,,A,01,0,1,0,0,0,0,0,0,0,"- ","- ",,,"SAN FRANCISCO","SAN FRANCISCO",-122.41646575927734,37.754261016845703
9503221,2022,2022-09-21,3801,2022-08-12,1040,1513,RICHM,5,5,7,3801,0,0,0,,0,03G,CALIFORNIA,"11TH AV",0.00,,Y,A,-,N,,,,,,,,,,Y,3,0,2,4,A,-,09,21804,A,N,D,C,A,A,H,-,A,A,0,,,,,Y,,A,01,0,1,1,0,0,0,0,0,0,"- ","- ",,,"SAN FRANCISCO","SAN FRANCISCO",-122.46990966796875,37.784572601318359
9503222,2022,2022-09-21,3801,2022-08-18,2245,255,INGLE,4,5,7,3801,0,0,0,,0,3H00,"TRUMBULL ST","CONGDON ST",0.00,,Y,E,-,N,,,,,,,,,,N,4,0,1,2,A,-,04,21703,,F,C,C,A,B,H,-,C,A,0,,,,,Y,,A,01,0,0,1,0,0,0,0,0,0,"- ","- ",,,"SAN FRANCISCO","SAN FRANCISCO",-122.42615509033203,37.730899810791016
9503224,2022,2022-09-21,3801,2022-08-05,0830,2088,INGLE,5,5,7,3801,0,0,0,,0,3H2C,"CESAR CHAVEZ ST","HARRISTON ST",0.00,,Y,A,-,N,,,,,,,,,,N,2,0,1,1,D,-,00,,,N,H,-,A,A,H,-,A,A,0,,Y,,,Y,,-,"- ",1,0,0,0,0,0,1,0,0,"- ","- ",,,"SAN FRANCISCO","SAN FRANCISCO",-122.41151428222656,37.748359680175781
9503227,2022,2022-09-21,3801,2022-08-01,0955,1501,INGLE,1,5,7,3801,0,0,0,,0,3H11A,"MISSION ST","APPLETON AV",63.00,S,N,F,-,N,,,,,,,,,,Y,3,0,1,1,A,-,03,22350,,N,A,I,A,A,H,-,A,B,0,,,,,Y,,A,01,0,1,0,0,0,0,0,0,0,"- ","- ",,,"SAN FRANCISCO","SAN FRANCISCO",-122.42395782470703,37.738697052001953
9503231,2022,2022-10-11,3801,2022-08-04,1715,2435,BAYVI,4,5,7,3801,0,0,0,,0,004,"SAN BRUNO AV","DWIGHT ST",0.00,,N,A,-,N,,,,,,,,,,N,4,0,1,2,A,-,09,21801,A,F,D,C,A,A,H,-,A,A,0,,,,,Y,,A,01,0,0,1,0,0,0,0,0,0,"- ","- ",,,"SAN FRANCISCO","SAN FRANCISCO",-122.402099609375,37.724040985107422
9503233,2022,2022-09-21,3801,2022-08-16,1700,4326,SOUTH,2,5,7,3801,0,0,0,,0,001,"1ST ST","LANSING ST",0.00,,Y,A,-,N,,,,,,,,,,N,4,0,1,2,D,-,00,,,N,-,C,A,A,H,-,A,A,0,,,,,Y,,-,"- ",0,0,1,0,0,0,0,0,0,"- ","- ",,,"SAN FRANCISCO","SAN FRANCISCO",-122.39344024658203,37.7864990234375
9503246,2022,2022-09-21,3801,2022-08-04,0958,2098,TENDE,4,5,7,3801,0,0,0,,0,3J93A,"EDDY ST","VAN NESS AV",0.00,,Y,A,-,N,,,,,,,,,,N,4,0,1,2,A,-,05,21650,,N,B,G,A,A,H,-,A,A,0,,Y,,,Y,Y,L,04,0,0,1,0,0,0,1,0,0,"- ","- ",,,"SAN FRANCISCO","SAN FRANCISCO",-122.42076110839844,37.782890319824219
9503252,2022,2022-09-21,3801,2022-08-16,0719,1316,RICHM,2,5,7,3801,0,0,0,,0,3G14A,"CHAIN OF LAKES DR E","JOHN F KENNEDY DR",0.00,,Y,A,-,N,,,,,,,,,,N,3,0,1,2,A,-,12,22450,A,N,D,G,A,A,H,-,A,A,0,,Y,,,Y,,A,01,0,1,0,0,0,0,1,0,0,"- ","- ",,,"SAN FRANCISCO","SAN FRANCISCO",,
9503257,2022,2022-09-21,3801,2022-08-10,1137,1994,TRAFF,3,5,7,3801,0,0,0,,0,4B3D,"BERRY ST","DE HARO ST",10.00,E,N,A,-,N,,,,,,,,,,N,3,0,1,2,A,-,10,21950,A,N,G,B,B,A,H,-,A,D,0,Y,,,,Y,,-,,0,1,0,0,1,0,0,0,0,"- ","- ",,,"SAN FRANCISCO","SAN FRANCISCO",-122.4019775390625,37.769054412841797
9503262,2022,2022-09-21,3801,2022-08-25,0615,2372,INGLE,4,5,7,3801,0,0,0,,0,3H15A,"MISSION ST","GENEVA AV",0.00,,Y,B,-,N,,,,,,,,,,N,3,0,1,2,A,-,10,21950,A,F,G,B,B,A,H,-,A,A,0,Y,,,,Y,,A,01,0,1,0,0,1,0,0,0,0,"- ","- ",,,"SAN FRANCISCO","SAN FRANCISCO",-122.44100189208984,37.716388702392578
9503271,2022,2022-09-21,3801,2022-08-28,1014,9,CENTR,7,5,7,3801,0,0,0,,0,1CAR,"JONES ST","GEARY ST",0.00,,Y,A,-,N,,,,,,,,,,N,3,0,1,2,A,-,12,21453,A,N,G,B,B,A,H,-,A,A,0,Y,,,,Y,,A,01,0,1,0,0,1,0,0,0,0,"- ","- ",,,"SAN FRANCISCO","SAN FRANCISCO",-122.41314697265625,37.786750793457031
9503272,2022,2022-09-21,3801,2022-08-28,1321,1118,SOUTH,7,5,7,3801,0,0,0,,0,3B12A,"10TH ST","MISSION ST",0.00,,Y,A,-,N,,,,,,,,,,N,4,0,1,2,A,-,10,21950,A,N,G,B,B,A,H,-,A,A,0,Y,,,,Y,,A,01,0,0,1,0,1,0,0,0,0,"- ","- ",,,"SAN FRANCISCO","SAN FRANCISCO",-122.41590881347656,37.775276184082031
9503274,2022,2022-09-21,3801,2022-08-26,2338,2722,CENTR,5,5,7,3801,0,0,0,,0,3A11E,"BUSH ST","STOCKTON ST",0.00,,Y,B,F,N,,,,,,,,,,N,4,0,2,2,A,-,08,22107,,N,B,C,A,B,H,-,C,A,0,,,,,Y,Y,A,01,0,0,2,0,0,0,0,0,0,"- ","- ",,,"SAN FRANCISCO","SAN FRANCISCO",-122.40715026855469,37.790378570556641
9503277,2022,2022-09-21,3801,2022-08-28,0210,2153,TARAV,7,5,7,3801,0,0,0,,0,3I15E,"SUNSET BL","OCEAN AV",0.00,,Y,A,-,N,,,,,,,,,,Y,4,0,2,2,A,-,12,21453,A,N,D,C,A,A,H,-,C,A,0,,,,,Y,,-,,0,0,2,0,0,0,0,0,0,"- ","- ",,,"SAN FRANCISCO","SAN FRANCISCO",-122.49381256103516,37.731895446777344
9503317,2022,2022-09-22,3801,2022-07-04,1751,4175,TARAV,1,5,7,3801,0,0,0,,0,4B4D,"LINCOLN WY","9TH AV",16.00,E,N,A,-,N,,,,,,,,,,Y,2,0,4,6,A,-,09,21453,B,N,C,C,F,A,H,-,A,A,0,Y,,,,Y,,A,01,1,0,3,0,4,0,0,0,0,"- ","- ",,,"SAN FRANCISCO","SAN FRANCISCO",-122.46638488769531,37.765933990478516
9503318,2022,2022-09-22,3801,2022-07-10,1000,1148,MISSI,7,5,7,3801,0,0,0,,0,3D15D,"26TH ST","FAIR OAKS ST",0.00,,Y,A,-,N,,,,,,,,,,N,3,0,1,2,A,-,09,21801,A,N,D,G,A,A,H,-,A,D,0,,Y,,,Y,,A,01,0,1,0,0,0,0,1,0,0,"- ","- ",,,"SAN FRANCISCO","SAN FRANCISCO",-122.42366790771484,37.748710632324219
9503322,2022,2022-09-22,3801,2022-07-18,0816,1061,SOUTH,1,5,7,3801,0,0,0,,0,3B12A,"4TH ST","HARRISON ST",0.00,,Y,A,-,N,,,,,,,,,,Y,4,0,1,2,A,-,08,22107,,N,B,D,A,A,H,-,A,A,0,,,,,Y,,A,07,0,0,1,0,0,0,0,0,0,"- ","- ",,,"SAN FRANCISCO","SAN FRANCISCO",-122.39962768554688,37.780776977539062