CASE_ID,ACCIDENT_YEAR,PROC_DATE,JURIS,COLLISION_DATE,COLLISION_TIME,OFFICER_ID,REPORTING_DISTRICT,DAY_OF_WEEK,CHP_SHIFT,POPULATION,CNTY_CITY_LOC,SPECIAL_COND,BEAT_TYPE,CHP_BEAT_TYPE,CITY_DIVISION_LAPD,CHP_BEAT_CLASS,BEAT_NUMBER,PRIMARY_RD,SECONDARY_RD,DISTANCE,DIRECTION,INTERSECTION,WEATHER_1,WEATHER_2,STATE_HWY_IND,CALTRANS_COUNTY,CALTRANS_DISTRICT,STATE_ROUTE,ROUTE_SUFFIX,POSTMILE_PREFIX,POSTMILE,LOCATION_TYPE,RAMP_INTERSECTION,SIDE_OF_HWY,TOW_AWAY,COLLISION_SEVERITY,NUMBER_KILLED,NUMBER_INJURED,PARTY_COUNT,PRIMARY_COLL_FACTOR,PCF_CODE_OF_VIOL,PCF_VIOL_CATEGORY,PCF_VIOLATION,PCF_VIOL_SUBSECTION,HIT_AND_RUN,TYPE_OF_COLLISION,MVIW,PED_ACTION,ROAD_SURFACE,ROAD_COND_1,ROAD_COND_2,LIGHTING,CONTROL_DEVICE,CHP_ROAD_TYPE,PEDESTRIAN_ACCIDENT,BICYCLE_ACCIDENT,MOTORCYCLE_ACCIDENT,TRUCK_ACCIDENT,NOT_PRIVATE_PROPERTY,ALCOHOL_INVOLVED,STWD_VEHTYPE_AT_FAULT,CHP_VEHTYPE_AT_FAULT,COUNT_SEVERE_INJ,COUNT_VISIBLE_INJ,COUNT_COMPLAINT_PAIN,COUNT_PED_KILLED,COUNT_PED_INJURED,COUNT_BICYCLIST_KILLED,COUNT_BICYCLIST_INJURED,COUNT_MC_KILLED,COUNT_MC_INJURED,PRIMARY_RAMP,SECONDARY_RAMP,LATITUDE,LONGITUDE,COUNTY,CITY,POINT_X,POINT_Y
9503362,2022,2022-09-22,3801,2022-08-03,1709,781,TARAV,3,5,7,3801,0,0,0,,0,0I5,"SKYLINE BL","GREAT HWY",0.00,,Y,B,-,N,,,,,,,,,,Y,4,0,1,2,A,-,12,22450,A,F,D,C,A,A,H,-,A,A,0,,,Y,,Y,,A,07,0,0,1,0,0,0,0,0,1,"- ","- ",,,"SAN FRANCISCO","SAN FRANCISCO",-122.50299835205078,37.725273132324219
9503366,2022,2022-09-22,3801,2022-08-06,0015,1472,PARK,6,5,7,3801,0,0,0,,0,001,"KEZAR DR","JOHN F KENNEDY DR",0.00,,Y,F,-,N,,,,,,,,,,Y,3,0,6,3,A,-,03,22350,,F,D,C,A,B,H,-,C,A,0,,,,,Y,,A,01,0,1,5,0,0,0,0,0,0,"- ","- ",,,"SAN FRANCISCO","SAN FRANCISCO",-122.45532989501953,37.770858764648438
9503367,2022,2022-09-22,3801,2022-08-09,2233,2744,SOUTH,2,5,7,3801,0,0,0,,0,0B4,"MARKET ST","GUERRERO ST",40.00,E,N,A,-,N,,,,,,,,,,N,2,0,2,1,A,-,03,22350,,N,E,I,A,-,H,-,C,-,0,,,,,Y,,-,,2,0,0,0,0,0,0,0,0,"- ","- ",,,"SAN FRANCISCO","SAN FRANCISCO",-122.42476654052734,37.770828247070312
9503425,2022,2022-10-06,3801,2022-06-20,1026,1987,TENDE,1,5,7,3801,0,0,0,,0,3J16A,"LARKIN ST","MCALLISTER ST",0.00,,Y,A,-,N,,,,,,,,,,Y,4,0,1,2,A,-,09,21801,,N,H,C,A,A,H,-,A,A,0,,,,,Y,Y,A,01,0,0,1,0,0,0,0,0,0,"- ","- ",,,"SAN FRANCISCO","SAN FRANCISCO",-122.41693878173828,37.780498504638672
9503426,2022,2022-09-23,3801,2022-06-18,1620,2231,SOUTH,6,5,7,3801,0,0,0,,0,3B12D,"16TH ST","MISSOURI ST",0.00,,Y,A,-,N,,,,,,,,,,N,4,0,1,2,A,-,08,22100,B,N,D,C,A,A,H,-,A,A,0,,,,,Y,,A,01,0,0,1,0,0,0,0,0,0,"- ","- ",,,"SAN FRANCISCO","SAN FRANCISCO",-122.39688110351562,37.766429901123047
9503428,2022,2022-09-23,3801,2022-06-14,1120,917,TRAFF,2,5,7,3801,0,0,0,,0,4B21,"HYDE ST","CHESTNUT ST",0.00,,Y,A,-,N,,,,,,,,,,N,2,0,1,2,A,-,00,21954,D,N,G,B,E,A,H,-,A,D,0,Y,,,,Y,,A,01,1,0,0,0,1,0,0,0,0,"- ","- ",,,"SAN FRANCISCO","SAN FRANCISCO",-122.41983032226562,37.802932739257812
9503693,2022,2022-10-04,3801,2022-04-27,1802,2376,SOUTH,3,5,7,3801,0,0,0,,0,3B12A,"FOLSOM ST","12TH ST",0.00,,Y,A,-,N,,,,,,,,,,N,4,0,1,2,A,-,09,21801,,M,A,C,A,A,H,-,A,A,0,,,,,Y,,A,01,0,0,1,0,0,0,0,0,0,"- ","- ",,,"SAN FRANCISCO","SAN FRANCISCO",-122.41500091552734,37.770904541015625
9504054,2022,2022-10-26,3801,2022-09-06,0456,202,TRAFF,2,5,7,3801,0,0,0,,0,4B2D,"5TH ST","BRYANT ST",158.00,N,N,A,-,Y,,,,,,,,,,N,1,1,0,2,A,-,10,21954,B,F,G,B,D,A,H,-,C,D,0,Y,,,,Y,,A,01,0,0,0,1,0,0,0,0,0,"- ","- ",,,"SAN FRANCISCO","SAN FRANCISCO",-122.40068054199219,37.778106689453125
9504397,2022,2022-10-18,3801,2022-09-04,1204,2375,RICHM,7,5,7,3801,0,0,0,,0,3G13A,"PARK PRESIDIO BYPASS DR","FULTON ST",80.00,S,N,A,-,Y,SF,4,1,-,-,4.970,H,-,N,Y,3,0,4,2,A,-,03,22350,,N,C,C,A,A,H,-,A,D,0,,,,,Y,,A,01,0,1,3,0,0,0,0,0,0,"- ","- ",,,"SAN FRANCISCO","SAN FRANCISCO",-122.47173309326172,37.772773742675781
9505216,2022,2022-10-11,3801,2022-04-23,1817,1680,MISSI,6,5,7,3801,0,0,0,,0,3D14D,"FOLSOM ST","18TH ST",0.00,,Y,A,-,N,,,,,,,,,,Y,3,0,4,2,A,-,00,21459,A,N,D,C,A,A,H,-,A,A,0,,,,,Y,,A,01,0,1,3,0,0,0,0,0,0,"- ","- ",,,"SAN FRANCISCO","SAN FRANCISCO",-122.41499328613281,37.762100219726562
9505232,2022,2022-10-19,3801,2022-05-30,1522,1074,BAYVI,1,5,7,3801,0,0,0,,0,3C14D,"SILVER AV","SAN BRUNO AV",104.00,E,N,A,-,N,,,,,,,,,,N,4,0,1,2,A,-,04,21703,,N,C,C,A,A,H,-,A,D,0,,,,,Y,,A,01,0,0,1,0,0,0,0,0,0,"- ","- ",,,"SAN FRANCISCO","SAN FRANCISCO",-122.40531158447266,37.732593536376953
9505608,2022,2022-11-10,3801,2022-09-11,0057,1463,SOUTH,7,5,7,3801,0,0,0,,0,3B14E,"MISSION ST","11TH ST",0.00,,Y,A,-,N,,,,,,,,,,Y,4,0,4,4,A,-,03,22350,,N,C,C,A,A,-,-,C,A,0,,,,,Y,,A,01,0,0,4,0,0,0,0,0,0,"- ","- ",,,"SAN FRANCISCO","SAN FRANCISCO",-122.41709899902344,37.774330139160156
9505611,2022,2022-11-21,3801,2022-10-18,2130,1472,PARK,2,5,7,3801,0,0,0,,0,3F13E,"OAK ST","SHRADER ST",0.00,,Y,A,-,N,,,,,,,,,,N,4,0,1,2,A,-,03,22350,,F,C,G,A,A,H,-,C,A,0,,Y,,,Y,,D,22,0,0,1,0,0,0,1,0,0,"- ","- ",,,"SAN FRANCISCO","SAN FRANCISCO",-122.45221710205078,37.771228790283203
9505620,2022,2022-11-22,3801,2022-10-01,1458,1952,BAYVI,6,5,7,3801,0,0,0,,0,901,"BAYSHORE BL","QUINT ST",112.00,S,N,A,-,N,,,,,,,,,,Y,3,0,1,5,A,-,01,23152,F,M,B,E,A,A,H,-,A,D,0,,,,,Y,,D,22,0,1,0,0,0,0,0,0,0,"- ","- ",,,"SAN FRANCISCO","SAN FRANCISCO",-122.40293121337891,37.7296142578125
9505640,2022,2022-12-01,3801,2022-10-03,1645,2139,TARAV,1,5,7,3801,0,0,0,,0,901,"19TH AV","WAWONA ST",60.00,N,N,A,-,N,,,,,,,,,,N,3,0,3,3,A,-,04,21703,,N,C,C,A,A,H,-,A,A,0,,,,,Y,,A,07,0,1,2,0,0,0,0,0,0,"- ","- ",,,"SAN FRANCISCO","SAN FRANCISCO",-122.47531127929688,37.737625122070312
9505647,2022,2022-11-17,3801,2022-10-27,0720,1917,TARAV,4,5,7,3801,0,0,0,,0,3I1DA,"SANTA CLARA AV","SAINT FRANCIS BL",0.00,,Y,A,-,N,,,,,,,,,,N,4,0,1,2,A,-,09,21802,A,N,D,G,A,A,H,-,C,A,0,,Y,,,Y,,D,22,0,0,1,0,0,0,1,0,0,"- ","- ",,,"SAN FRANCISCO","SAN FRANCISCO",-122.46625518798828,37.734947204589844
9505666,2022,2022-12-08,3801,2022-10-22,0411,2035,MISSI,6,5,7,3801,0,0,0,,0,3D11E,"S VAN NESS AV","20TH ST",140.00,N,N,A,C,N,,,,,,,,,,Y,2,0,1,3,A,-,03,22350,,N,D,C,A,B,H,-,C,D,0,,,,,Y,,A,01,1,0,0,0,0,0,0,0,0,"- ","- ",,,"SAN FRANCISCO","SAN FRANCISCO",-122.41694641113281,37.759143829345703
9505679,2022,2022-11-15,3801,2022-09-29,1634,1925,BAYVI,4,5,7,3801,0,0,0,,0,3C45,"LA SALLE AV","NEWCOMB AV",0.00,,Y,A,-,N,,,,,,,,,,N,4,0,2,2,A,-,03,22350,,N,D,C,A,A,H,-,A,D,0,,,,,Y,,A,01,0,0,2,0,0,0,0,0,0,"- ","- ",,,"SAN FRANCISCO","SAN FRANCISCO",-122.38511657714844,37.733074188232422
9505781,2022,2022-11-08,3801,2022-09-28,1019,1557,TARAV,3,5,7,3801,0,0,0,,0,3I16A,"OCEAN AV","LEE AV",0.00,,Y,A,-,N,,,,,,,,,,Y,2,0,1,2,A,-,00,22101,C,N,A,C,A,A,H,-,A,A,0,,,Y,,Y,,A,01,1,0,0,0,0,0,0,0,0,"- ","- ",,,"SAN FRANCISCO","SAN FRANCISCO",-122.4541015625,37.723491668701172
9505787,2022,2022-11-08,3801,2022-09-28,1806,4201,NORTH,3,5,7,3801,0,0,0,,0,3E13D,"GOUGH ST","VALLEJO ST",0.00,,Y,A,-,N,,,,,,,,,,N,4,0,1,2,A,-,09,21800,B,N,D,C,A,A,H,-,A,A,0,,,Y,,Y,,C,03,0,0,1,0,0,0,0,0,1,"- ","- ",,,"SAN FRANCISCO","SAN FRANCISCO",-122.4268798828125,37.796291351318359
9505790,2022,2022-11-08,3801,2022-09-30,1753,203,MISSI,5,5,7,3801,0,0,0,,0,,"FOLSOM ST","24TH ST",0.00,,Y,A,-,N,,,,,,,,,,N,3,0,1,2,A,-,09,21801,A,N,A,-,A,A,H,-,A,A,0,,Y,,,Y,,A,01,0,1,0,0,0,0,1,0,0,"- ","- ",,,"SAN FRANCISCO","SAN FRANCISCO",-122.41409301757812,37.752506256103516
9505792,2022,2022-11-17,3801,2022-09-30,0201,1350,BAYVI,5,5,7,3801,0,0,0,,0,3C13E,"MENDELL ST","NEWHALL ST",72.00,N,N,A,-,N,,,,,,,,,,N,3,0,1,2,A,-,03,22350,,F,G,B,E,A,H,-,C,A,0,Y,,,,Y,,-,99,0,1,0,0,1,0,0,0,0,"- ","- ",,,"SAN FRANCISCO","SAN FRANCISCO",-122.38383483886719,37.742576599121094
9505795,2022,2022-11-18,3801,2022-09-28,1840,1810,MISSI,3,5,7,3801,0,0,0,,0,3D13D,GUERRERO,"22ND ST",132.00,N,N,A,-,N,,,,,,,,,,Y,2,0,1,2,A,-,01,23152,A,M,A,I,A,A,H,-,A,A,0,,,,,Y,Y,A,01,1,0,0,0,0,0,0,0,0,"- ","- ",,,"SAN FRANCISCO","SAN FRANCISCO",-122.4232177734375,37.755542755126953
9505799,2022,2022-11-08,3801,2022-10-06,0810,2417,BAYVI,4,5,7,3801,0,0,0,,0,3C15A,"SILVER AV","BARNEVELD AV",0.00,,Y,A,-,N,,,,,,,,,,Y,4,0,1,2,A,-,09,21801,A,N,D,C,A,A,H,-,A,A,0,,,,,Y,,A,01,0,0,1,0,0,0,0,0,0,"- ","- ",,,"SAN FRANCISCO","SAN FRANCISCO",-122.40676879882812,37.732086181640625
9505801,2022,2022-11-16,3801,2022-10-22,2353,2035,MISSI,6,5,7,3801,0,0,0,,0,3D11E,"POTRERO AV","18TH ST",0.00,,Y,A,-,N,,,,,,,,,,Y,4,0,1,3,A,-,01,23152,A,N,D,C,A,A,H,-,C,A,0,,,,,Y,Y,A,01,0,0,1,0,0,0,0,0,0,"- ","- ",,,"SAN FRANCISCO","SAN FRANCISCO",-122.40721893310547,37.761928558349609
9505812,2022,2022-11-15,3801,2022-10-23,1818,1857,NORTH,7,5,7,3801,0,0,0,,0,3E13D,"POLK ST","HEMLOCK ST",0.00,,Y,A,-,N,,,,,,,,,,N,3,0,1,2,A,-,08,22107,,F,B,G,A,A,H,-,B,A,0,,Y,,,Y,,A,01,0,1,0,0,0,0,1,0,0,"- ","- ",,,"SAN FRANCISCO","SAN FRANCISCO",-122.41999053955078,37.78729248046875
9505816,2022,2022-11-16,3801,2022-10-22,0207,4347,TARAV,6,5,7,3801,0,0,0,,0,3I11E,"19TH AV","ULLOA ST",0.00,,Y,E,-,N,,,,,,,,,,Y,3,0,3,2,A,-,12,21453,A,F,D,C,A,B,H,-,C,A,0,,,,,Y,,A,01,0,1,2,0,0,0,0,0,0,"- ","- ",,,"SAN FRANCISCO","SAN FRANCISCO",-122.47557067871094,37.741195678710938
9505825,2022,2022-11-15,3801,2022-10-13,2017,307,PARK,4,5,7,3801,0,0,0,,0,3F11D,"7TH AV","IRVING ST",0.00,,Y,-,-,N,,,,,,,,,,Y,4,0,2,2,A,-,09,21801,A,N,A,C,A,A,H,-,C,A,0,,,,,Y,,A,01,0,0,2,0,0,0,0,0,0,"- ","- ",,,"SAN FRANCISCO","SAN FRANCISCO",-122.46416473388672,37.76416015625
9505827,2022,2022-11-15,3801,2022-10-12,1304,327,MISSI,3,5,7,3801,0,0,0,,0,3D14C,"CESAR CHAVEZ ST","FOLSOM ST",0.00,,Y,A,-,N,,,,,,,,,,N,2,0,1,2,A,-,06,21755,A,N,D,C,A,A,H,-,A,A,0,,,Y,,Y,,C,02,1,0,0,0,0,0,0,0,1,"- ","- ",,,"SAN FRANCISCO","SAN FRANCISCO",-122.41368103027344,37.748313903808594
9505834,2022,2022-11-16,3801,2022-10-17,1910,2732,CENTR,1,5,7,3801,0,0,0,,0,3A14D,"STOCKTON ST","PACIFIC ST",132.00,S,N,A,-,N,,,,,,,,,,,3,0,1,1,C,-,18,,,N,F,A,A,A,A,-,C,A,0,,,,,Y,,-,"- ",0,1,0,0,0,0,0,0,0,"- ","- ",,,"SAN FRANCISCO","SAN FRANCISCO",-122.40833282470703,37.796363830566406
9505837,2022,2022-11-16,3801,2022-10-18,1208,2088,INGLE,2,5,7,3801,0,0,0,,0,3H15A,"MISSION ST","AMAZON AV",0.00,,Y,A,-,N,,,,,,,,,,N,4,0,1,2,A,-,08,22107,,N,-,-,A,A,H,-,A,B,0,,Y,,,Y,,A,01,0,0,1,0,0,0,1,0,0,"- ","- ",,,"SAN FRANCISCO","SAN FRANCISCO",-122.4404296875,37.717235565185547
9505838,2022,2022-11-16,3801,2022-10-18,0615,2493,PARK,2,5,7,3801,0,0,0,,0,3F13A,"OAK ST","CENTRAL AV",0.00,,Y,A,-,N,,,,,,,,,,N,3,0,1,2,A,-,12,21453,A,F,D,G,A,A,H,-,C,A,0,,Y,,,Y,,A,01,0,1,0,0,0,0,1,0,0,"- ","- ",,,"SAN FRANCISCO","SAN FRANCISCO",-122.44405364990234,37.772289276123047
9505840,2022,2022-11-16,3801,2022-10-26,0010,1926,NORTH,3,5,7,3801,0,0,0,,0,3E13E,"FRANKLIN ST","GROVE ST",0.00,,Y,A,-,N,,,,,,,,,,N,4,0,1,2,A,-,12,21453,A,F,D,C,A,A,H,-,C,A,0,,,,,Y,,A,07,0,0,1,0,0,0,0,0,0,"- ","- ",,,"SAN FRANCISCO","SAN FRANCISCO",-122.42151641845703,37.778022766113281
9505920,2022,2022-11-09,3801,2022-10-11,1717,1414,MISSI,2,5,7,3801,0,0,0,,0,3D13D,"LEXINGTON ST","19TH ST",320.00,S,N,B,-,N,,,,,,,,,,N,4,0,1,2,A,-,08,22107,,N,B,C,A,A,H,-,A,D,0,,,,,Y,,-,,0,0,1,0,0,0,0,0,0,"- ","- ",,,"SAN FRANCISCO","SAN FRANCISCO",-122.42055511474609,37.759284973144531
9505924,2022,2022-11-14,3801,2022-10-07,1900,4201,NORTH,5,5,7,3801,0,0,0,,0,3E13D,"GROVE ST","LARKIN ST",0.00,,Y,A,-,N,,,,,,,,,,Y,4,0,1,1,A,-,03,22350,A,N,A,I,A,A,H,-,C,A,0,,,,,Y,,A,01,0,0,1,0,0,0,0,0,0,"- ","- ",,,"SAN FRANCISCO","SAN FRANCISCO",-122.41658782958984,37.778659820556641
9505925,2022,2022-11-14,3801,2022-10-08,1233,1870,RICHM,6,5,7,3801,0,0,0,,0,3G13C,"PARK PRESIDIO BYPASS","FULTON ST",0.00,,Y,A,-,N,,,,,,,,,,Y,3,0,2,2,A,-,08,22107,,N,C,C,A,A,H,-,A,D,0,,,,,Y,,A,01,0,2,0,0,0,0,0,0,0,"- ","- ",,,"SAN FRANCISCO","SAN FRANCISCO",-122.47177886962891,37.773124694824219
9505931,2022,2022-11-14,3801,2022-10-07,1906,1198,MISSI,5,5,7,3801,0,0,0,,0,,"GUERRERO ST","19TH ST",0.00,,Y,A,-,N,,,,,,,,,,Y,4,0,1,2,A,-,09,21801,,N,A,C,A,A,H,-,C,A,0,,,,,Y,,A,01,0,0,1,0,0,0,0,0,0,"- ","- ",,,"SAN FRANCISCO","SAN FRANCISCO",-122.42362976074219,37.759975433349609
9505937,2022,2022-11-14,3801,2022-10-09,2316,2708,SOUTH,7,5,7,3801,0,0,0,,0,,"MISSION ST","MINT ST",0.00,,Y,A,-,N,,,,,,,,,,N,2,0,1,2,A,-,03,22350,,F,A,B,C,A,H,-,C,A,0,Y,,,,Y,,A,01,1,0,0,0,1,0,0,0,0,"- ","- ",,,"SAN FRANCISCO","SAN FRANCISCO",-122.40716552734375,37.782188415527344
9505943,2022,2022-11-18,3801,2022-10-16,1300,563,TARAV,7,5,7,3801,0,0,0,,0,001,"18TH AV","LAWTON ST",0.00,,Y,A,-,N,,,,,,,,,,Y,3,0,2,2,A,-,12,22450,,N,D,C,A,A,H,-,A,-,0,,,,,Y,,-,"- ",0,1,1,0,0,0,0,0,0,"- ","- ",,,"SAN FRANCISCO","SAN FRANCISCO",-122.47566223144531,37.757987976074219
9505950,2022,2022-11-18,3801,2022-10-14,1609,2435,BAYVI,5,5,7,3801,0,0,0,,0,002,"BAY SHORE BL","RT 101",102.00,N,N,A,-,N,,,,,,,,,,Y,4,0,2,2,A,-,03,22350,,N,C,C,A,A,H,-,A,D,0,,,,,Y,,A,01,0,0,2,0,0,0,0,0,0,"- ",SO,,,"SAN FRANCISCO","SAN FRANCISCO",-122.40615844726562,37.657318115234375
9505955,2022,2022-11-10,3801,2022-10-16,2035,4041,TARAV,7,5,7,3801,0,0,0,,0,3I13D,"LINCOLN AV","FUNSTON AV",160.00,W,N,A,-,N,,,,,,,,,,Y,3,0,2,3,A,-,03,22350,,N,C,C,A,A,H,-,C,A,0,,,,,Y,,A,07,0,1,1,0,0,0,0,0,0,"- ","- ",,,"SAN FRANCISCO","SAN FRANCISCO",-122.47127532958984,37.765712738037109
9505957,2022,2022-11-10,3801,2022-10-18,1604,2328,BAYVI,2,5,7,3801,0,0,0,,0,901,"CESAR CHAVEZ ST","CONNECTICUT ST",0.00,,Y,A,-,N,,,,,,,,,,Y,4,0,1,2,A,-,09,21801,A,N,D,C,A,A,H,-,A,A,0,,,,,Y,,A,01,0,0,1,0,0,0,0,0,0,"- ","- ",,,"SAN FRANCISCO","SAN FRANCISCO",-122.39627075195312,37.749752044677734
9505959,2022,2022-11-16,3801,2022-10-19,0840,2348,INGLE,3,5,7,3801,0,0,0,,0,3H14A,"SAN JOSE AV","BADEN ST",0.00,,Y,A,-,N,,,,,,,,,,Y,4,0,1,2,A,-,08,22107,,N,D,D,A,A,H,-,-,D,0,,,,,Y,,A,01,0,0,1,0,0,0,0,0,0,"- ","- ",,,"SAN FRANCISCO","SAN FRANCISCO",-122.43900299072266,37.729621887207031
9505961,2022,2022-11-10,3801,2022-10-07,2500,,MISSI,5,5,7,3801,0,0,0,,0,3D11E,"17TH ST","HARTFORD ST",0.00,,Y,A,-,N,,,,,,,,,,N,4,0,1,2,A,-,03,22350,,N,A,J,A,A,H,-,C,D,0,,,,,Y,,M,94,0,0,1,0,0,0,0,0,0,"- ","- ",,,"SAN FRANCISCO","SAN FRANCISCO",-122.43405914306641,37.762569427490234
9505966,2022,2022-11-10,3801,2022-10-05,0937,610,MISSI,3,5,7,3801,0,0,0,,0,3D11A,"CLINTON PARK","VALENCIA ST",35.00,E,N,A,-,N,,,,,,,,,,N,3,0,1,2,A,-,17,21657,,N,-,G,A,A,H,-,A,D,0,,Y,,,Y,,L,04,0,1,0,0,0,0,1,0,0,"- ","- ",,,"SAN FRANCISCO","SAN FRANCISCO",-122.42218780517578,37.769287109375
9505968,2022,2022-11-10,3801,2022-10-12,1705,1741,SOUTH,3,5,7,3801,0,0,0,,0,901,"5TH ST","HOWARD ST",30.00,S,N,A,-,N,,,,,,,,,,N,3,0,1,1,A,-,03,22350,,N,E,A,A,A,-,-,A,A,0,,,,,Y,,M,94,0,1,0,0,0,0,0,0,0,"- ","- ",,,"SAN FRANCISCO","SAN FRANCISCO",-122.40485382080078,37.781452178955078
9505970,2022,2022-11-14,3801,2022-10-13,1820,1406,TENDE,4,5,7,3801,0,0,0,,0,3J4,"JONES ST","MCALLISTER ST",7.00,N,N,A,-,N,,,,,,,,,,N,4,0,1,2,A,-,10,21950,A,N,G,B,B,A,C,-,A,A,0,Y,,,,Y,,A,01,0,0,1,0,1,0,0,0,0,"- ","- ",,,"SAN FRANCISCO","SAN FRANCISCO",-122.41203308105469,37.781150817871094
9505982,2022,2022-11-18,3801,2022-10-19,0811,1157,BAYVI,3,5,7,3801,0,0,0,,0,3C15A,"QUESADA AV","CRISP RD",0.00,,Y,A,-,N,,,,,,,,,,Y,4,0,2,2,A,-,09,21802,A,F,B,C,A,A,H,-,A,A,0,,,,,Y,,A,01,0,0,2,0,0,0,0,0,0,"- ","- ",,,"SAN FRANCISCO","SAN FRANCISCO",-122.38172912597656,37.727821350097656
9505984,2022,2022-11-10,3801,2022-10-23,1235,1503,BAYVI,7,5,7,3801,0,0,0,,0,3C11A,"EVANS AV","PHELPS ST",0.00,,Y,A,-,N,,,,,,,,,,N,3,0,2,2,A,-,12,21453,,N,D,C,A,A,H,-,A,A,0,,,,,Y,,A,01,0,1,1,0,0,0,0,0,0,"- ","- ",,,"SAN FRANCISCO","SAN FRANCISCO",-122.38845062255859,37.742977142333984
9505985,2022,2022-11-10,3801,2022-10-26,1919,4239,PARK,3,5,7,3801,0,0,0,,0,3F91,"DUBOCE AV","BELCHER ST",50.00,W,N,A,-,N,,,,,,,,,,N,4,0,1,2,D,-,00,,,N,G,B,D,A,H,-,C,D,0,Y,,,,Y,,-,"- ",0,0,1,0,1,0,0,0,0,"- ","- ",,,"SAN FRANCISCO","SAN FRANCISCO",-122.43040466308594,37.769382476806641
9505987,2022,2022-11-21,3801,2022-10-22,0222,1463,SOUTH,6,5,7,3801,0,0,0,,0,0B5,"KING ST","4TH ST",5.00,W,N,A,-,N,,,,,,,,,,Y,4,0,2,2,D,-,00,,,N,D,C,A,A,H,-,C,A,0,,,,,Y,,-,"- ",0,0,2,0,0,0,0,0,0,"- ","- ",,,"SAN FRANCISCO","SAN FRANCISCO",-122.3941650390625,37.776420593261719
9505989,2022,2022-11-10,3801,2022-10-21,2148,2463,SOUTH,5,5,7,3801,0,0,0,,0,3B14E,"VAN NESS AV","MARKET ST",197.00,S,N,A,-,N,,,,,,,,,,N,4,0,1,2,A,-,04,21703,,N,C,-,A,A,H,-,C,D,0,,,,,Y,,A,07,0,0,1,0,0,0,0,0,0,"- ","- ",,,"SAN FRANCISCO","SAN FRANCISCO",-122.41925811767578,37.775169372558594
9505994,2022,2022-11-18,3801,2022-10-21,0707,1925,BAYVI,5,5,7,3801,0,0,0,,0,901,"SAN BRUNO AV","PAUL AV",0.00,,Y,B,-,N,,,,,,,,,,N,4,0,1,2,A,-,11,21950,B,N,G,B,B,A,H,-,A,A,0,Y,,,,Y,,N,60,0,0,1,0,1,0,0,0,0,"- ","- ",,,"SAN FRANCISCO","SAN FRANCISCO",-122.40205383300781,37.723922729492188
9505995,2022,2022-11-21,3801,2022-10-26,1714,2419,RICHM,3,5,7,3801,0,0,0,,0,0G2,"PALM AV","GEARY BL",344.00,N,N,A,-,N,,,,,,,,,,N,3,0,1,2,A,-,11,21950,B,N,D,B,D,A,H,-,A,D,0,Y,,,,Y,,N,60,0,1,0,0,1,0,0,0,0,"- ","- ",,,"SAN FRANCISCO","SAN FRANCISCO",-122.45780944824219,37.782321929931641
9505999,2022,2022-11-10,3801,2022-10-22,1903,2100,MISSI,6,5,7,3801,0,0,0,,0,3D11D,"GUERRERO ST","CESAR CHAVEZ ST",0.00,,Y,A,-,N,,,,,,,,,,Y,4,0,2,3,A,-,08,22107,,N,B,C,A,A,H,-,C,A,0,,,,,Y,,A,01,0,0,2,0,0,0,0,0,0,"- ","- ",,,"SAN FRANCISCO","SAN FRANCISCO",-122.4224853515625,37.748016357421875
9506048,2022,2022-11-10,3801,2022-10-14,1816,1857,NORTH,5,5,7,3801,0,0,0,,0,3E14D,"DIVISADERO ST","POST ST",0.00,,Y,B,-,N,,,,,,,,,,Y,3,0,2,2,D,-,00,,,N,D,C,A,A,H,-,A,A,0,,,,,Y,,-,"- ",0,1,1,0,0,0,0,0,0,"- ","- ",,,"SAN FRANCISCO","SAN FRANCISCO",-122.43967437744141,37.784313201904297
9506050,2022,2022-11-18,3801,2022-10-14,1812,1745,BAYVI,5,5,7,3801,0,0,0,,0,003,MENDELL,"EVANS AV",60.00,S,N,A,-,N,,,,,,,,,,N,4,0,1,2,A,-,03,22350,,N,C,G,A,A,H,-,A,D,0,,Y,,,Y,,-,"- ",0,0,1,0,0,0,1,0,0,"- ","- ",,,"SAN FRANCISCO","SAN FRANCISCO",-122.38488006591797,37.740715026855469
9506058,2022,2022-11-10,3801,2022-10-01,1427,4274,RICHM,6,5,7,3801,0,0,0,,0,3G13C,"CABRILLO ST","41ST AV",121.00,W,N,A,-,N,,,,,,,,,,N,3,0,1,2,A,-,03,22350,,N,B,G,A,A,H,-,A,D,0,,Y,,,Y,,L,04,0,1,0,0,0,0,1,0,0,"- ","- ",,,"SAN FRANCISCO","SAN FRANCISCO",-122.50187683105469,37.773612976074219
9506060,2022,2022-11-10,3801,2022-10-01,1823,4200,TARAV,6,5,7,3801,0,0,0,,0,3I13D,"SLOAT BL","19TH AV",0.00,,Y,A,-,N,,,,,,,,,,Y,4,0,1,2,A,-,04,21703,,N,C,C,A,A,H,-,C,A,0,,,,,Y,,A,01,0,0,1,0,0,0,0,0,0,"- ","- ",,,"SAN FRANCISCO","SAN FRANCISCO",-122.47511291503906,37.734561920166016
9506078,2022,2022-11-10,3801,2022-10-10,0053,1144,RICHM,1,5,7,3801,0,0,0,,0,3G12E,"PARK PRESIDIO BYPASS DR","FULTON ST",60.00,S,N,E,-,N,,,,,,,,,,Y,4,0,1,1,A,-,03,22350,A,N,E,I,A,A,H,-,C,D,0,,,,,Y,,A,01,0,0,1,0,0,0,0,0,0,"- ","- ",,,"SAN FRANCISCO","SAN FRANCISCO",-122.47177124023438,37.772964477539062