CASE_ID,ACCIDENT_YEAR,PROC_DATE,JURIS,COLLISION_DATE,COLLISION_TIME,OFFICER_ID,REPORTING_DISTRICT,DAY_OF_WEEK,CHP_SHIFT,POPULATION,CNTY_CITY_LOC,SPECIAL_COND,BEAT_TYPE,CHP_BEAT_TYPE,CITY_DIVISION_LAPD,CHP_BEAT_CLASS,BEAT_NUMBER,PRIMARY_RD,SECONDARY_RD,DISTANCE,DIRECTION,INTERSECTION,WEATHER_1,WEATHER_2,STATE_HWY_IND,CALTRANS_COUNTY,CALTRANS_DISTRICT,STATE_ROUTE,ROUTE_SUFFIX,POSTMILE_PREFIX,POSTMILE,LOCATION_TYPE,RAMP_INTERSECTION,SIDE_OF_HWY,TOW_AWAY,COLLISION_SEVERITY,NUMBER_KILLED,NUMBER_INJURED,PARTY_COUNT,PRIMARY_COLL_FACTOR,PCF_CODE_OF_VIOL,PCF_VIOL_CATEGORY,PCF_VIOLATION,PCF_VIOL_SUBSECTION,HIT_AND_RUN,TYPE_OF_COLLISION,MVIW,PED_ACTION,ROAD_SURFACE,ROAD_COND_1,ROAD_COND_2,LIGHTING,CONTROL_DEVICE,CHP_ROAD_TYPE,PEDESTRIAN_ACCIDENT,BICYCLE_ACCIDENT,MOTORCYCLE_ACCIDENT,TRUCK_ACCIDENT,NOT_PRIVATE_PROPERTY,ALCOHOL_INVOLVED,STWD_VEHTYPE_AT_FAULT,CHP_VEHTYPE_AT_FAULT,COUNT_SEVERE_INJ,COUNT_VISIBLE_INJ,COUNT_COMPLAINT_PAIN,COUNT_PED_KILLED,COUNT_PED_INJURED,COUNT_BICYCLIST_KILLED,COUNT_BICYCLIST_INJURED,COUNT_MC_KILLED,COUNT_MC_INJURED,PRIMARY_RAMP,SECONDARY_RAMP,LATITUDE,LONGITUDE,COUNTY,CITY,POINT_X,POINT_Y
9506079,2022,2022-11-10,3801,2022-10-07,2327,2722,CENTR,5,5,7,3801,0,0,0,,0,3A2E,"STOCKTON TUNL","SACRAMENTO ST",0.00,,Y,A,-,N,,,,,,,,,,Y,4,0,1,2,A,-,08,22107,,N,C,C,A,A,C,H,C,A,0,,,,,Y,,-,,0,0,1,0,0,0,0,0,0,"- ","- ",,,"SAN FRANCISCO","SAN FRANCISCO",-122.40769958496094,37.793186187744141
9506231,2022,2022-10-20,3801,2022-09-15,0812,2001,TRAFF,4,5,7,3801,0,0,0,,0,3H16A,"BAYSHORE BL","SAN BRUNO AV",0.00,,Y,A,-,N,,,,,,,,,,N,4,0,1,2,A,-,11,21456,C,N,G,B,B,A,H,-,A,A,0,Y,,,,Y,,N,60,0,0,1,0,1,0,0,0,0,"- ","- ",,,"SAN FRANCISCO","SAN FRANCISCO",-122.40318298339844,37.711971282958984
9506237,2022,2022-10-31,3801,2022-06-06,1638,2215,NORTH,1,5,7,3801,0,0,0,,0,3E14D,"MCALLISTER ST","FRANKLIN ST",130.00,E,N,A,-,N,,,,,,,,,,N,3,0,1,2,A,-,21,22106,,M,D,C,A,A,H,-,A,A,0,,,,,Y,,A,01,0,1,0,0,0,0,0,0,0,"- ","- ",,,"SAN FRANCISCO","SAN FRANCISCO",-122.42144775390625,37.779930114746094
9506276,2022,2022-10-31,3801,2022-08-31,2309,2140,MISSI,3,5,7,3801,0,0,0,,0,3D14E,"24TH ST","HARRISON ST",0.00,,Y,A,-,N,,,,,,,,,,Y,3,0,1,4,A,-,07,21658,,F,A,E,A,A,H,-,C,D,0,,,,,Y,,A,01,0,1,0,0,0,0,0,0,0,"- ","- ",,,"SAN FRANCISCO","SAN FRANCISCO",-122.41188812255859,37.752651214599609
9506327,2022,2022-10-24,3801,2022-09-14,1424,885,BAYVI,3,5,7,3801,0,0,0,,0,02C,"CESAR CHAVEZ ST","EVANS ST",319.00,W,N,A,-,N,,,,,,,,,,Y,4,0,2,2,A,-,08,21460,5,N,B,C,A,A,H,-,A,D,0,,,,,Y,,A,08,0,0,2,0,0,0,0,0,0,"- ","- ",,,"SAN FRANCISCO","SAN FRANCISCO",-122.39842224121094,37.749626159667969
9506328,2022,2022-10-12,3801,2022-09-14,1627,2355,TARAV,3,5,7,3801,0,0,0,,0,0I3,"SLOAT BL","47TH AV",0.00,,Y,A,-,N,,,,,,,,,,N,4,0,1,2,A,-,09,21801,A,F,D,C,A,A,H,-,A,A,0,,,,,Y,,A,01,0,0,1,0,0,0,0,0,0,"- ","- ",,,"SAN FRANCISCO","SAN FRANCISCO",-122.50525665283203,37.735561370849609
9506332,2022,2022-10-19,3801,2022-09-14,0915,504,NORTH,3,5,7,3801,0,0,0,,0,3E15A,"GOUGH ST","MCALLISTER ST",0.00,,Y,A,-,N,,,,,,,,,,N,4,0,1,2,A,-,04,21703,,F,C,C,A,A,H,-,A,A,0,,,Y,,Y,Y,-,,0,0,1,0,0,0,0,0,1,"- ","- ",,,"SAN FRANCISCO","SAN FRANCISCO",-122.42353820800781,37.779670715332031
9506341,2022,2022-10-11,3801,2022-09-03,1658,577,TARAV,6,5,7,3801,0,0,0,,0,0I5,"JUNIPERO SERRA BL","WINSTON DR",0.00,,Y,A,-,N,,,,,,,,,,Y,2,0,2,2,A,-,12,21453,A,F,D,C,A,A,H,-,A,A,0,,,,,Y,,A,01,2,0,0,0,0,0,0,0,0,"- ","- ",,,"SAN FRANCISCO","SAN FRANCISCO",-122.47236633300781,37.726837158203125
9506343,2022,2022-10-11,3801,2022-09-03,0248,481,CENTR,6,5,7,3801,0,0,0,,0,3A11E,"PINE ST","LARKIN ST",146.00,E,N,A,-,N,,,,,,,,,,Y,3,0,1,5,A,-,03,22350,A,N,B,E,A,A,H,-,C,A,0,,,,,Y,,A,01,0,1,0,0,0,0,0,0,0,"- ","- ",,,"SAN FRANCISCO","SAN FRANCISCO",-122.41835784912109,37.789897918701172
9506349,2022,2022-10-11,3801,2022-09-02,0042,1252,RICHM,5,5,7,3801,0,0,0,,0,,"PARK PRESIDIO BL","FULTON ST",50.00,S,N,B,-,N,,,,,,,,,,Y,4,0,1,1,A,-,03,22350,,N,A,I,A,B,H,-,C,D,0,,,,,Y,,-,,0,0,1,0,0,0,0,0,0,"- ","- ",,,"SAN FRANCISCO","SAN FRANCISCO",-122.47177886962891,37.773128509521484
9506350,2022,2022-10-11,3801,2022-09-02,0945,1053,TARAV,5,5,7,3801,0,0,0,,0,3I1A,"SUNSET BL","OCEAN AV",161.00,N,N,B,-,N,,,,,,,,,,N,4,0,1,2,A,-,03,22350,,N,C,C,A,A,H,-,A,A,0,,,,,Y,,A,01,0,0,1,0,0,0,0,0,0,"- ","- ",,,"SAN FRANCISCO","SAN FRANCISCO",-122.49382781982422,37.732341766357422
9506382,2022,2022-10-11,3801,2022-09-16,1829,1833,NORTH,5,5,7,3801,0,0,0,,0,3E12D,"OCTAVIA ST","PAGE ST",0.00,,Y,A,-,N,,,,,,,,,,Y,4,0,1,2,A,-,04,21703,,N,C,C,A,A,H,-,A,A,0,,,,,Y,,-,,0,0,1,0,0,0,0,0,0,"- ","- ",,,"SAN FRANCISCO","SAN FRANCISCO",-122.42411041259766,37.773883819580078
9506386,2022,2022-10-11,3801,2022-09-06,1800,664,MISSI,2,5,7,3801,0,0,0,,0,002,"FOLSOM ST","10TH ST",0.00,,Y,A,-,N,,,,,,,,,,N,4,0,1,2,A,-,21,22106,,F,D,C,A,A,H,-,A,D,0,,,,,Y,Y,A,01,0,0,1,0,0,0,0,0,0,"- ","- ",,,"SAN FRANCISCO","SAN FRANCISCO",-122.41281890869141,37.772819519042969
9506387,2022,2022-10-11,3801,2022-09-13,1537,2008,MISSI,2,5,7,3801,0,0,0,,0,3D15D,"17TH ST","UTAH ST",62.00,E,N,A,-,N,,,,,,,,,,Y,4,0,1,2,A,-,01,23153,A,N,C,C,A,A,H,-,A,D,0,,,,,Y,Y,A,01,0,0,1,0,0,0,0,0,0,"- ","- ",,,"SAN FRANCISCO","SAN FRANCISCO",-122.40621948242188,37.764568328857422
9506390,2022,2022-10-11,3801,2022-09-12,1854,2431,RICHM,1,5,7,3801,0,0,0,,0,3G13D,"CALIFORNIA ST","9TH AV",0.00,,Y,A,-,N,,,,,,,,,,N,4,0,1,2,A,-,10,21950,A,N,G,B,B,A,H,-,A,A,0,Y,,,,Y,,A,01,0,0,1,0,1,0,0,0,0,"- ","- ",,,"SAN FRANCISCO","SAN FRANCISCO",-122.4677734375,37.784671783447266
9506399,2022,2022-10-11,3801,2022-09-04,0156,4004,CENTR,7,5,7,3801,0,0,0,,0,3A11E,"BAY ST","STOCKTON ST",51.00,S,N,A,-,N,,,,,,,,,,Y,2,0,1,2,A,-,03,22350,,N,D,C,A,A,H,-,D,A,0,,,Y,,Y,,C,02,1,0,0,0,0,0,0,0,1,"- ","- ",,,"SAN FRANCISCO","SAN FRANCISCO",-122.41047668457031,37.806018829345703
9506400,2022,2022-12-07,3801,2022-09-04,0149,2741,TENDE,7,5,7,3801,0,0,0,,0,901,"JONES ST","ELLIST ST",0.00,,Y,A,-,N,,,,,,,,,,N,3,0,1,1,A,-,03,22350,,N,E,I,A,A,H,-,C,D,0,,,,,Y,,M,94,0,1,0,0,0,0,0,0,0,"- ","- ",,,"SAN FRANCISCO","SAN FRANCISCO",-122.41278076171875,37.784896850585938
9506413,2022,2022-10-14,3801,2022-09-16,1739,654,PARK,5,5,7,3801,0,0,0,,0,3F11D,"LINCOLN WY","4TH AV",0.00,,Y,A,-,N,,,,,,,,,,N,2,0,1,2,A,-,08,22107,,N,C,D,A,A,H,-,B,D,0,,,Y,,Y,,C,03,1,0,0,0,0,0,0,0,1,"- ","- ",,,"SAN FRANCISCO","SAN FRANCISCO",-122.46107482910156,37.766159057617188
9506456,2022,2022-10-10,3801,2022-09-22,1015,2143,TARAV,4,5,7,3801,0,0,0,,0,3I12A,"MORAGA ST","28TH AV",0.00,,Y,A,-,N,,,,,,,,,,N,3,0,1,2,A,-,03,22350,,N,B,E,A,A,H,-,A,D,0,,,,,Y,Y,A,01,0,1,0,0,0,0,0,0,0,"- ","- ",,,"SAN FRANCISCO","SAN FRANCISCO",-122.48625183105469,37.755691528320312
9506489,2022,2022-10-10,3801,2022-09-21,0454,2467,BAYVI,3,5,7,3801,0,0,0,,0,,"25TH ST","3RD ST",0.00,,Y,C,-,N,,,,,,,,,,,4,0,1,2,A,-,08,22107,,N,D,G,A,B,H,-,C,A,0,,Y,,,Y,,-,,0,0,1,0,0,0,1,0,0,"- ","- ",,,"SAN FRANCISCO","SAN FRANCISCO",-122.38787841796875,37.752838134765625
9506491,2022,2022-10-10,3801,2022-09-06,1044,1316,RICHM,2,5,7,3801,0,0,0,,0,3G13A,"CLEMENT ST","16TH AV",9.00,E,N,A,-,N,,,,,,,,,,Y,4,0,1,5,A,-,09,21802,A,N,B,C,A,A,H,-,A,A,0,,,,,Y,,A,01,0,0,1,0,0,0,0,0,0,"- ","- ",,,"SAN FRANCISCO","SAN FRANCISCO",-122.47521209716797,37.782440185546875
9506503,2022,2022-10-11,3801,2022-09-02,1235,417,TARAV,5,5,7,3801,0,0,0,,0,3I15D,"SAN JOSE AV","LAKEVIEW AV",0.00,,Y,A,-,N,,,,,,,,,,N,4,0,1,2,A,-,08,22101,D,N,B,B,D,A,H,-,A,D,0,Y,,,,Y,,A,01,0,0,1,0,1,0,0,0,0,"- ","- ",,,"SAN FRANCISCO","SAN FRANCISCO",-122.45040130615234,37.716156005859375
9506514,2022,2022-10-14,3801,2022-09-12,1610,1194,TENDE,1,5,7,3801,0,0,0,,0,0J3,"GROVE ST","LARKIN ST",0.00,,Y,A,-,N,,,,,,,,,,N,4,0,1,2,A,-,09,21801,A,N,A,G,A,A,H,-,A,A,0,,Y,,,Y,,A,01,0,0,1,0,0,0,1,0,0,"- ","- ",,,"SAN FRANCISCO","SAN FRANCISCO",-122.41658782958984,37.778659820556641
9506515,2022,2022-10-11,3801,2022-09-15,0828,1396,SOUTH,4,5,7,3801,0,0,0,,0,3B3A,"7TH ST","MINNA ST",0.00,,Y,A,-,N,,,,,,,,,,N,4,0,1,2,A,-,06,21755,A,M,B,C,A,A,H,-,A,A,0,,,,,Y,,-,"- ",0,0,1,0,0,0,0,0,0,"- ","- ",,,"SAN FRANCISCO","SAN FRANCISCO",-122.41038513183594,37.778785705566406
9506518,2022,2022-10-11,3801,2022-09-15,1905,964,NORTH,4,5,7,3801,0,0,0,,0,3E13D,"GOLDEN GATE AV","FRANKLIN ST",0.00,,Y,-,-,N,,,,,,,,,,N,3,0,2,2,-,-,"- ",,A,N,G,B,B,A,H,-,C,A,0,Y,,,,Y,,A,01,0,1,1,0,1,0,0,0,0,"- ","- ",,,"SAN FRANCISCO","SAN FRANCISCO",-122.42209625244141,37.78082275390625
9506526,2022,2022-10-11,3801,2022-09-22,1930,1804,BAYVI,4,5,7,3801,0,0,0,,0,3C13D`,"CARGO WY","MENDELL ST",5.00,W,N,A,-,N,,,,,,,,,,Y,4,0,1,2,A,-,12,21453,A,F,C,C,A,A,H,-,D,A,0,,,,,Y,,A,01,0,0,1,0,0,0,0,0,0,"- ","- ",,,"SAN FRANCISCO","SAN FRANCISCO",-122.38315582275391,37.743919372558594
9506540,2022,2022-10-10,3801,2022-09-28,2138,1871,INGLE,3,5,7,3801,0,0,0,,0,901,"MISSION ST","AVALON AV",0.00,,Y,A,-,N,,,,,,,,,,N,4,0,1,2,A,-,04,21703,,F,C,C,A,A,H,-,C,A,0,,,,,Y,,A,01,0,0,1,0,0,0,0,0,0,"- ","- ",,,"SAN FRANCISCO","SAN FRANCISCO",-122.43234252929688,37.72772216796875
9506546,2022,2022-10-10,3801,2022-09-27,0759,2039,TARAV,2,5,7,3801,0,0,0,,0,005,"LAWTON ST","37TH AV",0.00,,Y,A,-,N,,,,,,,,,,Y,4,0,1,2,A,-,09,21802,A,N,D,C,A,A,H,-,A,A,0,,,,,Y,,A,01,0,0,1,0,0,0,0,0,0,"- ","- ",,,"SAN FRANCISCO","SAN FRANCISCO",-122.49604034423828,37.757133483886719
9506552,2022,2022-10-10,3801,2022-09-27,1639,649,INGLE,2,5,7,3801,0,0,0,,0,3H12D,"PORTOLA DR","OSHAUGHNESSY BL",0.00,,Y,A,-,N,,,,,,,,,,N,3,0,1,2,A,-,08,22107,,N,B,G,A,A,H,-,A,A,0,,Y,,,Y,,A,01,0,1,0,0,0,0,1,0,0,"- ","- ",,,"SAN FRANCISCO","SAN FRANCISCO",-122.45160675048828,37.745479583740234
9506554,2022,2022-10-10,3801,2022-09-26,1316,392,MISSI,1,5,7,3801,0,0,0,,0,3D14A,"13TH ST","S VAN NESS AV",0.00,,Y,A,-,N,,,,,,,,,,N,3,0,1,2,A,-,08,22101,D,N,D,C,A,A,H,-,A,A,0,,,Y,,Y,,C,03,0,1,0,0,0,0,0,0,1,"- ","- ",,,"SAN FRANCISCO","SAN FRANCISCO",-122.41777801513672,37.7696533203125
9506558,2022,2022-10-10,3801,2022-09-23,1949,790,RICHM,5,5,7,3801,0,0,0,,0,3G13D,"CALIFORNIA ST","11TH AV",0.00,,Y,A,-,N,,,,,,,,,,N,3,0,1,2,A,-,09,21800,A,N,D,C,A,A,H,-,C,A,0,,,Y,,Y,,A,01,0,1,0,0,0,0,0,0,1,"- ","- ",,,"SAN FRANCISCO","SAN FRANCISCO",-122.46990966796875,37.784572601318359
9506564,2022,2022-11-03,3801,2022-08-19,1153,1994,TRAFF,5,5,7,3801,0,0,0,,0,4B3D,"EDDY ST","LARKIN ST",123.00,W,N,A,-,N,,,,,,,,,,N,3,0,1,2,A,-,17,21235,G,F,C,B,F,A,H,-,A,D,0,Y,,Y,,Y,,C,03,0,1,0,0,1,0,0,0,0,"- ","- ",,,"SAN FRANCISCO","SAN FRANCISCO",-122.41793823242188,37.783241271972656
9506567,2022,2022-10-17,3801,2022-08-31,0747,1944,INGLE,3,5,7,3801,0,0,0,,0,0H6,"SAN BRUNO AV","ORDWAY ST",161.00,N,N,A,-,N,,,,,,,,,,Y,3,0,1,1,C,-,18,,,N,F,A,A,A,H,-,A,D,0,,,Y,,Y,,-,"- ",0,1,0,0,0,0,0,0,1,"- ","- ",,,"SAN FRANCISCO","SAN FRANCISCO",-122.40084838867188,37.720817565917969
9506571,2022,2022-10-10,3801,2022-08-31,1710,104,TRAFF,3,5,7,3801,0,0,0,,0,4B4F,"LANE ST","VAN DYKE AV",45.00,S,N,A,-,N,,,,,,,,,,Y,2,0,1,1,A,-,08,22107,,N,E,I,A,A,H,-,A,A,0,,,Y,,Y,,C,02,1,0,0,0,0,0,0,0,1,"- ","- ",,,"SAN FRANCISCO","SAN FRANCISCO",-122.39252471923828,37.729042053222656
9506579,2022,2022-10-10,3801,2022-08-30,1552,1358,TENDE,2,5,7,3801,0,0,0,,0,3J13D,"HYDE ST",MCALLISTER,7.00,N,N,A,-,N,,,,,,,,,,Y,2,0,1,2,A,-,10,21950,A,F,G,B,B,A,H,-,A,A,0,Y,,,,Y,,A,01,1,0,0,0,1,0,0,0,0,"- ","- ",,,"SAN FRANCISCO","SAN FRANCISCO",-122.41532135009766,37.780757904052734
9506580,2022,2022-10-17,3801,2022-08-31,1750,4187,NORTH,3,5,7,3801,0,0,0,,0,3E13D,"FRANKLIN ST","ELLIS ST",25.00,N,N,A,-,N,,,,,,,,,,N,4,0,1,3,A,-,03,22350,,N,C,C,A,A,H,-,A,D,0,,,,,Y,,D,22,0,0,1,0,0,0,0,0,0,"- ","- ",,,"SAN FRANCISCO","SAN FRANCISCO",-122.42266082763672,37.783679962158203
9506589,2022,2022-10-11,3801,2022-09-07,2121,246,TARAV,3,5,7,3801,0,0,0,,0,,"JUDAH ST","16TH AV",0.00,,Y,A,-,N,,,,,,,,,,Y,4,0,1,1,A,-,03,22350,,N,A,I,A,A,H,-,C,A,0,,,,,Y,,A,01,0,0,1,0,0,0,0,0,0,"- ","- ",,,"SAN FRANCISCO","SAN FRANCISCO",-122.47379302978516,37.761913299560547
9506594,2022,2022-10-19,3801,2022-09-10,1845,2441,INGLE,6,5,7,3801,0,0,0,,0,3H16D,"BAYSHORE BL","SUNNYDALE AV",0.00,,N,A,-,N,,,,,,,,,,N,4,0,1,2,A,-,21,22106,,N,G,B,A,A,H,-,C,D,0,,,,,Y,,A,01,0,0,1,0,0,0,0,0,0,"- ","- ",,,"SAN FRANCISCO","SAN FRANCISCO",-122.40522766113281,37.708900451660156
9506595,2022,2022-10-11,3801,2022-09-01,2255,740,MISSI,4,5,7,3801,0,0,0,,0,0D6,"FOLSOM ST","15TH ST",0.00,,Y,A,-,N,,,,,,,,,,Y,4,0,1,2,A,-,12,21453,A,F,D,C,A,A,H,-,C,A,0,,,,,Y,,A,07,0,0,1,0,0,0,0,0,0,"- ","- ",,,"SAN FRANCISCO","SAN FRANCISCO",-122.41545867919922,37.766933441162109
9506598,2022,2022-10-11,3801,2022-09-05,1410,1119,SOUTH,1,5,7,3801,0,0,0,,0,5CARS,"HARRISON ST","6TH ST",0.00,,Y,A,-,N,,,,,,,,,,Y,4,0,1,2,A,-,09,21802,A,N,A,C,A,A,H,-,A,A,0,,,,,Y,,A,07,0,0,1,0,0,0,0,0,0,"- ","- ",,,"SAN FRANCISCO","SAN FRANCISCO",-122.40408325195312,37.777309417724609
9506603,2022,2022-10-10,3801,2022-09-18,1956,2215,NORTH,7,5,7,3801,0,0,0,,0,3E12D,"WEBSTER ST","GOLDEN GATE AV",0.00,,Y,A,-,N,,,,,,,,,,N,4,0,1,3,A,-,09,21801,A,N,D,C,A,B,H,-,C,A,0,,,,,Y,,A,01,0,0,1,0,0,0,0,0,0,"- ","- ",,,"SAN FRANCISCO","SAN FRANCISCO",-122.4302978515625,37.779758453369141
9506610,2022,2022-10-10,3801,2022-09-20,1403,310,SOUTH,2,5,7,3801,0,0,0,,0,3B12A,"MISSION ST","9TH ST",0.00,,Y,A,-,N,,,,,,,,,,Y,4,0,4,2,A,-,09,21801,A,N,D,C,A,A,H,-,A,A,0,,,,,Y,,A,01,0,0,4,0,0,0,0,0,0,"- ","- ",,,"SAN FRANCISCO","SAN FRANCISCO",-122.41471862792969,37.776241302490234
9506612,2022,2022-10-10,3801,2022-09-19,1045,563,TARAV,1,5,7,3801,0,0,0,,0,001,"19TH AV","JUDAH ST",0.00,,Y,A,-,N,,,,,,,,,,Y,4,0,1,2,A,-,08,22107,,N,B,C,A,A,H,-,A,D,0,,,,,Y,,A,01,0,0,1,0,0,0,0,0,0,"- ","- ",,,"SAN FRANCISCO","SAN FRANCISCO",-122.47702789306641,37.761695861816406
9506613,2022,2022-10-10,3801,2022-09-22,1655,2231,SOUTH,4,5,7,3801,0,0,0,,0,3B12D,"6TH ST","BRYANT ST",0.00,,Y,A,-,N,,,,,,,,,,N,4,0,1,2,A,-,02,22526,A,N,D,C,A,A,H,-,A,A,0,,,,,Y,Y,A,01,0,0,1,0,0,0,0,0,0,"- ","- ",,,"SAN FRANCISCO","SAN FRANCISCO",-122.40250396728516,37.776058197021484
9506614,2022,2022-10-10,3801,2022-09-12,2157,2707,TARAV,1,5,7,3801,0,0,0,,0,"1 CAR","PACHECO ST","DEWEY BL",0.00,,Y,A,-,N,,,,,,,,,,Y,4,0,1,2,A,-,12,22450,,N,D,C,A,A,H,-,C,A,0,,,,,Y,,A,07,0,0,1,0,0,0,0,0,0,"- ","- ",,,"SAN FRANCISCO","SAN FRANCISCO",-122.46138763427734,37.745559692382812
9506616,2022,2022-10-10,3801,2022-09-09,1410,2466,RICHM,5,5,7,3801,0,0,0,,0,THREE,"4TH AV","CORNWALL ST",0.00,,Y,A,-,N,,,,,,,,,,N,3,0,1,2,D,-,00,,,N,B,-,A,-,-,-,A,D,0,,Y,,,Y,,-,"- ",0,1,0,0,0,0,1,0,0,"- ","- ",,,"SAN FRANCISCO","SAN FRANCISCO",-122.46242523193359,37.784908294677734
9506621,2022,2022-10-10,3801,2022-09-04,1512,2390,TENDE,7,5,7,3801,0,0,0,,0,3JI5D,"MARKET ST","JONES ST",0.00,,Y,A,-,N,,,,,,,,,,N,3,0,1,1,A,-,03,22350,,N,H,A,A,A,H,-,A,D,0,,,,,Y,Y,M,97,0,1,0,0,0,0,0,0,0,"- ","- ",,,"SAN FRANCISCO","SAN FRANCISCO",-122.41197967529297,37.780910491943359
9506622,2022,2022-11-18,3801,2022-09-05,2129,365,RICHM,1,5,7,3801,0,0,0,,0,3G13D,"PARK PRESIDION BYPASS DR","FULTON ST",0.00,,N,A,-,N,,,,,,,,,,N,4,0,1,2,A,-,04,21703,,F,C,C,A,A,H,-,C,D,0,,,,,Y,,A,01,0,0,1,0,0,0,0,0,0,"- ","- ",,,"SAN FRANCISCO","SAN FRANCISCO",-122.47177886962891,37.773124694824219
9506623,2022,2022-10-10,3801,2022-09-08,1816,2342,NORTH,4,5,7,3801,0,0,0,,0,3E4D,"WEBSTER ST","FULTON ST",0.00,,Y,A,-,N,,,,,,,,,,N,3,0,1,2,A,-,09,21801,A,N,D,C,A,A,H,-,A,D,0,,,,,Y,,M,94,0,1,0,0,0,0,0,0,0,"- ","- ",,,"SAN FRANCISCO","SAN FRANCISCO",-122.42990875244141,37.777912139892578
9506624,2022,2022-10-10,3801,2022-09-04,0531,628,RICHM,7,5,7,3801,0,0,0,,0,0G4,"GEARY BL","25TH AV",0.00,,Y,A,-,N,,,,,,,,,,Y,4,0,1,2,A,-,12,21453,,N,D,-,A,A,H,-,B,A,0,,,,,Y,,-,"- ",0,0,1,0,0,0,0,0,0,"- ","- ",,,"SAN FRANCISCO","SAN FRANCISCO",-122.4847412109375,37.780162811279297
9506629,2022,2022-10-10,3801,2022-09-08,1135,1657,BAYVI,4,5,7,3801,0,0,0,,0,3801,"KIRKWOOD AV","NEWHALL ST",143.00,W,N,A,-,N,,,,,,,,,,N,4,0,1,3,A,-,21,22106,,N,D,E,E,A,H,-,A,D,0,Y,,,,Y,,A,01,0,0,1,0,1,0,0,0,0,"- ","- ",,,"SAN FRANCISCO","SAN FRANCISCO",-122.39035797119141,37.738380432128906
9506634,2022,2022-10-10,3801,2022-09-07,0827,2491,SOUTH,3,5,7,3801,0,0,0,,0,3B110,"11TH ST","MISSION ST",0.00,,Y,A,-,N,,,,,,,,,,N,3,0,1,2,A,-,12,21453,A,N,D,G,A,A,H,-,A,A,0,,Y,,,Y,Y,-,"- ",0,1,0,0,0,0,1,0,0,"- ","- ",,,"SAN FRANCISCO","SAN FRANCISCO",-122.41709899902344,37.774330139160156
9506636,2022,2022-10-10,3801,2022-09-10,1538,2118,SOUTH,6,5,7,3801,0,0,0,,0,3B12D,"MARKET ST","VALENCIA ST",0.00,,Y,A,-,N,,,,,,,,,,N,4,0,1,2,A,-,12,21453,A,N,D,G,A,A,H,-,A,A,0,,Y,Y,,Y,,C,03,0,0,1,0,0,0,0,0,1,"- ","- ",,,"SAN FRANCISCO","SAN FRANCISCO",-122.42262268066406,37.772548675537109
9506638,2022,2022-10-10,3801,2022-09-23,0925,1657,BAYVI,5,5,7,3801,0,0,0,,0,,"MARIPOSA ST","CONNECTICUT ST",8.00,W,N,A,-,N,,,,,,,,,,Y,2,0,2,3,A,-,07,21658,A,F,A,E,A,A,H,-,A,D,0,,,,,Y,,A,01,1,0,1,0,0,0,0,0,0,"- ","- ",,,"SAN FRANCISCO","SAN FRANCISCO",-122.39766693115234,37.763790130615234
9506639,2022,2022-10-10,3801,2022-09-15,2239,2445,SOUTH,4,5,7,3801,0,0,0,,0,3B14D,"MARKET ST","FRANKLIN ST",0.00,,Y,A,-,N,,,,,,,,,,N,4,0,1,2,A,-,00,20001,A,F,C,C,A,B,-,-,C,A,0,,,Y,,Y,Y,-,"- ",0,0,1,0,0,0,0,0,1,"- ","- ",,,"SAN FRANCISCO","SAN FRANCISCO",-122.42070770263672,37.774017333984375
9507612,2022,2022-10-19,3801,2022-09-14,1825,1251,BAYVI,3,5,7,3801,0,0,0,,0,3C13D,"EVANS AV","KEITH AV",0.00,,Y,A,-,N,,,,,,,,,,Y,4,0,3,2,A,-,03,22350,,N,B,C,A,A,H,-,B,D,0,,,,,Y,,A,07,0,0,3,0,0,0,0,0,0,"- ","- ",,,"SAN FRANCISCO","SAN FRANCISCO",-122.38102722167969,37.738735198974609
9507624,2022,2022-11-04,3801,2022-09-28,0808,2097,BAYVI,3,5,7,3801,0,0,0,,0,C11A,"CESAR CHAVEZ","MICHIGAN ST",218.00,E,N,A,-,N,,,,,,,,,,N,4,0,1,2,A,-,08,22100,,N,D,-,A,A,A,-,A,D,0,,,Y,,Y,,A,01,0,0,1,0,0,0,0,0,1,"- ","- ",,,"SAN FRANCISCO","SAN FRANCISCO",-122.38485717773438,37.750423431396484
9507651,2022,2022-10-17,3801,2022-09-14,1750,1454,NORTH,3,5,7,3801,0,0,0,,0,3E13D,"VAN NESS AV","POST ST",0.00,,Y,A,-,N,,,,,,,,,,N,4,0,2,2,A,-,08,22107,,N,B,C,A,A,H,-,A,D,0,,,,,Y,,A,01,0,0,2,0,0,0,0,0,0,"- ","- ",,,"SAN FRANCISCO","SAN FRANCISCO",-122.42153167724609,37.786624908447266
9507659,2022,2022-10-12,3801,2022-09-07,1129,640,MISSI,3,5,7,3801,0,0,0,,0,3D12C,"CLIPPER ST","CASTRO ST",0.00,,Y,A,-,N,,,,,,,,,,Y,4,0,1,2,A,-,10,21950,A,N,G,B,B,A,H,-,A,A,0,Y,,,,Y,,D,22,0,0,1,0,1,0,0,0,0,"- ","- ",,,"SAN FRANCISCO","SAN FRANCISCO",-122.433837890625,37.748897552490234