CASE_ID,ACCIDENT_YEAR,PROC_DATE,JURIS,COLLISION_DATE,COLLISION_TIME,OFFICER_ID,REPORTING_DISTRICT,DAY_OF_WEEK,CHP_SHIFT,POPULATION,CNTY_CITY_LOC,SPECIAL_COND,BEAT_TYPE,CHP_BEAT_TYPE,CITY_DIVISION_LAPD,CHP_BEAT_CLASS,BEAT_NUMBER,PRIMARY_RD,SECONDARY_RD,DISTANCE,DIRECTION,INTERSECTION,WEATHER_1,WEATHER_2,STATE_HWY_IND,CALTRANS_COUNTY,CALTRANS_DISTRICT,STATE_ROUTE,ROUTE_SUFFIX,POSTMILE_PREFIX,POSTMILE,LOCATION_TYPE,RAMP_INTERSECTION,SIDE_OF_HWY,TOW_AWAY,COLLISION_SEVERITY,NUMBER_KILLED,NUMBER_INJURED,PARTY_COUNT,PRIMARY_COLL_FACTOR,PCF_CODE_OF_VIOL,PCF_VIOL_CATEGORY,PCF_VIOLATION,PCF_VIOL_SUBSECTION,HIT_AND_RUN,TYPE_OF_COLLISION,MVIW,PED_ACTION,ROAD_SURFACE,ROAD_COND_1,ROAD_COND_2,LIGHTING,CONTROL_DEVICE,CHP_ROAD_TYPE,PEDESTRIAN_ACCIDENT,BICYCLE_ACCIDENT,MOTORCYCLE_ACCIDENT,TRUCK_ACCIDENT,NOT_PRIVATE_PROPERTY,ALCOHOL_INVOLVED,STWD_VEHTYPE_AT_FAULT,CHP_VEHTYPE_AT_FAULT,COUNT_SEVERE_INJ,COUNT_VISIBLE_INJ,COUNT_COMPLAINT_PAIN,COUNT_PED_KILLED,COUNT_PED_INJURED,COUNT_BICYCLIST_KILLED,COUNT_BICYCLIST_INJURED,COUNT_MC_KILLED,COUNT_MC_INJURED,PRIMARY_RAMP,SECONDARY_RAMP,LATITUDE,LONGITUDE,COUNTY,CITY,POINT_X,POINT_Y
9507667,2022,2022-11-02,3801,2022-09-12,0522,2722,CENTR,1,5,7,3801,0,0,0,,0,3A5E,"THE EMBARCADERO","MARKET ST",0.00,,N,A,-,N,,,,,,,,,,Y,4,0,2,4,A,-,03,22350,,F,B,D,A,A,H,-,C,A,0,,,,Y,Y,Y,A,01,0,0,2,0,0,0,0,0,0,"- ","- ",37.474201202392578,-122.23396301269531,"SAN FRANCISCO","SAN FRANCISCO",-122.39629364013672,37.793525695800781
9509943,2022,2022-12-15,3801,2022-11-04,1230,2328,BAYVI,5,5,7,3801,0,0,0,,0,901,"CARROLL AV","GIANTS DR",0.00,,Y,B,-,N,,,,,,,,,,N,4,0,1,2,A,-,05,21650,,F,B,C,A,A,H,-,A,D,0,,,,,Y,Y,-,99,0,0,1,0,0,0,0,0,0,"- ","- ",,,"SAN FRANCISCO","SAN FRANCISCO",-122.385009765625,37.720249176025391
9509950,2022,2022-12-15,3801,2022-11-12,1008,1061,SOUTH,6,5,7,3801,0,0,0,,0,3B14A,"2ND ST","TEHAMA ST",0.00,,Y,A,-,N,,,,,,,,,,N,3,0,1,2,A,-,08,22101,,F,B,G,A,A,-,-,A,D,0,,Y,,,Y,,A,01,0,1,0,0,0,0,1,0,0,"- ","- ",,,"SAN FRANCISCO","SAN FRANCISCO",-122.39771270751953,37.786346435546875
9509956,2022,2022-12-15,3801,2022-11-11,2021,319,CENTR,5,5,7,3801,0,0,0,,0,3A12D,"CALIFORNIA ST","FRONT ST",110.00,E,N,A,-,N,,,,,,,,,,N,3,0,1,2,A,-,08,22107,,F,B,G,A,A,H,-,C,D,0,,Y,,,Y,,A,01,0,1,0,0,0,0,1,0,0,"- ","- ",,,"SAN FRANCISCO","SAN FRANCISCO",-122.39844512939453,37.793403625488281
9509958,2022,2022-12-15,3801,2022-11-09,2230,1144,RICHM,3,5,7,3801,0,0,0,,0,3G13E,"25TH AV","CALIFORNIA ST",0.00,,Y,A,-,N,,,,,,,,,,Y,4,0,1,2,A,-,12,21453,A,N,D,C,A,A,H,-,C,A,0,,,,,Y,,-,,0,0,1,0,0,0,0,0,0,"- ","- ",,,"SAN FRANCISCO","SAN FRANCISCO",-122.48500061035156,37.783882141113281
9509966,2022,2022-12-28,3801,2022-11-07,0856,893,INGLE,1,5,7,3801,0,0,0,,0,3H13D,"GENEVA AV","RT 280",0.00,,Y,A,-,Y,SF,4,280,-,R,1.556,R,4,N,Y,4,0,1,2,A,-,12,21453,A,N,D,C,A,A,H,-,A,A,0,,,,,Y,,A,07,0,0,1,0,0,0,0,0,0,"- ",NF,,,"SAN FRANCISCO","SAN FRANCISCO",-122.44822692871094,37.719936370849609
9509968,2022,2022-12-16,3801,2022-11-06,2247,2157,RICHM,7,5,7,3801,0,0,0,,0,004,"GEARY BL","18TH AV",112.00,E,N,C,-,N,,,,,,,,,,,2,0,1,2,A,-,11,21950,B,F,G,B,D,B,H,-,C,D,0,Y,,,,Y,,N,60,1,0,0,0,1,0,0,0,0,"- ","- ",,,"SAN FRANCISCO","SAN FRANCISCO",-122.47686004638672,37.780506134033203
9509972,2022,2022-12-16,3801,2022-11-03,1954,1806,NORTH,4,5,7,3801,0,0,0,,0,3E12D,"GEARY BL","BERTIE MINOR LN",100.00,W,N,A,-,N,,,,,,,,,,Y,4,0,1,2,A,-,03,22350,,N,C,C,A,A,H,-,C,A,0,,,,,Y,,A,01,0,0,1,0,0,0,0,0,0,"- ","- ",37.784721374511719,-122.42935943603516,"SAN FRANCISCO","SAN FRANCISCO",-122.42934417724609,37.784717559814453
9509974,2022,2022-12-16,3801,2022-11-07,1415,52,SOUTH,1,5,7,3801,0,0,0,,0,0B1,"THE EMBARCADERO SOUTH","BRANNAN ST",254.00,N,N,B,-,N,,,,,,,,,,N,3,0,1,1,A,-,03,22350,,N,E,I,A,A,H,-,A,A,0,,,,,Y,,M,94,0,1,0,0,0,0,0,0,0,"- ","- ",,,"SAN FRANCISCO","SAN FRANCISCO",-122.38814544677734,37.785476684570312
9509975,2022,2022-12-16,3801,2022-11-16,0045,2241,NORTH,3,5,7,3801,0,0,0,,0,0E3,"POLK ST","GOLDEN GATE AV",0.00,,Y,A,-,N,,,,,,,,,,Y,4,0,1,2,A,-,12,21453,A,N,B,C,A,A,H,-,C,A,0,,,,,Y,Y,A,01,0,0,1,0,0,0,0,0,0,"- ","- ",,,"SAN FRANCISCO","SAN FRANCISCO",-122.41880035400391,37.781227111816406
9509979,2022,2022-12-16,3801,2022-11-26,1528,1021,TENDE,6,5,7,3801,0,0,0,,0,3J14D,"EDDY ST","LEAVENWORTH ST",100.00,W,N,A,-,N,,,,,,,,,,N,3,0,1,2,A,-,06,21750,A,N,G,B,E,A,H,-,A,A,0,Y,,,,Y,,A,01,0,1,0,0,1,0,0,0,0,"- ","- ",,,"SAN FRANCISCO","SAN FRANCISCO",-122.41458129882812,37.783683776855469
9509980,2022,2022-12-16,3801,2022-11-27,0005,2437,BAYVI,7,5,7,3801,0,0,0,,0,3C15E,"3RD ST","PAUL AV",15.00,E,N,A,-,N,,,,,,,,,,Y,4,0,2,2,A,-,09,21801,A,N,A,C,A,A,H,-,C,A,0,,,,,Y,,A,01,0,0,2,0,0,0,0,0,0,"- ","- ",,,"SAN FRANCISCO","SAN FRANCISCO",-122.39572906494141,37.722450256347656
9509991,2022,2022-12-23,3801,2022-11-25,2230,2089,TENDE,5,5,7,3801,0,0,0,,0,COJ5,"LARKIN ST","LARKIN ST 731",0.00,,-,A,-,N,,,,,,,,,,Y,4,0,1,1,A,-,03,22350,,N,A,-,A,A,H,-,C,A,0,,,,,Y,,A,01,0,0,1,0,0,0,0,0,0,"- ","- ",,,"SAN FRANCISCO","SAN FRANCISCO",,
9509993,2022,2022-12-16,3801,2022-11-16,0850,54,TARAV,3,5,7,3801,0,0,0,,0,3II5A,"LAWTON ST","22ND AV",0.00,,Y,A,-,N,,,,,,,,,,N,3,0,1,2,A,-,10,21950,A,N,G,B,B,A,H,-,A,D,0,Y,,,,Y,,A,01,0,1,0,0,1,0,0,0,0,"- ","- ",,,"SAN FRANCISCO","SAN FRANCISCO",-122.47994995117188,37.757827758789062
9509996,2022,2022-12-16,3801,2022-11-15,1534,2398,NORTH,2,5,7,3801,0,0,0,,0,0E5,"STEINER ST","GREENWICH ST",0.00,,Y,A,-,N,,,,,,,,,,N,4,0,1,2,A,-,21,22106,,N,G,B,B,A,H,-,A,D,0,Y,,,,Y,,A,01,0,0,1,0,1,0,0,0,0,"- ","- ",,,"SAN FRANCISCO","SAN FRANCISCO",-122.43751525878906,37.798740386962891
9509998,2022,2022-12-16,3801,2022-11-12,1749,1897,INGLE,6,5,7,3801,0,0,0,,0,3H15D,"MISSION ST","FRANCE AV",0.00,,Y,A,-,N,,,,,,,,,,Y,4,0,4,2,A,-,08,22102,,N,D,C,A,A,H,-,C,D,0,,,,,Y,,A,01,0,0,4,0,0,0,0,0,0,"- ","- ",37.719600677490234,-122.43865966796875,"SAN FRANCISCO","SAN FRANCISCO",-122.43834686279297,37.720054626464844
9510004,2022,2022-12-30,3801,2022-11-17,1745,417,TARAV,4,5,7,3801,0,0,0,,0,3I16D,"SAN JOSE AV","SAGAMORE ST",0.00,,Y,A,-,N,,,,,,,,,,Y,4,0,2,2,A,-,03,22350,,N,D,C,A,A,H,-,C,A,0,,,,,Y,,A,01,0,0,2,0,0,0,0,0,0,"- ","- ",,,"SAN FRANCISCO","SAN FRANCISCO",-122.45581817626953,37.71124267578125
9510005,2022,2022-12-30,3801,2022-11-17,1733,4325,NORTH,4,5,7,3801,0,0,0,,0,3E4,"CALIFORNIA ST","STEINER ST",0.00,,Y,A,-,N,,,,,,,,,,Y,3,0,1,4,A,-,12,21453,A,N,D,C,B,A,H,-,B,A,0,Y,,Y,,Y,,A,01,0,1,0,0,0,0,0,0,0,"- ","- ",,,"SAN FRANCISCO","SAN FRANCISCO",-122.43549346923828,37.788715362548828
9510064,2022,2022-12-08,3801,2022-10-29,2311,1857,NORTH,6,5,7,3801,0,0,0,,0,,"BROADWAY ST","VAN NESS AV",50.00,W,N,B,-,N,,,,,,,,,,N,3,0,1,2,A,-,11,21955,,F,G,B,D,A,H,-,C,D,0,Y,,Y,,Y,Y,N,60,0,1,0,0,1,0,0,0,0,"- ","- ",,,"SAN FRANCISCO","SAN FRANCISCO",-122.42350006103516,37.795730590820312
9510065,2022,2022-12-08,3801,2022-10-26,2040,1068,NORTH,3,5,7,3801,0,0,0,,0,,"WEBSTER ST","GOLDEN GATE AV",0.00,,Y,A,-,N,,,,,,,,,,Y,4,0,2,2,A,-,09,21801,A,F,A,C,A,A,H,-,C,A,0,,,,,Y,,A,01,0,0,2,0,0,0,0,0,0,"- ","- ",,,"SAN FRANCISCO","SAN FRANCISCO",-122.4302978515625,37.779758453369141
9510076,2022,2022-12-08,3801,2022-10-14,1500,2398,PARK,5,5,7,3801,0,0,0,,0,01F,"STANYAN ST","PARNASSUS AV",151.00,S,N,A,-,N,,,,,,,,,,Y,4,0,1,2,A,-,22,23123,A,N,C,E,A,A,H,-,A,D,0,,,,,Y,,A,01,0,0,1,0,0,0,0,0,0,"- ","- ",,,"SAN FRANCISCO","SAN FRANCISCO",-122.45249176025391,37.764080047607422
9510133,2022,2022-12-12,3801,2022-11-10,1205,1145,SOUTH,4,5,7,3801,0,0,0,,0,3B1A,"2ND ST","DOW PL",64.00,S,N,A,-,N,,,,,,,,,,N,4,0,1,2,A,-,09,21804,A,N,D,G,A,A,H,-,A,D,0,,Y,,,Y,,A,01,0,0,1,0,0,0,1,0,0,"- ","- ",,,"SAN FRANCISCO","SAN FRANCISCO",-122.39576721191406,37.784782409667969
9510302,2022,2022-12-08,3801,2022-09-24,0956,4117,TARAV,6,5,7,3801,0,0,0,,0,3I1A,"LINCOLN WY","10TH AV",450.00,E,N,A,-,N,,,,,,,,,,Y,4,0,1,4,A,-,09,21804,A,N,D,C,A,A,H,-,A,D,0,,,,,Y,,A,01,0,0,1,0,0,0,0,0,0,"- ","- ",,,"SAN FRANCISCO","SAN FRANCISCO",-122.4659423828125,37.765953063964844
9511332,2022,2022-12-12,3801,2022-02-05,2213,1464,TENDE,6,5,7,3801,0,0,0,,0,3J12E,"6TH ST","JESSIE ST",0.00,,Y,A,-,N,,,,,,,,,,N,4,0,1,2,A,-,00,24153,A,F,G,B,B,A,H,-,C,A,0,Y,,,,Y,,A,01,0,0,1,0,1,0,0,0,0,"- ","- ",,,"SAN FRANCISCO","SAN FRANCISCO",-122.40921020507812,37.781398773193359
9515117,2022,2022-12-20,3801,2022-11-22,0407,1769,BAYVI,2,5,7,3801,0,0,0,,0,3C15E,"BRET HARTE HWY","3RD ST",258.00,W,N,A,-,N,,,,,,,,,,Y,4,0,2,2,A,-,08,22107,,F,B,C,A,A,H,-,C,A,0,,,,,Y,,A,07,0,0,2,0,0,0,0,0,0,"- ","- ",,,"SAN FRANCISCO","SAN FRANCISCO",,
9518803,2022,2023-01-30,3801,2022-04-28,0059,2163,BAYVI,4,5,7,3801,0,0,0,,0,,"OAKDALE AV","LOOMIS ST",0.00,,Y,A,-,N,,,,,,,,,,Y,4,0,2,2,D,-,00,,,N,D,C,A,A,H,-,C,A,0,,,,,Y,,-,"- ",0,0,2,0,0,0,0,0,0,"- ","- ",,,"SAN FRANCISCO","SAN FRANCISCO",-122.40431213378906,37.742527008056641
9520020,2022,2022-11-04,3801,2022-10-24,1050,917,TRAFF,1,5,7,3801,0,0,0,,0,4B2E,"SANTIAGO ST","24TH ST",13.00,E,N,A,-,N,,,,,,,,,,Y,1,1,3,7,A,-,01,23152,,N,G,B,B,A,H,-,A,A,0,Y,,,,Y,,A,01,1,0,2,1,1,0,0,0,0,"- ","- ",,,"SAN FRANCISCO","SAN FRANCISCO",-122.48115539550781,37.744663238525391
9520237,2022,2023-03-06,3801,2022-09-08,0515,707,TRAFF,4,5,7,3801,0,0,0,,0,4B1C,"RT 101","STEINER ST",4.00,W,N,A,-,Y,SF,4,101,-,-,7.420,H,-,S,Y,1,1,0,2,A,-,11,21456,C,N,G,B,B,A,H,-,C,A,0,Y,,,,Y,,N,60,0,0,0,1,0,0,0,0,0,"- ","- ",,,"SAN FRANCISCO","SAN FRANCISCO",-122.43751525878906,37.799636840820312
9520245,2022,2023-01-18,3801,2022-10-28,0146,2035,MISSI,5,5,7,3801,0,0,0,,0,3D16E,"HARRISON ST","14TH ST",98.00,N,N,A,-,N,,,,,,,,,,Y,1,1,0,1,A,-,03,22350,,N,E,I,A,A,H,-,C,D,0,,,Y,,Y,,C,03,0,0,0,0,0,0,0,1,0,"- ","- ",,,"SAN FRANCISCO","SAN FRANCISCO",-122.41347503662109,37.768928527832031
9520602,2023,2023-06-14,3801,2023-04-11,1213,202,TRAFF,2,5,7,3801,0,0,0,,0,4B2D,"JONES ST","GEARY BL",92.00,N,N,A,-,N,,,,,,,,,,Y,1,1,1,3,A,-,21,22106,,N,B,C,A,A,H,-,A,D,0,,,,Y,Y,,F,26,0,0,1,0,0,0,0,0,0,"- ","- ",,,"SAN FRANCISCO","SAN FRANCISCO",-122.41320037841797,37.786998748779297
9520835,2023,2024-02-28,3801,2023-07-08,1055,202,TRAFF,6,5,7,3801,0,0,0,,0,4B2D,"MARKET ST","4TH ST",126.00,E,N,A,-,N,,,,,,,,,,N,1,1,1,2,A,-,03,22411,,N,G,B,D,A,H,-,A,D,0,Y,,,,Y,,M,94,0,0,1,1,0,0,0,0,0,"- ","- ",,,"SAN FRANCISCO","SAN FRANCISCO",-122.40558624267578,37.785945892333984
9520935,2023,2023-09-12,3801,2023-08-15,1715,4084,TRAFF,2,5,7,3801,0,0,0,,0,4B104,"KING ST","4TH ST",12.00,S,N,A,-,N,,,,,,,,,,Y,1,1,1,3,A,-,10,21950,A,N,G,B,B,A,H,-,A,A,0,Y,,,,Y,,A,07,0,1,0,1,1,0,0,0,0,"- ","- ",,,"SAN FRANCISCO","SAN FRANCISCO",-122.39418029785156,37.776405334472656
9520936,2023,2023-09-26,3801,2023-07-07,2500,443,TRAFF,5,5,7,3801,0,0,0,,0,4C1,"S VAN NESS AV","18TH ST",6.00,N,N,B,-,N,,,,,,,,,,N,1,1,0,2,D,-,00,,,F,G,B,B,A,H,-,C,A,0,Y,,,,Y,,-,"- ",0,0,0,1,0,0,0,0,0,"- ","- ",,,"SAN FRANCISCO","SAN FRANCISCO",-122.41719818115234,37.761966705322266
9522330,2022,2022-12-29,3801,2022-11-19,1034,1457,TARAV,6,5,7,3801,0,0,0,,0,2CAR,"23RD AV","MORAGA ST",0.00,,Y,A,-,N,,,,,,,,,,N,2,0,1,2,A,-,11,21954,A,N,G,B,A,A,H,-,A,A,0,,,,,Y,,M,93,1,0,0,0,0,0,0,0,0,"- ","- ",,,"SAN FRANCISCO","SAN FRANCISCO",-122.48091125488281,37.755901336669922
9522339,2022,2022-12-20,3801,2022-11-20,0936,2093,NORTH,7,5,7,3801,0,0,0,,0,3E14A,"PINE ST","BUCHANAN ST",0.00,,Y,A,-,N,,,,,,,,,,N,4,0,1,2,A,-,17,21657,,N,A,C,A,A,H,-,A,A,0,,,,,Y,,A,07,0,0,1,0,0,0,0,0,0,"- ","- ",,,"SAN FRANCISCO","SAN FRANCISCO",-122.43035125732422,37.788372039794922
9522340,2022,2023-01-10,3801,2022-11-19,1918,2089,TENDE,6,5,7,3801,0,0,0,,0,COJ5CA,"OFARRELL ST","SHANNON ST",8.00,S,N,A,-,N,,,,,,,,,,Y,3,0,2,3,A,-,08,22107,,N,B,E,A,A,H,-,C,A,0,,,,,Y,,A,01,0,1,1,0,0,0,0,0,0,"- ","- ",,,"SAN FRANCISCO","SAN FRANCISCO",-122.41215515136719,37.785907745361328
9522341,2022,2022-12-19,3801,2022-11-19,1835,2046,NORTH,6,5,7,3801,0,0,0,,0,,"POLK ST","EDDY ST",118.00,S,N,A,-,N,,,,,,,,,,N,4,0,1,2,A,-,03,22350,,N,C,E,A,A,H,-,C,A,0,,Y,,,Y,,L,04,0,0,1,0,0,0,1,0,0,"- ","- ",,,"SAN FRANCISCO","SAN FRANCISCO",-122.41911315917969,37.782760620117188
9522343,2022,2022-12-19,3801,2022-11-20,1820,2046,NORTH,7,5,7,3801,0,0,0,,0,,"CHESTNUT ST","SCOTT ST",252.00,W,N,A,-,N,,,,,,,,,,Y,4,0,1,3,D,-,00,,,N,C,C,A,A,H,-,C,A,0,,,,,Y,,-,"- ",0,0,1,0,0,0,0,0,0,"- ","- ",,,"SAN FRANCISCO","SAN FRANCISCO",-122.44205474853516,37.800079345703125
9522352,2022,2023-01-13,3801,2022-11-22,1324,1330,INGLE,2,5,7,3801,0,0,0,,0,3H60,"SAN BRUNO AV","RT 101",0.00,,Y,A,-,Y,SF,4,101,-,-,2.004,R,4,S,Y,4,0,1,2,A,-,08,22107,,N,B,C,A,A,H,-,A,A,0,,,,,Y,Y,-,99,0,0,1,0,0,0,0,0,0,"- ",SO,,,"SAN FRANCISCO","SAN FRANCISCO",-122.40715789794922,37.735725402832031
9522356,2022,2022-12-20,3801,2022-11-25,0151,2457,SOUTH,5,5,7,3801,0,0,0,,0,3B15E,"7TH ST","MISSION BAY BL NORTH",0.00,,Y,A,-,N,,,,,,,,,,N,3,0,1,1,A,-,03,22350,,N,F,J,A,A,H,-,C,A,0,,Y,,,Y,,L,04,0,1,0,0,0,0,1,0,0,"- ","- ",,,"SAN FRANCISCO","SAN FRANCISCO",-122.39868927001953,37.769416809082031
9522357,2022,2022-12-22,3801,2022-11-05,1831,1680,MISSI,6,5,7,3801,0,0,0,,0,3D13D,"CESAR CHAVEZ ST","FLORIDA ST",0.00,,Y,A,-,N,,,,,,,,,,N,4,0,4,2,A,-,04,21703,,N,C,C,A,B,H,-,B,D,0,,,,,Y,,A,01,0,0,4,0,0,0,0,0,0,"- ","- ",,,"SAN FRANCISCO","SAN FRANCISCO",-122.40966033935547,37.748401641845703
9522358,2022,2022-12-19,3801,2022-11-05,0554,1226,MISSI,6,5,7,3801,0,0,0,,0,0600,"CHURCH ST","16TH ST",84.00,S,N,C,-,N,,,,,,,,,,Y,4,0,1,1,A,-,03,22350,,N,F,I,A,B,-,-,C,A,0,,,,,Y,,A,01,0,0,1,0,0,0,0,0,0,"- ","- ",,,"SAN FRANCISCO","SAN FRANCISCO",-122.42862701416016,37.764270782470703
9522364,2022,2022-12-19,3801,2022-11-02,2015,1875,BAYVI,3,5,7,3801,0,0,0,,0,3C13D,"EVANS AV","NEWHALL ST",0.00,,Y,A,-,N,,,,,,,,,,Y,4,0,2,2,A,-,09,21800,A,N,D,C,A,A,H,-,C,D,0,,,,,Y,,-,,0,0,2,0,0,0,0,0,0,"- ","- ",,,"SAN FRANCISCO","SAN FRANCISCO",-122.38661956787109,37.741886138916016
9522365,2022,2022-12-19,3801,2022-11-25,1412,1385,SOUTH,5,5,7,3801,0,0,0,,0,3B46,"HOWARD ST","5TH ST",0.00,,Y,A,-,N,,,,,,,,,,N,3,0,1,2,A,-,12,21453,A,N,H,A,A,A,H,-,A,A,0,,,Y,,Y,,A,01,0,1,0,0,0,0,0,0,1,"- ","- ",,,"SAN FRANCISCO","SAN FRANCISCO",-122.40493011474609,37.781513214111328
9522374,2022,2022-12-19,3801,2022-11-26,1242,2493,PARK,6,5,7,3801,0,0,0,,0,3F13A,"OAK ST","ASHBURY ST",0.00,,Y,A,-,N,,,,,,,,,,N,4,0,1,2,A,-,11,21453,D,N,H,B,B,A,H,-,A,A,0,Y,,Y,,Y,Y,N,60,0,0,1,0,0,0,0,0,1,"- ","- ",,,"SAN FRANCISCO","SAN FRANCISCO",-122.44731903076172,37.771884918212891
9522375,2022,2022-12-28,3801,2022-11-24,0129,2444,RICHM,4,5,7,3801,0,0,0,,0,003,"PARK PRESIDIO BL","CALIFORNIA ST",50.00,S,N,A,-,N,,,,,,,,,,Y,4,0,1,2,A,-,01,23152,A,N,C,-,A,B,H,-,C,A,0,,,,,Y,Y,A,01,0,0,1,0,0,0,0,0,0,"- ","- ",,,"SAN FRANCISCO","SAN FRANCISCO",-122.47258758544922,37.784324645996094
9522386,2022,2022-12-12,3801,2022-10-10,1740,34,TRAFF,1,5,7,3801,0,0,0,,0,4B4A,"S VAN NESS AV","18TH ST",0.00,,Y,A,-,N,,,,,,,,,,N,2,0,1,2,A,-,12,21453,A,F,G,B,B,A,H,-,A,A,0,Y,,,,Y,,A,01,1,0,0,0,1,0,0,0,0,"- ","- ",,,"SAN FRANCISCO","SAN FRANCISCO",-122.41719818115234,37.761947631835938
9522387,2022,2022-12-12,3801,2022-10-04,1628,278,TENDE,2,5,7,3801,0,0,0,,0,3J13D,"HYDE ST","EDDY ST",5.00,S,N,A,-,N,,,,,,,,,,N,4,0,1,2,A,-,11,21453,D,N,G,-,B,A,H,-,A,A,0,Y,,,,Y,Y,N,60,0,0,1,0,1,0,0,0,0,"- ","- ",,,"SAN FRANCISCO","SAN FRANCISCO",-122.41588592529297,37.783496856689453
9522390,2022,2023-01-13,3801,2022-10-17,1442,1825,SOUTH,1,5,7,3801,0,0,0,,0,3B14A,"SOUTH VAN NESS AV","MARKET ST",0.00,,Y,A,-,N,,,,,,,,,,N,3,0,1,2,A,-,17,22517,,N,B,C,A,A,H,-,A,A,0,,,Y,,Y,,A,01,0,1,0,0,0,0,0,0,1,"- ","- ",,,"SAN FRANCISCO","SAN FRANCISCO",-122.41925811767578,37.775169372558594
9522399,2022,2022-12-12,3801,2022-10-31,1654,327,MISSI,1,5,7,3801,0,0,0,,0,3D45C,"MISSION ST","14TH ST",23.00,S,N,A,-,N,,,,,,,,,,N,4,0,1,2,A,-,09,21801,A,N,D,C,A,A,H,-,A,A,0,,,,,Y,,A,07,0,0,1,0,0,0,0,0,0,"- ","- ",,,"SAN FRANCISCO","SAN FRANCISCO",-122.41996765136719,37.768226623535156
9522561,2022,2022-12-22,3801,2022-11-02,1120,719,CENTR,3,5,7,3801,0,0,0,,0,3A15C,"MARKET ST","1ST ST",0.00,,Y,B,C,N,,,,,,,,,,N,4,0,1,1,A,-,03,22350,,N,H,A,A,B,H,-,A,A,0,,,,,Y,,M,94,0,0,1,0,0,0,0,0,0,"- ","- ",,,"SAN FRANCISCO","SAN FRANCISCO",-122.39913940429688,37.791053771972656
9522566,2022,2022-12-12,3801,2022-08-16,0643,392,MISSI,2,5,7,3801,0,0,0,,0,3D11A,"GUERRERO ST","16TH ST",0.00,,Y,A,-,N,,,,,,,,,,Y,2,0,1,3,A,-,09,21801,A,N,D,C,A,A,H,-,A,A,0,,,Y,,Y,,A,01,1,0,0,0,0,0,0,0,1,"- ","- ",,,"SAN FRANCISCO","SAN FRANCISCO",-122.42410278320312,37.764781951904297
9522569,2022,2022-12-12,3801,2022-08-12,1000,A22051,CENTR,5,5,7,3801,0,0,0,,0,3A13A,"GRANT AV","POST ST",0.00,,Y,A,-,N,,,,,,,,,,N,3,0,2,3,A,-,17,21451,A,N,G,B,B,A,H,-,A,A,0,Y,,,,Y,,A,01,0,1,1,0,2,0,0,0,0,"- ","- ",,,"SAN FRANCISCO","SAN FRANCISCO",-122.40522003173828,37.7886962890625
9529305,2022,2022-12-06,3801,2022-07-05,1217,1832,TENDE,2,5,7,3801,0,0,0,,0,3J93C,"6TH ST","STEVENSON ST",45.00,S,N,A,-,N,,,,,,,,,,Y,3,0,1,2,A,-,03,22350,,F,A,G,A,A,H,-,A,D,0,,Y,,,Y,,A,01,0,1,0,0,0,0,1,0,0,"- ","- ",,,"SAN FRANCISCO","SAN FRANCISCO",-122.40956115722656,37.781681060791016
9530988,2022,2022-12-29,3801,2022-11-09,1605,1454,NORTH,3,5,7,3801,0,0,0,,0,3E15D,"UNION ST","BUCHANAN ST",0.00,,Y,A,-,N,,,,,,,,,,N,4,0,1,2,A,-,10,21950,A,N,G,B,B,A,H,-,A,D,0,Y,,,,Y,,D,22,0,0,1,0,1,0,0,0,0,"- ","- ",,,"SAN FRANCISCO","SAN FRANCISCO",-122.43220520019531,37.797508239746094
9531008,2022,2022-12-13,3801,2022-09-04,2142,2490,TENDE,7,5,7,3801,0,0,0,,0,3J12E,"4TH ST","MARKET ST",60.00,S,N,A,-,N,,,,,,,,,,N,4,0,1,2,A,-,11,21955,,N,G,B,D,A,H,-,C,A,0,Y,,,,Y,,N,60,0,0,1,0,1,0,0,0,0,"- ","- ",,,"SAN FRANCISCO","SAN FRANCISCO",-122.40589141845703,37.785701751708984
9531016,2022,2022-12-30,3801,2022-11-24,0957,2262,BAYVI,4,5,7,3801,0,0,0,,0,3C13A,"NAPOLEON ST","EVANS AV",40.00,W,N,A,-,N,,,,,,,,,,N,4,0,2,2,A,-,03,22350,,F,C,C,A,A,H,-,A,A,0,,,,,Y,,A,01,0,0,2,0,0,0,0,0,0,"- ","- ",,,"SAN FRANCISCO","SAN FRANCISCO",-122.39608764648438,37.747219085693359
9531040,2022,2023-01-06,3801,2022-11-14,1151,1061,SOUTH,1,5,7,3801,0,0,0,,0,3B4,"13TH ST","OTIS ST",0.00,,Y,A,-,N,,,,,,,,,,Y,4,0,2,2,D,-,00,,,N,D,D,A,A,H,-,A,A,0,,,,Y,Y,,-,"- ",0,0,2,0,0,0,0,0,0,"- ","- ",,,"SAN FRANCISCO","SAN FRANCISCO",-122.4200439453125,37.770118713378906
9531182,2022,2022-12-13,3801,2022-09-06,1606,1160,SOUTH,2,5,7,3801,0,0,0,,0,0B4,"MISSION ST","11TH ST",0.00,,Y,A,-,N,,,,,,,,,,N,4,0,1,2,A,-,12,21453,A,N,D,G,A,A,H,-,A,A,0,,Y,,,Y,,L,04,0,0,1,0,0,0,1,0,0,"- ","- ",,,"SAN FRANCISCO","SAN FRANCISCO",-122.41709899902344,37.774330139160156
9531191,2022,2022-12-22,3801,2022-11-25,1750,964,NORTH,5,5,7,3801,0,0,0,,0,3E11D,"HAYES ST","GOUGH ST",0.00,,Y,-,-,N,,,,,,,,,,N,4,0,1,1,D,-,00,,,N,-,A,A,-,H,-,-,-,0,,Y,,,Y,,-,"- ",0,0,1,0,0,0,1,0,0,"- ","- ",,,"SAN FRANCISCO","SAN FRANCISCO",-122.42296600341797,37.776878356933594