CASE_ID,ACCIDENT_YEAR,PROC_DATE,JURIS,COLLISION_DATE,COLLISION_TIME,OFFICER_ID,REPORTING_DISTRICT,DAY_OF_WEEK,CHP_SHIFT,POPULATION,CNTY_CITY_LOC,SPECIAL_COND,BEAT_TYPE,CHP_BEAT_TYPE,CITY_DIVISION_LAPD,CHP_BEAT_CLASS,BEAT_NUMBER,PRIMARY_RD,SECONDARY_RD,DISTANCE,DIRECTION,INTERSECTION,WEATHER_1,WEATHER_2,STATE_HWY_IND,CALTRANS_COUNTY,CALTRANS_DISTRICT,STATE_ROUTE,ROUTE_SUFFIX,POSTMILE_PREFIX,POSTMILE,LOCATION_TYPE,RAMP_INTERSECTION,SIDE_OF_HWY,TOW_AWAY,COLLISION_SEVERITY,NUMBER_KILLED,NUMBER_INJURED,PARTY_COUNT,PRIMARY_COLL_FACTOR,PCF_CODE_OF_VIOL,PCF_VIOL_CATEGORY,PCF_VIOLATION,PCF_VIOL_SUBSECTION,HIT_AND_RUN,TYPE_OF_COLLISION,MVIW,PED_ACTION,ROAD_SURFACE,ROAD_COND_1,ROAD_COND_2,LIGHTING,CONTROL_DEVICE,CHP_ROAD_TYPE,PEDESTRIAN_ACCIDENT,BICYCLE_ACCIDENT,MOTORCYCLE_ACCIDENT,TRUCK_ACCIDENT,NOT_PRIVATE_PROPERTY,ALCOHOL_INVOLVED,STWD_VEHTYPE_AT_FAULT,CHP_VEHTYPE_AT_FAULT,COUNT_SEVERE_INJ,COUNT_VISIBLE_INJ,COUNT_COMPLAINT_PAIN,COUNT_PED_KILLED,COUNT_PED_INJURED,COUNT_BICYCLIST_KILLED,COUNT_BICYCLIST_INJURED,COUNT_MC_KILLED,COUNT_MC_INJURED,PRIMARY_RAMP,SECONDARY_RAMP,LATITUDE,LONGITUDE,COUNTY,CITY,POINT_X,POINT_Y
9531193,2022,2022-12-22,3801,2022-11-20,1053,1182,INGLE,7,5,7,3801,0,0,0,,0,3H15A,"MISSION ST","PERSIA AV",0.00,,Y,A,-,N,,,,,,,,,,N,3,0,1,2,A,-,10,21950,A,N,G,B,B,A,H,-,A,A,0,Y,,,,Y,,A,07,0,1,0,0,1,0,0,0,0,"- ","- ",,,"SAN FRANCISCO","SAN FRANCISCO",-122.43596649169922,37.723140716552734
9531195,2022,2022-12-22,3801,2022-11-01,1400,986,TARAV,2,5,7,3801,0,0,0,,0,3I13B,"17TH AV","JUDAH ST",0.00,,Y,A,-,N,,,,,,,,,,Y,4,0,2,3,D,-,00,,,N,D,C,A,A,H,-,A,D,0,,,,,Y,,-,"- ",0,0,2,0,0,0,0,0,0,"- ","- ",,,"SAN FRANCISCO","SAN FRANCISCO",-122.47483062744141,37.761848449707031
9531239,2022,2022-12-20,3801,2022-11-05,1745,1148,MISSI,6,5,7,3801,0,0,0,,0,3D15D,"BRYANT ST","18TH ST",85.00,S,N,A,-,N,,,,,,,,,,N,3,0,1,2,A,-,17,22517,,N,-,G,A,B,H,-,A,D,0,,Y,,,Y,,A,01,0,1,0,0,0,0,1,0,0,"- ","- ",,,"SAN FRANCISCO","SAN FRANCISCO",-122.41012573242188,37.761516571044922
9531342,2022,2023-01-03,3801,2022-11-10,1730,4132,MISSI,4,5,7,3801,0,0,0,,0,3CAR,"VALENCIA ST","HILL ST",0.00,,Y,A,-,N,,,,,,,,,,Y,4,0,2,2,A,-,04,21703,,N,C,C,A,A,H,-,C,D,0,,,,,Y,,A,01,0,0,2,0,0,0,0,0,0,"- ","- ",,,"SAN FRANCISCO","SAN FRANCISCO",-122.42104339599609,37.756099700927734
9531344,2022,2022-12-28,3801,2022-11-15,1820,737,NORTH,2,5,7,3801,0,0,0,,0,3E11C,"FELL ST","OCTAVIA ST",6.00,S,N,A,-,N,,,,,,,,,,Y,3,0,1,4,A,-,07,21658,,N,B,E,A,A,H,-,C,A,0,,,,,Y,,A,01,0,1,0,0,0,0,0,0,0,"- ","- ",,,"SAN FRANCISCO","SAN FRANCISCO",-122.42449951171875,37.775718688964844
9531345,2022,2022-12-19,3801,2022-11-14,1401,2730,BAYVI,1,5,7,3801,0,0,0,,0,3C90A,"DAVIDSON AV","QUINT ST",0.00,,Y,A,-,N,,,,,,,,,,N,3,0,1,2,A,-,09,21801,A,N,D,C,A,A,H,-,A,D,0,,,,,Y,,M,94,0,1,0,0,0,0,0,0,0,"- ","- ",,,"SAN FRANCISCO","SAN FRANCISCO",-122.38974761962891,37.744667053222656
9531346,2022,2022-12-19,3801,2022-11-15,1854,2704,SOUTH,2,5,7,3801,0,0,0,,0,3B4,"MISSION ST","10TH ST",0.00,,Y,A,-,N,,,,,,,,,,N,4,0,1,3,A,-,03,22350,,N,C,C,A,A,H,-,C,A,0,,,,,Y,,A,01,0,0,1,0,0,0,0,0,0,"- ","- ",,,"SAN FRANCISCO","SAN FRANCISCO",-122.41590881347656,37.775276184082031
9531348,2022,2022-12-19,3801,2022-11-15,1120,1827,CENTR,2,5,7,3801,0,0,0,,0,3A11C,"GEARY ST","JONES ST",15.00,E,N,A,-,N,,,,,,,,,,Y,4,0,2,2,A,-,04,21703,,N,C,C,A,A,H,-,A,A,0,,,,,Y,,A,01,0,0,2,0,0,0,0,0,0,"- ","- ",,,"SAN FRANCISCO","SAN FRANCISCO",-122.41310119628906,37.786754608154297
9531351,2022,2022-12-19,3801,2022-11-02,1045,4259,RICHM,3,5,7,3801,0,0,0,,0,3G11A,"ARGUELLO BL","GOLDEN GATE AV",0.00,,Y,A,-,N,,,,,,,,,,Y,4,0,2,2,A,-,08,22107,,N,D,C,A,A,H,-,A,A,0,,,,,Y,,A,01,0,0,2,0,0,0,0,0,0,"- ","- ",,,"SAN FRANCISCO","SAN FRANCISCO",-122.45851898193359,37.776168823242188
9531352,2022,2022-12-19,3801,2022-11-06,1448,1246,BAYVI,7,5,7,3801,0,0,0,,0,,"BAY SHORE BL","JERROLD AV",30.00,W,N,A,-,N,,,,,,,,,,N,3,0,1,1,A,-,03,22350,,N,H,J,A,A,A,-,A,A,0,,,Y,,Y,,C,03,0,1,0,0,0,0,0,0,1,"- ","- ",,,"SAN FRANCISCO","SAN FRANCISCO",-122.40365600585938,37.747314453125
9531354,2022,2022-12-19,3801,2022-11-04,2335,173,INGLE,5,5,7,3801,0,0,0,,0,3H13E,"ALEMANY BL","CONGDON ST",290.00,S,N,A,-,N,,,,,,,,,,Y,4,0,2,1,A,-,03,22350,,N,E,I,A,A,H,-,C,A,0,,,,,Y,,A,01,0,0,2,0,0,0,0,0,0,"- ","- ",,,"SAN FRANCISCO","SAN FRANCISCO",-122.42520141601562,37.731071472167969
9531356,2022,2022-12-19,3801,2022-11-01,1228,1297,PARK,2,5,7,3801,0,0,0,,0,3F13A,"7TH AV","KIRKHAM ST",0.00,,Y,C,-,N,,,,,,,,,,N,3,0,1,2,A,-,03,22350,,N,D,G,A,B,-,-,A,A,0,,Y,,,Y,,L,04,0,1,0,0,0,0,1,0,0,"- ","- ",,,"SAN FRANCISCO","SAN FRANCISCO",-122.46392059326172,37.760391235351562
9531357,2022,2022-12-19,3801,2022-11-26,0913,1572,SOUTH,6,5,7,3801,0,0,0,,0,3B1A,"6TH ST","NATOMA ST",0.00,,Y,A,-,N,,,,,,,,,,N,4,0,1,2,A,-,03,22350,A,F,B,-,A,A,H,-,B,D,0,,,,,Y,Y,-,,0,0,1,0,0,0,0,0,0,"- ","- ",,,"SAN FRANCISCO","SAN FRANCISCO",-122.40766906738281,37.780181884765625
9531365,2022,2022-12-22,3801,2022-11-23,2050,460,INGLE,3,5,7,3801,0,0,0,,0,3H11E,"MISSION ST","30TH ST",0.00,,Y,A,-,N,,,,,,,,,,Y,3,0,7,3,A,-,03,22350,,F,C,C,A,A,H,-,C,A,0,,,,,Y,,D,22,0,1,6,0,0,0,0,0,0,"- ","- ",,,"SAN FRANCISCO","SAN FRANCISCO",-122.42195892333984,37.742389678955078
9531377,2022,2022-12-09,3801,2022-10-30,1915,740,MISSI,7,5,7,3801,0,0,0,,0,0D3,"FOLSOM ST","20TH ST",0.00,,Y,A,-,N,,,,,,,,,,N,4,0,1,2,A,-,04,21703,,F,C,C,A,A,H,-,C,A,0,,,,,Y,,D,22,0,0,1,0,0,0,0,0,0,"- ","- ",,,"SAN FRANCISCO","SAN FRANCISCO",-122.41468048095703,37.758888244628906
9531441,2022,2022-11-21,3801,2022-10-30,1330,310,SOUTH,7,5,7,3801,0,0,0,,0,3B12A,"MISSION ST","SOUTH VAN NESS AV",0.00,E,N,A,-,N,,,,,,,,,,N,2,0,1,1,A,-,03,22350,,N,H,J,A,A,H,-,A,D,0,,,,,Y,,M,94,1,0,0,0,0,0,0,0,0,"- ","- ",,,"SAN FRANCISCO","SAN FRANCISCO",-122.41863250732422,37.773109436035156
9531448,2022,2022-11-10,3801,2022-10-28,1000,1388,TARAV,5,5,7,3801,0,0,0,,0,3I5A,"16TH AV","TARAVAL ST",90.00,S,N,A,-,N,,,,,,,,,,Y,4,0,1,5,A,-,21,22106,,N,C,E,A,A,H,-,A,-,0,,,,,Y,,A,01,0,0,1,0,0,0,0,0,0,"- ","- ",,,"SAN FRANCISCO","SAN FRANCISCO",-122.47246551513672,37.742942810058594
9531456,2022,2022-11-10,3801,2022-10-03,0848,1364,NORTH,1,5,7,3801,0,0,0,,0,NORTHE,"OAK ST",GOUGH,5.00,W,N,A,-,N,,,,,,,,,,N,2,0,2,2,A,-,11,21950,B,N,D,B,B,A,H,-,A,A,0,Y,Y,,,Y,,N,60,1,1,0,0,1,0,1,0,0,"- ","- ",,,"SAN FRANCISCO","SAN FRANCISCO",-122.422607421875,37.775016784667969
9531507,2022,2022-11-09,3801,2022-10-15,0937,392,MISSI,6,5,7,3801,0,0,0,,0,3D14A,"22ND ST","CAPP ST",152.00,E,N,A,-,N,,,,,,,,,,Y,4,0,1,2,A,-,01,23152,A,N,C,C,A,A,H,-,A,D,0,,,,,Y,Y,A,01,0,0,1,0,0,0,0,0,0,"- ","- ",,,"SAN FRANCISCO","SAN FRANCISCO",-122.41713714599609,37.755550384521484
9531522,2022,2022-11-18,3801,2022-07-08,1255,4178,INGLE,5,5,7,3801,0,0,0,,0,4B3A,"BANKS ST","CORTLAND AV",34.00,S,N,A,-,N,,,,,,,,,,Y,4,0,1,1,A,-,13,22515,A,N,E,I,A,A,H,-,A,D,0,,,,,Y,,A,01,0,0,1,0,0,0,0,0,0,"- ","- ",,,"SAN FRANCISCO","SAN FRANCISCO",-122.41274261474609,37.739269256591797
9531524,2022,2022-12-05,3801,2022-07-21,0907,1513,RICHM,4,5,7,3801,0,0,0,,0,2CAR,BRODERICK,POST,0.00,,Y,B,-,N,,,,,,,,,,N,4,0,1,2,A,-,21,22106,,N,D,E,-,A,H,-,A,D,0,Y,,,,Y,,A,01,0,0,1,0,1,0,0,0,0,"- ","- ",,,"SAN FRANCISCO","SAN FRANCISCO",-122.44135284423828,37.784088134765625
9531544,2022,2022-11-07,3801,2022-08-26,1341,1394,MISSI,5,5,7,3801,0,0,0,,0,MISSIO,"CAPP ST","18TH ST",0.00,,Y,A,-,N,,,,,,,,,,Y,3,0,1,2,A,-,03,22350,,F,B,E,A,A,H,-,A,D,0,,,,,Y,,A,01,0,1,0,0,0,0,0,0,0,"- ","- ",,,"SAN FRANCISCO","SAN FRANCISCO",-122.41826629638672,37.761894226074219
9531548,2022,2022-11-07,3801,2022-08-28,0600,1796,RICHM,7,5,7,3801,0,0,0,,0,,"FULTON ST","30TH AV",14.00,S,N,A,-,N,,,,,,,,,,Y,4,0,1,2,A,-,03,22350,,N,C,C,A,A,H,-,A,A,0,,,,,Y,,A,01,0,0,1,0,0,0,0,0,0,"- ","- ",,,"SAN FRANCISCO","SAN FRANCISCO",-122.48954010009766,37.772331237792969
9531550,2022,2022-11-07,3801,2022-08-09,1320,1819,NORTH,2,5,7,3801,0,0,0,,0,003,"PORTOLA AV","BURNETTE AV",0.00,,Y,-,-,N,,,,,,,,,,N,4,0,1,2,A,-,03,22350,,N,C,-,A,-,-,-,-,-,0,,,,,Y,,-,,0,0,1,0,0,0,0,0,0,"- ","- ",,,"SAN FRANCISCO","SAN FRANCISCO",-122.44486999511719,37.747016906738281
9531774,2022,2022-11-14,3801,2022-10-20,0220,460,INGLE,4,5,7,3801,0,0,0,,0,3H11E,"ALEMANY BL","FOLSOM ST",0.00,,Y,-,-,N,,,,,,,,,,N,4,0,1,2,A,-,11,21954,A,N,G,B,E,-,-,-,-,D,0,Y,,,,Y,Y,N,60,0,0,1,0,1,0,0,0,0,"- ","- ",,,"SAN FRANCISCO","SAN FRANCISCO",-122.41382598876953,37.733329772949219
9531776,2022,2023-03-29,3801,2022-10-22,1240,4117,TARAV,6,5,7,3801,0,0,0,,0,3I13A,"BUCKINGHAM WY","19TH AV",0.00,,Y,A,-,N,,,,,,,,,,N,1,1,0,2,A,-,10,21950,,N,G,B,B,A,H,-,A,A,0,Y,,,,Y,,A,01,0,0,0,1,0,0,0,0,0,"- ","- ",,,"SAN FRANCISCO","SAN FRANCISCO",-122.47509765625,37.725715637207031
9531777,2022,2022-11-14,3801,2022-10-24,1613,835,NORTH,1,5,7,3801,0,0,0,,0,NORTHE,"PIERCE ST","TURK ST",0.00,,Y,A,-,N,,,,,,,,,,Y,4,0,1,2,A,-,10,21950,A,F,G,B,B,A,H,-,A,A,0,Y,,,,Y,,A,01,0,0,1,0,1,0,0,0,0,"- ","- ",,,"SAN FRANCISCO","SAN FRANCISCO",-122.4354248046875,37.780082702636719
9531839,2022,2022-11-09,3801,2022-09-30,0925,2093,NORTH,5,5,7,3801,0,0,0,,0,3E14A,"BROADWAY ST","OCTAVIA ST",0.00,,Y,A,-,N,,,,,,,,,,N,4,0,1,2,A,-,10,21950,A,N,G,B,B,A,H,-,A,A,0,Y,,,,Y,,A,01,0,0,1,0,1,0,0,0,0,"- ","- ",,,"SAN FRANCISCO","SAN FRANCISCO",-122.4283447265625,37.795112609863281
9531893,2022,2022-11-17,3801,2022-09-11,1959,2056,SOUTH,7,5,7,3801,0,0,0,,0,0B4,"MARKET ST","OCTAVIA ST",0.00,,Y,A,-,N,,,,,,,,,,N,4,0,1,2,A,-,03,22350,,N,D,C,A,-,H,-,C,A,0,,,Y,,Y,,C,03,0,0,1,0,0,0,0,0,1,"- ","- ",,,"SAN FRANCISCO","SAN FRANCISCO",-122.42359161376953,37.771774291992188
9531894,2022,2022-11-09,3801,2022-09-17,2141,1926,NORTH,6,5,7,3801,0,0,0,,0,3E15E,"OCTAVIA ST","BAY ST",0.00,,Y,A,-,N,,,,,,,,,,Y,4,0,1,1,A,-,03,22350,,N,H,J,A,A,H,-,C,A,0,,,,,Y,,A,01,0,0,1,0,0,0,0,0,0,"- ","- ",,,"SAN FRANCISCO","SAN FRANCISCO",-122.43003082275391,37.80352783203125
9532135,2022,2022-12-06,3801,2022-05-19,1547,2580,TENDE,4,5,7,3801,0,0,0,,0,901,"HYDE ST","MARKET ST",25.00,N,N,A,-,N,,,,,,,,,,N,4,0,1,2,A,-,03,22350,,F,C,C,A,A,H,-,A,A,0,,,,,Y,,-,,0,0,1,0,0,0,0,0,0,"- ","- ",,,"SAN FRANCISCO","SAN FRANCISCO",-122.41481018066406,37.778766632080078
9534807,2022,2023-02-01,3801,2022-12-12,1205,1653,INGLE,1,5,7,3801,0,0,0,,0,3H5A,"MISSION ST","FRANCE AV",129.00,S,N,A,-,N,,,,,,,,,,N,4,0,2,2,A,-,07,21658,A,N,B,C,A,A,H,-,A,D,0,,,,,Y,,A,01,0,0,2,0,0,0,0,0,0,"- ","- ",,,"SAN FRANCISCO","SAN FRANCISCO",-122.43858337402344,37.719745635986328
9535002,2022,2023-01-17,3801,2022-11-22,1550,312,TARAV,2,5,7,3801,0,0,0,,0,2CAR,"NORIEGA ST","26TH AV",0.00,,Y,A,-,N,,,,,,,,,,Y,4,0,1,2,A,-,09,21800,A,N,D,C,A,A,H,-,A,A,0,,,,,Y,,A,01,0,0,1,0,0,0,0,0,0,"- ","- ",,,"SAN FRANCISCO","SAN FRANCISCO",-122.48397827148438,37.753910064697266
9535009,2022,2023-02-08,3801,2022-11-18,1401,2706,MISSI,5,5,7,3801,0,0,0,,0,3D15A,"MISSION ST","16TH ST",259.00,N,N,A,-,N,,,,,,,,,,N,4,0,1,2,A,-,03,22350,,N,B,C,A,A,H,-,A,A,0,,,Y,,Y,,C,02,0,0,1,0,0,0,0,0,1,"- ","- ",,,"SAN FRANCISCO","SAN FRANCISCO",-122.41973114013672,37.765758514404297
9535012,2022,2023-01-13,3801,2022-11-19,1037,2202,INGLE,6,5,7,3801,0,0,0,,0,3H13A,"OSHAUGHNESSY BL","MALTA DR",0.00,,Y,A,-,N,,,,,,,,,,Y,4,0,2,2,A,-,03,22350,,N,C,D,A,A,H,-,A,D,0,,,,,Y,,A,01,0,0,2,0,0,0,0,0,0,"- ","- ",,,"SAN FRANCISCO","SAN FRANCISCO",-122.44365692138672,37.736495971679688
9536037,2022,2022-12-28,3801,2022-11-29,2150,1871,INGLE,2,5,7,3801,0,0,0,,0,901,"MISSION ST","MOUNT VERNON AV",0.00,,Y,A,-,N,,,,,,,,,,N,4,0,1,2,A,-,08,22107,,N,B,C,A,A,H,-,C,D,0,,,,,Y,,A,01,0,0,1,0,0,0,0,0,0,"- ","- ",,,"SAN FRANCISCO","SAN FRANCISCO",-122.44264984130859,37.714607238769531
9542752,2022,2023-01-17,3801,2022-11-25,2050,1766,TRAFF,5,5,7,3801,0,0,0,,0,4B103,"19TH ST","MISSION ST",17.00,E,N,A,-,N,,,,,,,,,,N,4,0,2,2,A,-,03,22350,,F,B,C,A,A,H,-,C,A,0,,,,,Y,,I,11,0,0,2,0,0,0,0,0,0,"- ","- ",,,"SAN FRANCISCO","SAN FRANCISCO",-122.41915893554688,37.760223388671875
9542764,2022,2023-02-15,3801,2022-12-17,1400,829,INGLE,6,5,7,3801,0,0,0,,0,,"GENEVA AV","RT 280",0.00,,Y,A,-,Y,SF,4,280,-,R,1.851,R,4,N,,3,0,3,2,A,-,09,21801,A,N,-,C,A,A,H,-,A,A,0,,,,,Y,,D,22,0,1,2,0,0,0,0,0,0,"- ",NO,,,"SAN FRANCISCO","SAN FRANCISCO",-122.44725799560547,37.724128723144531
9543008,2022,2023-01-11,3801,2022-08-27,0142,899,NORTH,6,5,7,3801,0,0,0,,0,3E14E,"LOMBARD ST","SCOTT ST",0.00,,Y,A,-,N,,,,,,,,,,Y,2,0,1,1,A,-,01,23152,A,N,E,I,A,A,H,-,C,A,0,,,,,Y,Y,A,01,1,0,0,0,0,0,0,0,0,"- ","- ",,,"SAN FRANCISCO","SAN FRANCISCO",-122.44100189208984,37.799209594726562
9543011,2022,2023-01-10,3801,2022-08-25,1233,2420,TARAV,4,5,7,3801,0,0,0,,0,011,"DORANTES AV","SAN MARCOS AV",0.00,,Y,A,-,N,,,,,,,,,,Y,3,0,2,2,A,-,21,22106,,N,E,I,A,B,H,-,A,D,0,,,,,Y,,A,01,0,1,1,0,0,0,0,0,0,"- ","- ",,,"SAN FRANCISCO","SAN FRANCISCO",-122.46357727050781,37.745929718017578
9543017,2022,2023-01-10,3801,2022-09-25,2114,499,PARK,7,5,7,3801,0,0,0,,0,3F13E,"FELL ST","MASONIC AV",0.00,,Y,A,-,N,,,,,,,,,,N,4,0,1,2,A,-,12,21453,A,N,D,C,A,A,H,-,C,A,0,,,,,Y,Y,-,"- ",0,0,1,0,0,0,0,0,0,"- ","- ",,,"SAN FRANCISCO","SAN FRANCISCO",-122.44591522216797,37.772983551025391
9543019,2022,2023-01-20,3801,2022-09-23,1030,2706,MISSI,5,5,7,3801,0,0,0,,0,3D15A,"DOLORES ST","26TH ST",0.00,,Y,A,-,N,,,,,,,,,,Y,3,0,1,2,A,-,12,22450,A,N,H,C,A,A,H,-,A,A,0,,,,,Y,,-,"- ",0,1,0,0,0,0,0,0,0,"- ","- ",,,"SAN FRANCISCO","SAN FRANCISCO",-122.4249267578125,37.748619079589844
9543055,2022,2023-01-17,3801,2022-11-17,1210,4132,MISSI,4,5,7,3801,0,0,0,,0,3CAR,"MISSION ST","21ST ST",0.00,,Y,A,-,N,,,,,,,,,,Y,3,0,1,2,A,-,04,21703,,N,D,C,A,A,H,-,A,A,0,,,Y,,Y,,C,02,0,1,0,0,0,0,0,0,1,"- ","- ",,,"SAN FRANCISCO","SAN FRANCISCO",-122.41891479492188,37.757015228271484
9543057,2022,2023-01-27,3801,2022-11-22,1708,1414,MISSI,2,5,7,3801,0,0,0,,0,3D13D,"BRYANT ST","16TH ST",0.00,,Y,A,-,N,,,,,,,,,,N,3,0,1,1,D,-,00,,,N,H,-,A,A,H,-,C,A,0,,Y,,,Y,,-,"- ",0,1,0,0,0,0,1,0,0,"- ","- ",,,"SAN FRANCISCO","SAN FRANCISCO",-122.4105224609375,37.765594482421875
9543059,2022,2023-01-27,3801,2022-11-22,0958,1562,INGLE,2,5,7,3801,0,0,0,,0,3H15A,"GENEVA AV","MISSION ST",0.00,,Y,A,-,N,,,,,,,,,,N,4,0,1,2,A,-,07,21658,,N,B,C,A,A,H,-,A,A,0,,,,,Y,,-,"- ",0,0,1,0,0,0,0,0,0,"- ","- ",,,"SAN FRANCISCO","SAN FRANCISCO",-122.44100189208984,37.716388702392578
9543062,2022,2023-02-06,3801,2022-12-16,2153,740,MISSI,5,5,7,3801,0,0,0,,0,0D4,"MISSION ST","25TH ST",0.00,,Y,A,-,N,,,,,,,,,,N,4,0,1,2,A,-,04,21703,,N,C,C,A,A,H,-,C,A,0,,,Y,,Y,,A,01,0,0,1,0,0,0,0,0,1,"- ","- ",,,"SAN FRANCISCO","SAN FRANCISCO",-122.41830444335938,37.750663757324219
9543081,2022,2023-02-08,3801,2022-12-28,1835,1875,BAYVI,3,5,7,3801,0,0,0,,0,3C13D,"DEDMAN CT","CASHMERE ST",459.00,E,N,A,-,N,,,,,,,,,,N,4,0,1,2,A,-,13,22515,A,N,C,E,A,A,H,-,C,D,0,,,,,Y,,A,01,0,0,1,0,0,0,0,0,0,"- ","- ",,,"SAN FRANCISCO","SAN FRANCISCO",-122.38430023193359,37.736854553222656
9543082,2022,2023-02-08,3801,2022-12-02,1954,1251,BAYVI,5,5,7,3801,0,0,0,,0,3C12D,"BAY SHORE BL","CORTLAND AV",320.00,N,N,A,-,N,,,,,,,,,,Y,4,0,2,2,A,-,03,22350,,F,C,C,A,A,H,-,C,D,0,,,,,Y,,A,01,0,0,2,0,0,0,0,0,0,"- ","- ",,,"SAN FRANCISCO","SAN FRANCISCO",-122.40687561035156,37.740455627441406
9543088,2022,2023-02-08,3801,2022-12-27,1457,2293,NORTH,2,5,7,3801,0,0,0,,0,,"LOMBARD ST","SCOTT ST",0.00,,Y,A,-,N,,,,,,,,,,Y,4,0,8,2,A,-,09,21801,A,N,B,C,A,B,H,-,A,A,0,,,,,Y,,A,01,0,0,8,0,0,0,0,0,0,"- ","- ",,,"SAN FRANCISCO","SAN FRANCISCO",-122.44100189208984,37.799209594726562
9543089,2022,2023-02-07,3801,2022-12-29,1801,1696,NORTH,4,5,7,3801,0,0,0,,0,3E15D,"DIVISADERO ST","FRANCISCO ST",0.00,,Y,A,-,N,,,,,,,,,,N,4,0,1,2,A,-,10,21950,A,N,G,B,B,B,H,-,C,A,0,Y,,,,Y,,A,01,0,0,1,0,1,0,0,0,0,"- ","- ",,,"SAN FRANCISCO","SAN FRANCISCO",-122.44303131103516,37.800918579101562
9543104,2022,2023-02-07,3801,2022-12-17,2000,2100,MISSI,6,5,7,3801,0,0,0,,0,3D12D,"POTRERO AV","25TH ST",0.00,S,-,A,-,N,,,,,,,,,,Y,4,0,1,1,A,-,08,22107,,N,E,I,A,A,H,-,C,D,0,,,,,Y,,A,08,0,0,1,0,0,0,0,0,0,"- ","- ",37.756160736083984,-122.40609741210938,"SAN FRANCISCO","SAN FRANCISCO",-122.40620422363281,37.751743316650391
9543105,2022,2023-02-07,3801,2022-12-13,0702,2161,MISSI,2,5,7,3801,0,0,0,,0,3D14A,"17TH ST","BRYANT ST",32.00,W,N,A,-,N,,,,,,,,,,N,4,0,1,2,A,-,03,22350,,N,C,C,A,A,H,-,A,D,0,,,,,Y,,A,01,0,0,1,0,0,0,0,0,0,"- ","- ",,,"SAN FRANCISCO","SAN FRANCISCO",-122.41049194335938,37.764308929443359
9543113,2022,2023-02-07,3801,2022-12-19,0639,830,MISSI,1,5,7,3801,0,0,0,,0,3D16A,"16TH ST","S VAN NESS AV",0.00,,Y,B,-,N,,,,,,,,,,N,4,0,1,2,A,-,09,21801,,N,D,C,A,A,H,-,C,A,0,,,Y,,Y,,A,01,0,0,1,0,0,0,0,0,1,"- ","- ",,,"SAN FRANCISCO","SAN FRANCISCO",-122.41748809814453,37.765178680419922
9543114,2022,2023-02-07,3801,2022-12-24,1608,2725,RICHM,6,5,7,3801,0,0,0,,0,,"CLAY ST","LYON ST",0.00,,Y,-,-,N,,,,,,,,,,N,4,0,1,2,A,-,12,22450,A,F,D,C,A,A,H,-,A,A,0,,,,,Y,,A,01,0,0,1,0,0,0,0,0,0,"- ","- ",,,"SAN FRANCISCO","SAN FRANCISCO",-122.44577026367188,37.789234161376953
9543115,2022,2023-02-07,3801,2022-12-27,1747,2433,SOUTH,2,5,7,3801,0,0,0,,0,3B13D,"6TH ST","MINNA ST",0.00,,Y,A,-,N,,,,,,,,,,N,4,0,1,2,A,-,12,21453,A,F,D,G,A,A,H,-,C,A,0,,Y,,,Y,,A,01,0,0,1,0,0,0,1,0,0,"- ","- ",,,"SAN FRANCISCO","SAN FRANCISCO",-122.40813446044922,37.780551910400391
9543117,2022,2023-02-07,3801,2022-12-27,1543,4212,PARK,2,5,7,3801,0,0,0,,0,3F13D,"BAKER ST","TURK ST",0.00,,Y,A,-,N,,,,,,,,,,Y,4,0,1,2,A,-,09,21801,A,N,D,C,A,A,H,-,A,A,0,,,Y,,Y,,A,07,0,0,1,0,0,0,0,0,1,"- ","- ",,,"SAN FRANCISCO","SAN FRANCISCO",-122.44206237792969,37.779262542724609
9543118,2022,2023-02-07,3801,2022-12-25,1619,2238,BAYVI,7,5,7,3801,0,0,0,,0,0C2,"PALOU AV","RANKIN ST",251.00,W,N,A,-,N,,,,,,,,,,N,3,0,1,2,A,-,09,21804,A,N,D,C,A,A,H,-,A,D,0,,,Y,,Y,,A,07,0,1,0,0,0,0,0,0,1,"- ","- ",,,"SAN FRANCISCO","SAN FRANCISCO",-122.39908599853516,37.738620758056641
9543119,2022,2023-02-07,3801,2022-12-25,1638,4212,PARK,7,5,7,3801,0,0,0,,0,3F13D,"FELL ST","MASONIC AV",0.00,,Y,A,-,N,,,,,,,,,,Y,4,0,1,2,A,-,12,21453,A,N,D,C,A,A,H,-,A,A,0,,,,,Y,,A,01,0,0,1,0,0,0,0,0,0,"- ","- ",,,"SAN FRANCISCO","SAN FRANCISCO",-122.44591522216797,37.772983551025391
9543141,2022,2023-02-08,3801,2022-12-09,1927,1804,BAYVI,5,5,7,3801,0,0,0,,0,3C13D,"3RD AV","OAKDALE AV",0.00,,Y,A,-,N,,,,,,,,,,Y,4,0,1,2,A,-,12,21453,A,F,D,C,A,A,H,-,C,A,0,,,,,Y,,A,01,0,0,1,0,0,0,0,0,0,"- ","- ",,,"SAN FRANCISCO","SAN FRANCISCO",-122.39076995849609,37.734832763671875