CASE_ID,ACCIDENT_YEAR,PROC_DATE,JURIS,COLLISION_DATE,COLLISION_TIME,OFFICER_ID,REPORTING_DISTRICT,DAY_OF_WEEK,CHP_SHIFT,POPULATION,CNTY_CITY_LOC,SPECIAL_COND,BEAT_TYPE,CHP_BEAT_TYPE,CITY_DIVISION_LAPD,CHP_BEAT_CLASS,BEAT_NUMBER,PRIMARY_RD,SECONDARY_RD,DISTANCE,DIRECTION,INTERSECTION,WEATHER_1,WEATHER_2,STATE_HWY_IND,CALTRANS_COUNTY,CALTRANS_DISTRICT,STATE_ROUTE,ROUTE_SUFFIX,POSTMILE_PREFIX,POSTMILE,LOCATION_TYPE,RAMP_INTERSECTION,SIDE_OF_HWY,TOW_AWAY,COLLISION_SEVERITY,NUMBER_KILLED,NUMBER_INJURED,PARTY_COUNT,PRIMARY_COLL_FACTOR,PCF_CODE_OF_VIOL,PCF_VIOL_CATEGORY,PCF_VIOLATION,PCF_VIOL_SUBSECTION,HIT_AND_RUN,TYPE_OF_COLLISION,MVIW,PED_ACTION,ROAD_SURFACE,ROAD_COND_1,ROAD_COND_2,LIGHTING,CONTROL_DEVICE,CHP_ROAD_TYPE,PEDESTRIAN_ACCIDENT,BICYCLE_ACCIDENT,MOTORCYCLE_ACCIDENT,TRUCK_ACCIDENT,NOT_PRIVATE_PROPERTY,ALCOHOL_INVOLVED,STWD_VEHTYPE_AT_FAULT,CHP_VEHTYPE_AT_FAULT,COUNT_SEVERE_INJ,COUNT_VISIBLE_INJ,COUNT_COMPLAINT_PAIN,COUNT_PED_KILLED,COUNT_PED_INJURED,COUNT_BICYCLIST_KILLED,COUNT_BICYCLIST_INJURED,COUNT_MC_KILLED,COUNT_MC_INJURED,PRIMARY_RAMP,SECONDARY_RAMP,LATITUDE,LONGITUDE,COUNTY,CITY,POINT_X,POINT_Y
9543152,2022,2023-02-08,3801,2022-12-08,2028,2239,INGLE,4,5,7,3801,0,0,0,,0,3H11D,"MISSION ST","MISSION ST 3170",0.00,,N,C,-,N,,,,,,,,,,N,3,0,1,2,A,-,17,22517,,N,H,G,A,B,H,-,C,D,0,,Y,,,Y,,A,07,0,1,0,0,0,0,1,0,0,"- ","- ",,,"SAN FRANCISCO","SAN FRANCISCO",-122.41979217529297,37.7705078125
9543160,2022,2023-02-08,3801,2022-12-19,1308,1653,INGLE,1,5,7,3801,0,0,0,,0,3H5A,"ALEMANY BL","NAGLEE AV",150.00,S,N,A,-,N,,,,,,,,,,Y,3,0,3,1,A,-,03,22350,,N,E,I,A,A,H,-,A,-,0,,,,,Y,,A,01,0,1,2,0,0,0,0,0,0,"- ","- ",,,"SAN FRANCISCO","SAN FRANCISCO",-122.44947052001953,37.713752746582031
9543161,2022,2023-02-02,3801,2022-12-04,1608,1336,NORTH,7,5,7,3801,0,0,0,,0,0E1,"OAK ST","BUCHANAN ST",0.00,,Y,B,-,N,,,,,,,,,,N,4,0,1,2,A,-,10,21950,,F,G,B,B,B,H,-,A,A,0,Y,,,,Y,,-,,0,0,1,0,1,0,0,0,0,"- ","- ",,,"SAN FRANCISCO","SAN FRANCISCO",-122.42754364013672,37.774402618408203
9543162,2022,2023-02-02,3801,2022-12-06,0740,1906,NORTH,2,5,7,3801,0,0,0,,0,3E6,"VAN NESS AV","VALLEJO ST",15.00,S,N,A,-,N,,,,,,,,,,Y,3,0,1,1,C,-,18,,,N,E,I,A,A,H,-,A,A,0,,,,,Y,,-,"- ",0,1,0,0,0,0,0,0,0,"- ","- ",,,"SAN FRANCISCO","SAN FRANCISCO",-122.42352294921875,37.796657562255859
9543169,2022,2023-02-02,3801,2022-12-04,1710,221,RICHM,7,5,7,3801,0,0,0,,0,3G13D,"PARK PRESIDIO BL","ANZA ST",0.00,,Y,C,-,N,,,,,,,,,,N,3,0,1,2,A,-,09,21801,A,N,D,G,A,B,-,-,E,A,0,,Y,,,Y,,A,07,0,1,0,0,0,0,1,0,0,"- ","- ",,,"SAN FRANCISCO","SAN FRANCISCO",-122.47219085693359,37.778724670410156
9543171,2022,2023-02-02,3801,2022-12-07,1217,624,NORTH,3,5,7,3801,0,0,0,,0,002,"DIVISADERO ST","GEARY BL",0.00,,Y,A,-,N,,,,,,,,,,N,3,0,1,2,A,-,10,21950,A,N,-,B,B,A,H,-,A,A,0,Y,,,,Y,,A,01,0,1,0,0,1,0,0,0,0,"- ","- ",,,"SAN FRANCISCO","SAN FRANCISCO",-122.43947601318359,37.783359527587891
9543176,2022,2023-02-02,3801,2022-12-04,1228,2001,INGLE,7,5,7,3801,0,0,0,,0,1228,"MISSION ST",ONONDAGA,40.00,N,N,A,-,N,,,,,,,,,,Y,4,0,2,2,A,-,03,22350,,N,C,C,A,A,H,-,A,A,0,,,,,Y,,A,01,0,0,2,0,0,0,0,0,0,"- ","- ",,,"SAN FRANCISCO","SAN FRANCISCO",-122.43743133544922,37.721244812011719
9543180,2022,2023-02-02,3801,2022-12-08,2034,4187,NORTH,4,5,7,3801,0,0,0,,0,3E15D,"PIERCE ST","LOMBARD ST",0.00,,Y,C,-,N,,,,,,,,,,N,3,0,1,2,A,-,10,21950,A,N,G,B,B,B,H,-,C,A,0,Y,,,,Y,,A,01,0,1,0,0,1,0,0,0,0,"- ","- ",,,"SAN FRANCISCO","SAN FRANCISCO",-122.43933868408203,37.799423217773438
9543181,2022,2023-02-09,3801,2022-12-03,1434,4006,TARAV,6,5,7,3801,0,0,0,,0,3I5B,"23RD AV","ULLOA ST",85.00,N,N,B,C,N,,,,,,,,,,N,3,0,1,2,A,-,03,22350,,F,G,B,E,B,H,-,A,D,0,Y,,,,Y,,A,01,0,1,0,0,1,0,0,0,0,"- ","- ",,,"SAN FRANCISCO","SAN FRANCISCO",-122.47988128662109,37.741214752197266
9543182,2022,2023-02-04,3801,2022-12-04,0014,1907,INGLE,7,5,7,3801,0,0,0,,0,3H13E,"MISSION ST","SANTA ROSA AV",50.00,S,N,C,-,N,,,,,,,,,,N,3,0,1,2,A,-,11,21954,A,F,G,B,D,B,H,-,C,D,0,Y,,,,Y,,N,60,0,1,0,0,1,0,0,0,0,"- ","- ",,,"SAN FRANCISCO","SAN FRANCISCO",-122.43409729003906,37.725643157958984
9543188,2022,2023-02-04,3801,2022-12-03,0148,1602,RICHM,6,5,7,3801,0,0,0,,0,SECT1,"PARK PRESIDIO BY PASS","CROSSOVER DR",328.00,N,N,A,-,N,,,,,,,,,,Y,3,0,1,1,A,-,03,22350,,N,E,I,A,A,H,-,C,D,0,,,,,Y,,A,01,0,1,0,0,0,0,0,0,0,"- ","- ",,,"SAN FRANCISCO","SAN FRANCISCO",-122.47920227050781,37.772026062011719
9543190,2022,2023-02-04,3801,2022-12-03,1823,2425,MISSI,6,5,7,3801,0,0,0,,0,3D14D,"FOLSOM ST","25TH ST",0.00,,Y,C,-,N,,,,,,,,,,N,4,0,1,2,A,-,09,21802,A,N,D,C,A,B,H,-,C,A,0,,,,,Y,,A,01,0,0,1,0,0,0,0,0,0,"- ","- ",,,"SAN FRANCISCO","SAN FRANCISCO",-122.4139404296875,37.750923156738281
9543215,2022,2023-01-10,3801,2022-10-04,0952,4036,TRAFF,2,5,7,3801,0,0,0,,0,4B2C,"STANYAN ST","CARL ST",0.00,,Y,B,-,N,,,,,,,,,,Y,4,0,1,2,A,-,01,23153,F,N,E,I,-,A,H,-,A,A,0,Y,,,,Y,,A,08,0,0,1,0,1,0,0,0,0,"- ","- ",,,"SAN FRANCISCO","SAN FRANCISCO",-122.45275115966797,37.765422821044922
9543223,2022,2023-02-16,3801,2022-12-17,0858,2097,INGLE,6,5,7,3801,0,0,0,,0,3H11A,"MISSION ST","PRECITA AV",0.00,,Y,A,-,N,,,,,,,,,,N,4,0,1,2,A,-,10,21950,A,N,G,B,B,A,H,-,A,A,0,Y,,,,Y,,A,01,0,0,1,0,1,0,0,0,0,"- ","- ",,,"SAN FRANCISCO","SAN FRANCISCO",-122.41912078857422,37.746757507324219
9543224,2022,2023-02-16,3801,2022-12-16,1340,2372,INGLE,5,5,7,3801,0,0,0,,0,3H4A,"PORTOLA DR","PORTOLA DR 300",0.00,,N,A,-,N,,,,,,,,,,N,4,0,1,2,A,-,04,21703,,N,C,C,A,A,H,-,A,D,0,,,,,Y,,A,07,0,0,1,0,0,0,0,0,0,"- ","- ",,,"SAN FRANCISCO","SAN FRANCISCO",,
9543230,2022,2023-02-16,3801,2022-12-17,2121,1857,NORTH,6,5,7,3801,0,0,0,,0,3E12E,"WEBSTER ST","EDDY ST",0.00,,Y,A,-,N,,,,,,,,,,Y,4,0,2,2,A,-,09,21801,A,N,D,C,A,A,H,-,C,A,0,,,,,Y,,A,01,0,0,2,0,0,0,0,0,0,"- ","- ",,,"SAN FRANCISCO","SAN FRANCISCO",-122.43067169189453,37.781623840332031
9543231,2022,2023-03-01,3801,2022-12-18,1727,1987,TARAV,7,5,7,3801,0,0,0,,0,3I15D,"RT 35","RT 35 559",0.00,,N,A,-,Y,SF,4,35,-,-,0.120,I,5,N,Y,4,0,1,3,A,-,09,21801,A,N,B,C,A,A,H,-,C,A,0,,,Y,,Y,,D,22,0,0,1,0,0,0,0,0,1,"- ","- ",,,"SAN FRANCISCO","SAN FRANCISCO",-122.49796295166016,37.709941864013672
9543232,2022,2023-02-16,3801,2022-12-18,2025,2470,CENTR,7,5,7,3801,0,0,0,,0,3A13D,"COLUMBUS AV","BAY ST",166.00,S,N,A,-,N,,,,,,,,,,Y,3,0,1,2,A,-,01,23152,A,N,C,G,A,A,H,-,C,D,0,,Y,,,Y,Y,A,01,0,1,0,0,0,0,1,0,0,"- ","- ",,,"SAN FRANCISCO","SAN FRANCISCO",-122.41677093505859,37.804889678955078
9543250,2022,2023-02-06,3801,2022-12-08,1225,1631,SOUTH,4,5,7,3801,0,0,0,,0,3B11A,"MISSION ST","3RD ST",120.00,E,N,A,-,N,,,,,,,,,,N,3,0,1,3,A,-,17,22517,,N,B,G,A,A,H,-,A,A,0,,Y,,,Y,,A,01,0,1,0,0,0,0,1,0,0,"- ","- ",,,"SAN FRANCISCO","SAN FRANCISCO",-122.40170288085938,37.7864990234375
9543253,2022,2023-02-06,3801,2022-12-11,1005,1906,PARK,7,5,7,3801,0,0,0,,0,3F3,"OFARRELL ST","MASONIC AV",160.00,E,N,A,-,N,,,,,,,,,,N,4,0,1,2,D,-,00,,,N,B,C,A,B,H,-,A,D,0,,,Y,,Y,,-,"- ",0,0,1,0,0,0,0,0,1,"- ","- ",,,"SAN FRANCISCO","SAN FRANCISCO",-122.44699859619141,37.781124114990234
9543254,2022,2023-02-06,3801,2022-12-12,0106,1078,PARK,1,5,7,3801,0,0,0,,0,3F13E,"MASONIC AV","FELL ST",73.00,N,N,C,-,N,,,,,,,,,,Y,4,0,1,1,A,-,03,22350,,N,A,I,A,B,H,-,C,A,0,,,,,Y,,A,01,0,0,1,0,0,0,0,0,0,"- ","- ",,,"SAN FRANCISCO","SAN FRANCISCO",-122.44596099853516,37.773178100585938
9543264,2022,2023-01-18,3801,2022-11-18,2016,1406,TENDE,5,5,7,3801,0,0,0,,0,,"7TH ST","STEVENSON ST",0.00,,Y,A,-,N,,,,,,,,,,Y,4,0,1,2,A,-,21,22106,,F,G,B,D,A,H,-,C,D,0,Y,,,,Y,,A,08,0,0,1,0,1,0,0,0,0,"- ","- ",,,"SAN FRANCISCO","SAN FRANCISCO",-122.41188812255859,37.779991149902344
9543265,2022,2023-01-20,3801,2022-11-22,0017,1057,TENDE,2,5,7,3801,0,0,0,,0,3J15E,"LEAVENWORTH ST","MCALLISTER ST",0.00,N,N,A,-,N,,,,,,,,,,N,3,0,1,2,A,-,17,21235,G,F,A,E,A,A,H,-,C,A,0,,,Y,,Y,,C,03,0,1,0,0,0,0,0,0,0,"- ","- ",,,"SAN FRANCISCO","SAN FRANCISCO",-122.41368865966797,37.780929565429688
9543268,2022,2023-01-18,3801,2022-11-11,0715,1936,TRAFF,5,5,7,3801,0,0,0,,0,4B1D,"PINE ST","POLK ST",0.00,,Y,A,-,N,,,,,,,,,,N,2,0,1,2,A,-,12,21453,A,N,D,C,A,A,H,-,A,A,0,,,,,Y,,M,94,1,0,0,0,0,0,0,0,0,"- ","- ",,,"SAN FRANCISCO","SAN FRANCISCO",-122.42050170898438,37.789642333984375
9543269,2022,2023-01-18,3801,2022-11-26,1301,327,MISSI,6,5,7,3801,0,0,0,,0,3D45C,"ARMY ST","FOLSOM ST",0.00,,Y,A,-,N,,,,,,,,,,Y,4,0,1,2,A,-,12,21453,A,N,D,C,A,A,H,-,A,A,0,,,,,Y,,A,01,0,0,1,0,0,0,0,0,0,"- ","- ",,,"SAN FRANCISCO","SAN FRANCISCO",,
9543278,2022,2023-02-01,3801,2022-11-08,1430,2028,BAYVI,2,5,7,3801,0,0,0,,0,3C13D,"PALOU AV","LANE ST",0.00,,Y,B,C,N,,,,,,,,,,N,4,0,2,2,A,-,03,22350,,F,C,C,A,B,H,-,A,A,0,,,,,Y,,A,01,0,0,2,0,0,0,0,0,0,"- ","- ",,,"SAN FRANCISCO","SAN FRANCISCO",-122.38903045654297,37.732933044433594
9543279,2022,2023-01-18,3801,2022-11-20,1831,4239,PARK,7,5,7,3801,0,0,0,,0,3F13D,"BAKER ST","OAK ST",16.00,N,N,A,-,N,,,,,,,,,,N,4,0,1,2,A,-,08,22107,,N,A,G,A,A,H,-,C,A,0,,Y,,,Y,,A,01,0,0,1,0,0,0,1,0,0,"- ","- ",,,"SAN FRANCISCO","SAN FRANCISCO",-122.44077301025391,37.772743225097656
9543280,2022,2023-01-18,3801,2022-11-28,1004,2039,TARAV,1,5,7,3801,0,0,0,,0,003,"RIVERA ST","45TH AV",30.00,E,N,A,-,N,,,,,,,,,,Y,3,0,1,2,A,-,08,22107,,N,D,E,A,A,H,-,A,D,0,,,,,Y,,A,01,0,1,0,0,0,0,0,0,0,"- ","- ",,,"SAN FRANCISCO","SAN FRANCISCO",-122.50370788574219,37.745574951171875
9543339,2022,2023-02-03,3801,2022-12-11,1730,2143,MISSI,7,5,7,3801,0,0,0,,0,3D11D,"SANCHEZ ST","16TH ST",0.00,,Y,C,-,N,,,,,,,,,,N,3,0,1,2,A,-,00,12500,A,N,A,B,B,B,H,-,B,A,0,Y,,,,Y,Y,A,01,0,1,0,0,1,0,0,0,0,"- ","- ",,,"SAN FRANCISCO","SAN FRANCISCO",-122.43087768554688,37.764358520507812
9543382,2022,2023-01-17,3801,2022-10-31,1338,555,MISSI,1,5,7,3801,0,0,0,,0,3D11A,"15TH ST","GUERRERO ST",0.00,,Y,A,-,N,,,,,,,,,,Y,2,0,1,2,A,-,12,21453,,N,D,C,A,A,H,-,A,A,0,,,Y,,Y,,C,02,1,0,0,0,0,0,0,0,1,"- ","- ",,,"SAN FRANCISCO","SAN FRANCISCO",-122.42424011230469,37.766403198242188
9543398,2022,2023-02-07,3801,2022-12-29,1915,2147,NORTH,4,5,7,3801,0,0,0,,0,6CAR,"POLK ST","CALIFORNIA ST",0.00,,Y,C,-,N,,,,,,,,,,N,3,0,1,2,A,-,11,21456,A,N,G,B,B,B,H,-,C,A,0,Y,,,,Y,,N,60,0,1,0,0,1,0,0,0,0,"- ","- ",,,"SAN FRANCISCO","SAN FRANCISCO",-122.42068481445312,37.790569305419922
9543413,2022,2023-02-01,3801,2022-12-06,2235,365,RICHM,2,5,7,3801,0,0,0,,0,3G14E,"CROSSOVER DR","PARK PRESIDIO BL",145.00,S,N,A,-,N,,,,,,,,,,N,4,0,2,2,A,-,04,21703,,N,C,C,A,A,H,-,C,A,0,,,,,Y,,I,20,0,0,2,0,0,0,0,0,0,"- ","- ",,,"SAN FRANCISCO","SAN FRANCISCO",-122.47925567626953,37.77081298828125
9543429,2022,2023-01-23,3801,2022-11-25,2055,4178,TRAFF,5,5,7,3801,0,0,0,,0,4B3A,"18TH ST","MISSION ST",76.00,W,N,A,-,N,,,,,,,,,,Y,4,0,2,2,A,-,03,22350,,F,B,C,A,A,H,-,C,D,0,,,,,Y,,I,11,0,0,2,0,0,0,0,0,0,"- ","- ",,,"SAN FRANCISCO","SAN FRANCISCO",-122.41963195800781,37.761821746826172
9543437,2022,2023-01-31,3801,2022-12-10,2311,460,INGLE,6,5,7,3801,0,0,0,,0,3H15E,"GENEVA AV","NAPLES ST",0.00,,Y,C,-,N,,,,,,,,,,N,3,0,2,3,A,-,12,21453,A,N,D,C,F,B,H,-,C,A,0,Y,Y,,,Y,,L,04,0,2,0,0,1,0,1,0,0,"- ","- ",,,"SAN FRANCISCO","SAN FRANCISCO",-122.43618774414062,37.714210510253906
9543457,2022,2023-02-02,3801,2022-12-01,2108,367,CENTR,4,5,7,3801,0,0,0,,0,3A14E,"COLUMBUS AV","UNION ST",0.00,,Y,A,-,N,,,,,,,,,,Y,4,0,4,2,A,-,08,22107,,N,D,C,A,A,H,-,C,A,0,,,,,Y,,D,22,0,0,4,0,0,0,0,0,0,"- ","- ",,,"SAN FRANCISCO","SAN FRANCISCO",-122.41017150878906,37.800304412841797
9543533,2022,2023-01-24,3801,2022-10-18,2156,311,PARK,2,5,7,3801,0,0,0,,0,3F11D,"CLAYTON ST","17TH ST",0.00,,Y,A,-,N,,,,,,,,,,Y,4,0,2,2,A,-,08,22101,D,N,A,D,A,A,H,-,C,A,0,,,,,Y,,A,08,0,0,2,0,0,0,0,0,0,"- ","- ",,,"SAN FRANCISCO","SAN FRANCISCO",-122.44676971435547,37.761775970458984
9543535,2022,2023-01-17,3801,2022-11-30,0645,4356,INGLE,3,5,7,3801,0,0,0,,0,3H15A,"GENEVA AV","MISSION ST",0.00,,Y,A,-,N,,,,,,,,,,N,4,0,1,2,A,-,10,21950,A,N,G,B,B,A,H,-,C,A,0,Y,,,,Y,,A,07,0,0,1,0,1,0,0,0,0,"- ","- ",,,"SAN FRANCISCO","SAN FRANCISCO",-122.44100189208984,37.716388702392578
9543537,2022,2023-01-11,3801,2022-12-14,2335,365,RICHM,3,5,7,3801,0,0,0,,0,3G4E,"GEARY BL","25TH AV",0.00,,Y,A,-,N,,,,,,,,,,N,4,0,1,2,A,-,03,22350,,N,C,C,A,A,H,-,C,A,0,,,,,Y,,A,01,0,0,1,0,0,0,0,0,0,"- ","- ",,,"SAN FRANCISCO","SAN FRANCISCO",-122.4847412109375,37.780162811279297
9543538,2022,2023-01-11,3801,2022-12-14,1713,4023,MISSI,3,5,7,3801,0,0,0,,0,006,"CESAR CHAVEZ ST","VALENCIA ST",0.00,,Y,A,-,N,,,,,,,,,,N,4,0,1,2,-,-,"- ",,,N,D,C,A,A,H,-,C,A,0,,,,,Y,,-,"- ",0,0,1,0,0,0,0,0,0,"- ","- ",,,"SAN FRANCISCO","SAN FRANCISCO",-122.42025756835938,37.748161315917969
9543553,2022,2023-01-17,3801,2022-11-23,1725,4325,NORTH,3,5,7,3801,0,0,0,,0,003,"FRANKLIN ST","GEARY BL",0.00,,Y,A,-,N,,,,,,,,,,N,3,0,1,2,A,-,09,21453,B,N,B,C,A,A,H,-,C,A,0,,,Y,,Y,,A,01,0,1,0,0,0,0,0,0,1,"- ","- ",,,"SAN FRANCISCO","SAN FRANCISCO",-122.42301940917969,37.785484313964844
9543556,2022,2023-01-17,3801,2022-11-23,1040,1503,BAYVI,3,5,7,3801,0,0,0,,0,3C11A,"ILLINOIS ST","HUMBOLDT ST",156.00,N,N,A,-,N,,,,,,,,,,N,4,0,1,2,A,-,09,21801,A,N,D,J,A,A,H,-,A,D,0,,,,,Y,,A,01,0,0,1,0,0,0,0,0,0,"- ","- ",,,"SAN FRANCISCO","SAN FRANCISCO",-122.38727569580078,37.757205963134766
9543558,2022,2023-01-17,3801,2022-11-30,0004,1217,MISSI,3,5,7,3801,0,0,0,,0,1CAR,"VALENCIA ST","18TH ST",215.00,S,N,A,-,N,,,,,,,,,,N,2,0,2,2,A,-,11,21955,,N,D,-,D,A,H,-,C,D,0,Y,Y,,,Y,Y,N,60,1,0,1,0,1,0,1,0,0,"- ","- ",,,"SAN FRANCISCO","SAN FRANCISCO",-122.42150115966797,37.761119842529297
9545201,2023,2023-03-06,3801,2023-01-10,1106,396,BAYVI,2,5,7,3801,0,0,0,,0,3C5,"3RD ST","THORNTON AV",0.00,,Y,A,-,N,,,,,,,,,,Y,4,0,7,2,A,-,12,21453,A,N,D,C,A,B,H,-,A,A,0,,,,,Y,,A,01,0,0,7,0,0,0,0,0,0,"- ","- ",,,"SAN FRANCISCO","SAN FRANCISCO",,
9545206,2023,2023-02-24,3801,2023-01-14,1442,2400,BAYVI,6,5,7,3801,0,0,0,,0,0C1,"DAKOTA ST","25TH ST",298.00,N,N,B,-,N,,,,,,,,,,N,2,0,1,2,A,-,03,22350,,F,G,B,D,A,H,-,A,D,0,Y,,,,Y,,D,22,1,0,0,0,1,0,0,0,0,"- ","- ",,,"SAN FRANCISCO","SAN FRANCISCO",-122.39518737792969,37.753120422363281
9545222,2023,2023-02-24,3801,2023-01-18,"237 ",2750,BAYVI,3,5,7,3801,0,0,0,,0,01C,"26TH ST","CONNECTICUT ST",0.00,,Y,A,-,N,,,,,,,,,,N,4,0,1,1,A,-,08,22100,B,N,E,I,A,A,H,-,C,D,0,,,,,Y,,I,20,0,0,1,0,0,0,0,0,0,"- ","- ",,,"SAN FRANCISCO","SAN FRANCISCO",,
9545253,2023,2023-02-27,3801,2023-01-10,1148,1530,BAYVI,2,5,7,3801,0,0,0,,0,3C13A,"BAYSHORE BL","COSTA ST",177.00,N,N,C,G,N,,,,,,,,,,N,4,0,1,2,A,-,08,22107,,N,C,C,A,B,H,-,A,A,0,,,,,Y,,D,22,0,0,1,0,0,0,0,0,0,"- ","- ",,,"SAN FRANCISCO","SAN FRANCISCO",-122.40428161621094,37.744735717773438
9545261,2022,2023-02-10,3801,2022-12-08,1600,4325,NORTH,4,5,7,3801,0,0,0,,0,003,"OLIVE ST","VAN NESS AV",0.00,,Y,C,-,N,,,,,,,,,,N,3,0,1,2,A,-,17,21235,G,N,D,J,A,B,H,-,A,A,0,,,,,Y,,M,94,0,1,0,0,0,0,0,0,0,"- ","- ",,,"SAN FRANCISCO","SAN FRANCISCO",-122.42102813720703,37.784286499023438
9545383,2023,2023-02-28,3801,2023-01-21,1715,307,NORTH,6,5,7,3801,0,0,0,,0,3E13D,"FRANKLIN ST","TURK ST",0.00,,Y,A,-,N,,,,,,,,,,N,4,0,1,2,A,-,08,22100,B,N,D,C,A,A,H,-,A,A,0,,,Y,,Y,,A,01,0,0,1,0,0,0,0,0,1,"- ","- ",,,"SAN FRANCISCO","SAN FRANCISCO",,
9545388,2023,2023-02-28,3801,2023-01-24,2025,1160,SOUTH,2,5,7,3801,0,0,0,,0,0B1,"THE EMBARCADERO","BRANNAN ST",78.00,S,N,A,-,N,,,,,,,,,,N,3,0,1,2,A,-,03,22350,,N,C,C,A,A,H,-,C,A,0,,,,,Y,,A,01,0,1,0,0,0,0,0,0,0,"- ","- ",,,"SAN FRANCISCO","SAN FRANCISCO",-122.38820648193359,37.784564971923828
9545393,2023,2023-02-24,3801,2023-01-19,"438 ",101,INGLE,4,5,7,3801,0,0,0,,0,3H15E,"MISSION ST","LAWRENCE AV",30.00,S,N,A,-,N,,,,,,,,,,Y,3,0,1,2,A,-,03,22350,,N,-,-,A,B,H,-,C,-,0,,,,,Y,,A,01,0,1,0,0,0,0,0,0,0,"- ","- ",,,"SAN FRANCISCO","SAN FRANCISCO",-122.45097351074219,37.709384918212891
9545396,2023,2023-02-28,3801,2023-01-19,"747 ",649,INGLE,4,5,7,3801,0,0,0,,0,3H14A,"ALEMANY BL","ADMIRAL AV",180.00,N,N,A,-,N,,,,,,,,,,Y,4,0,1,2,A,-,03,22350,,N,C,C,A,A,H,-,A,D,0,,,,,Y,,A,01,0,0,1,0,0,0,0,0,0,"- ","- ",,,"SAN FRANCISCO","SAN FRANCISCO",-122.43037414550781,37.730792999267578
9545405,2023,2023-03-02,3801,2023-01-29,"410 ",1857,NORTH,7,5,7,3801,0,0,0,,0,3E14E,"GOUGH ST","LOMBARD ST",30.00,N,N,A,-,N,,,,,,,,,,N,4,0,1,2,A,-,03,22350,,F,C,C,A,A,H,-,C,A,0,,,,,Y,,A,01,0,0,1,0,0,0,0,0,0,"- ","- ",,,"SAN FRANCISCO","SAN FRANCISCO",-122.42783355712891,37.800979614257812
9545406,2023,2023-03-02,3801,2023-01-29,1759,1806,NORTH,7,5,7,3801,0,0,0,,0,3E12D,"GEARY BL","STEINER ST",0.00,,Y,A,-,N,,,,,,,,,,N,4,0,4,2,A,-,08,22100,A,N,D,C,A,A,H,-,C,A,0,,,,,Y,,A,01,0,0,4,0,0,0,0,0,0,"- ","- ",,,"SAN FRANCISCO","SAN FRANCISCO",,
9545411,2023,2023-03-15,3801,2023-01-30,2206,4115,CENTR,1,5,7,3801,0,0,0,,0,3A11E,"SUTTER ST","KEARNY ST",0.00,,Y,A,-,N,,,,,,,,,,N,4,0,1,2,A,-,05,21650,1,N,G,B,A,A,H,-,C,A,0,,,,,Y,,M,94,0,0,1,0,0,0,0,0,0,"- ","- ",,,"SAN FRANCISCO","SAN FRANCISCO",,
9545417,2023,2023-03-02,3801,2023-01-13,1455,4325,NORTH,5,5,7,3801,0,0,0,,0,002,"GEARY ST","STEINER ST",430.00,E,N,C,-,N,,,,,,,,,,Y,3,0,1,1,A,-,03,22350,,N,B,I,A,B,H,-,A,D,0,,,,,Y,,A,07,0,1,0,0,0,0,0,0,0,"- ","- ",,,"SAN FRANCISCO","SAN FRANCISCO",-122.43311309814453,37.784511566162109
9545431,2023,2023-02-24,3801,2023-01-25,"830 ",1364,NORTH,3,5,7,3801,0,0,0,,0,3E11A,"POLK ST","MARKET ST",162.00,N,N,A,-,N,,,,,,,,,,N,4,0,1,2,A,-,04,21703,,N,C,C,A,A,H,-,A,D,0,,,,,Y,,A,08,0,0,1,0,0,0,0,0,0,"- ","- ",,,"SAN FRANCISCO","SAN FRANCISCO",-122.41791534423828,37.776840209960938
9545432,2023,2023-02-24,3801,2023-01-28,1451,1400,CENTR,6,5,7,3801,0,0,0,,0,3A40C,"JEFFERSON ST","MASON ST",0.00,,Y,A,-,N,,,,,,,,,,,4,0,1,2,A,-,08,22107,,M,B,G,A,A,H,-,A,A,0,,Y,,,Y,Y,A,01,0,0,1,0,0,0,1,0,0,"- ","- ",,,"SAN FRANCISCO","SAN FRANCISCO",,
9545438,2023,2023-03-06,3801,2023-01-26,2148,1463,SOUTH,4,5,7,3801,0,0,0,,0,0B1,"MISSION ST","NEW MONTGOMERY ST",0.00,,Y,A,-,N,,,,,,,,,,Y,4,0,3,2,A,-,12,21453,A,N,D,C,A,A,H,-,C,A,0,,,,,Y,,-,"- ",0,0,3,0,0,0,0,0,0,"- ","- ",,,"SAN FRANCISCO","SAN FRANCISCO",,
9545440,2023,2023-02-24,3801,2023-01-29,1926,582,CENTR,7,5,7,3801,0,0,0,,0,004,"JACKSON ST","FRONT ST",0.00,,Y,A,-,N,,,,,,,,,,Y,4,0,1,2,A,-,00,23153,F,F,G,B,F,A,H,-,C,A,0,Y,,,,Y,,A,01,0,0,1,0,1,0,0,0,0,"- ","- ",,,"SAN FRANCISCO","SAN FRANCISCO",,
9545442,2023,2023-03-01,3801,2023-01-09,"29  ",4115,CENTR,1,5,7,3801,0,0,0,,0,3A11E,"KEARNY ST",BROADWAY,0.00,,Y,C,-,N,,,,,,,,,,N,4,0,1,2,A,-,12,21453,A,N,G,B,B,B,H,-,C,A,0,Y,,,,Y,,A,01,0,0,1,0,1,0,0,0,0,"- ","- ",,,"SAN FRANCISCO","SAN FRANCISCO",,
9545443,2023,2023-03-01,3801,2023-01-09,2329,1182,TENDE,1,5,7,3801,0,0,0,,0,3J11E,"MARKET ST","MARKET ST 1355",0.00,,-,C,G,N,,,,,,,,,,N,4,0,1,1,A,-,03,22350,,N,E,I,A,B,G,-,C,D,0,,,Y,,Y,,C,02,0,0,1,0,0,0,0,0,1,"- ","- ",,,"SAN FRANCISCO","SAN FRANCISCO",,