CASE_ID,ACCIDENT_YEAR,PROC_DATE,JURIS,COLLISION_DATE,COLLISION_TIME,OFFICER_ID,REPORTING_DISTRICT,DAY_OF_WEEK,CHP_SHIFT,POPULATION,CNTY_CITY_LOC,SPECIAL_COND,BEAT_TYPE,CHP_BEAT_TYPE,CITY_DIVISION_LAPD,CHP_BEAT_CLASS,BEAT_NUMBER,PRIMARY_RD,SECONDARY_RD,DISTANCE,DIRECTION,INTERSECTION,WEATHER_1,WEATHER_2,STATE_HWY_IND,CALTRANS_COUNTY,CALTRANS_DISTRICT,STATE_ROUTE,ROUTE_SUFFIX,POSTMILE_PREFIX,POSTMILE,LOCATION_TYPE,RAMP_INTERSECTION,SIDE_OF_HWY,TOW_AWAY,COLLISION_SEVERITY,NUMBER_KILLED,NUMBER_INJURED,PARTY_COUNT,PRIMARY_COLL_FACTOR,PCF_CODE_OF_VIOL,PCF_VIOL_CATEGORY,PCF_VIOLATION,PCF_VIOL_SUBSECTION,HIT_AND_RUN,TYPE_OF_COLLISION,MVIW,PED_ACTION,ROAD_SURFACE,ROAD_COND_1,ROAD_COND_2,LIGHTING,CONTROL_DEVICE,CHP_ROAD_TYPE,PEDESTRIAN_ACCIDENT,BICYCLE_ACCIDENT,MOTORCYCLE_ACCIDENT,TRUCK_ACCIDENT,NOT_PRIVATE_PROPERTY,ALCOHOL_INVOLVED,STWD_VEHTYPE_AT_FAULT,CHP_VEHTYPE_AT_FAULT,COUNT_SEVERE_INJ,COUNT_VISIBLE_INJ,COUNT_COMPLAINT_PAIN,COUNT_PED_KILLED,COUNT_PED_INJURED,COUNT_BICYCLIST_KILLED,COUNT_BICYCLIST_INJURED,COUNT_MC_KILLED,COUNT_MC_INJURED,PRIMARY_RAMP,SECONDARY_RAMP,LATITUDE,LONGITUDE,COUNTY,CITY,POINT_X,POINT_Y
9626064,2023,2023-10-11,3801,2023-09-06,2219,2140,MISSI,3,5,7,3801,0,0,0,,0,3D11E,"DUBOCE AV","VALENCIA ST",0.00,,Y,A,-,N,,,,,,,,,,N,2,0,1,2,A,-,12,21453,A,F,A,G,A,A,H,-,C,A,0,,Y,,,Y,,A,01,1,0,0,0,0,0,1,0,0,"- ","- ",,,"SAN FRANCISCO","SAN FRANCISCO",,
9626075,2023,2023-10-11,3801,2023-09-11,2114,1857,SOUTH,1,5,7,3801,0,0,0,,0,3B60,"HARRISON ST","4TH ST",0.00,,Y,A,-,N,,,,,,,,,,N,4,0,1,2,D,-,00,,,N,G,C,A,A,H,-,C,A,0,,,,,Y,,-,"- ",0,0,1,0,0,0,0,0,0,"- ","- ",,,"SAN FRANCISCO","SAN FRANCISCO",,
9626172,2023,2023-10-11,3801,2023-09-16,2133,1857,SOUTH,6,5,7,3801,0,0,0,,0,3B60,"EDDY ST","LEAVENWORTH ST",0.00,,Y,A,-,N,,,,,,,,,,N,4,0,1,2,A,-,10,21950,A,F,G,B,B,A,H,-,C,A,0,Y,,,,Y,Y,A,01,0,0,1,0,1,0,0,0,0,"- ","- ",,,"SAN FRANCISCO","SAN FRANCISCO",,
9626174,2023,2023-10-11,3801,2023-09-16,"946 ",1952,TENDE,6,5,7,3801,0,0,0,,0,902,"MARKET ST","7TH ST",0.00,,Y,B,-,N,,,,,,,,,,N,3,0,2,2,A,-,12,21453,A,N,D,G,A,A,H,-,A,A,0,,Y,,,Y,,M,94,0,2,0,0,0,0,1,0,0,"- ","- ",,,"SAN FRANCISCO","SAN FRANCISCO",,
9626176,2023,2023-10-11,3801,2023-09-16,1447,1352,MISSI,6,5,7,3801,0,0,0,,0,3D16C,"CESAR CHAVEZ ST","BRYANT ST",0.00,,Y,A,B,N,,,,,,,,,,Y,4,0,1,3,A,-,03,22350,,N,C,C,A,A,H,-,A,A,0,,,,,Y,,A,01,0,0,1,0,0,0,0,0,0,"- ","- ",,,"SAN FRANCISCO","SAN FRANCISCO",,
9626178,2023,2023-10-11,3801,2023-09-18,1615,1937,PARK,1,5,7,3801,0,0,0,,0,3F13C,"MASONIC AV","FULTON ST",0.00,,Y,A,-,N,,,,,,,,,,N,4,0,1,2,A,-,03,22350,,N,H,G,A,A,H,-,A,A,0,,Y,,,Y,,L,04,0,0,1,0,0,0,1,0,0,"- ","- ",,,"SAN FRANCISCO","SAN FRANCISCO",,
9626179,2023,2023-10-16,3801,2023-09-18,1304,1068,SOUTH,1,5,7,3801,0,0,0,,0,3B14A,"8TH ST","NATOMA ST",0.00,,Y,A,-,N,,,,,,,,,,N,4,0,1,2,A,-,12,21453,A,N,D,D,A,A,H,-,A,A,0,,,,,Y,,A,01,0,0,1,0,0,0,0,0,0,"- ","- ",,,"SAN FRANCISCO","SAN FRANCISCO",,
9626185,2023,2023-10-11,3801,2023-09-12,1537,1414,MISSO,2,5,7,3801,0,0,0,,0,3D16D,"CESAR CHAVEZ ST","HAMSHIRE ST",230.00,E,N,A,-,N,,,,,,,,,,N,3,0,1,2,A,-,06,21755,A,N,B,C,A,A,D,-,A,D,0,,,Y,,Y,,C,02,0,1,0,0,0,0,0,0,1,"- ","- ",,,"SAN FRANCISCO","SAN FRANCISCO",-122.40599060058594,37.748935699462891
9626187,2023,2023-10-11,3801,2023-09-12,1429,364,SOUTH,2,5,7,3801,0,0,0,,0,3B16D,"MISSION ST","MISSION ST 1066",0.00,,Y,A,-,N,,,,,,,,,,N,4,0,1,2,-,-,"- ",,,N,B,G,A,A,H,-,A,D,0,,Y,Y,,Y,,-,"- ",0,0,1,0,0,0,1,0,0,"- ","- ",,,"SAN FRANCISCO","SAN FRANCISCO",,
9626191,2023,2023-10-11,3801,2023-09-11,1511,4041,TARAV,1,5,7,3801,0,0,0,,0,3I13D,"PACHECO ST","42ND AV",0.00,,Y,A,-,N,,,,,,,,,,N,3,0,1,2,A,-,09,21801,A,N,D,C,A,A,H,-,A,D,0,,,Y,,Y,,A,01,0,1,0,0,0,0,0,0,1,"- ","- ",,,"SAN FRANCISCO","SAN FRANCISCO",,
9626193,2023,2023-10-11,3801,2023-09-08,1748,1330,INGLE,5,5,7,3801,0,0,0,,0,3H12D,"ALEMANY BL","CONGDON ST",0.00,,Y,B,-,N,,,,,,,,,,N,4,0,1,2,A,-,05,21752,D,F,B,C,A,A,H,-,A,A,0,,,,,Y,,-,"- ",0,0,1,0,0,0,0,0,0,"- ","- ",,,"SAN FRANCISCO","SAN FRANCISCO",,
9626198,2023,2023-10-11,3801,2023-09-13,2231,367,CENTR,3,5,7,3801,0,0,0,,0,3A13E,"NEW MONTGOMERY ST","MARKET ST",0.00,,Y,A,-,N,,,,,,,,,,N,4,0,1,2,A,-,10,21950,A,N,G,B,B,A,H,-,C,A,0,Y,,,,Y,,A,01,0,0,1,0,1,0,0,0,0,"- ","- ",,,"SAN FRANCISCO","SAN FRANCISCO",,
9626201,2023,2023-10-17,3801,2023-09-20,1945,233,MISSI,3,5,7,3801,0,0,0,,0,03D,"22ND ST","VALENCIA ST",0.00,,Y,A,-,N,,,,,,,,,,N,3,0,1,2,A,-,09,21801,A,N,-,G,A,A,H,-,C,A,0,,Y,,,Y,,L,04,0,1,0,0,0,0,1,0,0,"- ","- ",,,"SAN FRANCISCO","SAN FRANCISCO",,
9626202,2023,2023-10-13,3801,2023-09-20,1820,203,MISSI,3,5,7,3801,0,0,0,,0,3D15D,"VALENCIA ST","DUBOCE ST",0.00,,Y,A,-,N,,,,,,,,,,N,3,0,2,2,A,-,12,21453,A,N,D,G,A,A,H,-,A,A,0,,Y,Y,,Y,,C,02,0,2,0,0,0,0,1,0,1,"- ","- ",,,"SAN FRANCISCO","SAN FRANCISCO",,
9626203,2023,2023-10-26,3801,2023-09-22,1302,1352,MISSI,5,5,7,3801,0,0,0,,0,3D16C,"BRYANT ST","16TH ST",0.00,,Y,A,-,N,,,,,,,,,,Y,4,0,1,2,A,-,12,21453,,F,A,C,A,A,H,-,A,A,0,,,Y,,Y,Y,A,01,0,0,1,0,0,0,0,0,1,"- ","- ",,,"SAN FRANCISCO","SAN FRANCISCO",,
9626206,2023,2023-10-20,3801,2023-09-18,1745,1810,MISSI,1,5,7,3801,0,0,0,,0,3D13D,"17TH ST","DOUGLAS ST",0.00,,Y,A,-,N,,,,,,,,,,N,4,0,1,1,-,-,"- ",,,N,H,A,A,A,H,-,A,-,0,,Y,,,Y,,-,"- ",0,0,1,0,0,0,1,0,0,"- ","- ",,,"SAN FRANCISCO","SAN FRANCISCO",,
9626211,2023,2023-10-12,3801,2023-09-21,1112,2495,BAYVI,4,5,7,3801,0,0,0,,0,3C15A,"CARROLL AV","GIANTS DR",753.00,W,N,A,-,N,,,,,,,,,,N,4,0,2,2,A,-,05,21651,B,N,A,C,A,A,H,-,A,A,0,,,,,Y,,A,01,0,0,2,0,0,0,0,0,0,"- ","- ",,,"SAN FRANCISCO","SAN FRANCISCO",-122.38712310791016,37.721458435058594
9626212,2023,2023-10-12,3801,2023-09-21,"649 ",2196,MISSI,4,5,7,3801,0,0,0,,0,3D1A,"17TH ST","CHURCH ST",68.00,W,N,A,-,N,,,,,,,,,,N,3,0,1,1,A,-,03,22350,,N,H,-,A,A,C,-,B,D,0,,Y,,,Y,Y,L,04,0,1,0,0,0,0,1,0,0,"- ","- ",,,"SAN FRANCISCO","SAN FRANCISCO",-122.42874145507812,37.762866973876953
9626214,2023,2023-10-26,3801,2023-09-20,1911,1707,NORTH,3,5,7,3801,0,0,0,,0,3E16D,"PINE ST","FRANKLIN ST",135.00,W,N,A,-,N,,,,,,,,,,N,4,0,1,2,A,-,21,22106,,N,D,C,A,A,H,-,C,D,0,,,Y,,Y,,A,01,0,0,1,0,0,0,0,0,1,"- ","- ",,,"SAN FRANCISCO","SAN FRANCISCO",-122.42424011230469,37.789154052734375
9626216,2023,2023-10-13,3801,2023-09-17,2030,2398,NORTH,7,5,7,3801,0,0,0,,0,02E,"GOUGH ST","TURK ST",0.00,,Y,A,-,N,,,,,,,,,,N,2,0,1,2,A,-,12,21453,A,N,D,G,A,A,H,-,C,A,0,,Y,,,Y,,L,04,1,0,0,0,0,0,1,0,0,"- ","- ",,,"SAN FRANCISCO","SAN FRANCISCO",,
9626218,2023,2023-10-13,3801,2023-09-10,1005,1796,RICHM,7,5,7,3801,0,0,0,,0,,"JOHN F KENNEDY DR","MARX MEADOWS",0.00,,Y,A,-,N,,,,,,,,,,N,2,0,2,2,A,-,11,21955,,N,G,B,D,A,H,-,A,D,0,Y,Y,,,Y,,N,60,1,0,1,0,1,0,1,0,0,"- ","- ",,,"SAN FRANCISCO","SAN FRANCISCO",,
9626227,2023,2023-10-11,3801,2023-09-02,"200 ",1660,SOUTH,6,5,7,3801,0,0,0,,0,3B13E,"16TH ST","DE HARO ST",0.00,,Y,A,-,N,,,,,,,,,,Y,4,0,2,2,A,-,12,21453,A,N,D,C,A,A,H,-,C,A,0,,,,,Y,,A,01,0,0,2,0,0,0,0,0,0,"- ","- ",,,"SAN FRANCISCO","SAN FRANCISCO",,
9626228,2023,2023-10-12,3801,2023-09-27,1817,537,PARK,3,5,7,3801,0,0,0,,0,3F14D,"BAKER ST","BWTN OAK ST AND PAGE ST",0.00,,N,A,-,N,,,,,,,,,,Y,4,0,1,2,A,-,06,21750,,N,B,C,A,A,H,-,A,D,0,,,Y,,Y,,C,02,0,0,1,0,0,0,0,0,1,"- ","- ",,,"SAN FRANCISCO","SAN FRANCISCO",,
9626235,2023,2023-10-12,3801,2023-09-23,1450,2147,NORTH,6,5,7,3801,0,0,0,,0,6CAR,"WASHINGTON ST","GOUGH ST",75.00,W,N,A,-,N,,,,,,,,,,Y,3,0,1,2,A,-,03,22350,,N,D,C,A,A,H,-,A,A,0,,,Y,,Y,,C,02,0,1,0,0,0,0,0,0,1,"- ","- ",,,"SAN FRANCISCO","SAN FRANCISCO",-122.42638397216797,37.792617797851562
9626236,2023,2023-10-11,3801,2023-09-13,1144,311,PARK,3,5,7,3801,0,0,0,,0,3F1A,"7TH AV","HUGO ST",0.00,,Y,A,-,N,,,,,,,,,,N,2,0,1,1,A,-,03,22350,,N,H,A,A,A,H,-,A,D,0,,Y,,,Y,,-,"- ",1,0,0,0,0,0,1,0,0,"- ","- ",,,"SAN FRANCISCO","SAN FRANCISCO",,
9626246,2023,2023-10-23,3801,2023-09-03,1808,445,INGLE,7,5,7,3801,0,0,0,,0,,"SILVER AV","MADRID ST",0.00,,Y,A,-,N,,,,,,,,,,Y,4,0,2,2,A,-,08,22107,,N,D,C,A,A,H,-,A,-,0,,,,,Y,,A,01,0,0,2,0,0,0,0,0,0,"- ","- ",,,"SAN FRANCISCO","SAN FRANCISCO",,
9626250,2023,2023-10-11,3801,2023-09-02,1038,1951,SOUTH,6,5,7,3801,0,0,0,,0,0B2,"3RD ST","BRYANT ST",0.00,,Y,A,-,N,,,,,,,,,,Y,4,0,2,4,A,-,12,21453,A,N,D,C,A,A,H,-,A,A,0,,,,,Y,,A,01,0,0,2,0,0,0,0,0,0,"- ","- ",,,"SAN FRANCISCO","SAN FRANCISCO",,
9626251,2023,2023-10-23,3801,2023-09-02,"129 ",4046,INGLE,6,5,7,3801,0,0,0,,0,3H13E,"MISSION ST","RICHLAND AV",0.00,,Y,A,-,N,,,,,,,,,,Y,4,0,2,2,A,-,12,21453,A,N,D,D,A,A,H,-,C,A,0,,,,,Y,,A,07,0,0,2,0,0,0,0,0,0,"- ","- ",,,"SAN FRANCISCO","SAN FRANCISCO",,
9626252,2023,2023-10-11,3801,2023-09-02,2321,308,RICHM,6,5,7,3801,0,0,0,,0,3G15E,"PARK PRESIDIO BL","CLEMENT ST",0.00,,Y,A,-,N,,,,,,,,,,Y,3,0,1,2,A,-,08,22107,,F,B,C,A,A,H,-,C,A,0,,,,,Y,,A,01,0,1,0,0,0,0,0,0,0,"- ","- ",,,"SAN FRANCISCO","SAN FRANCISCO",,
9626254,2023,2023-10-11,3801,2023-09-02,"931 ",1371,NORTH,6,5,7,3801,0,0,0,,0,002,"TURK ST","WEBSTER ST",0.00,,Y,A,-,N,,,,,,,,,,N,4,0,1,2,A,-,12,21453,,N,D,C,A,A,H,-,A,A,0,,,,,Y,,A,01,0,0,1,0,0,0,0,0,0,"- ","- ",,,"SAN FRANCISCO","SAN FRANCISCO",,
9626262,2023,2023-10-16,3801,2023-09-04,2005,1057,SOUTH,1,5,7,3801,0,0,0,,0,3B13D,"BRYANT ST","8TH ST",0.00,,Y,A,-,N,,,,,,,,,,Y,4,0,2,2,A,-,08,22107,,N,C,D,A,A,H,-,C,A,0,,,,,Y,Y,A,01,0,0,2,0,0,0,0,0,0,"- ","- ",,,"SAN FRANCISCO","SAN FRANCISCO",,
9626266,2023,2023-10-16,3801,2023-09-02,2223,1427,TENDE,6,5,7,3801,0,0,0,,0,3J1D,"MCALLISTER ST","BREEN ALLEY",0.00,,Y,A,-,N,,,,,,,,,,Y,4,0,1,2,A,-,08,22107,,N,C,E,A,A,H,-,C,D,0,,,,,Y,,A,01,0,0,1,0,0,0,0,0,0,"- ","- ",,,"SAN FRANCISCO","SAN FRANCISCO",,
9626277,2023,2023-10-11,3801,2023-09-06,1645,668,NORTH,3,5,7,3801,0,0,0,,0,3E16D,BROADWAY,"VAN NESS AV",0.00,,Y,A,-,N,,,,,,,,,,Y,4,0,1,3,A,-,12,21453,A,N,B,C,A,A,H,-,A,A,0,,,,,Y,,A,07,0,0,1,0,0,0,0,0,0,"- ","- ",,,"SAN FRANCISCO","SAN FRANCISCO",,
9626285,2023,2023-10-13,3801,2023-09-01,2139,1078,NORTH,5,5,7,3801,0,0,0,,0,3E12E,"OAK ST","DIVISADERO ST",0.00,,Y,A,-,N,,,,,,,,,,N,4,0,1,2,A,-,10,21950,A,N,G,B,B,A,H,-,C,A,0,Y,,,,Y,,A,01,0,0,1,0,1,0,0,0,0,"- ","- ",,,"SAN FRANCISCO","SAN FRANCISCO",,
9626295,2023,2023-10-23,3801,2023-09-24,2017,1806,BAYVI,7,5,7,3801,0,0,0,,0,3C13D,"BAYSHORE BL","RT 101",186.00,N,N,A,-,Y,SF,4,101,-,-,0.844,R,1,S,Y,4,0,4,3,A,-,03,22350,,N,C,C,A,A,H,-,D,D,0,,,,,Y,,A,07,0,0,4,0,0,0,0,0,0,"- ",NO,,,"SAN FRANCISCO","SAN FRANCISCO",-122.39992523193359,37.719749450683594
9626356,2023,2023-10-17,3801,2023-09-22,1744,1806,BAYVI,5,5,7,3801,0,0,0,,0,3C11D,"3RD ST","CESAR CHAVEZ ST",0.00,,Y,A,-,N,,,,,,,,,,Y,4,0,5,3,A,-,09,21453,C,N,D,C,A,A,H,-,A,A,0,,,,,Y,,A,01,0,0,5,0,0,0,0,0,0,"- ","- ",,,"SAN FRANCISCO","SAN FRANCISCO",,
9626361,2023,2023-10-17,3801,2023-09-25,1336,4286,RICHM,1,5,7,3801,0,0,0,,0,0G1,"MARTIN LUTHER KING JR DR","METSON RD",0.00,,Y,A,-,N,,,,,,,,,,N,4,0,1,2,D,-,00,,,N,D,G,A,A,H,-,A,D,0,,Y,,,Y,,-,"- ",0,0,1,0,0,0,1,0,0,"- ","- ",,,"SAN FRANCISCO","SAN FRANCISCO",,
9626363,2023,2023-10-16,3801,2023-09-24,2244,1851,TENDE,7,5,7,3801,0,0,0,,0,3J14E,"GOLDEN GATE AV","LEAVENWORTH ST",0.00,,Y,A,-,N,,,,,,,,,,N,4,0,1,2,A,-,11,21461,5,N,G,B,B,A,H,-,C,A,0,Y,,,,Y,,N,60,0,0,1,0,1,0,0,0,0,"- ","- ",,,"SAN FRANCISCO","SAN FRANCISCO",,
9626402,2023,2023-10-19,3801,2023-08-20,1120,1343,NORTH,7,5,7,3801,0,0,0,,0,NORT,"VAN NESS AV","POST ST",0.00,,Y,A,-,N,,,,,,,,,,Y,4,0,2,2,A,-,12,21453,A,N,D,C,A,A,H,-,C,A,0,,,,,Y,,A,01,0,0,2,0,0,0,0,0,0,"- ","- ",,,"SAN FRANCISCO","SAN FRANCISCO",,
9626404,2023,2023-10-13,3801,2023-08-29,1640,426,NORTH,2,5,7,3801,0,0,0,,0,3E13D,"MYRTLE ST","FRANKLIN ST",10.00,E,N,A,-,N,,,,,,,,,,N,4,0,1,2,A,-,08,22107,,F,G,B,E,A,H,-,A,D,0,Y,,,,Y,,A,01,0,0,1,0,1,0,0,0,0,"- ","- ",,,"SAN FRANCISCO","SAN FRANCISCO",-122.42288970947266,37.785015106201172
9626405,2023,2023-10-13,3801,2023-08-31,1812,993,INGLE,4,5,7,3801,0,0,0,,0,5CAR,"GENEVA AV","MOSCOW ST",0.00,,Y,A,-,N,,,,,,,,,,,3,0,1,2,A,-,08,22107,,N,D,C,A,A,H,-,A,A,0,,,Y,,Y,,A,01,0,1,0,0,0,0,0,0,1,"- ","- ",,,"SAN FRANCISCO","SAN FRANCISCO",,
9626411,2023,2023-10-19,3801,2023-08-30,2130,1926,NORTH,3,5,7,3801,0,0,0,,0,3E13E,"GOUGH ST","TURK ST",0.00,,N,A,B,N,,,,,,,,,,N,3,0,1,1,A,-,03,22350,,N,H,-,A,A,H,-,C,-,0,,,,,Y,,M,94,0,1,0,0,0,0,0,0,0,"- ","- ",,,"SAN FRANCISCO","SAN FRANCISCO",,
9626413,2023,2023-10-19,3801,2023-08-24,1046,681,SOUTH,4,5,7,3801,0,0,0,,0,3B13A,"7TH ST","FOLSOM ST",0.00,,Y,A,-,N,,,,,,,,,,,4,0,1,2,D,-,00,,,N,D,-,A,A,H,-,A,A,0,,,,,Y,,-,"- ",0,0,1,0,0,0,0,0,0,"- ","- ",,,"SAN FRANCISCO","SAN FRANCISCO",,
9626418,2023,2023-10-13,3801,2023-08-31,1953,564,NORTH,4,5,7,3801,0,0,0,,0,3E15D,"PINE ST","WEBSTER ST",0.00,,Y,A,-,N,,,,,,,,,,N,4,0,1,2,A,-,10,21950,A,N,D,B,B,A,H,-,B,A,0,Y,,,,Y,,A,01,0,0,1,0,1,0,0,0,0,"- ","- ",,,"SAN FRANCISCO","SAN FRANCISCO",,
9626419,2023,2023-10-13,3801,2023-08-31,1753,1173,RICHM,4,5,7,3801,0,0,0,,0,901,"BALBOA ST","42ND AV",0.00,,Y,A,-,N,,,,,,,,,,N,4,0,1,2,A,-,12,22450,,N,D,G,A,A,H,-,A,D,0,,Y,,,Y,,L,04,0,0,1,0,0,0,1,0,0,"- ","- ",,,"SAN FRANCISCO","SAN FRANCISCO",,
9626561,2023,2023-10-16,3801,2023-09-11,1454,1068,SOUTH,1,5,7,3801,0,0,0,,0,3B13A,"8TH ST","MISSION ST",49.00,S,N,A,-,N,,,,,,,,,,N,4,0,2,2,A,-,21,22106,,N,D,E,A,A,H,-,A,A,0,,,,,Y,,A,08,0,0,2,0,0,0,0,0,0,"- ","- ",,,"SAN FRANCISCO","SAN FRANCISCO",-122.41303253173828,37.777370452880859
9627849,2023,2023-10-16,3800,2023-09-26,2155,2247,RICHM,2,5,7,3801,0,0,0,,0,1V21C,"6TH AV","CLEMENT ST",0.00,,Y,A,-,N,,,,,,,,,,N,3,0,1,2,A,-,10,21950,A,N,G,B,B,A,H,-,C,A,0,Y,,,,Y,,A,01,0,1,0,0,1,0,0,0,0,"- ","- ",,,"SAN FRANCISCO","SAN FRANCISCO",,
9633452,2023,2023-12-12,3801,2023-10-16,"820 ",1956,TARA,1,5,7,3801,0,0,0,,0,6CAR,"ALEMANY BL","VICTORIA ST",0.00,,Y,A,-,N,,,,,,,,,,N,4,0,2,2,A,-,03,22350,,N,C,C,A,A,H,-,A,D,0,,,,Y,Y,,F,25,0,0,2,0,0,0,0,0,0,"- ","- ",,,"SAN FRANCISCO","SAN FRANCISCO",,
9633483,2023,2023-11-17,3801,2023-10-07,1717,1166,INGLE,6,5,7,3801,0,0,0,,0,3H15D,"GENEVA AV","GENEVA AV 1640",0.00,,Y,A,-,N,,,,,,,,,,Y,3,0,3,2,C,-,18,,,N,D,C,A,A,H,-,A,D,0,,,,,Y,,-,"- ",0,1,2,0,0,0,0,0,0,"- ","- ",,,"SAN FRANCISCO","SAN FRANCISCO",,
9633484,2023,2023-12-08,3801,2023-10-24,1107,1771,MISSI,2,5,7,3801,0,0,0,,0,3D13C,"MARKET ST","CHURCH ST",0.00,,Y,A,-,N,,,,,,,,,,N,4,0,1,2,A,-,08,22107,,N,D,D,A,A,H,-,A,D,0,,,,,Y,,-,,0,0,1,0,0,0,0,0,0,"- ","- ",37.767398834228516,-122.42896270751953,"SAN FRANCISCO","SAN FRANCISCO",,
9633488,2023,2023-12-12,3801,2023-10-26,"909 ",2262,BAY,4,5,7,3801,0,0,0,,0,3C11A,"CESAR CHAVEZ","PENNINSULA ST",0.00,,Y,A,-,N,,,,,,,,,,N,4,0,2,2,A,-,08,22107,,F,-,C,A,A,D,-,A,D,0,,,,,Y,,-,99,0,0,2,0,0,0,0,0,0,"- ","- ",,,"SAN FRANCISCO","SAN FRANCISCO",,
9633503,2023,2023-11-09,3801,2023-09-27,2130,2153,TARAV,3,5,7,3801,0,0,0,,0,315E,"JUNIPERO SERRA BL","THOMAS MORE WY",0.00,,Y,A,-,N,,,,,,,,,,Y,4,0,2,2,A,-,03,22350,,F,B,D,A,A,H,-,C,D,0,,,,,Y,,I,11,0,0,2,0,0,0,0,0,0,"- ","- ",,,"SAN FRANCISCO","SAN FRANCISCO",,
9633511,2023,2023-11-15,3801,2023-09-24,1817,1931,NORTH,7,5,7,3801,0,0,0,,0,3E16D,"DIVISADERO ST","CALIFORNIA ST",10.00,N,N,A,-,N,,,,,,,,,,Y,3,0,2,2,A,-,08,22107,,N,B,C,A,A,H,-,A,A,0,,,,,Y,,A,07,0,1,1,0,0,0,0,0,0,"- ","- ",,,"SAN FRANCISCO","SAN FRANCISCO",-122.44045257568359,37.788108825683594
9633682,2023,2023-11-21,3801,2023-10-18,1024,2039,TARAV,3,5,7,3801,0,0,0,,0,005,"19TH AV","JUNIPERO SERRA BL",170.00,W,N,A,-,N,,,,,,,,,,Y,4,0,1,2,A,-,03,22350,,N,C,C,A,A,H,-,A,A,0,,,,,Y,,D,22,0,0,1,0,0,0,0,0,0,"- ","- ",,,"SAN FRANCISCO","SAN FRANCISCO",-122.47309112548828,37.717540740966797
9633684,2023,2023-11-21,3801,2023-10-17,2128,2359,TARAV,2,5,7,3801,0,0,0,,0,0I2,"TARAVAL ST","19TH AV",77.00,W,N,A,-,N,,,,,,,,,,Y,4,0,1,2,A,-,01,23152,A,N,C,C,A,A,H,-,C,D,0,,,,,Y,Y,A,01,0,0,1,0,0,0,0,0,0,"- ","- ",,,"SAN FRANCISCO","SAN FRANCISCO",-122.47592163085938,37.743000030517578
9633686,2023,2023-11-21,3801,2023-10-16,"725 ",4265,INGLE,1,5,7,3801,0,0,0,,0,3H13A,"EXCELSIOR AV","EDINBURGH ST",0.00,,Y,A,-,N,,,,,,,,,,Y,3,0,2,3,A,-,12,22450,A,N,D,C,A,A,H,-,A,A,0,,,,,Y,,A,01,0,1,1,0,0,0,0,0,0,"- ","- ",,,"SAN FRANCISCO","SAN FRANCISCO",,
9633693,2023,2023-11-21,3801,2023-10-09,1814,676,NORTH,1,5,7,3801,0,0,0,,0,3J38A,"OCTAVIA ST","PAGE ST",0.00,,Y,B,-,N,,,,,,,,,,N,4,0,1,2,A,-,12,22450,A,N,D,G,A,A,H,-,B,A,0,,Y,,,Y,,L,04,0,0,1,0,0,0,1,0,0,"- ","- ",,,"SAN FRANCISCO","SAN FRANCISCO",,
9633697,2023,2023-11-21,3801,2023-10-08,"222 ",1463,SOUTH,7,5,7,3801,0,0,0,,0,0B5,"KING ST","4TH ST",0.00,,Y,A,-,N,,,,,,,,,,Y,4,0,4,2,A,-,01,23152,A,F,D,C,A,A,H,-,D,D,0,,,,,Y,Y,A,01,0,0,4,0,0,0,0,0,0,"- ","- ",,,"SAN FRANCISCO","SAN FRANCISCO",,
9633699,2023,2023-11-21,3801,2023-10-07,2252,1602,BAYVI,6,5,7,3801,0,0,0,,0,3C12E,"PHELPS ST","GALVEZ AV",0.00,,Y,A,-,N,,,,,,,,,,Y,4,0,1,2,A,-,01,23152,A,F,D,E,A,A,H,-,C,A,0,,,,,Y,Y,A,01,0,0,1,0,0,0,0,0,0,"- ","- ",,,"SAN FRANCISCO","SAN FRANCISCO",,
9633702,2023,2023-11-13,3801,2023-10-07,2237,2113,BAYVI,6,5,7,3801,0,0,0,,0,3C15E,"3RD ST","EVANS ST",0.00,,Y,A,-,N,,,,,,,,,,Y,4,0,2,2,A,-,01,23152,A,F,A,C,A,A,H,-,C,A,0,,,,,Y,Y,A,01,0,0,2,0,0,0,0,0,0,"- ","- ",,,"SAN FRANCISCO","SAN FRANCISCO",,
9633704,2023,2023-11-13,3801,2023-10-07,2047,A24552,BAYVI,6,5,7,3801,0,0,0,,0,3C12D,"INDUSTRIAL ST","BARNEVELD AV",0.00,,Y,A,-,N,,,,,,,,,,N,4,0,2,2,A,-,08,22100,B,N,D,C,A,A,H,-,C,D,0,,,,,Y,,A,01,0,0,2,0,0,0,0,0,0,"- ","- ",,,"SAN FRANCISCO","SAN FRANCISCO",,
9633706,2023,2023-11-13,3801,2023-10-03,1700,1100,TENDE,2,5,7,3801,0,0,0,,0,3J2D,"MARKET ST","4TH ST",50.00,E,N,A,-,N,,,,,,,,,,N,3,0,1,2,A,-,00,21760,,N,B,G,A,A,-,-,A,D,0,,Y,,,Y,,M,94,0,1,0,0,0,0,1,0,0,"- ","- ",,,"SAN FRANCISCO","SAN FRANCISCO",-122.40576934814453,37.785797119140625
9633707,2023,2023-11-13,3801,2023-10-15,1930,2190,INGLE,7,5,7,3801,0,0,0,,0,3H15D,"MANSELL ST","VISITACION AV",0.00,,Y,A,-,N,,,,,,,,,,Y,4,0,2,2,A,-,01,23153,A,N,D,C,A,A,H,-,C,A,0,,,,,Y,Y,A,01,0,0,2,0,0,0,0,0,0,"- ","- ",,,"SAN FRANCISCO","SAN FRANCISCO",,
9633710,2023,2023-11-13,3801,2023-10-18,2100,396,BAYVI,3,5,7,3801,0,0,0,,0,3C12E,"OAKDALE AV","QUINT ST",0.00,,Y,A,-,N,,,,,,,,,,N,4,0,1,2,A,-,10,21950,A,F,G,B,B,A,H,-,C,A,0,Y,,,,Y,,A,01,0,0,1,0,1,0,0,0,0,"- ","- ",,,"SAN FRANCISCO","SAN FRANCISCO",,
9633715,2023,2023-11-30,3801,2023-10-05,1814,2472,SOUTH,4,5,7,3801,0,0,0,,0,5CAR,"MARIPOSA ST","TENNESSEE ST",62.00,W,N,A,-,N,,,,,,,,,,,3,0,1,2,A,-,09,21802,A,N,D,C,A,A,H,-,A,A,0,,,Y,,Y,,C,03,0,1,0,0,0,0,0,0,1,"- ","- ",,,"SAN FRANCISCO","SAN FRANCISCO",-122.39008331298828,37.764259338378906
9633719,2023,2023-11-13,3801,2023-10-11,"900 ",1796,RICHM,3,5,7,3801,0,0,0,,0,3G14A,"GEARY BL","26TH AV",0.00,,Y,A,-,N,,,,,,,,,,N,3,0,1,2,A,-,10,21950,,N,G,B,B,A,H,-,A,A,0,Y,,,,Y,,-,,0,1,0,0,1,0,0,0,0,"- ","- ",,,"SAN FRANCISCO","SAN FRANCISCO",,