CASE_ID,ACCIDENT_YEAR,PROC_DATE,JURIS,COLLISION_DATE,COLLISION_TIME,OFFICER_ID,REPORTING_DISTRICT,DAY_OF_WEEK,CHP_SHIFT,POPULATION,CNTY_CITY_LOC,SPECIAL_COND,BEAT_TYPE,CHP_BEAT_TYPE,CITY_DIVISION_LAPD,CHP_BEAT_CLASS,BEAT_NUMBER,PRIMARY_RD,SECONDARY_RD,DISTANCE,DIRECTION,INTERSECTION,WEATHER_1,WEATHER_2,STATE_HWY_IND,CALTRANS_COUNTY,CALTRANS_DISTRICT,STATE_ROUTE,ROUTE_SUFFIX,POSTMILE_PREFIX,POSTMILE,LOCATION_TYPE,RAMP_INTERSECTION,SIDE_OF_HWY,TOW_AWAY,COLLISION_SEVERITY,NUMBER_KILLED,NUMBER_INJURED,PARTY_COUNT,PRIMARY_COLL_FACTOR,PCF_CODE_OF_VIOL,PCF_VIOL_CATEGORY,PCF_VIOLATION,PCF_VIOL_SUBSECTION,HIT_AND_RUN,TYPE_OF_COLLISION,MVIW,PED_ACTION,ROAD_SURFACE,ROAD_COND_1,ROAD_COND_2,LIGHTING,CONTROL_DEVICE,CHP_ROAD_TYPE,PEDESTRIAN_ACCIDENT,BICYCLE_ACCIDENT,MOTORCYCLE_ACCIDENT,TRUCK_ACCIDENT,NOT_PRIVATE_PROPERTY,ALCOHOL_INVOLVED,STWD_VEHTYPE_AT_FAULT,CHP_VEHTYPE_AT_FAULT,COUNT_SEVERE_INJ,COUNT_VISIBLE_INJ,COUNT_COMPLAINT_PAIN,COUNT_PED_KILLED,COUNT_PED_INJURED,COUNT_BICYCLIST_KILLED,COUNT_BICYCLIST_INJURED,COUNT_MC_KILLED,COUNT_MC_INJURED,PRIMARY_RAMP,SECONDARY_RAMP,LATITUDE,LONGITUDE,COUNTY,CITY,POINT_X,POINT_Y
9656798,2023,2024-02-23,3801,2023-11-27,1600,1503,RICHM,1,5,7,3801,0,0,0,,0,3G13D,"GEARY BL","WOOD ST",0.00,W,N,A,-,N,,,,,,,,,,Y,3,0,6,2,A,-,08,22107,,N,B,C,A,-,H,-,A,D,0,,,,,Y,,A,01,0,1,5,0,0,0,0,0,0,"- ","- ",,,"SAN FRANCISCO","SAN FRANCISCO",-122.4490966796875,37.782352447509766
9658036,2023,2024-02-14,3801,2023-12-26,"905 ",1944,INGLE,2,5,7,3801,0,0,0,,0,006,"BAYSHORE BL","SUNNYDALE AV",96.00,S,N,A,-,N,,,,,,,,,,N,4,0,1,2,A,-,00,21703,A,N,C,C,A,A,H,-,A,A,0,,,,,Y,,I,11,0,0,1,0,0,0,0,0,0,"- ","- ",,,"SAN FRANCISCO","SAN FRANCISCO",-122.40532684326172,37.708648681640625
9658561,2023,2024-03-13,3801,2023-12-29,2030,2380,SOUTH,5,5,7,3801,0,0,0,,0,0B3,"HARRISON ST","7TH ST",0.00,,Y,C,-,N,,,,,,,,,,Y,3,0,3,2,A,-,12,21453,A,N,D,C,A,B,H,-,C,A,0,,,,,Y,,A,01,0,1,2,0,0,0,0,0,0,"- ","- ",,,"SAN FRANCISCO","SAN FRANCISCO",,
9658562,2023,2024-02-14,3801,2023-12-21,1437,2398,NORTH,4,5,7,3801,0,0,0,,0,03E,"VAN NESS AV","BUSH ST",10.00,N,N,A,-,N,,,,,,,,,,N,4,0,1,2,A,-,03,22350,,F,D,B,F,A,H,-,A,D,0,Y,Y,,,Y,,L,04,0,0,1,0,1,0,0,0,0,"- ","- ",,,"SAN FRANCISCO","SAN FRANCISCO",-122.42191314697266,37.788516998291016
9658564,2023,2024-02-14,3801,2023-12-30,1722,2722,INGLE,6,5,7,3801,0,0,0,,0,3H15D,"RUSSIA AV","ATHENS ST",0.00,,Y,B,-,N,,,,,,,,,,N,4,0,1,2,A,-,12,22450,A,N,A,C,A,A,H,-,C,A,0,,,,,Y,,M,94,0,0,1,0,0,0,0,0,0,"- ","- ",,,"SAN FRANCISCO","SAN FRANCISCO",,
9658566,2023,2024-02-14,3801,2023-12-30,2337,2098,TENDE,6,5,7,3801,0,0,0,,0,3J14E,"TURK ST","HYDE ST",169.00,E,N,A,-,N,,,,,,,,,,N,3,0,1,2,A,-,17,21235,G,F,A,B,F,A,H,-,C,A,0,Y,,Y,,Y,,C,03,0,1,0,0,1,0,0,0,0,"- ","- ",,,"SAN FRANCISCO","SAN FRANCISCO",-122.41511535644531,37.782649993896484
9658634,2023,2024-02-14,3801,2023-12-29,2001,2722,INGLE,5,5,7,3801,0,0,0,,0,3H13D,"SENECA AV","MISSION ST",0.00,,Y,C,-,N,,,,,,,,,,N,4,0,1,2,A,-,08,22107,,N,G,B,B,B,H,-,C,A,0,Y,,,,Y,,A,01,0,0,1,0,1,0,0,0,0,"- ","- ",,,"SAN FRANCISCO","SAN FRANCISCO",,
9658637,2023,2024-02-14,3801,2023-12-26,1846,101,INGLE,2,5,7,3801,0,0,0,,0,3H15D,"MISSION ST","ITALY AV",0.00,,-,A,-,N,,,,,,,,,,N,4,0,1,2,A,-,14,24252,A,N,D,C,A,A,H,-,C,D,0,,,Y,,Y,,C,03,0,0,1,0,0,0,0,0,1,"- ","- ",,,"SAN FRANCISCO","SAN FRANCISCO",,
9658638,2023,2024-02-14,3801,2023-12-26,1824,327,MISSI,2,5,7,3801,0,0,0,,0,3D16C,"DOLORES ST","16TH ST",0.00,,Y,A,-,N,,,,,,,,,,Y,2,0,3,2,A,-,12,21453,A,N,D,C,A,A,H,-,C,A,0,,,,,Y,,A,01,1,0,2,0,0,0,0,0,0,"- ","- ",,,"SAN FRANCISCO","SAN FRANCISCO",,
9658846,2023,2024-03-01,3801,2023-12-29,1515,964,NORTH,5,5,7,3801,0,0,0,,0,,"VAN NESS AV","GEARY BL",0.00,,Y,C,-,Y,SF,4,101,-,-,5.600,H,-,S,N,3,0,1,2,A,-,11,21453,D,N,B,B,B,B,H,-,A,A,0,Y,,,,Y,,N,60,0,1,0,0,1,0,0,0,0,"- ","- ",,,"SAN FRANCISCO","SAN FRANCISCO",-122.42144012451172,37.785511016845703
9659422,2023,2024-02-12,3801,2023-12-08,1149,875,CENTR,5,5,7,3801,0,0,0,,0,3A77,"KEARNY ST","SACRAMENTO ST",0.00,,N,A,-,N,,,,,,,,,,N,4,0,1,2,A,-,10,21950,A,N,G,B,B,A,H,-,A,A,0,Y,,,,Y,,A,07,0,0,1,0,1,0,0,0,0,"- ","- ",,,"SAN FRANCISCO","SAN FRANCISCO",,
9659424,2023,2024-02-12,3801,2023-12-10,2120,2143,MISSI,7,5,7,3801,0,0,0,,0,,"VALENCIA ST","SYCAMORE ST",0.00,,Y,A,-,N,,,,,,,,,,N,4,0,1,1,A,-,17,21209,,N,H,-,A,A,H,-,B,D,0,,,Y,,Y,Y,C,02,0,0,1,0,0,0,0,0,1,"- ","- ",,,"SAN FRANCISCO","SAN FRANCISCO",,
9662822,2023,2024-02-23,3801,2023-01-22,1840,1435,TRAFF,7,5,7,3801,0,0,0,,0,4B4C,"BAY ST","VAN NESS AV",11.00,E,N,A,-,N,,,,,,,,,,N,2,0,1,2,A,-,11,21456,A,F,G,B,B,A,H,-,C,A,0,Y,,,,Y,,N,60,1,0,0,0,1,0,0,0,0,"- ","- ",,,"SAN FRANCISCO","SAN FRANCISCO",-122.42510986328125,37.804134368896484
9670642,2023,2024-02-23,3801,2023-04-03,1454,2743,SOUTH,1,5,7,3801,0,0,0,,0,3B3,"RUSS ST","HOWARD ST",115.00,S,N,A,-,N,,,,,,,,,,N,4,0,1,2,A,-,21,22106,,N,G,B,F,A,H,-,A,D,0,Y,,,,Y,,A,01,0,0,1,0,1,0,0,0,0,"- ","- ",,,"SAN FRANCISCO","SAN FRANCISCO",-122.40797424316406,37.778644561767578
9670643,2023,2024-02-23,3801,2023-10-18,"755 ",575,CENTR,3,5,7,3801,0,0,0,,0,3A11A,"LARKIN ST","POST ST",0.00,,Y,A,-,N,,,,,,,,,,N,4,0,1,2,A,-,05,21650,,N,A,-,A,A,H,-,A,A,0,,Y,,,Y,,L,04,0,0,1,0,0,0,1,0,0,"- ","- ",,,"SAN FRANCISCO","SAN FRANCISCO",,
9670728,2023,2024-03-05,3801,2023-11-29,1110,2088,INGLE,3,5,7,3801,0,0,0,,0,3H12A,"CHURCH ST","VALLEY ST",0.00,,Y,A,-,N,,,,,,,,,,Y,4,0,2,2,A,-,12,22450,A,N,D,C,A,A,H,-,A,A,0,,,,,Y,,A,01,0,0,2,0,0,0,0,0,0,"- ","- ",,,"SAN FRANCISCO","SAN FRANCISCO",,
9671882,2023,2024-03-06,3801,2023-12-30,"814 ",A23982,PARK,6,5,7,3801,0,0,0,,0,3F13A,"STANYAN ST","FELL ST",0.00,,Y,C,-,N,,,,,,,,,,Y,3,0,1,2,A,-,07,21658,A,N,C,E,A,B,H,-,A,D,0,,,,,Y,,A,01,0,1,0,0,0,0,0,0,0,"- ","- ",,,"SAN FRANCISCO","SAN FRANCISCO",,
9672911,2023,2024-04-29,3801,2023-02-13,"922 ",2008,MISSI,1,5,7,3801,0,0,0,,0,3D13A,"23RD ST","TREAT AV",0.00,,Y,A,-,N,,,,,,,,,,N,3,0,1,3,A,-,12,22450,,F,D,G,A,A,H,-,A,-,0,,Y,,Y,Y,,A,07,0,1,0,0,0,0,1,0,0,"- ","- ",,,"SAN FRANCISCO","SAN FRANCISCO",,
9675448,2023,2024-02-24,3801,2023-07-25,1600,426,NORTH,2,5,7,3801,0,0,0,,0,3E13D,"VAN NESS AV","GEARY ST",0.00,,Y,A,-,N,,,,,,,,,,,4,0,1,2,A,-,10,21950,A,F,G,B,B,A,H,-,A,A,0,Y,,,,Y,,A,01,0,0,1,0,1,0,0,0,0,"- ","- ",,,"SAN FRANCISCO","SAN FRANCISCO",,
9678300,2023,2024-03-11,3801,2023-12-22,1800,4036,TRAFF,5,5,7,3801,0,0,0,,0,4B1B,"GRANT AV","POST ST",10.00,N,N,A,-,N,,,,,,,,,,N,4,0,1,1,C,-,18,,,N,-,J,A,A,H,-,C,A,0,,,Y,,Y,,-,"- ",0,0,1,0,0,0,0,0,1,"- ","- ",,,"SAN FRANCISCO","SAN FRANCISCO",-122.40522766113281,37.788726806640625
9679308,2023,2024-03-25,3801,2023-11-17,"935 ",484,NORTH,5,5,7,3801,0,0,0,,0,3E16A,"POLK ST","CALIFORNIA ST",106.00,N,N,A,-,N,,,,,,,,,,N,3,0,1,2,A,-,11,21954,A,N,G,B,E,A,H,-,A,D,0,Y,,,,Y,,N,60,0,1,0,0,1,0,0,0,0,"- ","- ",,,"SAN FRANCISCO","SAN FRANCISCO",-122.42073822021484,37.790859222412109
9683203,2023,2024-05-15,3801,2023-11-07,1110,2314,PARK,2,5,7,3801,0,0,0,,0,3F12A,"PORTOLA DR","BURNETT AV",0.00,,Y,A,-,N,,,,,,,,,,Y,3,0,4,2,A,-,09,21801,A,N,A,C,A,A,H,-,A,A,0,,,,,Y,,A,01,0,1,3,0,0,0,0,0,0,"- ","- ",,,"SAN FRANCISCO","SAN FRANCISCO",,
9711937,2023,2024-07-15,3801,2023-10-14,1424,1528,SOUTH,6,5,7,3801,0,0,0,,0,3B5A,"4TH ST","HARRISON ST",0.00,,Y,A,-,Y,SF,4,80,-,-,4.914,R,4,W,N,4,0,1,2,A,-,00,22101,E,N,D,G,A,A,H,-,A,A,0,,Y,,,Y,,L,04,0,0,1,0,0,0,1,0,0,"- ","- ",,,"SAN FRANCISCO","SAN FRANCISCO",-122.40031433105469,37.779399871826172
9712531,2023,2024-09-24,3801,2023-12-15,2003,1907,INGLE,5,5,7,3801,0,0,0,,0,3H3D,"SAN JOSE AV","GENEVA AV",100.00,S,N,A,-,N,,,,,,,,,,N,4,0,2,2,A,-,21,22106,,N,C,C,A,A,H,-,C,D,0,,,,,Y,,A,01,0,0,2,0,0,0,0,0,0,"- ","- ",,,"SAN FRANCISCO","SAN FRANCISCO",-122.44681549072266,37.720497131347656
9714668,2023,2024-07-18,3801,2023-12-30,"816 ",1949,BAYVI,6,5,7,3801,0,0,0,,0,3C15A,"REVERE AV","GRIFFITH ST",0.00,,Y,A,-,N,,,,,,,,,,N,3,0,1,2,A,-,21,22106,,F,G,B,E,A,-,-,A,D,0,Y,,,,Y,,A,01,0,1,0,0,1,0,0,0,0,"- ","- ",,,"SAN FRANCISCO","SAN FRANCISCO",,
9742044,2023,2024-11-01,3801,2023-10-11,1600,4798,NORTH,3,5,7,3801,0,0,0,,0,3E00,"FILLMORE ST","GREENWICH ST",50.00,N,N,A,-,N,,,,,,,,,,N,3,0,1,2,A,-,21,22106,,F,G,B,E,A,H,-,A,D,0,Y,,,,Y,,A,07,0,1,0,0,1,0,0,0,0,"- ","- ",,,"SAN FRANCISCO","SAN FRANCISCO",-122.43590545654297,37.799095153808594
8939731,2023,2024-01-24,3801,2023-10-19,"51  ",1422,TRAFF,4,5,7,3801,0,0,0,,0,04B,"VAN NESS AV","OFARRELL ST",21.00,N,N,A,-,N,,,,,,,,,,Y,1,1,0,2,A,-,11,21954,A,N,G,B,D,A,H,-,C,A,0,Y,,,,Y,,N,60,0,0,0,1,0,0,0,0,0,"- ","- ",,,"SAN FRANCISCO","SAN FRANCISCO",-122.42113494873047,37.784816741943359
91676682,2022,2022-02-23,9335,2022-01-03,2010,021957,,1,2,7,3801,0,1,1,,2,023,"I-280 S/B","ST MARY'S PARK FOOTBRIDGE O/C",367.00,S,N,B,C,Y,SF,,280,,R,3.453,H,,L,Y,4,0,1,2,A,-,03,22350,,N,C,C,A,B,H,-,D,D,0,,,,,Y,,-,"- ",0,0,1,0,0,0,0,0,0,"- ","- ",37.7318115234375,-122.4219970703125,"SAN FRANCISCO","SAN FRANCISCO",-122.42198181152344,37.731742858886719
91677670,2022,2022-01-13,9335,2022-01-05,0105,021754,,3,3,7,3801,0,1,2,,2,015,"US-101 NB","ALAMEDA STREET UNDERCROSSING",150.00,S,N,A,-,Y,SF,,101,,R,4.374,H,,R,Y,3,0,2,1,A,-,08,22107,,N,E,I,A,A,H,-,C,D,0,,,,,Y,,A,01,0,1,1,0,0,0,0,0,0,"- ","- ",37.768001556396484,-122.40557098388672,"SAN FRANCISCO","SAN FRANCISCO",-122.40558624267578,37.767990112304688
91678518,2022,2022-01-14,9335,2022-01-05,1805,014739,,3,2,7,3801,0,1,1,,2,022,"SOUTHBOUND INTERSTATE 280","MISSION OFF-RAMP",200.00,N,N,B,-,Y,SF,,280,,R,1.171,H,,R,N,3,0,2,2,A,-,03,22350,,N,C,C,A,A,H,-,C,D,0,,,,,Y,,A,01,0,2,0,0,0,0,0,0,0,"- ","- ",37.714931488037109,-122.45063781738281,"SAN FRANCISCO","SAN FRANCISCO",-122.45040893554688,37.714759826660156
91678569,2022,2022-01-14,9335,2022-01-05,1530,022032,,3,2,7,3801,0,1,1,,1,083,"I-80 E/B","YERBA BUENA ISLAND TUNNEL EAST EDGE",80.00,E,N,A,-,Y,SF,,80,,,7.874,H,,R,Y,4,0,2,3,A,-,03,22350,,N,C,C,A,A,H,-,A,D,0,,,,,Y,,A,08,0,0,2,0,0,0,0,0,0,"- ","- ",37.810779571533203,-122.36444854736328,"SAN FRANCISCO","SAN FRANCISCO",-122.36441802978516,37.810760498046875
91679084,2022,2022-01-17,9335,2022-01-07,0454,022096,,5,3,7,3801,0,1,1,,2,080,"I-80 W/B TO FREMONT ST","1ST STREET",267.00,E,N,B,-,Y,,,,,,,,,,Y,4,0,1,1,A,-,08,22107,,N,E,I,A,B,H,-,D,D,0,,,,,Y,,A,01,0,0,1,0,0,0,0,0,0,"- ","- ",37.787300109863281,-122.39591217041016,"SAN FRANCISCO","SAN FRANCISCO",-122.40663909912109,37.773380279541016
91680933,2022,2022-01-19,9335,2022-01-10,1830,021474,,1,2,7,3801,0,1,2,,2,014,"US-101 S/B","23RD ST. O/C",380.00,N,N,A,-,Y,SF,,101,,,3.436,H,,L,Y,3,0,4,2,A,-,07,21658,A,N,B,C,A,A,H,-,C,D,0,,,,,Y,,A,01,0,1,3,0,0,0,0,0,0,"- ","- ",37.755588531494141,-122.40331268310547,"SAN FRANCISCO","SAN FRANCISCO",-122.40324401855469,37.755592346191406
91681986,2022,2022-01-20,9335,2022-01-14,1938,017672,,5,2,7,3801,0,1,1,,2,080,"I-80 E/B","7TH STREET OFF-RAMP",200.00,W,N,A,-,Y,SF,,80,,,4.340,H,,R,N,4,0,3,3,A,-,03,22350,,N,C,C,A,A,H,-,C,D,0,,,,,Y,,A,01,0,0,3,0,0,0,0,0,0,"- ","- ",37.772998809814453,-122.40653228759766,"SAN FRANCISCO","SAN FRANCISCO",-122.40660095214844,37.773002624511719
91682181,2022,2022-01-21,9370,2022-01-12,2324,022288,,3,3,7,3801,0,1,S,,2,904,"I-80 WB TO TREASURE ISLAND","MACALLA RD",275.00,E,N,A,-,Y,,,,,,,,,,Y,3,0,3,1,A,-,03,22350,,N,E,I,A,A,H,-,D,D,0,,,,,Y,,A,01,0,3,0,0,0,0,0,0,0,"- ","- ",37.812309265136719,-122.36424255371094,"SAN FRANCISCO","SAN FRANCISCO",-122.36424255371094,37.812309265136719
91683125,2022,2022-01-24,9335,2022-01-14,1900,022032,,5,2,7,3801,0,1,1,,2,023,"I-280 N/B","LYELL ST",200.00,N,N,A,-,Y,SF,,280,,R,2.950,H,,R,Y,4,0,1,2,A,-,08,22107,,N,E,8,A,A,H,-,D,D,0,,,,,Y,,A,07,0,0,1,0,0,0,0,0,0,"- ","- ",37.732261657714844,-122.43106842041016,"SAN FRANCISCO","SAN FRANCISCO",-122.43106842041016,37.732170104980469
91683236,2022,2022-03-10,9335,2022-01-20,0545,019581,,4,3,7,3801,0,1,2,,2,015,"US-101 N/B","16TH ST.",50.00,N,N,A,-,Y,SF,,101,,,4.238,H,,R,Y,3,0,3,2,A,-,08,22107,,N,E,J,A,A,H,-,D,D,0,,,,,Y,,A,01,0,2,1,0,0,0,0,0,0,"- ","- ",37.766128540039062,-122.40493774414062,"SAN FRANCISCO","SAN FRANCISCO",-122.40505218505859,37.766120910644531
91683239,2022,2022-01-24,9335,2022-01-11,1210,018804,,2,1,7,3801,0,1,1,,2,022,"I-280 N/B","PAULDING STREET",300.00,S,N,A,-,Y,SF,,280,,R,2.166,H,,R,N,3,0,1,2,A,-,07,21658,A,N,C,C,A,A,H,-,A,D,0,,,,,Y,,A,01,0,1,0,0,0,0,0,0,0,"- ","- ",37.727870941162109,-122.44402313232422,"SAN FRANCISCO","SAN FRANCISCO",-122.44401550292969,37.727867126464844
91685615,2022,2022-01-26,9335,2022-01-16,1743,019799,,7,2,7,3801,0,1,1,,2,080,"I-80 W/B TO 5TH ST.","5TH ST.",215.00,E,N,A,-,Y,SF,,80,,,4.873,H,,L,Y,4,0,1,2,A,-,03,22350,,F,C,C,A,A,H,-,C,A,0,,,,,Y,,A,01,0,0,1,0,0,0,0,0,0,"- ","- ",37.779010772705078,-122.40088653564453,"SAN FRANCISCO","SAN FRANCISCO",-122.40084075927734,37.778972625732422
91688210,2022,2022-01-28,9335,2022-01-20,1750,021886,,4,2,7,3801,0,1,2,,2,015,"US-101 N/B TO 9TH ST.","BRANNAN ST. U/C",212.00,N,N,A,-,Y,SF,,101,,R,4.574,H,,R,Y,3,0,3,5,A,-,03,22350,,N,C,C,A,A,H,-,C,A,0,,,,,Y,Y,A,01,0,1,2,0,0,0,0,0,0,"- ","- ",37.770069122314453,-122.40821075439453,"SAN FRANCISCO","SAN FRANCISCO",-122.40828704833984,37.769889831542969
91688586,2022,2022-01-28,9335,2022-01-22,1045,019581,,6,1,7,3801,0,1,2,,2,014,"US-101 N/B","22ND ST. O/C",350.00,N,N,A,-,Y,SF,,101,,,3.592,H,,R,Y,3,0,1,4,A,-,03,22350,,N,C,C,A,A,H,-,A,D,0,,,,,Y,,A,01,0,1,0,0,0,0,0,0,0,"- ","- ",37.757701873779297,-122.40413665771484,"SAN FRANCISCO","SAN FRANCISCO",-122.40412139892578,37.757713317871094
91689018,2022,2022-01-31,9335,2022-01-26,1125,020509,,3,1,7,3801,0,1,2,,2,014,US-101,"16TH STREET U/C",13.00,S,N,A,-,Y,SF,,101,,,4.229,H,,R,N,4,0,1,2,A,-,03,22350,,N,C,C,A,A,H,-,A,D,0,,,,,Y,,A,08,0,0,1,0,0,0,0,0,0,"- ","- ",37.765968322753906,-122.40529632568359,"SAN FRANCISCO","SAN FRANCISCO",-122.405029296875,37.7659912109375
91691558,2022,2022-02-02,9335,2022-01-20,0530,022096,,4,3,7,3801,0,1,2,,2,014,"US-101 N/B","FAITH STREET",502.00,N,N,A,-,Y,SF,,101,,,2.711,H,,R,Y,4,0,1,2,A,-,01,23152,A,N,C,C,A,A,H,-,D,D,0,,,,,Y,Y,A,07,0,0,1,0,0,0,0,0,0,"- ","- ",37.745170593261719,-122.4049072265625,"SAN FRANCISCO","SAN FRANCISCO",-122.40496826171875,37.745182037353516
91692574,2022,2022-02-03,9335,2022-01-23,1805,022667,,7,2,7,3801,0,1,2,,2,013,"US-101 N/B TO CESAR CHAVEZ","CESAR CHAVEZ UNCERCROSSING",855.00,S,N,A,-,Y,,,,,,,,,,Y,4,0,1,3,C,-,18,,,N,B,C,A,A,H,-,C,A,0,,,,,Y,,-,"- ",0,0,1,0,0,0,0,0,0,"- ","- ",37.747051239013672,-122.40383148193359,"SAN FRANCISCO","SAN FRANCISCO",-122.40383148193359,37.747051239013672
91692600,2022,2022-02-03,9335,2022-01-23,0152,022703,,7,3,7,3801,0,1,1,,1,083,"I-80 EASTBOUND FROM FIRST STREET","THE SECOND STREET UNDERCROSSING",915.00,E,N,A,-,Y,SF,,80,,,5.567,H,,R,Y,3,0,1,1,A,-,01,23152,A,N,E,I,A,A,H,-,C,D,0,,,,,Y,Y,A,07,0,1,0,0,0,0,0,0,0,"- ","- ",37.785190582275391,-122.39234161376953,"SAN FRANCISCO","SAN FRANCISCO",-122.39229583740234,37.785140991210938
91692723,2022,2022-02-03,9335,2022-01-23,0200,022703,,7,3,7,3801,0,1,1,,1,083,"I-80 EASTBOUND","THE SECOND STREET UNDERCROSSING",950.00,W,N,A,-,Y,,,,,,,,,,Y,3,0,1,2,A,-,01,23152,A,N,C,C,A,A,H,-,C,D,0,,,,,Y,Y,A,01,0,1,0,0,0,0,0,0,0,"- ","- ",37.785449981689453,-122.39247894287109,"SAN FRANCISCO","SAN FRANCISCO",-122.39231872558594,37.785129547119141
91693692,2022,2022-02-04,9335,2022-01-31,1920,018688,,1,2,7,3801,0,1,1,,1,081,"I-80 W/B","SFOBB CENTER ANCHORAGE",635.00,W,N,A,-,Y,SF,,80,,,6.630,H,,L,Y,2,0,3,3,A,-,03,22350,,N,C,2,A,A,H,-,C,D,0,,,,,Y,,A,01,1,1,1,0,0,0,0,0,0,"- ","- ",37.796638488769531,-122.37905883789062,"SAN FRANCISCO","SAN FRANCISCO",-122.37924194335938,37.796764373779297
91694163,2022,2022-02-07,9335,2022-02-01,1445,018688,,2,2,7,3801,0,1,1,,2,080,"I-80 W/B TO US-101 N/B","SAN BRUNO AVE.",24.00,W,N,A,-,Y,SF,,80,,L,4.053,H,,L,Y,3,0,1,1,A,-,03,22350,,N,F,0,A,A,H,-,A,D,0,,,Y,,Y,,C,02,0,1,0,0,0,0,0,0,1,"- ","- ",37.769161224365234,-122.40627288818359,"SAN FRANCISCO","SAN FRANCISCO",-122.40627288818359,37.769161224365234
91694170,2022,2022-02-07,9335,2022-02-02,1010,020509,,3,1,7,3801,0,1,1,,2,024,"I-280 S/B","EVANS AVE U/C",357.00,S,N,A,G,Y,SF,,280,,R,5.281,H,,L,Y,4,0,1,1,A,-,08,22107,,N,E,I,A,A,H,-,A,D,0,,,,,Y,,A,01,0,0,1,0,0,0,0,0,0,"- ","- ",37.745319366455078,-122.39479827880859,"SAN FRANCISCO","SAN FRANCISCO",-122.39485931396484,37.745353698730469
91694355,2022,2022-02-07,9335,2022-01-19,1150,018804,,3,1,7,3801,0,1,2,,2,015,"US-101 S/B FROM S. VAN NESS AVE.","S. VAN NESS AVE.",94.00,S,N,A,-,Y,,,,,,,,,,N,4,0,1,2,A,-,03,22350,,M,C,C,A,A,H,-,A,D,0,,,,,Y,,-,99,0,0,1,0,0,0,0,0,0,"- ","- ",37.768939971923828,-122.41825103759766,"SAN FRANCISCO","SAN FRANCISCO",-122.41825103759766,37.768939971923828
9169766,2022,2022-08-22,3801,2022-06-05,1245,885,BAYVI,7,5,7,3801,0,0,0,,0,05C,"JAMESTOWN AV","3RD ST",18.00,W,N,B,-,N,,,,,,,,,,Y,4,0,1,1,C,-,18,,,N,E,I,A,B,H,-,A,D,0,,,,,Y,,-,"- ",0,0,1,0,0,0,0,0,0,"- ","- ",,,"SAN FRANCISCO","SAN FRANCISCO",-122.39675903320312,37.720287322998047
91697710,2022,2022-02-10,9335,2022-01-13,0500,020509,,4,3,7,3801,0,1,1,,1,081,"I-80 WESTBOUND","YERBA BUENA ISLAND TUNNEL",6230.00,W,N,A,-,Y,SF,,80,,,6.544,H,,L,Y,4,0,1,3,A,-,07,21658,A,F,B,C,A,A,H,-,C,D,0,,,,Y,Y,,-,99,0,0,1,0,0,0,0,0,0,"- ","- ",37.795768737792969,-122.38023376464844,"SAN FRANCISCO","SAN FRANCISCO",-122.38028717041016,37.795806884765625
91697779,2022,2022-02-10,9335,2022-01-29,2010,019799,,6,2,7,3801,0,1,1,,1,081,"I-80 W/B","TRESAURE ISLAND TUNNEL",900.00,W,N,A,-,Y,SF,,80,,,7.549,H,,L,Y,4,0,2,2,A,-,07,21658,A,N,B,C,A,A,H,-,C,D,0,,,,,Y,,A,07,0,0,2,0,0,0,0,0,0,"- ","- ",37.807140350341797,-122.36837768554688,"SAN FRANCISCO","SAN FRANCISCO",-122.36819458007812,37.807018280029297
91699383,2022,2022-02-14,9335,2022-02-04,1600,022326,,5,2,7,3801,0,1,2,,2,015,"US-101 N/B","HARRISON ST",165.00,N,N,A,-,Y,SF,,101,,R,4.904,H,,R,N,4,0,1,3,A,-,03,22350,,N,C,C,A,A,H,-,A,D,0,,,,,Y,,A,01,0,0,1,0,0,0,0,0,0,"- ","- ",37.769618988037109,-122.41407012939453,"SAN FRANCISCO","SAN FRANCISCO",-122.41407012939453,37.769622802734375
91699592,2022,2022-02-14,9335,2022-02-06,0620,022703,,7,1,7,3801,0,1,1,,2,022,"I-280 NORTHBOUND","SAN JOSE AVENUE OVERCROSSING",55.00,N,N,A,-,Y,SF,,280,,R,1.483,H,,R,Y,4,0,1,2,A,-,07,21658,A,N,B,C,A,A,H,-,C,D,0,,,,,Y,,A,01,0,0,1,0,0,0,0,0,0,"- ","- ",37.718910217285156,-122.44824981689453,"SAN FRANCISCO","SAN FRANCISCO",-122.44835662841797,37.718917846679688