CASE_ID,ACCIDENT_YEAR,PROC_DATE,JURIS,COLLISION_DATE,COLLISION_TIME,OFFICER_ID,REPORTING_DISTRICT,DAY_OF_WEEK,CHP_SHIFT,POPULATION,CNTY_CITY_LOC,SPECIAL_COND,BEAT_TYPE,CHP_BEAT_TYPE,CITY_DIVISION_LAPD,CHP_BEAT_CLASS,BEAT_NUMBER,PRIMARY_RD,SECONDARY_RD,DISTANCE,DIRECTION,INTERSECTION,WEATHER_1,WEATHER_2,STATE_HWY_IND,CALTRANS_COUNTY,CALTRANS_DISTRICT,STATE_ROUTE,ROUTE_SUFFIX,POSTMILE_PREFIX,POSTMILE,LOCATION_TYPE,RAMP_INTERSECTION,SIDE_OF_HWY,TOW_AWAY,COLLISION_SEVERITY,NUMBER_KILLED,NUMBER_INJURED,PARTY_COUNT,PRIMARY_COLL_FACTOR,PCF_CODE_OF_VIOL,PCF_VIOL_CATEGORY,PCF_VIOLATION,PCF_VIOL_SUBSECTION,HIT_AND_RUN,TYPE_OF_COLLISION,MVIW,PED_ACTION,ROAD_SURFACE,ROAD_COND_1,ROAD_COND_2,LIGHTING,CONTROL_DEVICE,CHP_ROAD_TYPE,PEDESTRIAN_ACCIDENT,BICYCLE_ACCIDENT,MOTORCYCLE_ACCIDENT,TRUCK_ACCIDENT,NOT_PRIVATE_PROPERTY,ALCOHOL_INVOLVED,STWD_VEHTYPE_AT_FAULT,CHP_VEHTYPE_AT_FAULT,COUNT_SEVERE_INJ,COUNT_VISIBLE_INJ,COUNT_COMPLAINT_PAIN,COUNT_PED_KILLED,COUNT_PED_INJURED,COUNT_BICYCLIST_KILLED,COUNT_BICYCLIST_INJURED,COUNT_MC_KILLED,COUNT_MC_INJURED,PRIMARY_RAMP,SECONDARY_RAMP,LATITUDE,LONGITUDE,COUNTY,CITY,POINT_X,POINT_Y
91699686,2022,2022-02-14,9335,2022-02-10,0850,018804,,4,1,7,3801,0,1,1,,2,023,"I-280 N/B","I-280 N/B FROM MONTEREY BLVD.",20.00,S,N,A,-,Y,SF,,280,,R,2.662,H,,R,N,4,0,1,2,A,-,03,22350,,N,C,C,A,A,H,-,A,D,0,,,,,Y,,A,01,0,0,1,0,0,0,0,0,0,"- ","- ",37.731258392333984,-122.43609619140625,"SAN FRANCISCO","SAN FRANCISCO",-122.43599700927734,37.731052398681641
91702235,2022,2022-02-16,9335,2022-02-10,1050,019084,,4,1,7,3801,0,1,1,,2,080,"I-80 W/B","5TH STREET UNDERCROSSING",25.00,W,N,A,-,Y,SF,,80,,,4.839,H,,L,Y,4,0,2,2,A,-,03,22350,,N,C,C,A,A,H,-,A,D,0,,,,,Y,,A,08,0,0,2,0,0,0,0,0,0,"- ","- ",37.778678894042969,-122.4013671875,"SAN FRANCISCO","SAN FRANCISCO",-122.40129089355469,37.778617858886719
91704725,2022,2022-02-21,9335,2022-02-11,1120,019631,,5,1,7,3801,0,1,2,,2,013,"US-101 N/B","BAYSHORE BLBD S/B UNDERCROSSING",280.00,N,N,A,-,Y,SF,,101,,,0.872,H,,R,N,3,0,1,2,A,-,03,22350,,N,C,C,A,A,H,-,A,D,0,,,Y,,Y,,C,02,0,1,0,0,0,0,0,0,1,"- ","- ",37.720359802246094,-122.39978790283203,"SAN FRANCISCO","SAN FRANCISCO",-122.39981079101562,37.720355987548828
91710405,2022,2022-02-28,9335,2022-02-17,1000,019084,,4,1,7,3801,0,1,2,,2,015,"US-101 N/B TO OCTAVIA STREET","MARKET STREET",50.00,S,N,A,-,Y,SF,,101,,M,5.437,H,,R,N,4,0,1,2,A,-,03,22350,,N,C,C,A,A,H,-,A,A,0,,,,,Y,,A,01,0,0,1,0,0,0,0,0,0,"- ","- ",37.771621704101562,-122.42318725585938,"SAN FRANCISCO","SAN FRANCISCO",-122.42315673828125,37.771633148193359
91710410,2022,2022-02-28,9335,2022-02-17,1435,021916,,4,2,7,3801,0,1,1,,2,080,"I-80 W/B","HARRIET STREEET UNDERCROSSING",85.00,W,N,A,-,Y,SF,,80,,,4.605,H,,L,N,4,0,2,3,A,-,03,22350,,N,C,C,A,A,H,-,A,D,0,,,,Y,Y,,F,26,0,0,2,0,0,0,0,0,0,"- ","- ",37.776420593261719,-122.40458679199219,"SAN FRANCISCO","SAN FRANCISCO",-122.40460205078125,37.776432037353516
91710508,2022,2022-02-28,9350,2022-02-21,2100,022107,,1,2,7,3801,0,1,2,,2,020,"US-101 S/B","GOLDEN GATE BRIDGE TOLL PLAZA",85.00,N,N,C,-,Y,,,,,,,,,,N,4,0,1,1,A,-,03,22350,,N,F,A,A,B,H,-,C,D,0,,,Y,,Y,,C,02,0,0,1,0,0,0,0,0,1,"- ","- ",37.807289123535156,-122.47605133056641,"SAN FRANCISCO","SAN FRANCISCO",-122.47595977783203,37.807384490966797
91710660,2022,2022-02-28,9335,2022-02-15,1430,018053,,2,2,7,3801,0,1,2,,2,013,"US-101 S/B","CESAR CHAVEZ STREET U/C",778.00,S,N,A,-,Y,SF,,101,,,2.844,H,,L,Y,4,0,1,2,A,-,08,22107,,N,B,C,A,A,H,-,A,D,0,,,,,Y,,A,01,0,0,1,0,0,0,0,0,0,"- ","- ",37.747161865234375,-122.40460968017578,"SAN FRANCISCO","SAN FRANCISCO",-122.40453338623047,37.747142791748047
91713267,2022,2022-03-02,9335,2022-02-21,1710,022860,,1,2,7,3801,0,1,1,,2,080,"I-80 W\B","HARRIET ST",213.00,W,N,A,-,Y,SF,,80,,,4.575,H,,R,N,4,0,2,3,A,-,03,22350,,N,C,C,A,A,H,-,A,D,0,,,,,Y,,D,22,0,0,2,0,0,0,0,0,0,"- ","- ",37.776218414306641,-122.4049072265625,"SAN FRANCISCO","SAN FRANCISCO",-122.40472412109375,37.776088714599609
91713451,2022,2022-03-02,9335,2022-01-18,2150,020991,,2,2,7,3801,0,1,1,,2,022,"I-280 N/B","BADEN ST. OVER CROSSING",679.00,S,N,A,-,Y,SF,,280,,R,2.327,H,,R,N,4,0,1,2,A,-,07,21658,A,M,C,C,A,A,H,-,C,D,0,,,,,Y,Y,-,99,0,0,1,0,0,0,0,0,0,"- ","- ",37.729129791259766,-122.44158172607422,"SAN FRANCISCO","SAN FRANCISCO",-122.44157409667969,37.729122161865234
91714607,2022,2022-03-03,9335,2022-02-24,1710,022326,,4,2,7,3801,0,1,2,,2,013,"US-101 N/B","FAITH STREET PEDESTRIAN OVERCORSSING",60.00,N,N,A,-,Y,SF,,101,,,2.628,H,,R,Y,4,0,5,3,A,-,03,22350,,N,C,C,A,A,H,-,A,D,0,,,,,Y,,A,07,0,0,5,0,0,0,0,0,0,"- ","- ",37.7440185546875,-122.40544128417969,"SAN FRANCISCO","SAN FRANCISCO",-122.40550994873047,37.744052886962891
91715135,2022,2022-03-04,9335,2022-02-22,2207,021672,,2,3,7,3801,0,1,1,,1,083,"I-80 E/B FROM STERLING STREET","2ND ST. UNDERCROSSING",836.00,E,N,A,-,Y,SF,,80,,,5.570,H,,R,N,4,0,1,2,A,-,03,22350,,N,C,C,A,A,H,-,C,D,0,,,,,Y,,A,01,0,0,1,0,0,0,0,0,0,"- ","- ",37.784999847412109,-122.39211273193359,"SAN FRANCISCO","SAN FRANCISCO",-122.39225006103516,37.785167694091797
91715141,2022,2022-03-04,9335,2022-02-23,1115,019084,,3,1,7,3801,0,1,2,,2,014,"US-101 SOUTHBOUND","23RD STREET OVERCROSSING",230.00,N,N,A,-,Y,SF,,101,,,3.407,H,,L,Y,3,0,1,1,A,-,08,22107,,N,E,I,A,A,H,-,A,D,0,,,,,Y,,D,22,0,1,0,0,0,0,0,0,0,"- ","- ",37.755138397216797,-122.40326690673828,"SAN FRANCISCO","SAN FRANCISCO",-122.4031982421875,37.755142211914062
91715446,2022,2022-03-04,9335,2022-02-25,1300,022667,,5,1,7,3801,0,1,1,,1,081,"I-80 W/B","SPEAR ST U/C",3115.00,E,N,A,-,Y,SF,,80,,,6.442,H,,L,Y,3,0,1,1,A,-,01,23152,A,N,E,I,A,A,H,-,A,D,0,,,,,Y,Y,A,07,0,1,0,0,0,0,0,0,0,"- ","- ",37.794559478759766,-122.38134002685547,"SAN FRANCISCO","SAN FRANCISCO",-122.38151550292969,37.794677734375
91716069,2022,2022-03-07,9335,2022-02-25,0525,022703,,5,3,7,3801,0,1,2,,2,013,"US-101 NORTHBOUND","THE FAITH STREET PEDESTRIAN OVERCROSSING",380.00,S,N,B,-,Y,SF,,101,,,2.538,H,,R,Y,4,0,1,3,A,-,03,22350,,N,C,C,A,A,H,-,D,D,0,,,,,Y,,A,01,0,0,1,0,0,0,0,0,0,"- ","- ",37.743030548095703,-122.40641784667969,"SAN FRANCISCO","SAN FRANCISCO",-122.40634918212891,37.742992401123047
91716076,2022,2022-03-09,9335,2022-02-26,1300,020972,,6,1,7,3801,0,1,2,,2,013,"US-101 NB","CESAR CHAVEZ STREET",1800.00,S,N,A,-,Y,SF,,101,,,2.671,H,,R,Y,3,0,2,2,A,-,07,21658,A,N,C,C,A,A,H,-,A,D,0,,,,,Y,,A,01,0,1,1,0,0,0,0,0,0,"- ","- ",37.74462890625,-122.40518951416016,"SAN FRANCISCO","SAN FRANCISCO",-122.40518188476562,37.74462890625
91718689,2022,2022-03-09,9335,2022-02-14,1545,020991,,1,2,7,3801,0,1,1,,2,023,"I-280 S/B","MISSION ST.",258.00,N,N,A,-,Y,SF,,280,,R,3.172,H,,L,Y,4,0,2,3,A,-,03,22350,,N,C,C,A,A,H,-,A,D,0,,,,,Y,,A,01,0,0,2,0,0,0,0,0,0,"- ","- ",37.731849670410156,-122.42703247070312,"SAN FRANCISCO","SAN FRANCISCO",-122.42704772949219,37.731796264648438
91718974,2022,2022-03-09,9335,2022-03-01,1830,022860,,2,2,7,3801,0,1,2,,2,013,"US 101 SOUTHBOUND","CORTLAND AVE",100.00,S,N,A,-,Y,SF,,101,,,2.253,H,,L,Y,4,0,1,2,A,-,07,21658,A,N,B,C,A,A,H,-,C,D,0,,,,,Y,,A,01,0,0,1,0,0,0,0,0,0,"- ","- ",37.739330291748047,-122.40828704833984,"SAN FRANCISCO","SAN FRANCISCO",-122.40817260742188,37.739326477050781
91725314,2022,2022-03-17,9335,2022-03-07,2245,021754,,1,3,7,3801,0,1,2,,2,013,"US-101 S/B","CORTLAND AVENUE",700.00,S,N,A,-,Y,SF,,101,,,2.137,H,,L,Y,4,0,1,1,A,-,08,22107,,N,B,I,A,A,H,-,C,D,0,,,,,Y,,A,01,0,0,1,0,0,0,0,0,0,"- ","- ",37.737579345703125,-122.40805816650391,"SAN FRANCISCO","SAN FRANCISCO",-122.40797424316406,37.737594604492188
91725564,2022,2022-03-17,9350,2022-03-12,1518,022432,,6,2,7,3801,0,1,3,,2,011,"SR-1 N/B","LAKE STREET",2112.00,N,N,A,-,Y,SF,,1,,,6.214,H,,R,N,4,0,2,2,A,-,08,22107,,N,E,I,A,A,H,-,A,D,0,,,,,Y,,A,07,0,0,2,0,0,0,0,0,0,"- ","- ",37.790851593017578,-122.469970703125,"SAN FRANCISCO","SAN FRANCISCO",-122.46997833251953,37.790851593017578
91726600,2022,2022-03-18,9335,2022-03-04,2248,022271,,5,3,7,3801,0,1,1,,2,080,"I-80 EASTBOUND","2ND STREET",405.00,E,N,B,-,Y,SF,,80,,,5.492,H,,R,Y,3,0,1,2,A,-,01,23152,A,N,C,C,A,A,H,-,C,D,0,,,,,Y,Y,A,01,0,1,0,0,0,0,0,0,0,"- ","- ",37.784488677978516,-122.39334869384766,"SAN FRANCISCO","SAN FRANCISCO",-122.39336395263672,37.784500122070312
91726646,2022,2022-03-18,9335,2022-03-09,0800,020658,,3,1,7,3801,0,1,1,,1,081,"I-80 W/B","YERBA BUENA ISLAND TUNNEL",1056.00,W,N,A,-,Y,SF,,80,,,7.523,H,,L,N,4,0,1,2,A,-,07,21658,A,N,B,C,A,A,H,-,A,D,0,,,Y,,Y,,A,01,0,0,1,0,0,0,0,0,1,"- ","- ",37.806659698486328,-122.368408203125,"SAN FRANCISCO","SAN FRANCISCO",-122.36850738525391,37.806724548339844
91727391,2022,2022-03-21,9335,2022-03-10,0915,022032,,4,1,7,3801,0,1,1,,2,024,"I-280 N/B","20TH ST",20.00,N,N,A,-,Y,SF,,280,,R,6.400,H,,R,Y,4,0,1,2,A,-,07,21658,A,N,B,2,A,A,H,-,A,D,0,,,Y,,Y,,A,07,0,0,1,0,0,0,0,0,1,"- ","- ",37.760379791259766,-122.39234161376953,"SAN FRANCISCO","SAN FRANCISCO",-122.39231109619141,37.760383605957031
91728838,2022,2022-03-22,9350,2022-03-13,0045,022643,,7,3,7,3801,0,1,2,,2,010,"US-101 S/B","NORTH BATTERY TUNNEL",110.00,S,N,B,C,Y,SF,,101,,R,8.843,H,,L,N,3,0,1,1,A,-,03,22350,,N,E,I,A,B,H,-,C,D,0,,,,,Y,Y,A,01,0,1,0,0,0,0,0,0,0,"- ","- ",37.801441192626953,-122.46112823486328,"SAN FRANCISCO","SAN FRANCISCO",-122.46115112304688,37.801540374755859
91730667,2022,2022-03-24,9335,2022-03-10,1430,022860,,4,2,7,3801,1,4,S,,2,901,"POWELL STREET","PACIFIC AVENUE",8.00,S,N,A,-,N,,,,,,,,,,N,2,0,1,2,A,-,10,21950,A,N,G,B,B,A,H,-,A,A,0,Y,,,,Y,,H,17,1,0,0,0,1,0,0,0,0,"- ","- ",37.796428680419922,-122.41011810302734,"SAN FRANCISCO","SAN FRANCISCO",-122.41005706787109,37.796489715576172
91730670,2022,2022-03-24,9335,2022-03-12,0750,022703,,6,1,7,3801,0,1,2,,2,014,"US-101 NORTHBOUND","THE 16TH STREET UNDERCROSSING.",4.00,S,N,A,-,Y,SF,,101,,,4.224,H,,R,Y,4,0,1,2,A,-,03,22350,,N,B,C,A,A,H,-,A,D,0,,,,,Y,,A,01,0,0,1,0,0,0,0,0,0,"- ","- ",37.765941619873047,-122.40493774414062,"SAN FRANCISCO","SAN FRANCISCO",-122.40502166748047,37.765933990478516
91730899,2022,2022-03-24,9335,2022-03-14,1127,019949,,1,1,7,3801,0,1,1,,2,023,"I-280 S/B","ALEMANY BLVD OC",300.00,S,N,A,-,Y,SF,,280,,R,3.817,H,,L,Y,4,0,1,2,A,-,07,21658,A,N,C,C,A,A,H,-,A,D,0,,,,,Y,,A,01,0,0,1,0,0,0,0,0,0,"- ","- ",37.732250213623047,-122.41544342041016,"SAN FRANCISCO","SAN FRANCISCO",-122.4154052734375,37.732158660888672
91733728,2022,2022-03-25,9335,2022-03-15,0702,019949,,2,1,7,3801,0,1,1,,2,022,"I-280 N/B","BADEN STREET OVER CROSSING",900.00,S,N,C,-,Y,,,,,,,,,,Y,4,0,1,1,A,-,08,22107,,N,E,I,A,B,H,-,D,D,0,,,,,Y,,A,01,0,0,1,0,0,0,0,0,0,"- ","- ",,,"SAN FRANCISCO","SAN FRANCISCO",-122.44216156005859,37.728870391845703
91733763,2022,2022-03-25,9335,2022-02-11,1545,019799,,5,2,7,3801,0,1,1,,1,081,"I-80 W/B","SFOBB CENTER ANCHORAGE",800.00,W,N,A,-,Y,SF,,80,,,6.596,H,,L,N,3,0,1,3,A,-,03,22350,,F,C,C,A,A,H,-,A,D,0,,,,,Y,,A,01,0,1,0,0,0,0,0,0,0,"- ","- ",37.796539306640625,-122.37989044189453,"SAN FRANCISCO","SAN FRANCISCO",-122.37966156005859,37.796382904052734
91734420,2022,2022-03-28,9335,2022-02-19,1720,022326,,6,2,7,3801,0,1,2,,2,014,"US-101 N/B","17TH ST",60.00,S,N,A,-,Y,SF,,101,,,4.122,H,,R,N,4,0,3,4,A,-,03,22350,,M,C,C,A,A,H,-,A,D,0,,,,,Y,,-,99,0,0,3,0,0,0,0,0,0,"- ","- ",37.764469146728516,-122.40495300292969,"SAN FRANCISCO","SAN FRANCISCO",-122.40489196777344,37.764472961425781
91734434,2022,2022-03-28,9335,2022-03-17,2004,022823,,4,2,7,3801,0,1,1,,1,083,"I-80 EB","YERBA BUENA ISLAND EAST TUNNEL EDGE",3274.00,E,N,A,-,Y,SF,,80,,R,8.442,H,,R,Y,4,0,1,2,A,-,03,22350,,N,C,C,A,A,H,-,C,D,0,,,,,Y,,A,07,0,0,1,0,0,0,0,0,0,"- ","- ",37.816219329833984,-122.35662841796875,"SAN FRANCISCO","SAN FRANCISCO",-122.35663604736328,37.816230773925781
91734435,2022,2022-06-02,9335,2022-03-18,0905,022703,,5,1,7,3801,0,1,2,,2,014,"US-101 NORTHBOUND","THE FAITH STREET PEDESTRIAN OVERCROSSING.",625.00,S,N,A,-,Y,SF,,101,,,2.489,H,,R,Y,4,0,1,2,A,-,07,21658,A,N,B,C,A,A,H,-,A,D,0,,,,,Y,,A,07,0,0,1,0,0,0,0,0,0,"- ","- ",37.742420196533203,-122.40679931640625,"SAN FRANCISCO","SAN FRANCISCO",-122.40682983398438,37.742431640625
91734451,2022,2022-03-28,9335,2022-03-16,1720,020991,,3,2,7,3801,0,1,2,,2,014,"US-101 S/B","23RD ST",119.00,S,N,A,-,Y,SF,,101,,,3.338,H,,L,N,4,0,1,4,A,-,03,22350,,N,C,C,A,A,H,-,A,D,0,,,,,Y,,A,07,0,0,1,0,0,0,0,0,0,"- ","- ",37.754100799560547,-122.40306091308594,"SAN FRANCISCO","SAN FRANCISCO",-122.40310668945312,37.754096984863281
91738404,2022,2022-03-31,9335,2022-03-22,0719,019949,,2,1,7,3801,0,1,1,,2,023,"I-280 N/B","ALEMANY BLVD",168.00,N,N,A,F,Y,SF,,280,,R,0.537,H,,R,Y,4,0,1,2,A,-,03,22350,,N,C,C,A,A,H,-,A,D,0,,,Y,,Y,,C,02,0,0,1,0,0,0,0,0,1,"- ","- ",37.71044921875,-122.46000671386719,"SAN FRANCISCO","SAN FRANCISCO",-122.46000671386719,37.710418701171875
91738410,2022,2022-03-31,9335,2022-03-22,1630,022823,,2,2,7,3801,0,1,2,,2,014,"US-101 NB","23RD ST OVERCROSSING",50.00,N,N,A,-,Y,SF,,101,,,3.379,H,,R,Y,2,0,1,2,A,-,07,21658,A,N,B,C,A,A,H,-,A,D,0,,,Y,,Y,,A,07,1,0,0,0,0,0,0,0,1,"- ","- ",37.75469970703125,-122.40305328369141,"SAN FRANCISCO","SAN FRANCISCO",-122.4029541015625,37.754707336425781
91738415,2022,2022-08-16,9335,2022-03-16,1535,021756,,3,2,7,3801,0,1,2,,2,013,"US-101 N/B","FAITH ST PEDESTRIAN OVERCROSSING",576.00,N,N,A,-,Y,SF,,101,,,2.724,H,,R,N,4,0,1,2,A,-,07,21658,A,N,D,C,A,A,H,-,A,D,0,,,,,Y,,A,01,0,0,1,0,0,0,0,0,0,"- ","- ",37.745338439941406,-122.40482330322266,"SAN FRANCISCO","SAN FRANCISCO",-122.40491485595703,37.745357513427734
91739510,2022,2022-04-04,9335,2022-03-24,2232,021672,,4,3,7,3801,0,1,1,,2,023,"I-280 S/B TO I-280 S/B","SAN BRUNO AVE",180.00,N,N,A,-,Y,SF,,280,,R,4.359,H,,L,N,3,0,1,1,A,-,01,23152,A,N,E,I,A,A,H,-,C,D,0,,,,,Y,Y,A,07,0,1,0,0,0,0,0,0,0,"- ","- ",37.7353515625,-122.40650177001953,"SAN FRANCISCO","SAN FRANCISCO",-122.40652465820312,37.735408782958984
91740653,2022,2022-04-04,9335,2022-03-29,1126,018804,,2,1,7,3801,0,1,2,,2,013,"US 101 S/B01880","17TH STREET",110.00,N,N,A,-,Y,SF,,101,,,4.160,H,,L,N,4,0,2,2,A,-,03,22350,,N,C,C,A,A,H,-,A,D,0,,,,,Y,,A,01,0,0,2,0,0,0,0,0,0,"- ","- ",37.765010833740234,-122.40509033203125,"SAN FRANCISCO","SAN FRANCISCO",-122.40518188476562,37.765003204345703
91740670,2022,2022-04-05,9335,2022-03-22,0717,019949,,2,1,7,3801,0,1,1,,2,023,"I-280 N/B","ALEMANY BLVD",280.00,N,N,A,F,Y,SF,,280,,R,0.553,H,,R,N,3,0,1,2,A,-,07,21658,A,F,C,C,A,A,H,-,A,D,0,,,,,Y,,A,07,0,1,0,0,0,0,0,0,0,"- ","- ",37.710460662841797,-122.45973968505859,"SAN FRANCISCO","SAN FRANCISCO",-122.45973968505859,37.710422515869141
91740688,2022,2022-04-05,9335,2022-03-27,1940,021390,,7,2,7,3801,0,1,1,,2,024,"I-280 S/B","THE 20TH ST. OVERCROSSING",125.00,S,N,C,-,Y,SF,,280,,R,6.354,H,,L,N,3,0,1,2,A,-,08,22107,,N,C,C,A,B,H,-,D,D,0,,,,,Y,,A,01,0,1,0,0,0,0,0,0,0,"- ","- ",37.759860992431641,-122.39254760742188,"SAN FRANCISCO","SAN FRANCISCO",-122.39244079589844,37.759860992431641
91741386,2022,2022-04-05,9335,2022-03-23,1730,022860,,3,2,7,3801,0,1,2,,2,013,"US-101 N/B","PAUL AVE",200.00,N,N,A,-,Y,SF,,101,,,1.161,H,,R,Y,3,0,2,3,A,-,03,22350,,N,C,C,A,A,H,-,A,D,0,,,,,Y,,A,01,0,1,1,0,0,0,0,0,0,"- ","- ",37.724239349365234,-122.40129089355469,"SAN FRANCISCO","SAN FRANCISCO",-122.40129852294922,37.724239349365234
91742652,2022,2022-04-06,9335,2022-03-25,1315,022802,,5,1,7,3801,0,1,1,,2,023,"I-280 N/B TO I-280 N/B","ALEMANY BLVD O/C",823.00,N,N,A,-,Y,SF,,280,,R,4.027,H,,R,Y,3,0,1,2,A,-,08,22107,,F,B,2,A,A,H,-,A,D,0,,,,,Y,,-,99,0,1,0,0,0,0,0,0,0,"- ","- ",37.733211517333984,-122.41197204589844,"SAN FRANCISCO","SAN FRANCISCO",-122.41199493408203,37.733253479003906
91744530,2022,2022-04-08,9335,2022-03-02,2100,022860,,3,2,7,3801,0,1,1,,1,083,"I-80 EASTBOUND","BEALE STREET",85.00,W,N,A,-,Y,SF,,80,,,5.702,H,,R,N,4,0,1,3,A,-,07,21658,A,M,B,C,A,A,H,-,C,D,0,,,,,Y,,-,99,0,0,1,0,0,0,0,0,0,"- ","- ",37.786411285400391,-122.39038848876953,"SAN FRANCISCO","SAN FRANCISCO",-122.39047241210938,37.786464691162109
91745706,2022,2022-04-11,9335,2022-04-01,2030,017672,,5,2,7,3801,0,1,1,,2,080,"I-80 E/B","NORTHBOUND US-101",1243.00,E,N,A,-,Y,SF,,80,,,4.031,H,,R,N,3,0,3,3,A,-,01,23152,A,F,C,C,A,A,H,-,C,D,0,,,,Y,Y,Y,F,27,0,3,0,0,0,0,0,0,0,"- ","- ",37.768848419189453,-122.40511322021484,"SAN FRANCISCO","SAN FRANCISCO",-122.40512847900391,37.768848419189453
91746449,2022,2022-06-30,9335,2022-03-30,1435,022823,,3,2,7,3801,0,1,1,,2,080,"I-80 EB","2ND ST",200.00,W,N,A,-,Y,SF,,80,,,5.348,H,,R,N,3,0,1,2,A,-,03,22350,,N,B,C,A,A,H,-,A,D,0,,,Y,,Y,,C,02,0,1,0,0,0,0,0,0,1,"- ","- ",37.783031463623047,-122.39517211914062,"SAN FRANCISCO","SAN FRANCISCO",-122.39521026611328,37.783058166503906
91748484,2022,2022-04-14,9335,2022-04-04,1802,022823,,1,2,7,3801,0,1,2,,2,015,"US-101 SB FROM 10TH ST","DIVISION ST",64.00,S,N,A,-,Y,SF,,80,,L,3.996,H,,L,Y,4,0,4,6,A,-,08,22107,,N,B,C,A,A,H,-,A,D,0,,,,,Y,Y,A,01,0,0,4,0,0,0,0,0,0,"- ","- ",37.769050598144531,-122.40711975097656,"SAN FRANCISCO","SAN FRANCISCO",-122.40711975097656,37.768989562988281
91748485,2022,2022-04-14,9335,2022-04-07,1450,021328,,4,2,7,3801,0,1,1,,2,022,"I-280 N/B","OCEAN AVE. OVERCROSSING",1030.00,N,N,A,-,Y,SF,,280,,R,1.977,H,,R,Y,4,0,2,2,A,-,08,22107,,N,B,C,A,A,H,-,A,D,0,,,,,Y,,A,01,0,0,2,0,0,0,0,0,0,"- ","- ",37.725730895996094,-122.44624328613281,"SAN FRANCISCO","SAN FRANCISCO",-122.44627380371094,37.725746154785156
91749275,2022,2022-04-15,9350,2022-03-18,1342,022373,,5,1,7,3801,0,1,2,,2,010,"US 101 SB FROM MERCHANT RD","US 101 SB",10.00,W,N,A,-,Y,,,,,,,,,,N,3,0,1,2,A,-,03,22350,,F,C,C,A,A,H,-,A,D,0,,,,,Y,,-,"- ",0,1,0,0,0,0,0,0,0,"- ","- ",37.806400299072266,-122.47509002685547,"SAN FRANCISCO","SAN FRANCISCO",-122.47483062744141,37.806461334228516
91750376,2022,2022-04-18,9335,2022-04-10,1805,017672,,7,2,7,3801,0,1,1,,1,083,"I-80 E/B","THE NEW TOWER",1426.00,E,N,A,-,Y,SF,,80,,R,8.590,H,,R,N,3,0,1,3,A,-,03,22350,,N,C,C,A,A,H,-,A,D,0,,,,,Y,,A,01,0,1,0,0,0,0,0,0,0,"- ","- ",37.817409515380859,-122.35433959960938,"SAN FRANCISCO","SAN FRANCISCO",-122.35437774658203,37.817451477050781
91750564,2022,2022-04-18,9335,2022-04-11,0810,018053,,1,1,7,3801,0,1,1,,1,083,"I-80 E/B","WEST OF YERBA BUENA ISLAND TUNNEL",8078.00,W,N,C,-,Y,SF,,80,,,6.109,H,,R,Y,4,0,2,2,A,-,03,22350,,N,E,I,A,B,H,-,A,A,0,,,,,Y,,A,01,0,0,2,0,0,0,0,0,0,"- ","- ",37.790969848632812,-122.38553619384766,"SAN FRANCISCO","SAN FRANCISCO",-122.38555145263672,37.790977478027344
91751661,2022,2022-04-19,9335,2022-04-10,0405,022667,,7,3,7,3801,0,1,2,,2,015,"US-101 SB TO I-80 EB","DIVISION ST",320.00,N,N,A,-,Y,SF,,80,,L,3.988,H,,R,Y,3,0,1,1,A,-,08,22107,,N,E,I,A,A,H,-,C,D,0,,,,,Y,,A,01,0,1,0,0,0,0,0,0,0,"- ","- ",37.768978118896484,-122.40622711181641,"SAN FRANCISCO","SAN FRANCISCO",-122.40621948242188,37.768955230712891