CASE_ID,ACCIDENT_YEAR,PROC_DATE,JURIS,COLLISION_DATE,COLLISION_TIME,OFFICER_ID,REPORTING_DISTRICT,DAY_OF_WEEK,CHP_SHIFT,POPULATION,CNTY_CITY_LOC,SPECIAL_COND,BEAT_TYPE,CHP_BEAT_TYPE,CITY_DIVISION_LAPD,CHP_BEAT_CLASS,BEAT_NUMBER,PRIMARY_RD,SECONDARY_RD,DISTANCE,DIRECTION,INTERSECTION,WEATHER_1,WEATHER_2,STATE_HWY_IND,CALTRANS_COUNTY,CALTRANS_DISTRICT,STATE_ROUTE,ROUTE_SUFFIX,POSTMILE_PREFIX,POSTMILE,LOCATION_TYPE,RAMP_INTERSECTION,SIDE_OF_HWY,TOW_AWAY,COLLISION_SEVERITY,NUMBER_KILLED,NUMBER_INJURED,PARTY_COUNT,PRIMARY_COLL_FACTOR,PCF_CODE_OF_VIOL,PCF_VIOL_CATEGORY,PCF_VIOLATION,PCF_VIOL_SUBSECTION,HIT_AND_RUN,TYPE_OF_COLLISION,MVIW,PED_ACTION,ROAD_SURFACE,ROAD_COND_1,ROAD_COND_2,LIGHTING,CONTROL_DEVICE,CHP_ROAD_TYPE,PEDESTRIAN_ACCIDENT,BICYCLE_ACCIDENT,MOTORCYCLE_ACCIDENT,TRUCK_ACCIDENT,NOT_PRIVATE_PROPERTY,ALCOHOL_INVOLVED,STWD_VEHTYPE_AT_FAULT,CHP_VEHTYPE_AT_FAULT,COUNT_SEVERE_INJ,COUNT_VISIBLE_INJ,COUNT_COMPLAINT_PAIN,COUNT_PED_KILLED,COUNT_PED_INJURED,COUNT_BICYCLIST_KILLED,COUNT_BICYCLIST_INJURED,COUNT_MC_KILLED,COUNT_MC_INJURED,PRIMARY_RAMP,SECONDARY_RAMP,LATITUDE,LONGITUDE,COUNTY,CITY,POINT_X,POINT_Y
91752664,2022,2022-04-20,9335,2022-04-17,0010,022271,,7,3,7,3801,0,1,2,,2,015,"US-101 S/B","BRYANT STREET",230.00,S,N,A,-,Y,SF,,101,,R,4.623,H,,L,Y,4,0,1,4,A,-,03,22350,,N,C,C,A,A,H,-,C,D,0,,,,,Y,,A,07,0,0,1,0,0,0,0,0,0,"- ","- ",37.769168853759766,-122.41002655029297,"SAN FRANCISCO","SAN FRANCISCO",-122.41002655029297,37.769187927246094
91752768,2022,2022-04-28,9335,2022-04-18,0600,020658,,1,1,7,3801,0,1,2,,2,013,"US-101 N/B","BLANKEN AVENUE",200.00,S,N,A,-,Y,SF,,101,,,0.142,H,,R,Y,1,1,1,2,A,-,08,22107,,N,E,9,A,A,H,-,B,D,0,,,,,Y,,D,22,0,0,1,0,0,0,0,0,0,"- ","- ",37.710411071777344,-122.39543914794922,"SAN FRANCISCO","SAN FRANCISCO",-122.39533996582031,37.710426330566406
91753001,2022,2022-04-21,9335,2022-04-19,0745,018053,,2,1,7,3801,0,1,1,,2,080,"I-80 W/B","6TH STREET UNDERCROSSING",303.00,E,N,A,-,Y,SF,,80,,,4.727,H,,L,Y,4,0,1,2,A,-,03,22350,,N,C,C,A,A,H,-,A,D,0,,,,,Y,,A,07,0,0,1,0,0,0,0,0,0,"- ","- ",37.777500152587891,-122.40280914306641,"SAN FRANCISCO","SAN FRANCISCO",-122.40281677246094,37.777507781982422
91753014,2022,2022-04-21,9335,2022-04-18,1510,021474,,1,2,7,3801,0,1,2,,2,014,"US-101 S/B","25TH STREET PEDESTRIAN O/C",80.00,N,N,A,-,Y,SF,,101,,,3.357,H,,L,Y,4,0,2,3,A,-,03,22350,,N,C,C,A,A,H,-,A,D,0,,,,,Y,,A,01,0,0,2,0,0,0,0,0,0,"- ","- ",37.754371643066406,-122.40309143066406,"SAN FRANCISCO","SAN FRANCISCO",-122.40312957763672,37.754367828369141
91755962,2022,2022-04-25,9335,2022-04-17,1740,019799,,7,2,7,3801,0,1,1,,2,080,"I-80 W/B","5TH ST. OFF RAMP",500.00,E,N,A,-,Y,SF,,80,,,5.213,H,,L,N,4,0,2,2,A,-,03,22350,,N,C,C,A,A,H,-,A,D,0,,,,,Y,,A,01,0,0,2,0,0,0,0,0,0,"- ","- ",37.781841278076172,-122.39707183837891,"SAN FRANCISCO","SAN FRANCISCO",-122.39712524414062,37.781883239746094
91757206,2022,2022-04-26,9335,2022-04-11,0800,014455,,1,1,7,3801,0,1,1,,1,083,"I-80 E/B","W/OF THE TREASURE ISLAND TUNNEL",150.00,W,N,B,C,Y,SF,,80,,,7.801,H,,R,N,4,0,1,2,A,-,08,22107,,M,B,C,A,B,H,-,A,D,0,,,,,Y,,-,99,0,0,1,0,0,0,0,0,0,"- ","- ",37.809898376464844,-122.36522674560547,"SAN FRANCISCO","SAN FRANCISCO",-122.36526489257812,37.809925079345703
91757234,2022,2022-04-27,9335,2022-04-18,2045,021474,,1,2,7,3801,0,1,2,,2,014,"US-101 S/B","23RD STREET O/C",170.00,N,N,A,-,Y,SF,,101,,,3.399,H,,L,Y,3,0,4,4,A,-,01,23152,A,N,B,C,A,A,H,-,D,D,0,,,,,Y,Y,A,01,0,2,2,0,0,0,0,0,0,"- ","- ",37.755020141601562,-122.40322113037109,"SAN FRANCISCO","SAN FRANCISCO",-122.40319061279297,37.755020141601562
91757810,2022,2022-04-27,9335,2022-04-21,0530,022096,,4,3,7,3801,0,1,1,,1,081,"I-80 W/B","YERBA BUENA ISLAND TUNNEL",188.00,E,N,C,-,Y,SF,,80,,,7.854,H,,L,Y,4,0,1,1,A,-,08,22107,,N,E,I,A,B,H,-,C,D,0,,,,,Y,,A,01,0,0,1,0,0,0,0,0,0,"- ","- ",37.810470581054688,-122.36451721191406,"SAN FRANCISCO","SAN FRANCISCO",-122.36463165283203,37.810535430908203
91758064,2022,2022-04-27,9335,2022-04-20,2105,021474,,3,2,7,3801,0,1,1,,2,022,"I-280 N/B","FARALLONES ST. PEDESTRIAN O/C",75.00,S,N,C,-,Y,SF,,280,,R,1.049,H,,R,N,4,0,1,2,A,-,07,21658,A,N,C,C,A,B,H,-,C,D,0,,,,,Y,,A,01,0,0,1,0,0,0,0,0,0,"- ","- ",37.713451385498047,-122.45195770263672,"SAN FRANCISCO","SAN FRANCISCO",-122.45196533203125,37.713455200195312
91759336,2022,2022-04-28,9335,2022-01-29,2145,022525,,6,2,7,3801,0,1,2,,2,013,"US-101 SB","THE BACON STREET U/C",420.00,N,N,A,-,Y,SF,,101,,,1.333,H,,L,Y,3,0,1,3,A,-,07,21658,A,F,B,C,A,A,H,-,D,D,0,,,,,Y,,A,01,0,1,0,0,0,0,0,0,0,"- ","- ",37.726680755615234,-122.40248870849609,"SAN FRANCISCO","SAN FRANCISCO",-122.40251159667969,37.726673126220703
91765098,2022,2022-05-05,9335,2022-04-26,2258,021301,,2,3,7,3801,0,1,2,,2,015,"US-101 S/B","ALAMEDA ST",310.00,S,N,A,-,Y,SF,,101,,R,4.335,H,,L,N,4,0,1,2,A,-,08,22107,,N,C,2,A,A,H,-,D,D,0,,,Y,,Y,,A,01,0,0,1,0,0,0,0,0,0,"- ","- ",37.767501831054688,-122.40550231933594,"SAN FRANCISCO","SAN FRANCISCO",-122.40552520751953,37.767494201660156
91765099,2022,2022-05-05,9335,2022-04-25,1434,021424,,1,2,7,3801,0,1,2,,2,013,"US-101 S/B","FAITH STREET PEDESTRIAN OVERCROSSING",100.00,N,N,A,-,Y,SF,,101,,,2.634,H,,L,N,3,0,2,2,A,-,03,22350,,N,C,C,A,A,H,-,A,D,0,,,,,Y,,A,01,0,1,1,0,0,0,0,0,0,"- ","- ",37.744209289550781,-122.40561676025391,"SAN FRANCISCO","SAN FRANCISCO",-122.40565490722656,37.744224548339844
91768165,2022,2022-05-10,9335,2022-05-02,0933,019949,,1,1,7,3801,0,1,1,,2,022,"I-280 N/B","BADEN ST",1000.00,S,N,A,-,Y,,,,,,,,,,Y,4,0,2,1,A,-,08,22107,,N,E,8,A,A,H,-,A,D,0,,,,,Y,,A,01,0,0,2,0,0,0,0,0,0,"- ","- ",37.728908538818359,-121.44206237792969,"SAN FRANCISCO","SAN FRANCISCO",-122.44246673583984,37.728733062744141
91768415,2022,2022-05-10,9335,2022-04-22,0015,022802,,5,3,7,3801,0,1,2,,2,012,"US-101 N/B TO I-380 W/B","THE SAN BRUNO AVE O/C",450.00,S,N,A,-,Y,SM,,101,,R,20.298,H,,R,N,4,0,1,3,A,-,07,21658,A,F,C,C,A,A,H,-,C,D,0,,,,,Y,,A,07,0,0,1,0,0,0,0,0,0,"- ","- ",37.630111694335938,-122.40223693847656,"SAN FRANCISCO","SAN FRANCISCO",-122.40244293212891,37.630092620849609
91773802,2022,2022-05-17,9335,2022-05-05,0006,022860,,4,3,7,3801,0,1,1,,2,080,"I-80 E/B","7TH STREET UNDERCROSSING",386.00,E,N,A,-,Y,SF,,80,,,4.557,H,,R,N,4,0,1,2,A,-,03,22350,,N,C,C,A,A,H,-,C,D,0,,,,,Y,,A,01,0,0,1,0,0,0,0,0,0,"- ","- ",37.775909423828125,-122.40496826171875,"SAN FRANCISCO","SAN FRANCISCO",-122.40494537353516,37.775890350341797
91773911,2022,2022-05-17,9335,2022-05-06,0915,020658,,5,1,7,3801,0,1,1,,2,022,"I-280 N/B","FARRALLONES STREET PEDESTRIAN OVER-CROSSING",1267.00,N,N,A,-,Y,SF,,280,,R,1.306,H,,R,Y,3,0,1,2,A,-,07,21658,A,N,B,C,A,A,H,-,A,D,0,,,,,Y,,A,01,0,1,0,0,0,0,0,0,0,"- ","- ",37.716461181640625,-122.44924163818359,"SAN FRANCISCO","SAN FRANCISCO",-122.448974609375,37.716377258300781
91774883,2022,2022-05-18,9335,2022-04-30,0145,022486,,6,3,7,3801,0,1,2,,2,015,"US-101 S/B TO I-80 E/B","DIVISION STREET UNDERCROSSING",65.00,S,N,A,-,Y,SF,,80,,L,4.072,H,,R,Y,3,0,2,1,A,-,01,23152,A,N,E,I,A,A,H,-,C,D,0,,,Y,,Y,Y,C,02,0,2,0,0,0,0,0,0,2,"- ","- ",37.76953125,-122.40541839599609,"SAN FRANCISCO","SAN FRANCISCO",-122.40547180175781,37.769546508789062
91775021,2022,2022-05-18,9335,2022-05-08,0305,022667,,7,3,7,3801,0,1,1,,1,083,"I-80 E/B","TREASURE ISLAND RD O/C",580.00,E,N,A,-,Y,SF,,80,,,7.831,H,,R,Y,3,0,2,2,A,-,01,23152,A,F,C,2,A,A,H,-,C,D,0,,,,,Y,Y,A,01,0,1,1,0,0,0,0,0,0,"- ","- ",37.810291290283203,-122.36493682861328,"SAN FRANCISCO","SAN FRANCISCO",-122.36489105224609,37.810260772705078
91775861,2022,2022-05-19,9335,2022-05-10,1228,019434,,2,1,7,3801,0,1,1,,2,022,"I-280 N/B","FARALLONES ST PED. O/C",250.00,S,N,A,-,Y,SF,,280,,R,1.016,H,,R,Y,3,0,2,2,A,-,07,21658,A,N,B,C,A,A,H,-,A,D,0,,,,,Y,,A,01,0,1,1,0,0,0,0,0,0,"- ","- ",37.713069915771484,-122.45234680175781,"SAN FRANCISCO","SAN FRANCISCO",-122.45238494873047,37.713096618652344
91775894,2022,2022-05-19,9335,2022-05-10,1440,018688,,2,2,7,3801,0,1,1,,2,080,"I-80 E/B","6TH ST.",10.00,W,N,A,G,Y,SF,,80,,,4.649,H,,R,N,4,0,1,2,A,-,03,22350,,F,C,C,A,A,H,-,A,D,0,,,,,Y,,A,08,0,0,1,0,0,0,0,0,0,"- ","- ",37.776748657226562,-122.40367126464844,"SAN FRANCISCO","SAN FRANCISCO",-122.40369415283203,37.776775360107422
91776322,2022,2022-05-19,9335,2022-05-18,1418,018688,,3,2,7,3801,0,1,1,,1,081,"I-80 W/B","BEALE ST.",94.00,E,N,A,-,Y,SF,,80,,,5.746,H,,L,N,4,0,1,2,A,-,07,21658,A,N,B,C,A,A,H,-,A,D,0,,,,,Y,,A,01,0,0,1,0,0,0,0,0,0,"- ","- ",37.786941528320312,-122.38992309570312,"SAN FRANCISCO","SAN FRANCISCO",-122.38993835449219,37.786952972412109
91777244,2022,2022-05-23,9335,2022-05-14,1920,021957,,6,2,7,3801,0,1,2,,2,013,"US-101 S/B","SILVER AVE. O/C",1645.00,N,N,A,-,Y,SF,,101,,,2.082,H,,L,N,3,0,1,1,A,-,08,22107,,N,E,I,A,A,H,-,A,D,0,,,,,Y,,A,01,0,1,0,0,0,0,0,0,0,"- ","- ",37.736778259277344,-122.40779113769531,"SAN FRANCISCO","SAN FRANCISCO",-122.40771484375,37.736797332763672
91777983,2022,2022-05-23,9335,2022-05-07,2350,022486,,6,3,7,3801,0,1,1,,1,081,"I-80 W/B","MAIN STREET",1055.00,E,N,A,-,Y,SF,,80,,,5.990,H,,L,Y,3,0,1,1,A,-,08,22107,,N,E,I,A,A,H,-,C,D,0,,,,,Y,,A,07,0,1,0,0,0,0,0,0,0,"- ","- ",37.789558410644531,-122.38686370849609,"SAN FRANCISCO","SAN FRANCISCO",-122.38699340820312,37.789649963378906
91778138,2022,2022-05-23,9335,2022-05-13,1143,018804,,5,1,7,3801,0,1,1,,2,024,"I-280 N/B","18TH STREET",140.00,S,N,A,-,Y,SF,,280,,R,6.605,H,,R,N,3,0,1,2,A,-,03,22350,,N,C,C,A,A,H,-,A,D,0,,,Y,,Y,,C,02,0,1,0,0,0,0,0,0,1,"- ","- ",37.762851715087891,-122.39266967773438,"SAN FRANCISCO","SAN FRANCISCO",-122.39258575439453,37.762855529785156
91778377,2022,2022-05-23,9335,2022-05-13,2315,022667,,5,3,7,3801,0,1,2,,2,013,"US-101 S/B","BACON ST U/C",420.00,S,N,A,-,Y,SF,,101,,,1.332,H,,L,N,4,0,2,2,A,-,07,21658,A,N,B,C,A,A,H,-,C,D,0,,,,,Y,,A,01,0,0,2,0,0,0,0,0,0,"- ","- ",37.726661682128906,-122.40249633789062,"SAN FRANCISCO","SAN FRANCISCO",-122.40250396728516,37.726657867431641
91778502,2022,2022-05-24,9335,2022-05-16,0653,019949,,1,1,7,3801,0,1,1,,2,022,"I-280 N/B","BADEN ST",300.00,S,N,A,-,Y,,,,,,,,,,Y,4,0,1,1,C,-,18,,,N,F,I,A,A,H,-,A,D,0,,,,,Y,,-,"- ",0,0,1,0,0,0,0,0,0,"- ","- ",37.729469299316406,-121.44062805175781,"SAN FRANCISCO","SAN FRANCISCO",-122.44032287597656,37.729633331298828
91783055,2022,2022-05-27,9335,2022-05-18,1820,021756,,3,2,7,3801,0,1,2,,2,015,"US-101 NORTHBOUND","MISSION ST",102.00,S,N,A,-,Y,SF,,101,,M,5.203,H,,R,N,4,0,1,2,A,-,03,22350,,N,C,C,A,A,H,-,A,D,0,,,,,Y,,A,01,0,0,1,0,0,0,0,0,0,"- ","- ",37.770111083984375,-122.41944122314453,"SAN FRANCISCO","SAN FRANCISCO",-122.41944122314453,37.770092010498047
91783298,2022,2022-05-27,9335,2022-05-19,2215,022468,,4,3,7,3801,0,1,2,,2,014,"US-101 S/B TO I-280 S/B","ALEMANY BLVD",90.00,N,N,A,-,Y,SF,,101,,,2.147,H,,L,Y,4,0,2,2,A,-,01,23152,A,N,C,C,A,A,H,-,C,D,0,,,,,Y,Y,A,01,0,0,2,0,0,0,0,0,0,"- ","- ",37.737720489501953,-122.40818786621094,"SAN FRANCISCO","SAN FRANCISCO",-122.40800476074219,37.737743377685547
91784272,2022,2022-05-30,9335,2022-05-15,1700,022802,,7,2,7,3801,0,1,2,,2,013,"US-101 N/B","THE BACON ST U/C",620.00,S,N,A,-,Y,SF,,101,,,1.301,H,,R,Y,3,0,2,3,C,-,18,,,F,E,A,A,A,H,-,A,D,0,,,,,Y,Y,-,"- ",0,1,1,0,0,0,0,0,0,"- ","- ",37.726238250732422,-122.40202331542969,"SAN FRANCISCO","SAN FRANCISCO",-122.40204620361328,37.726234436035156
91784570,2022,2022-05-31,9335,2022-05-20,1700,022795,,5,2,7,3801,0,1,1,,2,023,"I-280 NORTHBOUND","THE ALEMANY BOULEVARD OVERCROSSING",1056.00,S,N,A,-,Y,SF,,280,,R,3.649,H,,R,N,4,0,2,2,A,-,03,22350,,N,C,C,A,A,H,-,A,D,0,,,,,Y,,A,07,0,0,2,0,0,0,0,0,0,"- ","- ",37.731868743896484,-122.41845703125,"SAN FRANCISCO","SAN FRANCISCO",-122.41845703125,37.731864929199219
91786878,2022,2022-06-02,9335,2022-05-22,1855,022241,,7,2,7,3801,0,1,2,,2,014,"US-101 N/B","23RD STREET OVERCROSSING",1305.00,N,N,A,-,Y,,,,,,,,,,Y,3,0,2,2,A,-,01,23152,G,N,E,I,A,A,H,-,A,D,0,,,Y,,Y,Y,A,01,0,1,1,0,0,0,0,0,1,"- ","- ",37.758018493652344,-121.40438842773438,"SAN FRANCISCO","SAN FRANCISCO",-122.40428924560547,37.7578125
91787228,2022,2022-06-02,9335,2022-05-27,1215,020658,,5,1,7,3801,0,1,2,,2,013,"US-101 N/B","ALEMANY BLVD",535.00,N,N,A,-,Y,SF,,101,,,2.251,H,,R,Y,2,0,1,1,A,-,08,22107,,N,F,A,A,A,H,-,A,D,0,,,Y,,Y,,C,02,1,0,0,0,0,0,0,0,1,"- ","- ",37.739280700683594,-122.40805816650391,"SAN FRANCISCO","SAN FRANCISCO",-122.40800476074219,37.739280700683594
91787297,2022,2022-06-02,9335,2022-03-24,2234,022468,,4,3,7,3801,0,1,1,,2,023,"I-280 S/B","SAN BRUNO AVE",215.00,N,N,A,-,Y,SF,,280,,R,4.368,H,,L,Y,3,0,1,2,A,-,01,23152,A,N,B,C,A,A,H,-,D,D,0,,,,,Y,Y,A,07,0,1,0,0,0,0,0,0,0,"- ","- ",37.735420227050781,-122.40634918212891,"SAN FRANCISCO","SAN FRANCISCO",-122.40636444091797,37.735454559326172
91787782,2022,2022-06-17,9350,2022-05-31,0810,017729,,2,1,7,3801,0,1,2,,2,020,"US-101 S/B","GOLDEN GATE BRIDGE TOLL PLAZA",20.00,N,N,A,-,Y,,,,,,,,,,N,4,0,1,1,A,-,03,22350,,N,E,I,A,A,H,-,A,D,0,,,,,Y,,M,50,0,0,1,0,0,0,0,0,0,"- ","- ",37.807220458984375,-122.47577667236328,"SAN FRANCISCO","SAN FRANCISCO",-122.47578430175781,37.807212829589844
91790265,2022,2022-06-07,9335,2022-04-10,1230,022032,,7,1,7,3801,0,1,2,,2,013,"US-101 N/B","SILVER AVE",190.00,N,N,A,-,Y,SF,,101,,,1.814,H,,R,N,4,0,1,2,A,-,03,22350,,F,C,C,A,A,H,-,A,D,0,,,,,Y,,-,99,0,0,1,0,0,0,0,0,0,"- ","- ",37.733238220214844,-122.40550231933594,"SAN FRANCISCO","SAN FRANCISCO",-122.40547180175781,37.733249664306641
91791257,2022,2022-06-08,9335,2022-06-01,0710,021099,,3,1,7,3801,0,1,2,,2,015,"US-101 N/B","BRANNAN ST UNDER-CROSSING",116.00,S,N,B,-,Y,SF,,101,,R,4.505,H,,R,N,4,0,1,2,A,-,07,21658,A,N,B,C,A,A,H,-,A,D,0,,,Y,,Y,,A,01,0,0,1,0,0,0,0,0,1,"- ","- ",37.769309997558594,-122.40727233886719,"SAN FRANCISCO","SAN FRANCISCO",-122.40729522705078,37.769290924072266
91792167,2022,2022-06-09,9335,2022-05-31,0819,018053,,2,1,7,3801,0,1,1,,1,083,"I-80 E/B","YERBA BUENA ISLAND TUNNEL WEST EDGE",500.00,W,N,A,-,Y,SF,,80,,,7.605,H,,R,Y,4,0,3,3,A,-,03,22350,,N,C,C,A,A,H,-,A,D,0,,,,,Y,,A,01,0,0,3,0,0,0,0,0,0,"- ","- ",37.80767822265625,-122.36759185791016,"SAN FRANCISCO","SAN FRANCISCO",-122.36753082275391,37.807640075683594
91792230,2022,2022-06-10,9335,2022-05-29,0223,022271,,7,3,7,3801,0,1,2,,2,015,"US-101 S/B TO I-80 E/B","BRANNAN STREET",650.00,N,N,A,-,Y,SF,,80,,L,4.043,H,,R,Y,2,0,1,2,A,-,01,23152,A,N,C,2,A,A,H,-,C,D,0,,,,,Y,Y,A,01,1,0,0,0,0,0,0,0,0,"- ","- ",37.769241333007812,-122.40558624267578,"SAN FRANCISCO","SAN FRANCISCO",-122.4056396484375,37.769264221191406
91792899,2022,2022-06-10,9335,2022-05-29,1750,021222,,7,2,7,3801,0,1,1,,2,080,"I-80 EASTBOUND TO 7TH STREET","8TH STREET",330.00,E,N,A,-,Y,SF,,80,,,4.367,H,,R,Y,3,0,2,3,A,-,07,21658,A,N,B,C,A,A,H,-,A,D,0,,,,,Y,,A,01,0,1,1,0,0,0,0,0,0,"- ","- ",37.773418426513672,-122.40641021728516,"SAN FRANCISCO","SAN FRANCISCO",-122.40653991699219,37.7734375
91794139,2022,2022-06-13,9335,2022-06-04,0040,022703,,6,3,7,3801,0,1,1,,1,081,"I-80 WESTBOUND","THE NORTH GATE ROAD UNDERCROSSING",530.00,W,N,A,-,Y,SF,,80,,R,8.205,H,,L,Y,4,0,1,2,A,-,03,22350,,N,C,C,A,A,H,-,C,D,0,,,,,Y,,A,01,0,0,1,0,0,0,0,0,0,"- ","- ",37.814498901367188,-122.3604736328125,"SAN FRANCISCO","SAN FRANCISCO",-122.36050415039062,37.814533233642578
91794847,2022,2022-06-14,9335,2022-06-03,2353,022823,,5,3,7,3801,0,1,1,,1,083,"I-80 E/B","THE EMBARCADERO UNDERCROSSING",240.00,E,N,A,-,Y,SF,,80,,,5.964,H,,R,Y,4,0,1,1,A,-,01,23152,G,N,E,I,A,A,H,-,C,D,0,,,,,Y,Y,A,07,0,0,1,0,0,0,0,0,0,"- ","- ",37.789398193359375,-122.38733673095703,"SAN FRANCISCO","SAN FRANCISCO",-122.38729858398438,37.789371490478516
91794871,2022,2022-06-14,9335,2022-06-07,1710,021474,,2,2,7,3801,0,1,1,,2,024,"I-280 N/B","20TH ST. O/C",90.00,S,N,A,-,Y,SF,,280,,R,6.366,H,,R,Y,4,0,2,2,A,-,03,22350,,N,C,C,A,A,H,-,A,D,0,,,,,Y,,A,01,0,0,2,0,0,0,0,0,0,"- ","- ",37.759998321533203,-122.39219665527344,"SAN FRANCISCO","SAN FRANCISCO",-122.39227294921875,37.759994506835938
91795006,2022,2022-06-14,9335,2022-06-09,0730,020658,,4,1,7,3801,0,1,1,,1,081,"I-80 W/B","SPEAR STREET",100.00,E,N,A,-,Y,SF,,80,,,5.878,H,,L,N,4,0,1,3,A,-,03,22350,,N,B,C,A,A,H,-,A,D,0,,,Y,,Y,,C,02,0,0,1,0,0,0,0,0,1,"- ","- ",37.788341522216797,-122.38823699951172,"SAN FRANCISCO","SAN FRANCISCO",-122.38834381103516,37.788414001464844
91795071,2022,2022-06-14,9335,2022-05-19,1820,022241,,4,2,7,3801,0,1,2,,2,013,"US-101 S/B FROM CESAR CHAVEZ ST. E/B","CESAR CHAVEZ STREET",170.00,S,N,A,-,Y,,,,,,,,,,N,4,0,3,2,A,-,03,22350,,N,C,C,A,A,H,-,A,D,0,,,,,Y,,A,01,0,0,3,0,0,0,0,0,0,"- ","- ",37.748600006103516,-122.40483093261719,"SAN FRANCISCO","SAN FRANCISCO",-122.40483093261719,37.748600006103516
91795168,2022,2022-06-20,9335,2022-06-06,1525,021886,,1,2,7,3801,0,1,2,,2,014,"US-101 N/B","CESAR CHAVEZ U/C",268.00,N,N,A,-,Y,SF,,101,,,3.073,H,,R,N,3,0,1,4,A,-,01,23152,A,N,C,C,A,A,H,-,A,D,0,,,,,Y,Y,A,01,0,1,0,0,0,0,0,0,0,"- ","- ",37.750278472900391,-122.40328216552734,"SAN FRANCISCO","SAN FRANCISCO",-122.40332794189453,37.750289916992188
91796118,2022,2022-06-15,9335,2022-06-10,0605,020972,,5,1,7,3801,0,1,1,,2,023,"I-280 N/B TO US-101 N/B","SAN BRUNO AVE",1000.00,S,N,A,-,Y,SF,,280,,R,4.046,H,,R,Y,4,0,1,1,A,-,08,22107,,N,E,J,A,A,H,-,A,D,0,,,,,Y,,A,01,0,0,1,0,0,0,0,0,0,"- ","- ",37.733428955078125,-122.41172790527344,"SAN FRANCISCO","SAN FRANCISCO",-122.41169738769531,37.733379364013672
91796723,2022,2022-06-16,9335,2022-03-10,1400,022795,,4,2,7,3801,0,1,1,,2,080,"I-80 EASTBOUND","BEALE STREET UNDERCROSSING",815.00,W,N,A,-,Y,SF,,80,,,5.563,H,,R,N,4,0,1,4,A,-,03,22350,,M,C,C,A,A,H,-,A,D,0,,,,,Y,,D,22,0,0,1,0,0,0,0,0,0,"- ","- ",37.785079956054688,-122.39234161376953,"SAN FRANCISCO","SAN FRANCISCO",-122.39236450195312,37.785106658935547
91797014,2022,2022-06-16,9335,2022-06-04,1220,020972,,6,1,7,3801,0,1,2,,2,013,"US-101 N/B","23RD STREET",388.00,S,N,A,-,Y,SF,,101,,,3.288,H,,R,N,4,0,1,2,A,-,03,22350,,N,C,C,A,A,H,-,A,D,0,,,,,Y,,A,01,0,0,1,0,0,0,0,0,0,"- ","- ",37.753379821777344,-122.40286254882812,"SAN FRANCISCO","SAN FRANCISCO",-122.40283203125,37.753379821777344
91797552,2022,2022-06-17,9350,2022-06-10,2211,022606,,5,3,7,3801,0,1,2,,2,010,"US-101 N/B","GIRARD RD",1150.00,N,N,A,-,Y,SF,,101,,R,8.523,H,,R,Y,3,0,1,1,A,-,08,22107,,N,E,8,A,A,H,-,C,D,0,,,,,Y,,A,01,0,1,0,0,0,0,0,0,0,"- ","- ",37.803169250488281,-122.45549774169922,"SAN FRANCISCO","SAN FRANCISCO",-122.45549774169922,37.803173065185547