CASE_ID,ACCIDENT_YEAR,PROC_DATE,JURIS,COLLISION_DATE,COLLISION_TIME,OFFICER_ID,REPORTING_DISTRICT,DAY_OF_WEEK,CHP_SHIFT,POPULATION,CNTY_CITY_LOC,SPECIAL_COND,BEAT_TYPE,CHP_BEAT_TYPE,CITY_DIVISION_LAPD,CHP_BEAT_CLASS,BEAT_NUMBER,PRIMARY_RD,SECONDARY_RD,DISTANCE,DIRECTION,INTERSECTION,WEATHER_1,WEATHER_2,STATE_HWY_IND,CALTRANS_COUNTY,CALTRANS_DISTRICT,STATE_ROUTE,ROUTE_SUFFIX,POSTMILE_PREFIX,POSTMILE,LOCATION_TYPE,RAMP_INTERSECTION,SIDE_OF_HWY,TOW_AWAY,COLLISION_SEVERITY,NUMBER_KILLED,NUMBER_INJURED,PARTY_COUNT,PRIMARY_COLL_FACTOR,PCF_CODE_OF_VIOL,PCF_VIOL_CATEGORY,PCF_VIOLATION,PCF_VIOL_SUBSECTION,HIT_AND_RUN,TYPE_OF_COLLISION,MVIW,PED_ACTION,ROAD_SURFACE,ROAD_COND_1,ROAD_COND_2,LIGHTING,CONTROL_DEVICE,CHP_ROAD_TYPE,PEDESTRIAN_ACCIDENT,BICYCLE_ACCIDENT,MOTORCYCLE_ACCIDENT,TRUCK_ACCIDENT,NOT_PRIVATE_PROPERTY,ALCOHOL_INVOLVED,STWD_VEHTYPE_AT_FAULT,CHP_VEHTYPE_AT_FAULT,COUNT_SEVERE_INJ,COUNT_VISIBLE_INJ,COUNT_COMPLAINT_PAIN,COUNT_PED_KILLED,COUNT_PED_INJURED,COUNT_BICYCLIST_KILLED,COUNT_BICYCLIST_INJURED,COUNT_MC_KILLED,COUNT_MC_INJURED,PRIMARY_RAMP,SECONDARY_RAMP,LATITUDE,LONGITUDE,COUNTY,CITY,POINT_X,POINT_Y
91798855,2022,2022-06-20,9335,2022-06-10,0120,022241,,5,3,7,3801,0,1,2,,2,013,"US-101 N/B","PAUL AVENUE",219.00,N,N,A,-,Y,SF,,101,,,1.171,H,,R,Y,4,0,1,4,A,-,03,22350,,N,C,C,A,A,H,-,A,D,0,,,,,Y,,A,08,0,0,1,0,0,0,0,0,0,"- ","- ",37.724380493164062,-122.40135192871094,"SAN FRANCISCO","SAN FRANCISCO",-122.40135192871094,37.724380493164062
91799021,2022,2022-06-20,9335,2022-06-12,0150,022468,,7,3,7,3801,0,1,2,,2,014,"US-101 N/B","18TH STREET PEDESTRIAN O/C",825.00,S,N,A,-,Y,SF,,101,,,3.789,H,,R,Y,4,0,1,2,A,-,03,22350,,N,C,C,A,A,H,-,A,D,0,,,,,Y,,A,01,0,0,1,0,0,0,0,0,0,"- ","- ",37.759860992431641,-122.40614318847656,"SAN FRANCISCO","SAN FRANCISCO",-122.40620422363281,37.759849548339844
91799050,2022,2022-06-20,9335,2022-05-21,0307,022860,,6,3,7,3801,0,1,2,,2,014,"US-101 N/B","22ND STREET PEDESTRIAN OVERCROSSING",75.00,S,N,A,-,Y,SF,,101,,,3.507,H,,R,Y,2,0,3,3,A,-,01,23152,A,F,C,2,A,A,D,E,C,A,0,,,,,Y,Y,A,07,1,1,1,0,0,0,0,0,0,"- ","- ",37.756679534912109,-122.40335083007812,"SAN FRANCISCO","SAN FRANCISCO",-122.40328979492188,37.756694793701172
91799150,2022,2022-06-20,9335,2022-06-06,1620,022795,,1,2,7,3801,0,1,2,,2,013,"US-101 SOUTHBOUND","SILVER AVENUE",850.00,N,N,A,-,Y,SF,,101,,,1.937,H,,L,Y,4,0,3,2,A,-,03,22350,,N,C,C,A,A,H,-,A,D,0,,,,,Y,,A,07,0,0,3,0,0,0,0,0,0,"- ","- ",37.734779357910156,-122.40670776367188,"SAN FRANCISCO","SAN FRANCISCO",-122.40664672851562,37.734806060791016
91801102,2022,2022-06-22,9335,2022-06-18,2030,021222,,6,2,7,3801,0,1,1,,2,023,"I-280 NORTHBOUND","MISSION STREET",230.00,S,N,A,-,Y,SF,,280,,R,3.047,H,,R,Y,4,0,1,1,A,-,08,22107,,N,E,8,A,A,H,-,C,D,0,,,,,Y,,A,07,0,0,1,0,0,0,0,0,0,"- ","- ",37.732009887695312,-122.42936706542969,"SAN FRANCISCO","SAN FRANCISCO",-122.42935180664062,37.732078552246094
91801297,2022,2022-06-22,9335,2022-04-27,0633,014455,,3,1,7,3801,0,1,1,,1,083,"E/B I-80","TREASURE ISLAND TUNNEL ENTRANCE",3696.00,W,N,A,-,Y,SF,,80,,,7.442,H,,R,N,3,0,4,2,A,-,03,22350,,F,C,C,A,A,H,-,A,D,0,,,,,Y,,A,01,0,2,2,0,0,0,0,0,0,"- ","- ",37.805858612060547,-122.36953735351562,"SAN FRANCISCO","SAN FRANCISCO",-122.36947631835938,37.805820465087891
91802290,2022,2022-06-23,9335,2022-03-04,0150,022241,,5,3,7,3801,0,1,2,,2,014,"US-101 S/B","16TH STREET UNDERCROSSING",211.00,N,N,A,-,Y,SF,,101,,R,4.273,H,,L,Y,3,0,1,2,A,-,07,21658,A,F,B,C,A,A,H,-,D,D,0,,,,,Y,,A,01,0,1,0,0,0,0,0,0,0,"- ","- ",37.766620635986328,-122.40531158447266,"SAN FRANCISCO","SAN FRANCISCO",-122.40538787841797,37.766613006591797
91805218,2022,2022-06-28,9335,2022-06-20,2230,022096,,1,3,7,3801,0,1,1,,1,083,"I-80 E/B","THE EMBARCADERO",764.00,E,N,A,-,Y,SF,,80,,,6.066,H,,R,Y,4,0,2,1,A,-,08,22107,,N,E,I,A,A,H,-,C,D,0,,,,,Y,,A,08,0,0,2,0,0,0,0,0,0,"- ","- ",37.790409088134766,-122.38593292236328,"SAN FRANCISCO","SAN FRANCISCO",-122.38607025146484,37.790504455566406
91805267,2022,2022-06-28,9335,2022-06-24,1154,020384,,5,1,7,3801,0,1,1,,2,080,"I-80 W/B","7TH STREET",400.00,W,N,A,-,Y,SF,,80,,,4.416,H,,L,Y,4,0,1,2,A,-,03,22350,,N,C,C,A,A,H,-,A,D,0,,,,,Y,,A,01,0,0,1,0,0,0,0,0,0,"- ","- ",37.774280548095703,-122.40664672851562,"SAN FRANCISCO","SAN FRANCISCO",-122.40670013427734,37.7742919921875
91805346,2022,2022-06-28,9335,2022-06-20,1020,022860,,1,1,7,3801,0,1,1,,2,024,"I-280 N/B","BAYSHORE BLVD UNDERCROSSING",145.00,N,N,A,-,Y,SF,,280,,R,4.394,H,,R,N,4,0,2,2,A,-,03,22350,,N,C,C,A,A,D,E,A,D,0,,,,,Y,,A,07,0,0,2,0,0,0,0,0,0,"- ","- ",37.735519409179688,-122.40582275390625,"SAN FRANCISCO","SAN FRANCISCO",-122.40581512451172,37.735511779785156
91806022,2022,2022-06-29,9335,2022-06-20,0703,022860,,1,1,7,3801,0,1,2,,2,015,"US-101 S/B","15TH STREET UNDERCROSSING (NORTH ROAD EDGE)",2.00,S,N,A,-,Y,SF,,101,,R,4.319,H,,L,N,4,0,1,3,A,-,03,22350,,N,C,C,A,A,H,-,A,D,0,,,,,Y,,A,01,0,0,1,0,0,0,0,0,0,"- ","- ",37.767269134521484,-122.40544891357422,"SAN FRANCISCO","SAN FRANCISCO",-122.40547943115234,37.767269134521484
91807171,2022,2022-06-30,9335,2022-06-19,1150,022823,,7,1,7,3801,0,1,1,,2,024,"I-280 N/B TO 6TH ST.","BRANNAN ST.",578.00,S,N,A,-,Y,SF,,280,,T,7.427,H,,R,Y,4,0,3,2,A,-,03,22350,,N,C,C,A,A,H,-,A,D,0,,,,,Y,,A,08,0,0,3,0,0,0,0,0,0,"- ","- ",37.773578643798828,-122.39958953857422,"SAN FRANCISCO","SAN FRANCISCO",-122.39961242675781,37.773563385009766
91809782,2022,2022-07-04,9335,2022-06-24,1947,022486,,5,2,7,3801,0,1,1,,1,083,"I-80 E/B","TREASURE ISLAND RD",5808.00,W,N,A,-,Y,SF,,80,,,6.633,H,,R,Y,3,0,1,1,A,-,03,22350,,N,F,A,A,A,H,-,A,D,0,,,Y,,Y,,C,02,0,1,0,0,0,0,0,0,1,"- ","- ",37.79669189453125,-122.37905120849609,"SAN FRANCISCO","SAN FRANCISCO",-122.37920379638672,37.796794891357422
91810448,2022,2022-07-05,9335,2022-06-29,1213,022860,,3,1,7,3801,0,1,1,,2,022,"I-280 S/B","ST CHARLES AVE OVERCROSSING",2.00,N,N,A,-,Y,SM,,280,,M,27.432,H,,L,Y,3,0,1,1,A,-,08,22107,,N,E,I,A,A,H,-,A,D,0,,,,,Y,,A,01,0,1,0,0,0,0,0,0,0,"- ","- ",37.708320617675781,-122.46903991699219,"SAN FRANCISCO","SAN FRANCISCO",-122.46893310546875,37.708255767822266
91811553,2022,2022-08-03,9335,2022-06-18,1455,021222,,6,2,7,3801,0,1,1,,1,081,"I-80 WESTBOUND","TREASURE ISLAND ROAD",600.00,W,N,A,-,Y,SF,,80,,,7.606,H,,L,N,4,0,1,2,A,-,03,22350,,F,C,C,A,A,H,-,A,D,0,,,,,Y,,-,99,0,0,1,0,0,0,0,0,0,"- ","- ",37.807598114013672,-122.36743927001953,"SAN FRANCISCO","SAN FRANCISCO",-122.36751556396484,37.807651519775391
91814553,2022,2022-07-11,9335,2022-06-24,2145,022525,,5,2,7,3801,0,1,1,,2,023,"I-280 N/B","ST. MARY'S PARK FOOTBRIDGE O/C",1584.00,N,N,A,-,Y,SF,,280,,R,3.834,H,,R,N,4,0,1,2,A,-,07,21658,A,F,B,C,A,A,H,-,D,D,0,,,,,Y,Y,-,99,0,0,1,0,0,0,0,0,0,"- ","- ",37.732028961181641,-122.41519927978516,"SAN FRANCISCO","SAN FRANCISCO",-122.41520690917969,37.732040405273438
91814704,2022,2022-07-12,9335,2022-03-16,2251,021672,,3,3,7,3801,0,1,1,,1,083,"I-80 E/B","TREASURE ISLAND ROAD",4488.00,W,N,A,-,Y,SF,,80,,,6.877,H,,R,N,2,0,1,2,A,-,01,23152,A,N,C,C,A,A,H,-,C,D,0,,,Y,,Y,Y,C,02,1,0,0,0,0,0,0,0,1,"- ","- ",37.799491882324219,-122.37624359130859,"SAN FRANCISCO","SAN FRANCISCO",-122.37625885009766,37.79949951171875
91817586,2022,2022-07-14,9335,2022-07-04,1450,022920,,1,2,7,3801,0,1,2,,2,013,"US-101 S/B","THE PAUL AVE. UNDERCROSSING",120.00,S,N,A,-,Y,SF,,101,,,1.114,H,,L,N,3,0,1,2,A,-,07,21658,A,N,C,C,A,A,H,-,A,D,0,,,,,Y,,A,07,0,1,0,0,0,0,0,0,0,"- ","- ",37.723590850830078,-122.40142059326172,"SAN FRANCISCO","SAN FRANCISCO",-122.40131378173828,37.723621368408203
91819488,2022,2022-07-18,9335,2022-07-04,1433,022860,,1,2,7,3801,0,1,2,,2,015,"US-101 N/B","16TH STREET UNDERCROSSING",47.00,N,N,A,-,Y,SF,,101,,,4.240,H,,R,Y,3,0,1,1,A,-,07,21658,A,N,E,9,A,A,H,-,A,D,0,,,,,Y,,A,01,0,1,0,0,0,0,0,0,0,"- ","- ",37.766170501708984,-122.40496063232422,"SAN FRANCISCO","SAN FRANCISCO",-122.40505218505859,37.766162872314453
91819796,2022,2022-07-18,9335,2022-06-26,1920,022703,,7,2,7,3801,0,1,1,,1,083,"I-80 EASTBOUND","THE TREASURE ISLAND RD OVERCROSSING",1320.00,W,N,A,-,Y,SF,,80,,,7.473,H,,R,Y,3,0,1,3,A,-,01,23152,A,M,C,C,A,A,H,-,A,D,0,,,,,Y,Y,A,01,0,1,0,0,0,0,0,0,0,"- ","- ",37.806198120117188,-122.36914825439453,"SAN FRANCISCO","SAN FRANCISCO",-122.36910247802734,37.806171417236328
91819838,2022,2022-07-18,9335,2022-07-09,0940,022032,,6,1,7,3801,0,1,1,,1,083,"I-80 E/B","YERBA BUENA ISLAND TUNNEL",40.00,W,N,A,-,Y,SF,,80,,,7.705,H,,R,Y,4,0,1,3,A,-,03,22350,,N,C,C,A,A,H,-,A,D,0,,,,,Y,,A,01,0,0,1,0,0,0,0,0,0,"- ","- ",37.808868408203125,-122.36652374267578,"SAN FRANCISCO","SAN FRANCISCO",-122.36647796630859,37.808849334716797
91819889,2022,2022-07-18,9335,2022-07-09,1255,022795,,6,1,7,3801,0,1,2,,2,013,"US-101 SOUTHBOUND","CESAR CHAVEZ STREET",775.00,S,N,A,-,Y,SF,,101,,,2.847,H,,L,Y,3,0,1,2,A,-,08,22107,,N,D,2,A,A,H,-,A,D,0,,,,,Y,,A,01,0,1,0,0,0,0,0,0,0,"- ","- ",37.747180938720703,-122.40454864501953,"SAN FRANCISCO","SAN FRANCISCO",-122.40452575683594,37.747173309326172
91820694,2022,2022-07-19,9335,2022-07-15,1440,022860,,5,2,7,3801,0,1,2,,2,013,"US-101 N/B","PAUL AVE UNDERCROSSING",475.00,S,N,A,-,Y,SF,,101,,,1.024,H,,R,Y,4,0,1,4,A,-,03,22350,,N,C,C,A,A,H,-,A,D,0,,,,,Y,,A,01,0,0,1,0,0,0,0,0,0,"- ","- ",37.722381591796875,-122.40052032470703,"SAN FRANCISCO","SAN FRANCISCO",-122.40054321289062,37.722373962402344
91821728,2022,2022-07-20,9335,2022-07-18,1710,021474,,1,2,7,3801,0,1,2,,2,014,"US-101 S/B","23RD ST. O/C",545.00,N,N,A,-,Y,SF,,101,,,3.465,H,,L,Y,3,0,1,3,A,-,03,22350,,N,C,C,A,A,H,-,A,D,0,,,,,Y,,A,08,0,1,0,0,0,0,0,0,0,"- ","- ",37.756038665771484,-122.40338897705078,"SAN FRANCISCO","SAN FRANCISCO",-122.40329742431641,37.756050109863281
91824348,2022,2022-07-25,9335,2022-07-15,1002,022897,,5,1,7,3801,0,1,1,,2,023,"I-280 S/B","JUSTIN DR. OVERCROSSING",802.00,N,N,B,-,Y,SF,,280,,R,3.381,H,,L,N,4,0,1,2,A,-,03,22350,,N,C,C,A,A,H,-,A,D,0,,,,,Y,,A,01,0,0,1,0,0,0,0,0,0,"- ","- ",37.731658935546875,-122.42327117919922,"SAN FRANCISCO","SAN FRANCISCO",-122.42325592041016,37.731578826904297
91824483,2022,2022-07-25,9335,2022-07-16,2115,022667,,6,2,7,3801,0,1,1,,2,022,"I-280 S/B","PAULDING ST O/C",310.00,S,N,A,-,Y,SF,,280,,R,2.146,H,,L,Y,3,0,1,1,A,-,08,22107,,N,E,I,A,A,H,-,C,D,0,,,,,Y,Y,A,01,0,1,0,0,0,0,0,0,0,"- ","- ",37.727668762207031,-122.44448852539062,"SAN FRANCISCO","SAN FRANCISCO",-122.44451904296875,37.727695465087891
91825558,2022,2022-07-26,9335,2022-07-25,0215,022667,,1,3,7,3801,0,1,1,,1,083,"I-80 E/B","YERBA BUENA ISLAND TUNNEL EXIT",6230.00,E,N,A,-,Y,ALA,,80,,R,0.159,H,,R,Y,4,0,2,1,C,-,18,,,N,E,I,A,A,H,-,C,D,0,,,,,Y,,-,"- ",0,0,2,0,0,0,0,0,0,"- ","- ",37.819149017333984,-122.34671020507812,"SAN FRANCISCO","SAN FRANCISCO",-122.34674072265625,37.819267272949219
91828929,2022,2022-07-29,9335,2022-07-16,1155,022795,,6,1,7,3801,0,1,2,,2,014,"US-101 NORTHBOUND","16TH STREET",280.00,S,N,A,-,Y,,,,,,,,,,Y,4,0,1,2,A,-,03,22350,,N,C,C,A,A,H,-,A,D,0,,,Y,,Y,,C,02,0,0,1,0,0,0,0,0,1,"- ","- ",37.749210357666016,-122.40492248535156,"SAN FRANCISCO","SAN FRANCISCO",-122.40484619140625,37.765167236328125
91829108,2022,2022-07-29,9335,2022-07-16,1240,022802,,6,1,7,3801,0,1,1,,2,023,"I-280 S/B FROM ALEMANY BOULEVARD","ST. MARYS PARK FOOTBRIDGE",1215.00,N,N,A,-,Y,SF,,280,,R,3.766,H,,R,Y,3,0,1,1,A,-,08,22107,,N,E,J,A,A,H,-,A,D,0,,,Y,,Y,,C,02,0,1,0,0,0,0,0,0,1,"- ","- ",37.731739044189453,-122.41636657714844,"SAN FRANCISCO","SAN FRANCISCO",-122.4163818359375,37.731876373291016
91829723,2022,2022-08-01,9335,2022-07-20,1420,022795,,3,2,7,3801,0,1,1,,2,024,"I-280 SOUTHBOUND","25TH STREET",980.00,S,N,A,-,Y,SF,,280,,R,5.616,H,,L,Y,4,0,1,4,A,-,03,22350,,N,C,C,A,A,H,-,A,D,0,,,,,Y,,A,01,0,0,1,0,0,0,0,0,0,"- ","- ",37.749969482421875,-122.39235687255859,"SAN FRANCISCO","SAN FRANCISCO",-122.39238739013672,37.749977111816406
91830540,2022,2022-08-01,9335,2022-07-24,0220,022823,,7,3,7,3801,0,1,2,,2,015,"US-101 S/B","HARRISON ST.",356.00,S,N,A,-,Y,SF,,101,,R,4.789,H,,L,Y,4,0,1,3,A,-,03,22350,,N,C,C,A,A,H,-,C,D,0,,,,,Y,,A,01,0,0,1,0,0,0,0,0,0,"- ","- ",37.769481658935547,-122.41203308105469,"SAN FRANCISCO","SAN FRANCISCO",-122.41203308105469,37.769428253173828
91830985,2022,2022-08-02,9335,2022-07-23,1450,022860,,6,2,7,3801,0,1,2,,2,013,"US-101 N/B","FAITH STREET PEDESTRIAN OVERCROSSING",360.00,S,N,A,-,Y,SF,,101,,,2.543,H,,R,Y,3,0,3,3,A,-,03,22350,,N,C,C,A,A,H,-,A,D,0,,,Y,,Y,,C,02,0,2,1,0,0,0,0,0,2,"- ","- ",37.743091583251953,-122.40638732910156,"SAN FRANCISCO","SAN FRANCISCO",-122.40630340576172,37.7430419921875
91831472,2022,2022-08-02,9335,2022-07-10,1326,022823,,7,1,7,3801,0,1,1,,1,081,"I-80 W/B","YERBA BUENA ISLAND TUNNEL WEST EDGE",5743.00,W,N,A,-,Y,SF,,80,,,6.646,H,,L,N,4,0,2,2,A,-,03,22350,,N,C,C,A,A,H,-,A,D,0,,,,,Y,,A,07,0,0,2,0,0,0,0,0,0,"- ","- ",37.796901702880859,-122.37899780273438,"SAN FRANCISCO","SAN FRANCISCO",-122.37905120849609,37.79693603515625
91832308,2022,2022-08-03,9335,2022-07-14,1745,022823,,4,2,7,3801,0,1,1,,1,081,"I-80 W/B","YERBA BUENA ISLAND TUNNEL WEST EDGE",5350.00,W,N,A,-,Y,SF,,80,,,6.719,H,,L,N,4,0,2,3,A,-,03,22350,,M,C,C,A,A,H,-,A,D,0,,,,,Y,,A,01,0,0,2,0,0,0,0,0,0,"- ","- ",37.79766845703125,-122.37805938720703,"SAN FRANCISCO","SAN FRANCISCO",-122.378173828125,37.797744750976562
91833486,2022,2022-08-04,9335,2022-07-24,1445,022007,,7,2,7,3801,0,1,1,,1,081,"I-80 W/B","SAN FRANCISCO/ALAMEDA COUNTY LINE",148.00,W,N,A,-,Y,ALA,,80,,R,0.020,H,,L,N,4,0,1,2,A,-,03,22350,,N,C,C,A,A,H,-,A,D,0,,,,,Y,,A,01,0,0,1,0,0,0,0,0,0,"- ","- ",37.819190979003906,-122.34934234619141,"SAN FRANCISCO","SAN FRANCISCO",-122.34935760498047,37.819271087646484
91834988,2022,2022-08-08,9335,2022-07-30,0240,022525,,6,3,7,3801,0,1,2,,2,013,"US-101 S/B","ALEMANY BLVD.",25.00,S,N,B,-,Y,,,,,,,,,,Y,3,0,1,1,A,-,01,23152,A,N,E,J,A,B,H,-,C,D,0,,,,,Y,Y,A,01,0,1,0,0,0,0,0,0,0,"- ","- ",37.734600067138672,-122.41065216064453,"SAN FRANCISCO","SAN FRANCISCO",-122.40806579589844,37.737930297851562
91835069,2022,2022-08-08,9335,2022-07-30,2120,022196,,6,2,7,3801,0,1,1,,1,081,"I-80 WB","BEALE STREET",90.00,E,N,A,-,Y,SF,,80,,,5.748,H,,L,N,4,0,1,2,A,-,01,23152,A,N,C,C,A,A,H,-,C,A,0,,,,,Y,Y,A,07,0,0,1,0,0,0,0,0,0,"- ","- ",37.786991119384766,-122.38995361328125,"SAN FRANCISCO","SAN FRANCISCO",-122.38991546630859,37.786968231201172
91835244,2022,2022-08-08,9335,2022-07-28,1714,022860,,4,2,7,3801,0,1,2,,2,013,"US-101 N/B","PAUL AVE UNDERCROSSING",12.00,N,N,A,-,Y,SF,,101,,,1.133,H,,R,Y,3,0,1,4,A,-,03,22350,,N,C,C,A,A,H,-,A,D,0,,,,,Y,,A,01,0,1,0,0,0,0,0,0,0,"- ","- ",37.723838806152344,-122.40113830566406,"SAN FRANCISCO","SAN FRANCISCO",-122.40113067626953,37.723842620849609
91835667,2022,2022-08-08,9335,2022-08-06,1702,022860,,6,2,7,3801,0,1,2,,2,014,"US-101 N/B","17TH STREET",110.00,S,N,A,-,Y,SF,,101,,,4.109,H,,R,N,4,0,1,2,A,-,03,22350,,N,C,C,A,A,H,-,A,D,0,,,,,Y,,A,01,0,0,1,0,0,0,0,0,0,"- ","- ",37.764289855957031,-122.40496063232422,"SAN FRANCISCO","SAN FRANCISCO",-122.40489959716797,37.764286041259766
91836313,2022,2022-08-09,9335,2022-08-01,0850,018804,,1,1,7,3801,0,1,1,,2,023,"I-280 S/B","ALEMANY BLVD. OVERCROSS",360.00,N,N,B,-,Y,SF,,280,,R,3.950,H,,L,Y,4,0,1,2,A,-,08,22107,,N,F,0,A,A,H,-,A,D,0,,,Y,,Y,,D,22,0,0,1,0,0,0,0,0,1,"- ","- ",37.73291015625,-122.41320037841797,"SAN FRANCISCO","SAN FRANCISCO",-122.41323089599609,37.732944488525391
91840220,2022,2022-08-15,9335,2022-08-06,1330,022860,,6,1,7,3801,0,1,1,,2,023,"I-280 N/B","CONGDON ST",370.00,N,N,A,-,Y,SF,,280,,R,3.300,H,,R,N,3,0,2,2,A,-,07,21658,A,N,B,C,A,A,H,-,A,D,0,,,,,Y,,A,07,0,1,1,0,0,0,0,0,0,"- ","- ",37.731338500976562,-122.42485046386719,"SAN FRANCISCO","SAN FRANCISCO",-122.42485046386719,37.731365203857422
91840912,2022,2022-08-16,9335,2022-08-11,1730,022897,,4,2,7,3801,0,1,1,,2,022,"I-280 N/B","SAN JOSE AVE. OVERCROSSING",200.00,S,N,A,-,Y,SF,,280,,R,1.416,H,,R,N,4,0,1,2,A,-,03,22350,,N,C,C,A,A,H,-,A,D,0,,,,,Y,,A,07,0,0,1,0,0,0,0,0,0,"- ","- ",37.717941284179688,-122.44834899902344,"SAN FRANCISCO","SAN FRANCISCO",-122.44847106933594,37.717948913574219
91841410,2022,2022-08-16,9335,2022-08-13,0025,022667,,6,3,7,3801,0,1,2,,2,013,"US-101 N/B","ALEMANY BLVD U/C",340.00,S,N,A,-,Y,SF,,101,,,1.968,H,,R,Y,4,0,2,3,A,-,03,22350,,N,C,C,A,A,H,-,C,D,0,,,,,Y,,A,01,0,0,2,0,0,0,0,0,0,"- ","- ",37.73529052734375,-122.40673828125,"SAN FRANCISCO","SAN FRANCISCO",-122.40672302246094,37.735298156738281
91843894,2022,2022-08-18,9335,2022-08-16,0840,018053,,2,1,7,3801,0,1,2,,2,014,"US-101 S/B","23RD STREET OVER CROSSING",127.00,S,N,A,-,Y,SF,,101,,,3.337,H,,L,N,4,0,1,2,A,-,03,22350,,M,C,C,A,A,H,-,A,D,0,,,,,Y,,-,99,0,0,1,0,0,0,0,0,0,"- ","- ",37.75408935546875,-122.40305328369141,"SAN FRANCISCO","SAN FRANCISCO",-122.40310668945312,37.754085540771484
91843929,2022,2022-08-19,9335,2022-08-16,1940,021390,,2,2,7,3801,0,1,1,,1,083,"I-80 E/B","THE TREASURE ISLAND TUNNEL",150.00,W,N,A,-,Y,SF,,80,,,7.649,H,,R,N,4,0,3,3,A,-,03,22350,,F,C,C,A,A,H,-,B,D,0,,,,,Y,,A,07,0,0,3,0,0,0,0,0,0,"- ","- ",37.808189392089844,-122.36708831787109,"SAN FRANCISCO","SAN FRANCISCO",-122.36705780029297,37.808170318603516
91844360,2022,2022-08-19,9335,2022-08-09,0848,022823,,2,1,7,3801,0,1,2,,2,013,"US-101 S/B","SILVER AVENUE",1466.00,S,N,A,-,Y,SF,,101,,,1.489,H,,L,Y,4,0,1,2,A,-,03,22350,,N,C,C,A,A,H,-,A,D,0,,,,,Y,,A,01,0,0,1,0,0,0,0,0,0,"- ","- ",37.72882080078125,-122.40339660644531,"SAN FRANCISCO","SAN FRANCISCO",-122.40341186523438,37.728816986083984
91845861,2022,2022-08-22,9335,2022-08-14,1812,021222,,7,2,7,3801,0,1,1,,2,080,"I-80 WESTBOUND TO 9TH STREET","8TH STREET",60.00,E,N,A,-,Y,,,,,,,,,,N,4,0,1,3,A,-,03,22350,,N,C,C,A,A,H,-,A,D,0,,,,,Y,,A,01,0,0,1,0,0,0,0,0,0,"- ","- ",37.773750305175781,-122.40811920166016,"SAN FRANCISCO","SAN FRANCISCO",-122.40811920166016,37.773750305175781
91848376,2022,2022-08-25,9335,2022-08-15,1825,020991,,1,2,7,3801,0,1,1,,2,023,"I-280 N/B","MISSION ST. OVER CROSSING",535.00,S,N,A,-,Y,SF,,280,,R,2.998,H,,R,Y,4,0,4,3,A,-,07,21658,A,N,C,C,A,A,H,-,A,D,0,,,,,Y,,D,22,0,0,4,0,0,0,0,0,0,"- ","- ",37.732181549072266,-122.43022155761719,"SAN FRANCISCO","SAN FRANCISCO",-122.43022155761719,37.732170104980469
91848378,2022,2022-08-25,9335,2022-08-18,0038,021672,,4,3,7,3801,0,1,1,,2,080,"I-80 E/B","4TH STREET",1320.00,W,N,A,-,Y,SF,,80,,,4.789,H,,R,N,3,0,1,2,A,-,01,23152,A,N,C,C,A,A,H,-,C,D,0,,,,,Y,Y,A,01,0,1,0,0,0,0,0,0,0,"- ","- ",37.777919769287109,-122.40158843994141,"SAN FRANCISCO","SAN FRANCISCO",-122.40153503417969,37.777858734130859