CASE_ID,ACCIDENT_YEAR,PROC_DATE,JURIS,COLLISION_DATE,COLLISION_TIME,OFFICER_ID,REPORTING_DISTRICT,DAY_OF_WEEK,CHP_SHIFT,POPULATION,CNTY_CITY_LOC,SPECIAL_COND,BEAT_TYPE,CHP_BEAT_TYPE,CITY_DIVISION_LAPD,CHP_BEAT_CLASS,BEAT_NUMBER,PRIMARY_RD,SECONDARY_RD,DISTANCE,DIRECTION,INTERSECTION,WEATHER_1,WEATHER_2,STATE_HWY_IND,CALTRANS_COUNTY,CALTRANS_DISTRICT,STATE_ROUTE,ROUTE_SUFFIX,POSTMILE_PREFIX,POSTMILE,LOCATION_TYPE,RAMP_INTERSECTION,SIDE_OF_HWY,TOW_AWAY,COLLISION_SEVERITY,NUMBER_KILLED,NUMBER_INJURED,PARTY_COUNT,PRIMARY_COLL_FACTOR,PCF_CODE_OF_VIOL,PCF_VIOL_CATEGORY,PCF_VIOLATION,PCF_VIOL_SUBSECTION,HIT_AND_RUN,TYPE_OF_COLLISION,MVIW,PED_ACTION,ROAD_SURFACE,ROAD_COND_1,ROAD_COND_2,LIGHTING,CONTROL_DEVICE,CHP_ROAD_TYPE,PEDESTRIAN_ACCIDENT,BICYCLE_ACCIDENT,MOTORCYCLE_ACCIDENT,TRUCK_ACCIDENT,NOT_PRIVATE_PROPERTY,ALCOHOL_INVOLVED,STWD_VEHTYPE_AT_FAULT,CHP_VEHTYPE_AT_FAULT,COUNT_SEVERE_INJ,COUNT_VISIBLE_INJ,COUNT_COMPLAINT_PAIN,COUNT_PED_KILLED,COUNT_PED_INJURED,COUNT_BICYCLIST_KILLED,COUNT_BICYCLIST_INJURED,COUNT_MC_KILLED,COUNT_MC_INJURED,PRIMARY_RAMP,SECONDARY_RAMP,LATITUDE,LONGITUDE,COUNTY,CITY,POINT_X,POINT_Y
91848843,2022,2022-08-25,9335,2022-08-21,1509,022241,,7,2,7,3801,0,1,1,,2,022,"I-280 S/B","FAROLLONES STREET OVERCROSSING",326.00,N,N,A,-,Y,SF,,280,,R,1.128,H,,L,Y,3,0,1,1,A,-,08,22107,,N,E,I,A,A,H,-,A,D,0,,,,,Y,,A,01,0,1,0,0,0,0,0,0,0,"- ","- ",37.714458465576172,-122.45124816894531,"SAN FRANCISCO","SAN FRANCISCO",-122.45113372802734,37.714374542236328
91850666,2022,2022-08-26,9335,2022-08-12,0305,022703,,5,3,7,3801,0,1,2,,2,014,"US-101 NORTHBOUND.","THE 23RD STREET OVERCROSSING",380.00,N,N,A,-,Y,SF,,101,,,3.434,H,,R,Y,2,0,1,2,A,-,03,22350,,F,B,C,A,A,H,-,D,D,0,,,,,Y,,A,01,1,0,0,0,0,0,0,0,0,"- ","- ",37.755580902099609,-122.40306091308594,"SAN FRANCISCO","SAN FRANCISCO",-122.40303802490234,37.755580902099609
91850865,2022,2022-08-26,9335,2022-08-20,1505,022860,,6,2,7,3801,0,1,2,,2,013,"US-101 S/B","BLANKEN AVE",400.00,N,N,A,-,Y,SF,,101,,,0.254,H,,L,N,3,0,2,2,A,-,03,22350,,N,C,C,A,A,H,-,A,D,0,,,Y,,Y,,C,02,0,2,0,0,0,0,0,0,2,"- ","- ",37.711978912353516,-122.39605712890625,"SAN FRANCISCO","SAN FRANCISCO",-122.39603424072266,37.711986541748047
91851633,2022,2022-08-29,9335,2022-08-17,1650,022241,,3,2,7,3801,0,1,2,,2,013,"US-101 NB","FAITH STREET OVERCROSSING",50.00,S,N,A,-,Y,SF,,101,,,2.605,H,,R,N,4,0,1,2,A,-,07,21658,A,M,B,C,A,A,H,-,A,D,0,,,,,Y,,-,99,0,0,1,0,0,0,0,0,0,"- ","- ",37.743751525878906,-122.40567016601562,"SAN FRANCISCO","SAN FRANCISCO",-122.40572357177734,37.7437744140625
91852052,2022,2022-08-29,9335,2022-08-23,1750,022897,,2,2,7,3801,0,1,2,,2,013,"US-101 N/B","BAYSHORE BLVD. OVERCROSSING",30.00,N,N,A,-,Y,SF,,101,,,0.581,H,,R,Y,4,0,1,2,A,-,08,22107,,N,B,C,A,A,H,-,A,D,0,,,,,Y,,A,01,0,0,1,0,0,0,0,0,0,"- ","- ",37.716251373291016,-122.39866638183594,"SAN FRANCISCO","SAN FRANCISCO",-122.39862823486328,37.716262817382812
91853245,2022,2022-08-30,9350,2022-08-23,1740,022956,,2,2,7,3801,0,1,3,,2,011,"SR-1 S/B","LAKE STREET",2112.00,N,N,A,-,Y,SF,,1,,,6.330,H,,L,Y,4,0,1,3,A,-,03,22350,,N,C,C,A,A,H,-,A,D,0,,,,,Y,,A,07,0,0,1,0,0,0,0,0,0,"- ","- ",37.792579650878906,-122.46971130371094,"SAN FRANCISCO","SAN FRANCISCO",-122.46965026855469,37.792579650878906
91855318,2022,2022-09-01,9335,2022-08-25,0750,022823,,4,1,7,3801,0,1,2,,2,014,"US-101 N/B","US-101 S/B TO I-80 EB",241.00,S,N,A,-,Y,SF,,101,,R,4.410,H,,R,N,4,0,1,2,A,-,03,22350,,N,C,C,A,A,H,-,A,D,0,,,,,Y,,A,07,0,0,1,0,0,0,0,0,0,"- ","- ",37.768390655517578,-122.40601348876953,"SAN FRANCISCO","SAN FRANCISCO",-122.40605163574219,37.768352508544922
91855565,2022,2022-09-01,9335,2022-08-28,0230,022703,,7,3,7,3801,0,1,2,,2,015,"US-101 SOUTHBOUND","ALAMEDA STREET",310.00,S,N,A,-,Y,SF,,101,,R,4.340,H,,L,Y,3,0,1,1,A,-,01,23152,A,N,E,I,A,A,H,-,C,D,0,,,,,Y,Y,A,01,0,1,0,0,0,0,0,0,0,"- ","- ",37.767578125,-122.40550231933594,"SAN FRANCISCO","SAN FRANCISCO",-122.40554809570312,37.767566680908203
91855595,2022,2022-09-01,9335,2022-08-28,0240,022667,,7,3,7,3801,0,1,2,,2,014,"US-101 S/B","17TH STREET U/C",220.00,N,N,A,-,Y,SF,,101,,,4.180,H,,L,Y,3,0,1,2,A,-,01,23152,A,N,B,C,A,A,H,-,C,D,0,,,,,Y,Y,A,01,0,1,0,0,0,0,0,0,0,"- ","- ",37.765289306640625,-122.40522003173828,"SAN FRANCISCO","SAN FRANCISCO",-122.40521240234375,37.765289306640625
91856066,2022,2022-09-02,9350,2022-08-27,1814,022432,,6,2,7,3801,0,1,3,,2,011,"SR-1 S/B","LAKE STREET",3696.00,N,N,A,-,Y,SF,,1,,,6.575,H,,L,Y,3,0,1,2,A,-,03,22350,,N,C,C,A,A,H,-,A,C,0,,,,,Y,,A,01,0,1,0,0,0,0,0,0,0,"- ","- ",37.796249389648438,-122.46958923339844,"SAN FRANCISCO","SAN FRANCISCO",-122.46958923339844,37.796249389648438
91857009,2022,2022-09-05,9335,2022-08-31,1240,021099,,3,1,7,3801,0,1,1,,2,023,"I-280 SB","LYELL ST UNDER-CROSSING",200.00,S,N,A,-,Y,SF,,280,,R,2.860,H,,L,N,3,0,2,2,A,-,03,22350,,N,C,C,A,A,H,-,A,D,0,,,,,Y,,A,01,0,2,0,0,0,0,0,0,0,"- ","- ",37.732181549072266,-122.4327392578125,"SAN FRANCISCO","SAN FRANCISCO",-122.43272399902344,37.732135772705078
91857910,2022,2022-09-06,9350,2022-08-27,1710,022432,,6,2,7,3801,0,1,2,,2,010,"US-101 S/B","LINCOLN BLVD",528.00,N,N,A,-,Y,SF,,101,,R,9.376,H,,L,N,4,0,1,1,A,-,08,22107,,N,E,I,A,A,H,-,A,D,0,,,,,Y,,A,01,0,0,1,0,0,0,0,0,0,"- ","- ",37.803348541259766,-122.47074127197266,"SAN FRANCISCO","SAN FRANCISCO",-122.470703125,37.803409576416016
91861391,2022,2022-09-12,9335,2022-08-31,0555,018053,,3,3,7,3801,0,1,1,,1,083,"I-80 E/B","EAST OF THE MAIN STREET EAST EDGE UNDER CROSSING",36.00,E,N,A,-,Y,SF,,80,,,5.802,H,,R,Y,4,0,2,4,A,-,03,22350,,N,C,C,A,A,H,-,C,D,0,,,,,Y,,A,01,0,0,2,0,0,0,0,0,0,"- ","- ",37.787559509277344,-122.38925170898438,"SAN FRANCISCO","SAN FRANCISCO",-122.38926696777344,37.787570953369141
91863612,2022,2022-09-13,9350,2022-08-27,0635,022433,,6,1,7,3801,0,2,4,,1,016,"SR-1 N/B TO US-101 N/B","LINCOLN BLVD. U/C",1532.00,S,N,B,C,Y,,,,,,,,,,N,3,0,1,2,A,-,03,22350,,N,B,C,A,B,H,-,A,D,0,,,,,Y,,A,01,0,1,0,0,0,0,0,0,0,"- ","- ",37.804039001464844,-122.47019195556641,"SAN FRANCISCO","SAN FRANCISCO",-122.47019195556641,37.804039001464844
91864187,2022,2022-09-14,9335,2022-09-03,0300,022241,,6,3,7,3801,0,1,1,,1,083,"I-80 E/B","THE EMBARCADERO UNDERCROSSING",3440.00,E,N,A,-,Y,SF,,80,,,6.565,H,,R,Y,3,0,1,3,A,-,03,22350,,N,C,C,A,A,H,-,C,D,0,,,,,Y,Y,A,01,0,1,0,0,0,0,0,0,0,"- ","- ",37.795978546142578,-122.37995147705078,"SAN FRANCISCO","SAN FRANCISCO",-122.38003540039062,37.796035766601562
91864370,2022,2022-09-14,9350,2022-09-10,1315,022432,,6,1,7,3801,0,1,2,,2,020,"US-101 N/B","LINCOLN BLVD",2112.00,N,N,A,-,Y,,,,,,,,,,N,3,0,1,3,A,-,08,22107,,M,B,C,A,A,H,-,A,C,0,,,Y,,Y,,C,02,0,1,0,0,0,0,0,0,1,"- ","- ",37.81121826171875,-122.47752380371094,"SAN FRANCISCO","SAN FRANCISCO",-122.47759246826172,37.811210632324219
91864611,2022,2022-09-14,9335,2022-09-06,1630,021588,,2,2,7,3801,0,1,1,,1,083,"I-80 EASTBOUND FROM 5TH STREET","3RD STREET",25.00,W,N,A,-,Y,SF,,80,,,5.225,H,,R,N,4,0,1,2,A,-,03,22350,,N,C,C,A,A,H,-,A,D,0,,,,,Y,,D,22,0,0,1,0,0,0,0,0,0,"- ","- ",37.781841278076172,-122.39678192138672,"SAN FRANCISCO","SAN FRANCISCO",-122.39668273925781,37.781768798828125
91865176,2022,2022-09-15,9335,2022-08-31,2010,023067,,3,2,7,3801,0,1,1,,2,080,"I-80 E/B","15TH STREET UNDER CROSSING",175.00,W,N,A,-,Y,SF,,80,,,3.883,H,,R,Y,4,0,1,3,A,-,03,22350,,N,C,C,A,A,H,-,D,D,0,,,,,Y,,A,01,0,0,1,0,0,0,0,0,0,"- ","- ",37.766750335693359,-122.40496826171875,"SAN FRANCISCO","SAN FRANCISCO",-122.40495300292969,37.766750335693359
91865698,2022,2022-09-15,9350,2022-09-10,0225,022614,,6,3,7,3801,0,1,3,,2,011,"US-101 NB TO TO SR-1 S/B","LINCOLN BLVD. U/C",303.00,N,N,A,-,Y,SF,,101,,R,9.333,H,,R,Y,3,0,2,2,A,-,05,21651,B,N,A,C,A,A,H,-,C,D,0,,,,,Y,,A,01,0,1,1,0,0,0,0,0,0,"- ","- ",37.803531646728516,-122.46974182128906,"SAN FRANCISCO","SAN FRANCISCO",-122.46987152099609,37.803306579589844
91868552,2022,2022-09-20,9335,2022-09-08,1825,022860,,4,2,7,3801,0,1,2,,2,012,"US-101 TO AIRPORT BLVD/BAYSHORE BLVD","AIRPORT BLVD",60.00,N,N,A,-,Y,,,,,,,,,,N,4,0,1,3,A,-,03,22350,,N,C,C,A,A,H,-,A,A,0,,,,,Y,,A,08,0,0,1,0,0,0,0,0,0,"- ","- ",37.667621612548828,-122.39550018310547,"SAN FRANCISCO","SAN FRANCISCO",-122.40575408935547,37.657993316650391
91869072,2022,2022-09-20,9335,2022-09-15,1646,022188,,4,2,7,3801,0,1,1,,2,080,"I-80 E/B","4TH STREET UNDERCROSSING",61.00,W,N,A,-,Y,SF,,80,,,4.988,H,,R,N,4,0,1,2,A,-,07,21658,A,N,B,C,A,A,H,-,A,D,0,,,Y,,Y,,A,01,0,0,1,0,0,0,0,0,1,"- ","- ",37.779861450195312,-122.39897155761719,"SAN FRANCISCO","SAN FRANCISCO",-122.39896392822266,37.779853820800781
91869620,2022,2022-09-21,9335,2022-09-14,2034,023063,,3,2,7,3801,0,1,1,,2,080,"I-80 EASTBOUND","4TH ST ROAD EDGE",18.00,W,N,A,-,Y,SF,,80,,,5.061,H,,R,N,4,0,1,2,A,-,03,22350,,F,C,C,A,A,H,-,C,D,0,,,,,Y,,-,99,0,0,1,0,0,0,0,0,0,"- ","- ",37.780071258544922,-122.398681640625,"SAN FRANCISCO","SAN FRANCISCO",-122.39869689941406,37.780078887939453
91869757,2022,2022-09-21,9335,2022-09-15,1715,022241,,4,2,7,3801,0,1,2,,2,015,"US-101 S/B FROM SOUTH VAN NESS","S. VAN NESS AVENUE",510.00,S,N,A,-,Y,,,,,,,,,,N,2,0,1,1,B,-,22,,,N,F,A,A,A,H,-,A,D,0,,,Y,,Y,,C,02,1,0,0,0,0,0,0,0,1,"- ","- ",37.769519805908203,-122.41889953613281,"SAN FRANCISCO","SAN FRANCISCO",-122.41889953613281,37.769519805908203
91870172,2022,2022-09-21,9335,2022-09-12,1700,022860,,1,2,7,3801,0,1,2,,2,014,"US-101 N/B","CESAR CHAVEZ ST UNDERCROSSING",80.00,N,N,A,-,Y,SF,,101,,,3.019,H,,R,N,4,0,1,2,A,-,03,22350,,N,C,C,A,A,H,-,A,D,0,,,,,Y,,A,08,0,0,1,0,0,0,0,0,0,"- ","- ",37.749519348144531,-122.40352630615234,"SAN FRANCISCO","SAN FRANCISCO",-122.40357208251953,37.749526977539062
91870875,2022,2022-09-22,9335,2022-09-16,2317,022703,,5,3,7,3801,0,1,1,,2,080,"I-80 EASTBOUND.","OF THE 7TH STREET UNDERCROSSING.",320.00,W,N,A,-,Y,SF,,80,,,4.417,H,,R,N,4,0,1,2,A,-,03,22350,,N,C,C,A,A,H,-,C,D,0,,,,,Y,,A,01,0,0,1,0,0,0,0,0,0,"- ","- ",37.774188995361328,-122.40627288818359,"SAN FRANCISCO","SAN FRANCISCO",-122.40626525878906,37.774188995361328
91870930,2022,2022-09-22,9330,2022-09-17,1835,022241,,6,2,7,3801,0,1,1,,2,034,"I-280 S/B","SR-92 EB TO I-280 SOUTHBOUND FLYOVER",900.00,N,N,A,-,Y,SM,,280,,,11.084,H,,L,N,4,0,4,2,A,-,01,23152,A,N,C,C,A,A,H,-,A,D,0,,,,,Y,Y,A,01,0,0,4,0,0,0,0,0,0,"- ","- ",37.509231567382812,-122.342529296875,"SAN FRANCISCO","SAN FRANCISCO",-122.34255218505859,37.509204864501953
91871822,2022,2023-02-06,9335,2022-09-10,1806,023065,,6,2,7,3801,0,1,1,,2,080,"I-80 WESTBOUND","BEALE STREET",382.00,E,N,B,-,Y,SF,,80,,,5.800,H,,L,N,4,0,1,3,A,-,07,21658,A,N,B,C,A,A,H,-,A,D,0,,,,,Y,,A,01,0,0,1,0,0,0,0,0,0,"- ","- ",37.787490844726562,-122.38921356201172,"SAN FRANCISCO","SAN FRANCISCO",-122.38928985595703,37.787544250488281
91871834,2022,2022-09-23,9335,2022-09-17,1744,022920,,6,2,7,3801,0,1,1,,2,080,"I-80 W/B TO 5TH STREET","THE 4TH STREET UNDERCROSSING",265.00,E,N,B,-,Y,SF,,80,,,5.114,H,,L,N,4,0,2,3,A,-,03,22350,,N,C,C,A,A,H,-,A,D,0,,,,,Y,,A,01,0,0,2,0,0,0,0,0,0,"- ","- ",37.780799865722656,-122.39824676513672,"SAN FRANCISCO","SAN FRANCISCO",-122.39842224121094,37.780933380126953
91873294,2022,2022-09-26,9335,2022-09-16,1458,023065,,5,2,7,3801,0,1,1,,2,023,"I-280 SOUTHBOUND","PHYSICAL GORE POINT OF MONTEREY OFF-RAMP",837.00,N,N,A,-,Y,SF,,280,,R,2.952,H,,L,N,4,0,1,2,A,-,07,21658,A,N,B,C,A,A,H,-,A,D,0,,,,,Y,,A,01,0,0,1,0,0,0,0,0,0,"- ","- ",37.732349395751953,-122.43102264404297,"SAN FRANCISCO","SAN FRANCISCO",-122.43102264404297,37.732368469238281
91874698,2022,2022-09-27,9335,2022-09-21,1310,023044,,3,1,7,3801,0,1,2,,2,014,"US 101 N/B","17TH STREET UNDERCROSSING",201.00,S,N,A,-,Y,SF,,101,,,4.047,H,,R,N,4,0,2,2,A,-,03,22350,,M,C,C,A,A,H,-,A,D,0,,,,,Y,,A,07,0,0,2,0,0,0,0,0,0,"- ","- ",37.763351440429688,-122.40503692626953,"SAN FRANCISCO","SAN FRANCISCO",-122.40505981445312,37.763351440429688
91874853,2022,2022-09-27,9335,2022-09-21,1400,023082,,3,2,7,3801,0,1,2,,2,014,"US-101 NORTHBOUND","CESAR CHAVEZ STREET",620.00,S,N,A,-,Y,SF,,101,,,2.883,H,,R,Y,4,0,1,2,A,-,03,22350,,N,C,C,A,A,H,-,A,D,0,,,,,Y,,D,22,0,0,1,0,0,0,0,0,0,"- ","- ",37.747631072998047,-122.404296875,"SAN FRANCISCO","SAN FRANCISCO",-122.4041748046875,37.747604370117188
91876843,2022,2022-09-29,9335,2022-09-24,1030,023063,,6,1,7,3801,0,1,2,,2,013,"US-101 NORTHBOUND","FAITH ST. PEDESTRIAN OVERCROSSING",760.00,N,N,A,-,Y,SF,,101,,,2.761,H,,R,N,3,0,2,2,A,-,03,22350,,N,C,C,A,A,H,-,A,D,0,,,,,Y,,A,07,0,1,1,0,0,0,0,0,0,"- ","- ",37.745880126953125,-122.40470886230469,"SAN FRANCISCO","SAN FRANCISCO",-122.40473937988281,37.745883941650391
91876868,2022,2022-09-29,9335,2022-09-25,0643,019631,,7,1,7,3801,0,1,1,,2,080,"I80 E/B TO 5TH STREET","5TH ST",230.00,E,N,A,-,Y,SF,,80,,,4.872,H,,L,N,3,0,1,2,A,-,08,22107,,N,E,I,F,A,H,-,B,D,0,Y,,,,Y,,A,01,0,1,0,0,1,0,0,0,0,"- ","- ",37.778980255126953,-122.40087127685547,"SAN FRANCISCO","SAN FRANCISCO",-122.40085601806641,37.778964996337891
91878712,2022,2022-09-30,9335,2022-09-23,2140,022667,,5,2,7,3801,0,1,2,,2,015,"US-101 S/B TO I-80 E/B","DIVISION ST U/C",150.00,N,N,A,-,Y,SF,,80,,L,4.041,H,,R,Y,4,0,4,2,A,-,03,22350,,N,C,2,A,A,H,-,C,A,0,,,,,Y,,A,07,0,0,4,0,0,0,0,0,0,"- ","- ",37.769229888916016,-122.40563201904297,"SAN FRANCISCO","SAN FRANCISCO",-122.40565490722656,37.769248962402344
91878723,2022,2022-09-30,9335,2022-09-29,0358,021301,,4,3,7,3801,0,1,1,,2,024,"I-280 S/B","25TH ST",398.00,S,N,A,-,Y,SF,,280,,R,5.717,H,,L,Y,4,0,1,1,A,-,01,23152,A,N,E,I,A,A,H,-,D,D,0,,,,,Y,,A,01,0,0,1,0,0,0,0,0,0,"- ","- ",37.751399993896484,-122.3916015625,"SAN FRANCISCO","SAN FRANCISCO",-122.39175415039062,37.751422882080078
91879083,2022,2022-09-30,9350,2022-09-22,1646,022556,,4,2,7,3801,0,1,2,,2,020,"US-101 S/B","ALEXANDER AVE U/C",1744.00,S,N,A,-,Y,,,,,,,,,,N,2,0,1,1,A,-,03,22350,,N,F,I,A,A,H,-,A,D,0,,Y,,,Y,,L,04,1,0,0,0,0,0,1,0,0,"- ","- ",37.8255615234375,-122.47931671142578,"SAN FRANCISCO","SAN FRANCISCO",-122.47953033447266,37.825527191162109
91882912,2022,2022-10-05,9335,2022-09-28,1935,022920,,3,2,7,3801,0,1,2,,2,014,"US-101 N/B","THE FAITH STREET PEDESTRIAN OVERCROSSING",406.00,N,N,A,-,Y,SF,,101,,,2.693,H,,R,Y,3,0,1,2,A,-,07,21658,A,N,B,C,A,A,H,-,D,D,0,,,Y,,Y,,A,01,0,1,0,0,0,0,0,0,1,"- ","- ",37.744911193847656,-122.40499877929688,"SAN FRANCISCO","SAN FRANCISCO",-122.40505981445312,37.744922637939453
91884331,2022,2022-10-06,9335,2022-09-23,2215,022802,,5,3,7,3801,0,1,2,,2,014,"US-101 S/B","THE 23RD ST O/C",160.00,N,N,A,-,Y,SF,,101,,,3.398,H,,L,Y,4,0,1,4,A,-,03,22350,,N,C,C,A,A,H,-,C,D,0,,,,,Y,,A,01,0,0,1,0,0,0,0,0,0,"- ","- ",37.755001068115234,-122.40325927734375,"SAN FRANCISCO","SAN FRANCISCO",-122.40319061279297,37.7550048828125
91884944,2022,2022-10-07,9335,2022-09-29,1610,023065,,4,2,7,3801,0,1,2,,2,014,"US-101 NORTHBOUND","PHYSICAL GORE POINT OF VERMONT STREET OFF-RAMP",480.00,S,N,A,-,Y,SF,,101,,,3.919,H,,R,N,4,0,3,3,A,-,03,22350,,N,C,C,A,A,H,-,A,D,0,,,,,Y,,A,07,0,0,3,0,0,0,0,0,0,"- ","- ",37.761631011962891,-122.40599822998047,"SAN FRANCISCO","SAN FRANCISCO",-122.40595245361328,37.761611938476562
91884956,2022,2022-10-07,9335,2022-09-30,1650,023065,,5,2,7,3801,0,1,2,,2,014,"US-101 SOUTHBOUND","23RD STREET OVERCROSSING",245.00,S,N,A,-,Y,SF,,101,,,3.314,H,,L,N,3,0,3,3,A,-,03,22350,,N,C,C,A,A,H,-,A,D,0,,,,,Y,,A,01,0,1,2,0,0,0,0,0,0,"- ","- ",37.753768920898438,-122.40303039550781,"SAN FRANCISCO","SAN FRANCISCO",-122.403076171875,37.753768920898438
91885378,2022,2022-10-07,9335,2022-08-17,1730,022241,,3,2,7,3801,0,1,2,,2,013,"US-101 N/B","FAITH STREET OVERCROSSING",18.00,S,N,A,-,Y,SF,,101,,,2.611,H,,R,N,3,0,1,2,A,-,03,22350,,F,C,C,A,A,H,-,A,D,0,,,Y,,Y,,C,02,0,1,0,0,0,0,0,0,1,"- ","- ",37.743831634521484,-122.4056396484375,"SAN FRANCISCO","SAN FRANCISCO",-122.40567016601562,37.743843078613281
91886058,2022,2022-10-10,9335,2022-10-02,2119,022860,,7,2,7,3801,0,1,1,,2,080,"I-80 W/B","15TH ST",170.00,W,N,A,-,Y,SF,,101,,R,4.280,H,,L,N,4,0,2,3,A,-,03,22350,,N,C,C,A,A,H,-,C,D,0,,,,,Y,,A,01,0,0,2,0,0,0,0,0,0,"- ","- ",37.766719818115234,-122.40534210205078,"SAN FRANCISCO","SAN FRANCISCO",-122.40540313720703,37.766712188720703
91887776,2022,2022-10-11,9350,2022-10-01,1514,022433,,6,2,7,3801,0,1,2,,2,010,"MERCHANT RD. TO US-101 S/B","LINCOLN BLVD.",100.00,N,N,A,-,Y,,,,,,,,,,N,4,0,1,2,A,-,21,22106,,N,C,C,A,A,H,-,A,A,0,,,,,Y,,I,09,0,0,1,0,0,0,0,0,0,"- ","- ",37.806400299072266,-122.47499084472656,"SAN FRANCISCO","SAN FRANCISCO",-122.47566986083984,37.804420471191406
91888183,2022,2022-10-12,9350,2022-09-30,1431,022633,,5,2,7,3801,0,1,2,,2,020,"US-101 SB","MERCHANT RD.",230.00,N,N,B,-,Y,,,,,,,,,,N,4,0,1,1,A,-,08,22107,,N,E,I,A,A,H,-,A,D,0,,,,,Y,,A,01,0,0,1,0,0,0,0,0,0,"- ","- ",37.807121276855469,-122.47566223144531,"SAN FRANCISCO","SAN FRANCISCO",-122.47566986083984,37.807113647460938
91889648,2022,2022-10-13,9335,2022-10-07,1739,023082,,5,2,7,3801,0,1,2,,2,013,"US-101 NORTHBOUND","PAUL AVENUE",728.00,S,N,A,-,Y,SF,,101,,,0.971,H,,R,N,4,0,2,2,A,-,03,22350,,N,C,C,A,A,H,-,A,D,0,,,,,Y,,A,07,0,0,2,0,0,0,0,0,0,"- ","- ",37.7216796875,-122.40025329589844,"SAN FRANCISCO","SAN FRANCISCO",-122.40027618408203,37.721675872802734
91890474,2022,2022-10-14,9335,2022-10-10,1905,022920,,1,2,7,3801,0,1,1,,2,024,"I-280 N/B TO 6TH STREET","THE MISSION BAY DRIVE UNDERCROSSING",182.00,N,N,A,-,Y,SF,,280,,T,7.194,H,,R,Y,4,0,2,2,A,-,03,22350,,N,C,C,A,A,H,-,D,D,0,,,,,Y,,A,01,0,0,2,0,0,0,0,0,0,"- ","- ",37.770698547363281,-122.39736938476562,"SAN FRANCISCO","SAN FRANCISCO",-122.39744567871094,37.770694732666016
91894629,2022,2022-10-19,9335,2022-10-13,1300,023063,,4,1,7,3801,0,1,2,,2,013,"US-101 NORTHBOUND","3RD ST. OVERCROSSING",565.00,S,N,A,-,Y,SF,,101,,,0.447,H,,R,N,4,0,1,2,A,-,17,23114,A,M,E,J,A,A,H,-,A,D,0,,,,,Y,,-,99,0,0,1,0,0,0,0,0,0,"- ","- ",37.714550018310547,-122.39743804931641,"SAN FRANCISCO","SAN FRANCISCO",-122.39748382568359,37.714527130126953
91895609,2022,2022-10-20,9335,2022-10-09,0130,022897,,7,3,7,3801,0,1,2,,2,014,"US-101 N/B","18TH STREET PEDESTRIAN OVERCROSSING",100.00,S,N,A,-,Y,SF,,101,,,3.938,H,,R,N,4,0,1,3,A,-,03,22350,,F,C,C,A,A,H,-,D,D,0,,,,,Y,,A,01,0,0,1,0,0,0,0,0,0,"- ","- ",37.761871337890625,-122.40583038330078,"SAN FRANCISCO","SAN FRANCISCO",-122.40580749511719,37.761863708496094
91898745,2022,2022-10-25,9335,2022-10-17,1638,022920,,1,2,7,3801,0,1,1,,2,022,"I-280 S/B","NORTH EDGE OF THE SAN JOSE AVENUE OVERCROSSING",30.00,S,N,A,-,Y,SF,,280,,R,1.458,H,,L,Y,3,0,2,4,A,-,03,22350,,N,C,C,A,A,H,-,A,D,0,,,,,Y,,A,01,0,1,1,0,0,0,0,0,0,"- ","- ",37.718448638916016,-122.44866943359375,"SAN FRANCISCO","SAN FRANCISCO",-122.44857788085938,37.71844482421875