CASE_ID,ACCIDENT_YEAR,PROC_DATE,JURIS,COLLISION_DATE,COLLISION_TIME,OFFICER_ID,REPORTING_DISTRICT,DAY_OF_WEEK,CHP_SHIFT,POPULATION,CNTY_CITY_LOC,SPECIAL_COND,BEAT_TYPE,CHP_BEAT_TYPE,CITY_DIVISION_LAPD,CHP_BEAT_CLASS,BEAT_NUMBER,PRIMARY_RD,SECONDARY_RD,DISTANCE,DIRECTION,INTERSECTION,WEATHER_1,WEATHER_2,STATE_HWY_IND,CALTRANS_COUNTY,CALTRANS_DISTRICT,STATE_ROUTE,ROUTE_SUFFIX,POSTMILE_PREFIX,POSTMILE,LOCATION_TYPE,RAMP_INTERSECTION,SIDE_OF_HWY,TOW_AWAY,COLLISION_SEVERITY,NUMBER_KILLED,NUMBER_INJURED,PARTY_COUNT,PRIMARY_COLL_FACTOR,PCF_CODE_OF_VIOL,PCF_VIOL_CATEGORY,PCF_VIOLATION,PCF_VIOL_SUBSECTION,HIT_AND_RUN,TYPE_OF_COLLISION,MVIW,PED_ACTION,ROAD_SURFACE,ROAD_COND_1,ROAD_COND_2,LIGHTING,CONTROL_DEVICE,CHP_ROAD_TYPE,PEDESTRIAN_ACCIDENT,BICYCLE_ACCIDENT,MOTORCYCLE_ACCIDENT,TRUCK_ACCIDENT,NOT_PRIVATE_PROPERTY,ALCOHOL_INVOLVED,STWD_VEHTYPE_AT_FAULT,CHP_VEHTYPE_AT_FAULT,COUNT_SEVERE_INJ,COUNT_VISIBLE_INJ,COUNT_COMPLAINT_PAIN,COUNT_PED_KILLED,COUNT_PED_INJURED,COUNT_BICYCLIST_KILLED,COUNT_BICYCLIST_INJURED,COUNT_MC_KILLED,COUNT_MC_INJURED,PRIMARY_RAMP,SECONDARY_RAMP,LATITUDE,LONGITUDE,COUNTY,CITY,POINT_X,POINT_Y
91899210,2022,2022-10-25,9350,2022-10-14,1445,022514,,5,2,7,3801,0,1,2,,2,020,"US-101 SB","LINCOLN BLVD",479.00,N,N,B,-,Y,,,,,,,,,,Y,4,0,4,1,A,-,09,21802,A,N,E,I,A,A,H,-,A,D,0,,,,,Y,,A,01,0,0,4,0,0,0,0,0,0,"- ","- ",37.807220458984375,-122.47576904296875,"SAN FRANCISCO","SAN FRANCISCO",-122.47577667236328,37.807209014892578
91899846,2022,2022-10-26,9335,2022-10-17,1330,014739,,1,1,7,3801,0,1,1,,2,080,"I-80 W/B TO 5TH STREET","5TH STREET",200.00,E,N,A,-,Y,SF,,80,,,4.880,H,,L,Y,4,0,2,2,A,-,03,22350,,N,C,C,A,A,H,-,A,D,0,,,,,Y,,A,01,0,0,2,0,0,0,0,0,0,"- ","- ",37.779041290283203,-122.40074920654297,"SAN FRANCISCO","SAN FRANCISCO",-122.4007568359375,37.779045104980469
91901529,2022,2022-10-27,9335,2022-10-19,2015,022920,,3,2,7,3801,0,1,2,,2,015,"US-101 N/B","THE VALENCIA STREET UNDERCROSSING",225.00,S,N,A,-,Y,SF,,101,,M,5.333,H,,R,Y,4,0,1,2,A,-,03,22350,,N,C,C,A,A,H,-,C,D,0,,,,,Y,,A,01,0,0,1,0,0,0,0,0,0,"- ","- ",37.770401000976562,-122.42172241210938,"SAN FRANCISCO","SAN FRANCISCO",-122.42173767089844,37.770378112792969
91905529,2022,2022-10-31,9335,2022-10-20,1130,023063,,4,1,7,3801,0,1,1,,2,080,"I-80 EASTBOUND","7TH ST. UNDERCROSSING",630.00,E,N,A,-,Y,SF,,80,,,4.365,H,,R,Y,4,0,1,2,A,-,03,22350,,M,C,C,A,A,H,-,A,D,0,,,,,Y,,-,"- ",0,0,1,0,0,0,0,0,0,"- ","- ",37.773399353027344,-122.40651702880859,"SAN FRANCISCO","SAN FRANCISCO",-122.40654754638672,37.773403167724609
91905564,2022,2022-10-31,9335,2022-08-26,1005,022823,,5,1,7,3801,0,1,1,,2,023,"I-280 N/B","SAN BRUNO AVENUE",787.00,S,N,A,-,Y,SF,,280,,R,4.163,H,,R,N,4,0,1,1,A,-,08,22107,,N,E,I,A,A,H,-,A,D,0,,,,,Y,,A,01,0,0,1,0,0,0,0,0,0,"- ","- ",37.734199523925781,-122.40978240966797,"SAN FRANCISCO","SAN FRANCISCO",-122.40975952148438,37.734157562255859
91905658,2022,2022-10-31,9335,2022-10-04,0418,022823,,2,3,7,3801,0,1,1,,2,080,"I-80 W/B TO 5TH ST.","4TH ST.",575.00,W,N,A,-,Y,SF,,80,,,4.883,H,,L,Y,4,0,1,2,C,-,18,,,N,C,C,A,A,H,-,C,D,0,,,,,Y,,-,"- ",0,0,1,0,0,0,0,0,0,"- ","- ",37.779018402099609,-122.40065002441406,"SAN FRANCISCO","SAN FRANCISCO",-122.40071868896484,37.779071807861328
91905665,2022,2022-10-31,9335,2022-10-20,1938,023044,,4,2,7,3801,0,1,2,,2,014,"US-101 NORTHBOUND","17TH STREET",97.00,S,N,A,-,Y,SF,,101,,,4.105,H,,R,N,2,0,1,1,A,-,03,22350,,N,E,I,A,A,H,-,C,D,0,,,Y,,Y,,C,02,1,0,0,0,0,0,0,0,1,"- ","- ",37.764228820800781,-122.40499114990234,"SAN FRANCISCO","SAN FRANCISCO",-122.4049072265625,37.764225006103516
91905667,2022,2022-10-31,9335,2022-10-20,1945,023065,,4,2,7,3801,0,1,2,,2,015,"US-101 SOUTHBOUND","THE FOLSOM STREET UNDERCROSSING",200.00,S,N,A,-,Y,SF,,101,,R,4.961,H,,L,N,4,0,1,5,A,-,03,22350,,N,C,C,A,A,H,-,E,D,0,,,,,Y,,A,01,0,0,1,0,0,0,0,0,0,"- ","- ",37.769569396972656,-122.4151611328125,"SAN FRANCISCO","SAN FRANCISCO",-122.4151611328125,37.769508361816406
91905731,2022,2022-10-31,9335,2022-10-22,1450,023065,,6,2,7,3801,0,1,2,,2,015,"US-101 NORTHBOUND TO US-101 NORTHBOUND","THE BRYANT STREET UNDERCROSSING",365.00,S,N,A,-,Y,SF,,101,,R,4.577,H,,R,Y,3,0,1,1,A,-,08,22107,,M,E,J,A,A,H,-,A,D,0,,,,,Y,,A,01,0,1,0,0,0,0,0,0,0,"- ","- ",37.769939422607422,-122.40834045410156,"SAN FRANCISCO","SAN FRANCISCO",-122.40834808349609,37.7698974609375
91905734,2022,2022-10-31,9335,2022-10-22,1940,023065,,6,2,7,3801,0,1,1,,2,023,"I-280 NORTHBOUND","THE ALEMANY BOULEVARD OVERCROSSING",660.00,S,N,A,-,Y,SF,,280,,R,3.721,H,,R,Y,4,0,6,2,A,-,03,22350,,N,C,C,A,A,H,-,C,D,0,,,,,Y,,A,08,0,0,6,0,0,0,0,0,0,"- ","- ",37.731849670410156,-122.41716766357422,"SAN FRANCISCO","SAN FRANCISCO",-122.41716766357422,37.731857299804688
91905774,2022,2022-10-31,9335,2022-10-24,1710,021474,,1,2,7,3801,0,1,2,,2,013,"US-101 S/B","SILVER AVE. O/C",440.00,N,N,A,-,Y,SF,,101,,,1.860,H,,L,Y,4,0,1,2,D,-,00,,,N,C,C,A,A,H,-,A,D,0,,,,,Y,,-,"- ",0,0,1,0,0,0,0,0,0,"- ","- ",37.733760833740234,-122.40606689453125,"SAN FRANCISCO","SAN FRANCISCO",-122.406005859375,37.733787536621094
91905816,2022,2022-10-31,9335,2022-10-26,0934,017995,,3,1,7,3801,0,1,2,,2,013,US-101,"FAITH ST PEDESTRIAN O/C",65.00,N,N,A,-,Y,SF,,101,,,2.628,H,,R,N,3,0,1,3,A,-,07,21658,A,F,B,C,A,A,H,-,A,D,0,,,Y,,Y,,A,01,0,1,0,0,0,0,0,0,1,"- ","- ",37.744060516357422,-122.40550994873047,"SAN FRANCISCO","SAN FRANCISCO",-122.40550231933594,37.744056701660156
91906453,2022,2022-11-01,9335,2022-10-26,0400,021301,,3,3,7,3801,0,1,2,,2,013,"CESAR CHAVEZ ST TO US-101 S/B","CESAR CHAVEZ ST",319.00,S,N,A,-,Y,SF,,101,,,2.923,H,,L,Y,3,0,1,2,A,-,05,21651,B,F,A,D,A,A,H,-,D,D,0,,,,,Y,,-,99,0,1,0,0,0,0,0,0,0,"- ","- ",37.748298645019531,-122.40440368652344,"SAN FRANCISCO","SAN FRANCISCO",-122.4041748046875,37.748252868652344
91906483,2022,2022-11-01,9335,2022-10-20,1310,019631,,4,1,7,3801,0,1,2,,2,013,"US-101 S/B","BAYSHORE BLVD",500.00,S,N,A,-,Y,SF,,101,,,2.831,H,,L,N,4,0,1,2,A,-,03,22350,,N,C,C,A,A,H,-,A,D,0,,,Y,,Y,,C,02,0,0,1,0,0,0,0,0,1,"- ","- ",37.746940612792969,-122.404541015625,"SAN FRANCISCO","SAN FRANCISCO",-122.40459442138672,37.746952056884766
91907771,2022,2022-11-02,9335,2022-10-26,1455,022920,,3,2,7,3801,0,1,1,,2,022,"I-280 S/B","THE OCEAN AVENUE OVERCROSSING",120.00,S,N,A,-,Y,SF,,280,,R,1.733,H,,L,Y,4,0,2,2,A,-,08,22107,,N,D,C,A,A,H,-,A,D,0,,,,,Y,,A,01,0,0,2,0,0,0,0,0,0,"- ","- ",37.722511291503906,-122.44803619384766,"SAN FRANCISCO","SAN FRANCISCO",-122.44802856445312,37.722507476806641
91909129,2022,2022-11-03,9350,2022-10-31,1902,022577,,1,2,7,3801,0,1,2,,1,120,"US-101 SOUTHBOUND","LINCOLN BOULEVARD",3168.00,N,N,A,-,Y,,,,,,,,,,Y,3,0,2,2,A,-,07,21658,A,N,B,C,A,A,H,-,C,D,0,,,,,Y,,A,01,0,2,0,0,0,0,0,0,0,"- ","- ",37.814540863037109,-122.47798919677734,"SAN FRANCISCO","SAN FRANCISCO",-122.47813415527344,37.814521789550781
91911051,2022,2022-11-07,9335,2022-10-29,0920,022897,,6,1,7,3801,0,1,2,,2,013,"US-101 N/B","BLANKEN AVE.",50.00,S,N,A,-,Y,SF,,101,,,0.164,H,,R,Y,4,0,3,3,A,-,03,22350,,N,C,C,A,A,H,-,A,D,0,,,,,Y,,D,22,0,0,3,0,0,0,0,0,0,"- ","- ",37.710769653320312,-122.39541625976562,"SAN FRANCISCO","SAN FRANCISCO",-122.39541625976562,37.710769653320312
91911057,2022,2022-11-07,9335,2022-10-29,0135,022823,,6,3,7,3801,0,1,2,,2,015,"US-101 S/B TO I-80 E/B","DIVISION ST.",210.00,N,N,A,-,Y,SF,,80,,L,4.016,H,,R,Y,3,0,1,1,A,-,08,22107,,N,E,I,A,A,H,-,C,A,0,,,,,Y,Y,A,01,0,1,0,0,0,0,0,0,0,"- ","- ",37.769031524658203,-122.40586090087891,"SAN FRANCISCO","SAN FRANCISCO",-122.40589141845703,37.769069671630859
91911311,2022,2022-11-07,9335,2022-10-30,0532,023067,,7,3,7,3801,0,1,1,,1,081,"I-80 W/B","THE EMBARCADERO UNDERCROSSING",3000.00,E,N,A,-,Y,SF,,80,,,6.472,H,,L,Y,3,0,1,1,A,-,01,23152,A,N,F,A,A,A,H,-,C,D,0,,,,,Y,Y,A,01,0,1,0,0,0,0,0,0,0,"- ","- ",37.794990539550781,-122.38114166259766,"SAN FRANCISCO","SAN FRANCISCO",-122.38115692138672,37.795001983642578
91911592,2022,2022-11-07,9335,2022-11-01,0651,018804,,2,1,7,3801,0,1,1,,1,081,"I-80 W/B","TOLL PLAZA",30.00,W,N,C,-,Y,ALA,,80,,,1.983,H,,L,N,4,0,1,2,A,-,03,22350,,M,C,C,A,B,H,-,C,D,0,,,,,Y,,-,99,0,0,1,0,0,0,0,0,0,"- ","- ",37.825008392333984,-122.31404113769531,"SAN FRANCISCO","SAN FRANCISCO",-122.31398773193359,37.824821472167969
91912262,2022,2022-11-08,9335,2022-10-31,1913,023044,,1,2,7,3801,0,1,2,,2,015,"US-101 NORTHBOUND","15TH STREET",81.00,N,N,A,-,Y,SF,,101,,R,4.336,H,,R,Y,4,0,1,2,A,-,03,22350,,N,C,C,A,A,H,-,C,D,0,,,,,Y,,A,01,0,0,1,0,0,0,0,0,0,"- ","- ",37.767520904541016,-122.40525054931641,"SAN FRANCISCO","SAN FRANCISCO",-122.4052734375,37.767513275146484
91912717,2022,2022-11-08,9335,2022-11-04,1600,021916,,5,2,7,3801,0,1,1,,2,022,"I-280 N/B","GENEVA AVE OVERCROSSING",1056.00,S,N,A,-,Y,SF,,280,,R,1.445,H,,R,Y,3,0,1,1,A,-,08,22107,,N,E,I,A,A,H,-,A,D,0,,,,,Y,,A,01,0,1,0,0,0,0,0,0,0,"- ","- ",37.718368530273438,-122.44847106933594,"SAN FRANCISCO","SAN FRANCISCO",-122.44841766357422,37.718364715576172
91913787,2022,2022-11-09,9335,2022-11-01,1205,020658,,2,1,7,3801,0,1,1,,2,022,"I-280 S/B","SOUTH ROAD EDGE OF GENEVA AVENUE",216.00,S,N,C,-,Y,SF,,280,,R,1.607,H,,L,Y,4,0,1,2,A,-,03,22350,,N,C,C,A,B,H,-,A,D,0,,,,,Y,,A,01,0,0,1,0,0,0,0,0,0,"- ","- ",37.720680236816406,-122.44838714599609,"SAN FRANCISCO","SAN FRANCISCO",-122.44830322265625,37.720672607421875
91914020,2022,2022-11-09,9335,2022-11-06,1037,020384,,7,1,7,3801,0,1,1,,2,080,"I-80 W/B TO 9TH STREET","8TH STREET",130.00,E,N,A,-,Y,,,,,,,,,,N,4,0,2,2,A,-,03,22350,,F,C,C,A,A,H,-,A,A,0,,,,,Y,,-,99,0,0,2,0,0,0,0,0,0,"- ","- ",37.773788452148438,-122.40789794921875,"SAN FRANCISCO","SAN FRANCISCO",-122.40789794921875,37.773788452148438
91914023,2022,2022-11-09,9335,2022-11-07,1448,021390,,1,2,7,3801,0,1,1,,1,083,"I-80 E/B FROM ESSEX ST.","HARRISON ST.",455.00,E,N,B,-,Y,SF,,80,,,5.572,H,,R,N,4,0,1,2,A,-,03,22350,,F,C,C,A,A,H,-,A,D,0,,,,,Y,,-,99,0,0,1,0,0,0,0,0,0,"- ","- ",37.785308837890625,-122.39234161376953,"SAN FRANCISCO","SAN FRANCISCO",-122.39222717285156,37.785175323486328
91914030,2022,2022-11-09,9335,2022-11-07,2355,023067,,1,3,7,3801,0,1,1,,1,083,"I-80 EASTBOUND","TREASURE ISLAND ROAD OVERCROSSING",200.00,W,N,C,-,Y,SF,,80,,,7.680,H,,R,Y,3,0,2,1,A,-,03,22350,,N,E,I,A,B,H,-,C,D,0,,,,,Y,,A,01,0,1,1,0,0,0,0,0,0,"- ","- ",37.808528900146484,-122.36669921875,"SAN FRANCISCO","SAN FRANCISCO",-122.36673736572266,37.808547973632812
91915581,2022,2022-11-11,9335,2022-10-27,2130,022802,,4,2,7,3801,0,1,1,,1,081,"I-80 W/B","THE BEALE ST U/C",800.00,W,N,A,-,Y,SF,,80,,,5.570,H,,L,Y,3,0,1,2,A,-,01,23152,A,N,C,C,A,A,H,-,C,D,0,,,,,Y,Y,A,01,0,1,0,0,0,0,0,0,0,"- ","- ",37.785289764404297,-122.39237213134766,"SAN FRANCISCO","SAN FRANCISCO",-122.39226531982422,37.785160064697266
91917170,2022,2022-11-14,9335,2022-08-25,0851,022823,,4,1,7,3801,1,4,S,,2,901,"MISSION ST. AT 6TH ST.","7TH ST.",347.00,E,N,A,-,N,,,,,,,,,,N,3,0,1,2,A,-,12,22454,A,N,E,G,A,A,H,-,A,A,0,,Y,,,Y,,L,04,0,1,0,0,0,0,1,0,0,"- ","- ",37.780158996582031,-122.40969848632812,"SAN FRANCISCO","SAN FRANCISCO",-122.41005706787109,37.779888153076172
91917180,2022,2022-11-14,9335,2022-11-03,1625,022937,,4,2,7,3801,0,1,1,,2,080,"I-80 E/B","4TH ST",100.00,E,N,A,-,Y,SF,,80,,,5.096,H,,R,Y,4,0,1,2,C,-,18,,,N,B,C,A,A,H,-,D,D,0,,,,,Y,,-,"- ",0,0,1,0,0,0,0,0,0,"- ","- ",37.780521392822266,-122.39837646484375,"SAN FRANCISCO","SAN FRANCISCO",-122.39826965332031,37.780437469482422
91917232,2022,2022-11-14,9335,2022-11-06,0405,023063,,7,3,7,3801,0,1,1,,1,081,"I-80 WB TO 5TH ST.","5TH ST.",60.00,E,N,A,-,Y,SF,,80,,,4.884,H,,L,Y,4,0,1,2,A,-,01,23152,A,N,C,C,A,A,H,-,C,A,0,,,,,Y,Y,A,01,0,0,1,0,0,0,0,0,0,"- ","- ",37.779041290283203,-122.40065002441406,"SAN FRANCISCO","SAN FRANCISCO",-122.40070343017578,37.779083251953125
91921222,2022,2022-11-18,9335,2022-11-14,1200,020658,,1,1,7,3801,0,1,1,,2,080,"I-80 E/B","THE EAST ROAD EDGE OF BRANNON STREET",50.00,E,N,A,-,Y,SF,,80,,,4.207,H,,R,N,3,0,1,2,A,-,07,21658,A,N,C,C,A,A,H,-,A,D,0,,,,,Y,,A,01,0,1,0,0,0,0,0,0,0,"- ","- ",37.771209716796875,-122.40593719482422,"SAN FRANCISCO","SAN FRANCISCO",-122.40592193603516,37.771217346191406
91921394,2022,2022-11-18,9335,2022-11-16,1555,018688,,3,2,7,3801,0,1,1,,1,081,"I-80 W/B","SPEAR ST.",855.00,E,N,A,-,Y,SF,,80,,,6.023,H,,L,N,4,0,1,2,A,-,03,22350,,N,C,C,A,A,H,-,A,D,0,,,,,Y,,D,22,0,0,1,0,0,0,0,0,0,"- ","- ",37.790050506591797,-122.38661956787109,"SAN FRANCISCO","SAN FRANCISCO",-122.38658905029297,37.790027618408203
91922997,2022,2022-11-21,9335,2022-11-12,1830,022823,,6,2,7,3801,0,1,2,,2,013,"US-101 S/B","CORTLAND AVE.",400.00,N,N,A,-,Y,SF,,101,,,2.356,H,,L,N,4,0,4,3,A,-,03,22350,,M,C,C,A,A,H,-,C,D,0,,,,,Y,,-,99,0,0,4,0,0,0,0,0,0,"- ","- ",37.740779876708984,-122.40799713134766,"SAN FRANCISCO","SAN FRANCISCO",-122.40792083740234,37.740768432617188
91929109,2022,2022-11-29,9335,2022-11-20,0300,022096,,7,3,7,3801,0,1,2,,2,013,"US-101 N/B","BLANKEN AVENUE",1531.00,N,N,A,-,Y,SF,,101,,,0.316,H,,R,Y,4,0,1,2,A,-,01,23152,A,N,C,C,A,A,H,-,C,D,0,,,,,Y,Y,A,01,0,0,1,0,0,0,0,0,0,"- ","- ",37.712898254394531,-122.39620208740234,"SAN FRANCISCO","SAN FRANCISCO",-122.39621734619141,37.712894439697266
91929171,2022,2022-11-29,9335,2022-11-21,1820,023044,,1,2,7,3801,0,1,2,,2,013,"I-280 NORTHBOUND TO US-101 NORTHBOUND","ALEMANY BOULEVARD",454.00,N,N,A,-,Y,SF,,101,,,2.104,H,,R,N,4,0,1,3,A,-,03,22350,,N,C,C,A,A,H,-,C,D,0,,,,,Y,,A,07,0,0,1,0,0,0,0,0,0,"- ","- ",37.737178802490234,-122.40753173828125,"SAN FRANCISCO","SAN FRANCISCO",-122.40769195556641,37.737144470214844
91931978,2022,2022-12-02,9335,2022-10-27,2000,023065,,4,2,7,3801,0,1,2,,2,014,"US-101 SOUTHBOUND","THE 23RD STREET OVERCROSSING",450.00,N,N,A,-,Y,SF,,101,,,3.449,H,,L,N,4,0,2,4,A,-,03,22350,,M,C,C,A,A,H,-,E,D,0,,,,,Y,,D,22,0,0,2,0,0,0,0,0,0,"- ","- ",37.755790710449219,-122.40334320068359,"SAN FRANCISCO","SAN FRANCISCO",-122.40325927734375,37.75579833984375
91931999,2022,2022-12-02,9335,2022-10-27,1900,023065,,4,2,7,3801,0,1,1,,2,022,"I-280 NORTHBOUND","THE FARALLONES STREET PEDESTRIAN OVERCROSSING",600.00,N,N,A,-,Y,SF,,280,,R,1.176,H,,R,N,4,0,2,2,A,-,03,22350,,M,C,C,A,A,H,-,C,D,0,,,,,Y,,-,99,0,0,2,0,0,0,0,0,0,"- ","- ",37.714801788330078,-122.45033264160156,"SAN FRANCISCO","SAN FRANCISCO",-122.45034790039062,37.714813232421875
91933586,2022,2022-12-05,9335,2022-11-19,1055,021588,,6,1,7,3801,0,1,1,,1,081,"I-80 WESTBOUND","THE EMBARCADERO",220.00,E,N,A,-,Y,SF,,80,,,5.956,H,,L,Y,4,0,1,3,C,-,18,,,N,B,C,A,A,H,-,A,D,0,,,,,Y,,-,"- ",0,0,1,0,0,0,0,0,0,"- ","- ",37.789291381835938,-122.38742065429688,"SAN FRANCISCO","SAN FRANCISCO",-122.38740539550781,37.789276123046875
91933589,2022,2022-12-05,9335,2022-11-19,1310,021588,,6,1,7,3801,0,1,1,,1,081,"I-80 WESTBOUND TO YERBA BUENA OFF","YERBA BUENA DR",0.00,,Y,A,-,Y,,,,,,,,,,N,4,0,1,1,A,-,01,23152,A,N,E,E,A,A,H,-,A,A,0,,,,,Y,Y,A,01,0,0,1,0,0,0,0,0,0,"- ","- ",37.812259674072266,-122.36447906494141,"SAN FRANCISCO","SAN FRANCISCO",,
91935307,2022,2022-12-06,9335,2022-11-25,1400,022823,,5,2,7,3801,0,1,2,,2,014,"US-101 S/B","17TH ST.",187.00,S,N,A,-,Y,SF,,101,,,4.097,H,,L,N,4,0,1,2,A,-,07,21658,A,N,B,C,A,A,H,-,A,D,0,,,,,Y,,A,01,0,0,1,0,0,0,0,0,0,"- ","- ",37.764091491699219,-122.40514373779297,"SAN FRANCISCO","SAN FRANCISCO",-122.40512847900391,37.764091491699219
91935374,2022,2022-12-06,9335,2022-11-27,2355,023063,,7,3,7,3801,0,1,2,,2,013,"US-101 NB","PAUL AVE.",250.00,N,N,A,-,Y,SF,,101,,,1.180,H,,R,Y,4,0,1,2,A,-,03,22350,,F,C,C,A,A,H,-,D,D,0,,,,,Y,,-,99,0,0,1,0,0,0,0,0,0,"- ","- ",37.724479675292969,-122.40151977539062,"SAN FRANCISCO","SAN FRANCISCO",-122.40141296386719,37.724510192871094
91935397,2022,2022-12-06,9335,2022-11-28,0840,018804,,1,1,7,3801,0,1,2,,2,013,"US 101 S/B","SAN BRUNO AVE",31.00,N,N,A,-,Y,,,,,,,,,,N,4,0,1,2,A,-,03,22350,,N,C,C,A,A,H,-,A,D,0,,,,,Y,,A,07,0,0,1,0,0,0,0,0,0,"- ","- ",37.721698760986328,-122.40094757080078,"SAN FRANCISCO","SAN FRANCISCO",-122.40585327148438,37.767982482910156
91936045,2022,2022-12-07,9335,2022-11-28,2206,023067,,1,3,7,3801,0,1,1,,1,081,"I-80 W/B","NORTHGATE ROAD",4115.00,E,N,A,-,Y,ALA,,80,,R,0.007,H,,L,Y,4,0,1,1,A,-,01,23152,A,N,E,I,A,A,H,-,C,D,0,,,,,Y,Y,A,01,0,0,1,0,0,0,0,0,0,"- ","- ",37.819328308105469,-122.349609375,"SAN FRANCISCO","SAN FRANCISCO",-122.34958648681641,37.819236755371094
91936048,2022,2022-12-07,9335,2022-11-30,1015,020384,,3,1,7,3801,0,1,1,,1,081,"I-80 W/B","SFOBB CENTER ANCHORAGE",1320.00,W,N,A,-,Y,SF,,80,,,6.512,H,,L,N,4,0,1,2,A,-,03,22350,,N,C,C,A,A,H,-,A,D,0,,,,,Y,,A,01,0,0,1,0,0,0,0,0,0,"- ","- ",37.795600891113281,-122.38088226318359,"SAN FRANCISCO","SAN FRANCISCO",-122.38066864013672,37.795455932617188
91936281,2022,2023-10-02,9335,2022-11-24,1239,018053,,4,1,7,3801,0,1,1,,1,083,"I-80 E/B","YERBA BUENA ISLAND WEST EDGE",132.00,E,N,A,-,Y,SF,,80,,,7.740,H,,R,Y,3,0,9,8,A,-,07,21658,A,N,C,C,A,A,H,-,A,A,0,,,,,Y,,A,01,0,1,8,0,0,0,0,0,0,"- ","- ",37.809280395507812,-122.3660888671875,"SAN FRANCISCO","SAN FRANCISCO",-122.36603546142578,37.809242248535156
91938152,2022,2022-12-09,9335,2022-12-05,1535,023044,,1,2,7,3801,0,1,1,,2,023,"I-280 SOUTHBOUND","FARALLONES STREET PEDESTRIAN OVER CROSS",774.00,N,N,A,-,Y,SF,,280,,R,1.214,H,,L,N,4,0,1,2,A,-,03,22350,,N,C,C,A,A,H,-,A,D,0,,,,,Y,,D,22,0,0,1,0,0,0,0,0,0,"- ","- ",37.715320587158203,-122.45015716552734,"SAN FRANCISCO","SAN FRANCISCO",-122.45008850097656,37.715274810791016
91938281,2022,2022-12-09,9335,2022-12-07,1354,023082,,3,1,7,3801,0,1,1,,2,080,"I-80 WESTBOUND","HARRIET ST",150.00,W,N,A,-,Y,SF,,80,,,4.596,H,,L,N,3,0,1,3,A,-,03,22350,,M,C,C,A,A,H,-,A,D,0,,,,,Y,,A,01,0,1,0,0,0,0,0,0,0,"- ","- ",37.776309967041016,-122.40470886230469,"SAN FRANCISCO","SAN FRANCISCO",-122.40473937988281,37.776344299316406
91938392,2022,2022-12-09,9335,2022-12-07,1845,023063,,3,2,7,3801,0,1,2,,2,013,"I-280 NB TO US-101 NB","ALEMANY BLVD.",236.00,S,N,A,-,Y,SF,,101,,,2.103,H,,R,N,3,0,2,3,A,-,03,22350,,F,C,C,A,A,H,-,D,D,0,,,,,Y,,-,99,0,1,1,0,0,0,0,0,0,"- ","- ",37.737159729003906,-122.40753173828125,"SAN FRANCISCO","SAN FRANCISCO",-122.40768432617188,37.737125396728516
91938398,2022,2022-12-09,9335,2022-12-08,1720,021424,,4,2,7,3801,0,1,2,,2,013,"US-101 S/B","CESAR CHAVEZ STREET",1500.00,S,N,B,-,Y,SF,,101,,,2.710,H,,L,N,4,0,1,2,A,-,03,22350,,N,C,C,A,B,H,-,C,D,0,,,,,Y,,A,01,0,0,1,0,0,0,0,0,0,"- ","- ",37.745258331298828,-122.4051513671875,"SAN FRANCISCO","SAN FRANCISCO",-122.40512084960938,37.745250701904297
91939415,2022,2022-12-12,9335,2022-11-29,1045,021588,,2,1,7,3801,0,1,2,,2,013,"US 101 SOUTHBOUND FROM CESAR CHAVEZ","BAYSHORE BOULEVARD U/C",120.00,S,N,A,-,Y,SF,,101,,,2.915,H,,L,N,4,0,1,1,A,-,08,22107,,N,E,I,A,A,H,-,A,D,0,,,Y,,Y,,C,02,0,0,1,0,0,0,0,0,1,"- ","- ",37.7481689453125,-122.40440368652344,"SAN FRANCISCO","SAN FRANCISCO",-122.40421295166016,37.748130798339844