CASE_ID,ACCIDENT_YEAR,PROC_DATE,JURIS,COLLISION_DATE,COLLISION_TIME,OFFICER_ID,REPORTING_DISTRICT,DAY_OF_WEEK,CHP_SHIFT,POPULATION,CNTY_CITY_LOC,SPECIAL_COND,BEAT_TYPE,CHP_BEAT_TYPE,CITY_DIVISION_LAPD,CHP_BEAT_CLASS,BEAT_NUMBER,PRIMARY_RD,SECONDARY_RD,DISTANCE,DIRECTION,INTERSECTION,WEATHER_1,WEATHER_2,STATE_HWY_IND,CALTRANS_COUNTY,CALTRANS_DISTRICT,STATE_ROUTE,ROUTE_SUFFIX,POSTMILE_PREFIX,POSTMILE,LOCATION_TYPE,RAMP_INTERSECTION,SIDE_OF_HWY,TOW_AWAY,COLLISION_SEVERITY,NUMBER_KILLED,NUMBER_INJURED,PARTY_COUNT,PRIMARY_COLL_FACTOR,PCF_CODE_OF_VIOL,PCF_VIOL_CATEGORY,PCF_VIOLATION,PCF_VIOL_SUBSECTION,HIT_AND_RUN,TYPE_OF_COLLISION,MVIW,PED_ACTION,ROAD_SURFACE,ROAD_COND_1,ROAD_COND_2,LIGHTING,CONTROL_DEVICE,CHP_ROAD_TYPE,PEDESTRIAN_ACCIDENT,BICYCLE_ACCIDENT,MOTORCYCLE_ACCIDENT,TRUCK_ACCIDENT,NOT_PRIVATE_PROPERTY,ALCOHOL_INVOLVED,STWD_VEHTYPE_AT_FAULT,CHP_VEHTYPE_AT_FAULT,COUNT_SEVERE_INJ,COUNT_VISIBLE_INJ,COUNT_COMPLAINT_PAIN,COUNT_PED_KILLED,COUNT_PED_INJURED,COUNT_BICYCLIST_KILLED,COUNT_BICYCLIST_INJURED,COUNT_MC_KILLED,COUNT_MC_INJURED,PRIMARY_RAMP,SECONDARY_RAMP,LATITUDE,LONGITUDE,COUNTY,CITY,POINT_X,POINT_Y
91939593,2022,2022-12-12,9335,2022-12-03,1810,022187,,6,2,7,3801,0,1,1,,2,024,"I-280 S/B","THE NORTH ROADWAY EDGE OF THE 22ND STREET UNDER-CR",80.00,N,N,C,-,Y,SF,,280,,R,6.186,H,,L,N,4,0,3,2,A,-,03,22350,,N,D,2,A,B,H,-,D,D,0,,,,,Y,,A,07,0,0,3,0,0,0,0,0,0,"- ","- ",37.757980346679688,-122.39251708984375,"SAN FRANCISCO","SAN FRANCISCO",-122.39244842529297,37.757980346679688
91940768,2022,2022-12-13,9335,2022-12-07,1500,023044,,3,2,7,3801,0,1,1,,2,024,"I-280 NORTHBOUND","18TH STREET",650.00,S,N,A,-,Y,SF,,280,,R,6.445,H,,R,N,4,0,2,2,A,-,03,22350,,N,C,C,A,A,H,-,A,D,0,,,,,Y,,A,01,0,0,2,0,0,0,0,0,0,"- ","- ",37.760929107666016,-122.39232635498047,"SAN FRANCISCO","SAN FRANCISCO",-122.39237213134766,37.76092529296875
91940802,2022,2023-05-05,9335,2022-06-07,0328,022179,,2,3,7,3801,0,1,2,,2,015,"US-101 S/B TO I-80 E/B","DIVISION STREET UNDERCROSSING",179.00,N,N,A,-,Y,SF,,80,,L,4.036,H,,R,Y,1,1,0,3,A,-,01,23152,G,N,E,I,A,A,C,-,C,D,0,,,Y,Y,Y,Y,C,02,0,0,0,0,0,0,0,1,0,"- ","- ",37.769180297851562,-122.40564727783203,"SAN FRANCISCO","SAN FRANCISCO",-122.40569305419922,37.769210815429688
91941150,2022,2022-12-13,9350,2022-11-26,0355,022578,,6,3,7,3801,0,1,2,,2,020,"US-101 S/B","LINCOLN BOULEVARD U/C",1025.00,N,N,A,-,Y,,,,,,,,,,Y,4,0,1,1,A,-,01,23152,A,N,E,I,A,A,H,-,C,D,0,,,,,Y,Y,A,01,0,0,1,0,0,0,0,0,0,"- ","- ",37.80841064453125,-122.47692108154297,"SAN FRANCISCO","SAN FRANCISCO",-122.4769287109375,37.808403015136719
91941813,2022,2022-12-14,9335,2022-12-06,0125,021301,,2,3,7,3801,0,1,1,,2,024,"I-280 SB TO PENNSYLVANIA AVE","25TH ST",235.00,N,N,C,-,Y,,,,,,,,,,Y,4,0,1,1,A,-,08,22107,,N,E,I,A,B,H,-,C,D,0,,,,,Y,,A,01,0,0,1,0,0,0,0,0,0,"- ","- ",37.753288269042969,-122.39241027832031,"SAN FRANCISCO","SAN FRANCISCO",-122.39241027832031,37.753288269042969
91943465,2022,2022-12-15,9335,2022-12-07,1330,023063,,3,1,7,3801,0,1,1,,1,083,"I-80 EASTBOUND","TREASURE ISLAND RD",922.00,W,N,A,-,Y,SF,,80,,,7.546,H,,R,Y,4,0,1,2,A,-,03,22350,,N,C,C,A,A,H,-,A,D,0,,,,,Y,,A,07,0,0,1,0,0,0,0,0,0,"- ","- ",37.807060241699219,-122.36833953857422,"SAN FRANCISCO","SAN FRANCISCO",-122.36823272705078,37.806987762451172
91946167,2022,2022-12-19,9335,2022-12-13,1117,018804,,2,1,7,3801,0,1,1,,2,023,"I-280 S/B","SILVER AVE",39.00,N,N,A,-,Y,,,,,,,,,,N,4,0,2,2,A,-,03,22350,,F,C,C,A,A,H,-,D,D,0,,,,,Y,,-,99,0,0,2,0,0,0,0,0,0,"- ","- ",37.733131408691406,-122.4049072265625,"SAN FRANCISCO","SAN FRANCISCO",,
91946775,2022,2022-12-20,9335,2022-12-13,2319,021672,,2,3,7,3801,0,1,1,,2,080,"I-80 E/B","7TH STREET",724.00,W,N,A,-,Y,SF,,80,,,4.355,H,,R,N,4,0,1,4,A,-,08,22107,,M,B,C,A,A,H,-,C,D,0,,,,,Y,,A,01,0,0,1,0,0,0,0,0,0,"- ","- ",37.773250579833984,-122.40657043457031,"SAN FRANCISCO","SAN FRANCISCO",-122.40657806396484,37.773250579833984
91947018,2022,2022-12-20,9335,2022-12-13,0605,022920,,2,1,7,3801,0,1,1,,1,083,"I-80 E/B","THE YERBA BUENA ISLAND TUNNEL WEST EDGE",290.00,W,N,A,-,Y,SF,,80,,,7.664,H,,R,Y,4,0,1,2,A,-,07,21658,A,N,B,2,A,A,H,-,B,D,0,,,,,Y,,A,07,0,0,1,0,0,0,0,0,0,"- ","- ",37.808399200439453,-122.36696624755859,"SAN FRANCISCO","SAN FRANCISCO",-122.36689758300781,37.808361053466797
91947394,2022,2022-12-20,9335,2022-12-17,1305,021328,,6,1,7,3801,0,1,1,,2,080,"I-80 E/B","BRANNAN ST. UNDERCROSSING",100.00,E,N,A,-,Y,SF,,80,,,4.217,H,,R,N,4,0,1,2,A,-,03,22350,,N,C,C,A,A,H,-,A,D,0,,,,,Y,,A,01,0,0,1,0,0,0,0,0,0,"- ","- ",37.771358489990234,-122.40599060058594,"SAN FRANCISCO","SAN FRANCISCO",-122.40602111816406,37.771350860595703
91948189,2022,2022-12-21,9335,2022-12-19,0830,018804,,1,1,7,3801,0,1,1,,2,023,"I-280 N/B","SAN JOSE AVENUE",109.00,S,N,B,-,Y,SF,,280,,R,1.438,H,,R,N,4,0,1,1,A,-,08,22107,,M,E,I,A,A,H,-,A,D,0,,,,,Y,,A,01,0,0,1,0,0,0,0,0,0,"- ","- ",37.718250274658203,-122.44825744628906,"SAN FRANCISCO","SAN FRANCISCO",-122.44843292236328,37.718265533447266
91948917,2022,2023-01-31,9335,2022-12-13,0550,018804,,2,3,7,3801,0,1,1,,2,023,"I-280 N/B","BARNEVELD AVE.",206.00,S,N,A,-,Y,SF,,280,,R,4.219,H,,R,N,3,0,1,2,D,-,00,,,N,E,I,A,A,H,-,D,D,0,,,,,Y,,-,"- ",0,1,0,0,0,0,0,0,0,"- ","- ",37.734550476074219,-122.40885162353516,"SAN FRANCISCO","SAN FRANCISCO",-122.40882873535156,37.734519958496094
91949036,2022,2022-12-22,9335,2022-12-09,0200,021754,,5,3,7,3801,0,1,2,,2,013,"US-101 SB TO I-280 SB","ALEMANY BLVD. U/C",85.00,N,N,A,-,Y,SF,,101,,,2.164,H,,L,Y,4,0,1,2,A,-,08,22107,,F,B,C,A,A,H,-,D,D,0,,,,,Y,,-,99,0,0,1,0,0,0,0,0,0,"- ","- ",37.737960815429688,-122.40830230712891,"SAN FRANCISCO","SAN FRANCISCO",-122.40805816650391,37.737991333007812
91949680,2022,2022-12-22,9350,2022-12-05,1903,022556,,1,2,7,3801,0,1,2,,2,020,"US-101 NB","LINCOLN BLVD. UNDERCROSSING",620.00,N,N,A,-,Y,,,,,,,,,,N,4,0,2,3,A,-,03,22350,,N,C,C,A,A,H,-,C,D,0,,,,,Y,,A,08,0,0,2,0,0,0,0,0,0,"- ","- ",37.807701110839844,-122.47582244873047,"SAN FRANCISCO","SAN FRANCISCO",-122.47591400146484,37.807598114013672
91951094,2022,2022-12-23,9335,2022-12-11,2222,022703,,7,3,7,3801,0,1,1,,1,083,"I-80 EASTBOUND","THE TREASURE ISLAND RD",50.00,E,N,C,-,Y,SF,,80,,,7.733,H,,R,N,3,0,1,1,A,-,01,23152,A,N,E,I,A,B,H,-,C,D,0,,,,,Y,Y,A,01,0,1,0,0,0,0,0,0,0,"- ","- ",37.809181213378906,-122.36615753173828,"SAN FRANCISCO","SAN FRANCISCO",-122.36613464355469,37.809162139892578
91951291,2022,2022-12-23,9335,2022-12-16,0140,022416,,5,3,7,3801,0,1,2,,2,013,"US-101 S/B","ALANA WAY",1003.00,N,N,A,-,Y,SF,,101,,,0.354,H,,L,Y,4,0,1,2,A,-,01,23152,A,N,A,C,A,A,H,-,D,A,0,,,,,Y,Y,A,01,0,0,1,0,0,0,0,0,0,"- ","- ",37.713310241699219,-122.39668273925781,"SAN FRANCISCO","SAN FRANCISCO",-122.39675903320312,37.713275909423828
91952775,2022,2022-12-27,9335,2022-12-17,1205,023082,,6,1,7,3801,0,1,2,,2,015,"US-101 NORTHBOUND","BRANNON STREET UNDERCROSSING",550.00,N,N,A,-,Y,,,,,,,,,,Y,3,0,1,1,A,-,08,22107,,M,E,I,A,A,H,-,A,D,0,,,,,Y,,A,01,0,1,0,0,0,0,0,0,0,"- ","- ",37.768550872802734,-122.76854705810547,"SAN FRANCISCO","SAN FRANCISCO",-122.40933990478516,37.769657135009766
91954007,2022,2022-12-28,9335,2022-12-22,0955,020384,,4,1,7,3801,0,1,1,,2,022,"I-280 S/B","OCEAN AVENUE",600.00,N,N,B,-,Y,SF,,280,,R,1.887,H,,L,N,4,0,1,1,A,-,08,22107,,N,H,A,A,A,H,-,A,D,0,,,,,Y,,A,07,0,0,1,0,0,0,0,0,0,"- ","- ",37.72467041015625,-122.44730377197266,"SAN FRANCISCO","SAN FRANCISCO",-122.44718933105469,37.724632263183594
91954580,2022,2022-12-28,9335,2022-12-23,1520,023063,,5,2,7,3801,0,1,1,,2,080,"I-80 WESTBOUND","5TH ST.",348.00,E,N,A,-,Y,SF,,80,,,5.132,H,,L,N,4,0,1,2,A,-,03,22350,,N,C,C,A,A,H,-,A,D,0,,,,,Y,,A,07,0,0,1,0,0,0,0,0,0,"- ","- ",37.781101226806641,-122.39817810058594,"SAN FRANCISCO","SAN FRANCISCO",-122.398193359375,37.781108856201172
91955335,2022,2022-12-29,9335,2022-12-27,0645,022860,,2,1,7,3801,0,1,1,,2,024,"I-280 N/B","THE MCKINNON AVE UNDERCROSSING",400.00,N,N,B,C,Y,SF,,280,,R,5.006,H,,R,N,4,0,1,1,A,-,08,22107,,N,E,I,A,B,H,-,A,D,0,,,,,Y,,A,01,0,0,1,0,0,0,0,0,0,"- ","- ",37.742069244384766,-122.39771270751953,"SAN FRANCISCO","SAN FRANCISCO",-122.39776611328125,37.742099761962891
91955358,2022,2022-12-29,9335,2022-05-15,0105,022486,,7,3,7,3801,0,1,1,,1,083,"I-80 E/B","TREASURE ISLAND RD",500.00,W,N,A,-,Y,SF,,80,,,7.627,H,,R,Y,4,0,2,4,A,-,01,23152,A,M,C,C,A,A,H,-,C,D,0,,,,,Y,Y,A,01,0,0,2,0,0,0,0,0,0,"- ","- ",37.807918548583984,-122.36730194091797,"SAN FRANCISCO","SAN FRANCISCO",-122.36727905273438,37.807907104492188
91959372,2022,2023-01-04,9335,2022-12-17,0050,022795,,6,3,7,3801,0,1,1,,1,083,"I-80 E/B","TREASURE ISLAND ROAD",940.00,W,N,A,-,Y,SF,,80,,,7.539,H,,R,N,4,0,1,2,A,-,07,21658,A,N,B,C,A,A,H,-,C,D,0,,,,,Y,,A,01,0,0,1,0,0,0,0,0,0,"- ","- ",37.807010650634766,-122.36846160888672,"SAN FRANCISCO","SAN FRANCISCO",-122.36830902099609,37.806911468505859
91959645,2022,2023-01-04,9335,2022-12-27,0530,020658,,2,3,7,3801,0,1,2,,2,013,"US-101 N/B","PAUL AVENUE UNDER-CROSSING",400.00,S,N,B,C,Y,SF,,101,,,1.043,H,,R,N,3,0,1,3,A,-,08,22107,,N,B,C,A,B,H,-,C,D,0,,,,,Y,,A,01,0,1,0,0,0,0,0,0,0,"- ","- ",37.722599029541016,-122.40074920654297,"SAN FRANCISCO","SAN FRANCISCO",-122.40064239501953,37.722625732421875
91960273,2022,2023-01-04,9335,2022-12-30,0112,021301,,5,3,7,3801,0,1,1,,2,023,"I-280 S/B","GENEVA AVE OVER-CROSSING",149.00,S,N,C,-,Y,SF,,280,,R,1.615,H,,L,Y,4,0,1,1,A,-,01,23152,A,N,E,I,A,B,H,-,C,D,0,,,,,Y,Y,A,01,0,0,1,0,0,0,0,0,0,"- ","- ",37.720790863037109,-122.44819641113281,"SAN FRANCISCO","SAN FRANCISCO",-122.44828796386719,37.720798492431641
91960312,2022,2023-01-04,9335,2022-12-31,1030,019581,,6,1,7,3801,0,1,1,,1,081,"I-80 W/B","BEALE ST.",150.00,W,N,B,C,Y,SF,,80,,,5.692,H,,L,Y,3,0,1,2,A,-,07,21658,A,N,B,C,A,B,H,-,A,D,0,,,,,Y,,-,"- ",0,1,0,0,0,0,0,0,0,"- ","- ",37.786281585693359,-122.3905029296875,"SAN FRANCISCO","SAN FRANCISCO",-122.39059448242188,37.786346435546875
91960320,2023,2023-01-05,9335,2023-01-02,2025,023111,,1,2,7,3801,0,1,1,,1,083,"I-80 E/B","THE TREASURE ISLAND TUNNEL",2140.00,W,N,C,-,Y,SF,,80," "," ",7.730,H,,R,N,4,0,1,1,A,-,08,22107,,N,E,I,A,B,H,-,C,D,0,,,,,Y,,A,01,0,0,1,0,0,0,0,0,0,"- ","- ",37.809169769287109,-122.3662109375,"SAN FRANCISCO","SAN FRANCISCO",-122.36616516113281,37.809135437011719
91963202,2022,2023-01-09,9335,2022-12-30,1300,022920,,5,1,7,3801,0,1,2,,2,015,"US-101 N/B","10TH STREET UNDERCROSSING",55.00,S,N,B,-,Y,SF,,101,,R,4.600,H,,R,Y,4,0,1,1,A,-,03,22350,,N,E,I,A,A,H,-,A,D,0,,,,,Y,,D,22,0,0,1,0,0,0,0,0,0,"- ","- ",37.769878387451172,-122.40875244140625,"SAN FRANCISCO","SAN FRANCISCO",-122.40876007080078,37.769905090332031
91964350,2022,2023-01-10,9335,2022-12-28,2225,022024,,3,3,7,3801,0,1,1,,1,081,"I-80 W/B FREMONT ST. OFF-RAMP","FOLSOM STREET UNDER-CROSSING",208.00,N,N,A,-,Y,,,,,,,,,,N,3,0,1,3,A,-,03,22350,,N,C,2,E,B,H,-,C,A,0,Y,,,,Y,,A,07,0,1,0,0,1,0,0,0,0,"- ","- ",37.786960601806641,-122.39608001708984,"SAN FRANCISCO","SAN FRANCISCO",,
91968220,2023,2023-01-13,9335,2023-01-06,"815 ",023118,,5,1,7,3801,0,1,1,,2,023,"I-280 N/B","OCEAN AVENUE",500.00,N,N,B,-,Y,SF,,280," ",R,1.885,H,,R,Y,3,0,1,3,A,-,03,22350,,N,C,C,A,B,H,-,E,D,0,,,,,Y,,A,01,0,1,0,0,0,0,0,0,0,"- ","- ",37.724571228027344,-122.44699096679688,"SAN FRANCISCO","SAN FRANCISCO",-122.447021484375,37.724578857421875
91978004,2023,2023-01-26,9335,2023-01-17,"930 ",021957,,2,1,7,3801,0,1,1,,2,022,"I-280 S/B FROM BOSWORTH ST.","THERESA ST. PEDESTRAIN OVER-CROSSING",224.00,S,N,A,-,Y,SF,,280," ",R,2.582,H,,L,Y,4,0,1,2,A,-,03,22350,,N,C,C,A,A,H,-,A,D,0,,,,,Y,,A,01,0,0,1,0,0,0,0,0,0,"- ","- ",37.730918884277344,-122.43760681152344,"SAN FRANCISCO","SAN FRANCISCO",-122.43756103515625,37.730819702148438
91978111,2023,2023-01-26,9335,2023-01-13,1100,022007,,5,1,7,3801,0,1,1,,2,023,"I-280 N/B","ST. MARY'S FOOTBRIDGE PEDESTRIAN OVER-CROSSING",34.00,S,N,B,C,Y,SF,,280," ",R,3.518,H,,R,N,2,0,2,1,A,-,08,22107,,N,E,I,A,B,H,-,A,D,0,,,,,Y,,A,07,2,0,0,0,0,0,0,0,0,"- ","- ",37.731849670410156,-122.42079925537109,"SAN FRANCISCO","SAN FRANCISCO",-122.4207763671875,37.731754302978516
91981357,2023,2023-01-30,9335,2023-01-16,1232,018804,,1,1,7,3801,0,1,1,,2,023,"I-280 N/B TO US 101 S/B","SILVER AVE",785.00,S,N,A,-,Y,SF,,101," "," ",1.620,H,,R,Y,2,0,2,1,A,-,08,22107,,N,E,I,A,A,H,-,A,D,0,,,,,Y,,A,01,1,1,0,0,0,0,0,0,0,"- ","- ",37.730701446533203,-122.40386962890625,"SAN FRANCISCO","SAN FRANCISCO",-122.40398406982422,37.730667114257812
91981365,2023,2023-01-30,9335,2023-01-19,1821,023167,,4,2,7,3801,0,1,1,,1,081,"I-80 W/B","NORTHGATE ROAD",1700.00,E,N,A,-,Y,SF,,80," ",R,8.422,H,,L,Y,4,0,3,3,A,-,04,21703,,N,C,C,A,A,H,-,C,D,0,,,,,Y,,A,01,0,0,3,0,0,0,0,0,0,"- ","- ",37.816291809082031,-122.35707092285156,"SAN FRANCISCO","SAN FRANCISCO",-122.35718536376953,37.816432952880859
91981366,2023,2023-01-30,9335,2023-01-19,2030,023121,,4,2,7,3801,0,1,1,,2,080,"I-80 E/B","DIVISION ST",136.00,E,N,A,-,Y,SF,,80," "," ",4.123,H,,R,N,4,0,1,2,A,-,03,22350,,N,C,C,A,A,H,-,C,A,0,,,,,Y,,A,01,0,0,1,0,0,0,0,0,0,"- ","- ",37.770130157470703,-122.40534210205078,"SAN FRANCISCO","SAN FRANCISCO",-122.40533447265625,37.770130157470703
91981370,2023,2023-01-30,9335,2023-01-20,1710,019799,,5,2,7,3801,0,1,1,,1,081,"I-80 W/B","FREMONT ST. OFF RAMP",700.00,E,N,A,-,Y,SF,,80," "," ",5.687,H,,L,N,4,0,1,2,A,-,03,22350,,M,C,C,A,A,H,-,B,A,0,,,,,Y,,B,01,0,0,1,0,0,0,0,0,0,"- ","- ",37.786331176757812,-122.39071655273438,"SAN FRANCISCO","SAN FRANCISCO",-122.39066314697266,37.786289215087891
91985012,2023,2023-02-02,9335,2023-01-14,"704 ",023118,,6,1,7,3801,0,1,1,,1,083,"I-80 E/B","ARMY RD",1320.00,E,N,B,C,Y,SF,,80," ",R,8.479,H,,R,Y,4,0,1,2,A,-,01,23152,G,M,D,C,A,B,H,-,C,D,0,,,,,Y,Y,D,22,0,0,1,0,0,0,0,0,0,"- ","- ",37.816551208496094,-122.35608673095703,"SAN FRANCISCO","SAN FRANCISCO",-122.3560791015625,37.816535949707031
91985017,2023,2023-02-02,9335,2023-01-15,2340,022920,,7,3,7,3801,0,1,1,,2,022,"I-280 S/B","HAVELOCK STREET OVERCROSSING",430.00,S,N,C,-,Y,,,,,,,,,,Y,4,0,2,1,A,-,08,22107,,N,E,I,A,B,H,-,D,D,0,,,,,Y,,A,01,0,0,2,0,0,0,0,0,0,"- ","- ",37.726669311523438,-122.44676208496094,"SAN FRANCISCO","SAN FRANCISCO",-122.44612121582031,37.726169586181641
91986337,2023,2023-02-03,9335,2023-01-24,1130,021957,,2,1,7,3801,0,1,1,,2,023,"I-280 NB","ALEMANY BLVD. O/C",272.00,N,N,A,-,Y,SF,,280," ",R,3.928,H,,R,N,4,0,2,2,A,-,03,22350,,N,C,C,A,A,H,-,A,D,0,,,,Y,Y,,F,26,0,0,2,0,0,0,0,0,0,"- ","- ",37.732498168945312,-122.41358947753906,"SAN FRANCISCO","SAN FRANCISCO",-122.41362762451172,37.732563018798828
91987007,2023,2023-02-06,9335,2023-01-26,1705,023167,,4,2,7,3801,0,1,1,,2,022,"I-280 S/B","ALEMANY BLVD",608.00,S,N,A,-,Y,SF,,280," ",R,0.346,H,,L,Y,4,0,1,2,A,-,03,22350,,N,C,C,A,A,H,-,C,D,0,,,,,Y,,A,01,0,0,1,0,0,0,0,0,0,"- ","- ",37.710628509521484,-122.46357727050781,"SAN FRANCISCO","SAN FRANCISCO",-122.46357727050781,37.710578918457031
91991155,2023,2023-02-10,9335,2023-01-15,1720,021222,,7,2,7,3801,0,1,1,,2,022,"I-280 NORTHBOUND","GENEVA AVE",760.00,S,N,C,-,Y,SF,,280," ",R,1.497,H,,R,N,4,0,1,2,A,-,08,22107,,N,B,C,A,B,H,-,C,D,0,,,,,Y,,A,01,0,0,1,0,0,0,0,0,0,"- ","- ",37.719100952148438,-122.44821166992188,"SAN FRANCISCO","SAN FRANCISCO",-122.44833374023438,37.719108581542969
91992337,2023,2023-02-13,9335,2023-02-01,"647 ",022823,,3,1,7,3801,0,1,2,,2,013,"US-101 S/B","FAITH ST. PEDESTRIAN OVERCROSSING",385.00,S,N,A,-,Y,SF,,101," "," ",2.539,H,,L,Y,4,0,2,6,A,-,03,22350,,N,C,C,A,A,H,-,A,D,0,,,,,Y,,A,01,0,0,2,0,0,0,0,0,0,"- ","- ",37.743061065673828,-122.40648651123047,"SAN FRANCISCO","SAN FRANCISCO",-122.40653991699219,37.743087768554688
91992343,2023,2023-02-13,9335,2023-02-01,1930,022525,,3,2,7,3801,0,1,2,,2,015,"US-101 S/B TO I-80 E/B","DIVISION STREET",50.00,N,N,A,-,Y,SF,,80," ",L,4.070,H,,R,Y,3,0,1,1,A,-,08,22107,,N,E,J,A,A,H,-,C,D,0,,,Y,,Y,,O,05,0,1,0,0,0,0,0,0,1,"- ","- ",37.769500732421875,-122.40543365478516,"SAN FRANCISCO","SAN FRANCISCO",-122.40548706054688,37.769515991210938
91992521,2023,2023-10-23,9335,2023-02-01,"645 ",023044,,3,1,7,3801,0,1,2,,2,013,"US-101 SOUTHBOUND","FAITH STREET PEDESTRIAN OVERCROSSING",739.00,S,N,A,-,Y,SF,,101," "," ",2.469,H,,L,N,4,0,1,4,A,-,03,22350,,F,C,C,A,A,H,-,B,D,0,,,,,Y,,A,01,0,0,1,0,0,0,0,0,0,"- ","- ",37.742229461669922,-122.40715789794922,"SAN FRANCISCO","SAN FRANCISCO",-122.40721130371094,37.742256164550781
91992526,2023,2023-02-13,9335,2023-02-04,2005,021222,,6,2,7,3801,0,1,1,,2,022,"I-280 NORTHBOUND","SAN JOSE AVENUE",990.00,S,N,C,-,Y,SF,,280," ",R,1.264,H,,R,Y,4,0,3,1,A,-,08,22107,,N,E,I,A,B,H,-,C,D,0,,,,,Y,,A,01,0,0,3,0,0,0,0,0,0,"- ","- ",37.715850830078125,-122.44938659667969,"SAN FRANCISCO","SAN FRANCISCO",-122.44935607910156,37.715831756591797
91995932,2023,2023-02-16,9335,2023-02-08,"855 ",023063,,3,1,7,3801,0,1,1,,2,022,"I-280 SOUTHBOUND","GENEVA AVENUE",950.00,S,N,A,-,Y,SF,,280," ",R,1.466,H,,L,Y,4,0,2,2,A,-,03,22350,,N,C,C,A,A,H,-,A,D,0,,,,,Y,,A,07,0,0,2,0,0,0,0,0,0,"- ","- ",37.718570709228516,-122.44864654541016,"SAN FRANCISCO","SAN FRANCISCO",-122.44856262207031,37.718563079833984
91996398,2023,2023-02-16,9335,2023-02-09,1550,023167,,4,2,7,3801,0,1,2,,2,013,"US 101 N/B","CORTLAND AVE",326.00,N,N,A,-,Y,SF,,101," "," ",2.345,H,,R,Y,4,0,3,3,A,-,03,22350,,N,C,C,A,A,H,-,A,D,0,,,,,Y,,A,01,0,0,3,0,0,0,0,0,0,"- ","- ",37.740581512451172,-122.40769958496094,"SAN FRANCISCO","SAN FRANCISCO",-122.40779876708984,37.740596771240234
91997770,2023,2023-02-20,9335,2023-02-12,1255,023082,,7,1,7,3801,0,1,1,,1,081,"I-80 W/B","SPEAR STREET",4700.00,E,N,A,-,Y,SF,,80," "," ",6.738,H,,L,N,4,0,2,3,A,-,03,22350,,N,C,C,A,A,H,-,A,D,0,,,,,Y,,A,01,0,0,2,0,0,0,0,0,0,"- ","- ",37.798080444335938,-122.37809753417969,"SAN FRANCISCO","SAN FRANCISCO",-122.3779296875,37.797966003417969
91997998,2023,2023-02-20,9335,2023-02-14,1918,018688,,2,2,7,3801,0,1,1,,1,081,"I-80 W/B","3RD ST.",115.00,W,N,A,-,Y,SF,,80," "," ",5.207,H,,L,N,4,0,1,4,A,-,04,21703,,N,C,C,A,A,H,-,C,D,0,,,,,Y,,D,23,0,0,1,0,0,0,0,0,0,"- ","- ",37.781768798828125,-122.39714050292969,"SAN FRANCISCO","SAN FRANCISCO",-122.39720153808594,37.781826019287109
92001131,2023,2023-08-02,9335,2023-02-12,1625,023063,,7,2,7,3801,0,1,2,,2,013,"US-101 SOUTHBOUND","ALANA WAY",5280.00,S,N,A,-,Y,SM,,101," "," ",25.049,H,,L,Y,3,0,2,3,A,-,03,22350,,N,B,C,A,A,H,-,A,D,0,,,,,Y,Y,A,01,0,1,1,0,0,0,0,0,0,"- ","- ",37.693790435791016,-122.39183807373047,"SAN FRANCISCO","SAN FRANCISCO",-122.39182281494141,37.693790435791016