CASE_ID,ACCIDENT_YEAR,PROC_DATE,JURIS,COLLISION_DATE,COLLISION_TIME,OFFICER_ID,REPORTING_DISTRICT,DAY_OF_WEEK,CHP_SHIFT,POPULATION,CNTY_CITY_LOC,SPECIAL_COND,BEAT_TYPE,CHP_BEAT_TYPE,CITY_DIVISION_LAPD,CHP_BEAT_CLASS,BEAT_NUMBER,PRIMARY_RD,SECONDARY_RD,DISTANCE,DIRECTION,INTERSECTION,WEATHER_1,WEATHER_2,STATE_HWY_IND,CALTRANS_COUNTY,CALTRANS_DISTRICT,STATE_ROUTE,ROUTE_SUFFIX,POSTMILE_PREFIX,POSTMILE,LOCATION_TYPE,RAMP_INTERSECTION,SIDE_OF_HWY,TOW_AWAY,COLLISION_SEVERITY,NUMBER_KILLED,NUMBER_INJURED,PARTY_COUNT,PRIMARY_COLL_FACTOR,PCF_CODE_OF_VIOL,PCF_VIOL_CATEGORY,PCF_VIOLATION,PCF_VIOL_SUBSECTION,HIT_AND_RUN,TYPE_OF_COLLISION,MVIW,PED_ACTION,ROAD_SURFACE,ROAD_COND_1,ROAD_COND_2,LIGHTING,CONTROL_DEVICE,CHP_ROAD_TYPE,PEDESTRIAN_ACCIDENT,BICYCLE_ACCIDENT,MOTORCYCLE_ACCIDENT,TRUCK_ACCIDENT,NOT_PRIVATE_PROPERTY,ALCOHOL_INVOLVED,STWD_VEHTYPE_AT_FAULT,CHP_VEHTYPE_AT_FAULT,COUNT_SEVERE_INJ,COUNT_VISIBLE_INJ,COUNT_COMPLAINT_PAIN,COUNT_PED_KILLED,COUNT_PED_INJURED,COUNT_BICYCLIST_KILLED,COUNT_BICYCLIST_INJURED,COUNT_MC_KILLED,COUNT_MC_INJURED,PRIMARY_RAMP,SECONDARY_RAMP,LATITUDE,LONGITUDE,COUNTY,CITY,POINT_X,POINT_Y
92001603,2023,2023-02-23,9335,2023-02-11,1340,023167,,6,1,7,3801,0,1,2,,2,013,"US 101 N/B","PAUL AVE",250.00,N,N,A,-,Y,SF,,101," "," ",1.180,H,,R,Y,3,0,1,2,A,-,07,21658,A,N,B,C,A,A,H,-,A,D,0,,,,,Y,,A,01,0,1,0,0,0,0,0,0,0,"- ","- ",37.724510192871094,-122.40142059326172,"SAN FRANCISCO","SAN FRANCISCO",-122.40141296386719,37.724514007568359
92007914,2023,2023-03-02,9335,2023-02-18,1215,023082,,6,1,7,3801,0,1,2,,2,013,"US 101 NORTHBOUND","PAUL AVENUE",970.00,S,N,A,-,Y,SF,,101," "," ",0.928,H,,R,N,4,0,1,2,A,-,03,22350,,N,C,C,A,A,H,-,A,D,0,,,,,Y,,A,01,0,0,1,0,0,0,0,0,0,"- ","- ",37.721118927001953,-122.40000152587891,"SAN FRANCISCO","SAN FRANCISCO",-122.40006256103516,37.721103668212891
92009347,2023,2023-03-03,9335,2023-01-16,2355,022096,,1,3,7,3801,0,1,2,,2,015,"US-101 S/B","POTRERO AVE",188.00,S,N,A,-,Y,SF,,101," ",R,4.459,H,,L,Y,4,0,1,1,A,-,01,23152,A,N,E,I,A,A,H,-,D,D,0,,,,,Y,Y,A,01,0,0,1,0,0,0,0,0,0,"- ","- ",37.768688201904297,-122.40711212158203,"SAN FRANCISCO","SAN FRANCISCO",-122.40712738037109,37.768650054931641
92009695,2023,2023-03-06,9335,2023-02-25,2323,022897,,6,3,7,3801,0,1,2,,2,013,"US-101 SB TO SILVER AVENUE","SILVER AVE. OVERCROSSING",10.00,N,N,A,-,Y,SF,,101," "," ",1.768,H,,L,Y,2,0,3,2,A,-,01,23152,A,F,C,C,A,A,H,-,D,D,0,,,,,Y,Y,A,01,1,0,2,0,0,0,0,0,0,"- ","- ",37.732490539550781,-122.40540313720703,"SAN FRANCISCO","SAN FRANCISCO",-122.40528869628906,37.732528686523438
92009699,2023,2023-03-06,9335,2023-02-18,1140,022920,,6,1,7,3801,0,1,2,,2,013,"US-101 N/B","THE 3RD STREET OVERCROSSING",1109.00,N,N,A,-,Y,SF,,101," "," ",0.784,H,,R,N,4,0,1,2,A,-,07,21658,A,N,C,C,A,A,H,-,A,D,0,,,,,Y,,A,01,0,0,1,0,0,0,0,0,0,"- ","- ",37.719158172607422,-122.39946746826172,"SAN FRANCISCO","SAN FRANCISCO",-122.39948272705078,37.719158172607422
92009742,2023,2023-03-06,9335,2023-01-27,1530,019799,,5,2,7,3801,0,1,1,,1,081,"I-80 W/B","TREASURE ISLAND ON RAMP",500.00,W,N,A,-,Y,SF,,80," "," ",7.586,H,,L,N,4,0,1,2,A,-,07,21658,A,N,B,C,A,A,H,-,A,D,0,,,,,Y,,-,"- ",0,0,1,0,0,0,0,0,0,"- ","- ",37.807521820068359,-122.36788177490234,"SAN FRANCISCO","SAN FRANCISCO",-122.36775207519531,37.80743408203125
92011592,2023,2023-03-07,9335,2023-03-03,1135,019631,,5,1,7,3801,0,1,1,,1,083,"I-80 E/B","TREASURE ISLAND ANCHORAGE",400.00,W,N,B,-,Y,SF,,80," "," ",7.597,H,,R,N,3,0,1,2,A,-,03,22350,,N,C,C,A,A,H,-,A,D,0,,,,,Y,,A,01,0,1,0,0,0,0,0,0,0,"- ","- ",37.807708740234375,-122.36785888671875,"SAN FRANCISCO","SAN FRANCISCO",-122.36762237548828,37.807552337646484
92014666,2023,2023-03-10,9335,2023-03-01,"937 ",021237,,3,1,7,3801,0,1,2,,2,013,"US 101 S/B","PAUL AVENUE",233.00,N,N,A,-,Y,SF,,101," "," ",1.170,H,,L,N,4,0,4,2,A,-,03,22350,,N,C,C,A,A,H,-,A,D,0,,,,,Y,,A,07,0,0,4,0,0,0,0,0,0,"- ","- ",37.724411010742188,-122.40158081054688,"SAN FRANCISCO","SAN FRANCISCO",-122.40163421630859,37.724395751953125
92015395,2023,2023-03-13,9335,2023-01-15,"220 ",022802,,7,3,7,3801,0,1,2,,2,013,"US-101 N/B TO I-280 N/B","THE SILVER AVE U/C",100.00,N,N,A,-,Y,SF,,101," "," ",1.801,H,,R,Y,3,0,1,1,C,-,18,,,N,E,I,A,B,H,-,C,D,0,,,,,Y,,-,"- ",0,1,0,0,0,0,0,0,0,"- ","- ",37.733188629150391,-122.40508270263672,"SAN FRANCISCO","SAN FRANCISCO",-122.40536499023438,37.733078002929688
92015426,2023,2023-03-13,9335,2023-01-30,"145 ",022525,,1,3,7,3801,0,1,1,,2,023,"I-280 N/B","JUSTIN STREET",110.00,S,N,B,-,Y,SF,,280," ",R,3.196,H,,R,Y,3,0,1,1,A,-,08,22107,,N,E,J,A,A,H,-,D,D,0,,,,,Y,,A,07,0,1,0,0,0,0,0,0,0,"- ","- ",37.731479644775391,-122.42675018310547,"SAN FRANCISCO","SAN FRANCISCO",-122.42673492431641,37.731540679931641
92015574,2023,2023-03-13,9335,2023-03-03,"40  ",022802,,5,3,7,3801,0,1,1,,2,080,"I-80 W/B TO 5TH ST","THE 5TH ST PROLONGATION",375.00,E,N,A,-,Y,SF,,80," "," ",4.894,H,,L,Y,3,0,1,3,A,-,08,22107,,N,E,I,A,A,H,-,C,D,0,,,,,Y,,A,01,0,1,0,0,0,0,0,0,0,"- ","- ",37.779048919677734,-122.40038299560547,"SAN FRANCISCO","SAN FRANCISCO",-122.40056610107422,37.779193878173828
92015591,2023,2023-03-13,9335,2023-03-07,"720 ",018053,,2,1,7,3801,0,1,1,,1,083,"I-80 E/B","YERBA BUENA ISLAND TUNNEL WEST EDGE",2640.00,W,N,B,-,Y,SF,,80," "," ",7.102,H,,R,Y,4,0,1,3,A,-,03,22350,,N,C,C,A,B,H,-,A,D,0,,,,,Y,,A,01,0,0,1,0,0,0,0,0,0,"- ","- ",37.802089691162109,-122.37364959716797,"SAN FRANCISCO","SAN FRANCISCO",-122.37354278564453,37.802017211914062
92015595,2023,2023-03-13,9335,2023-03-07,"740 ",018053,,2,1,7,3801,0,1,1,,1,083,"I-80 E/B","YERBA BUENA ISLAND TUNNEL WEST EDGE",3960.00,W,N,B,-,Y,SF,,80," "," ",6.859,H,,R,Y,4,0,1,2,A,-,08,22107,,N,B,C,A,B,H,-,A,D,0,,,,,Y,,A,01,0,0,1,0,0,0,0,0,0,"- ","- ",37.799350738525391,-122.37654113769531,"SAN FRANCISCO","SAN FRANCISCO",-122.37647247314453,37.799304962158203
92017595,2023,2023-03-14,9335,2023-03-05,"940 ",023067,,7,1,7,3801,0,1,1,,1,083,"I-80 EASTBOUND","TREASURE ISLAND RD",1250.00,W,N,A,-,Y,SF,,80," "," ",7.485,H,,R,Y,4,0,2,2,A,-,03,22350,,N,C,C,A,A,H,-,A,D,0,,,,,Y,,D,22,0,0,2,0,0,0,0,0,0,"- ","- ",37.806388854980469,-122.36907958984375,"SAN FRANCISCO","SAN FRANCISCO",-122.36895751953125,37.806308746337891
92017989,2023,2023-03-14,9335,2023-03-04,1513,021916,,6,2,7,3801,0,1,1,,2,023,"I-280 N/B","MISSION STREET OVERCROSSING",66.00,N,N,A,-,Y,SF,,280," ",R,3.135,H,,R,N,4,0,1,2,A,-,03,22350,,M,C,C,A,A,H,-,A,D,0,,,,,Y,,A,01,0,0,1,0,0,0,0,0,0,"- ","- ",37.731781005859375,-122.42781829833984,"SAN FRANCISCO","SAN FRANCISCO",-122.42782592773438,37.731761932373047
92021390,2023,2023-03-17,9335,2023-03-03,"349 ",022897,,5,3,7,3801,0,1,1,,2,024,"I-280 S/B","20TH ST OVERCROSSING",370.00,N,N,A,-,Y,SF,,280," ",R,6.479,H,,L,Y,4,0,1,1,A,-,08,22107,,N,E,I,A,A,H,-,D,D,0,,,,,Y,,A,01,0,0,1,0,0,0,0,0,0,"- ","- ",37.761341094970703,-122.39253997802734,"SAN FRANCISCO","SAN FRANCISCO",-122.39255523681641,37.761337280273438
92021394,2023,2023-03-17,9335,2023-02-24,1050,021588,,5,1,7,3801,0,1,2,,2,014,"US-101 SOUTHBOUND","23RD STREET O/C",230.00,N,N,B,-,Y,SF,,101," "," ",3.410,H,,L,Y,3,0,1,1,A,-,08,22107,,N,F,A,A,B,H,-,A,D,0,,,,,Y,,D,22,0,1,0,0,0,0,0,0,0,"- ","- ",37.755191802978516,-122.40328216552734,"SAN FRANCISCO","SAN FRANCISCO",-122.40320587158203,37.755195617675781
92021629,2023,2023-03-20,9335,2023-03-10,2228,022920,,5,3,7,3801,0,1,2,,2,013,"US-101 N/B","THE FAITH STREET OVERCROSSING",120.00,N,N,B,-,Y,SF,,101," "," ",2.640,H,,R,Y,3,0,2,2,A,-,08,22107,,N,E,8,A,A,H,-,C,D,0,,,,,Y,,A,01,0,2,0,0,0,0,0,0,0,"- ","- ",37.744251251220703,-122.40550994873047,"SAN FRANCISCO","SAN FRANCISCO",-122.4053955078125,37.744213104248047
92021632,2023,2023-03-20,9335,2023-03-11,2245,023067,,6,3,7,3801,0,1,1,,2,080,"I-80 EASTBOUND FROM STERLING STREET","BEALE ST",565.00,W,N,B,-,Y,SF,,80," "," ",5.613,H,,R,N,4,0,2,2,A,-,03,22350,,N,C,C,A,A,H,-,C,D,0,,,,,Y,,A,07,0,0,2,0,0,0,0,0,0,"- ","- ",37.785419464111328,-122.39150238037109,"SAN FRANCISCO","SAN FRANCISCO",-122.39159393310547,37.785507202148438
92021832,2023,2023-03-20,9335,2023-02-05,"940 ",023119,,7,1,7,3801,0,1,2,,2,013,"US-101 S/B TO PAUL AVE","SAN BRUNO AVE",30.00,N,N,A,-,Y,,,,,,,,,,Y,4,0,1,2,A,-,08,22107,,F,E,8,A,A,H,-,A,D,0,,,,,Y,,-,99,0,0,1,0,0,0,0,0,0,"- ","- ",37.7216796875,-122.40093994140625,"SAN FRANCISCO","SAN FRANCISCO",-122.40093994140625,37.7216796875
92026725,2023,2023-03-23,9335,2023-02-08,2150,023119,,3,2,7,3801,0,1,2,,2,014,"US 101 S/B","FOLSOM ST",100.00,S,N,A,-,Y,SF,,101," ",R,4.961,H,,L,N,2,0,1,2,A,-,11,21954,A,F,G,B,E,A,H,-,C,D,0,Y,,,,Y,,N,60,1,0,0,0,1,0,0,0,0,"- ","- ",37.769481658935547,-122.4151611328125,"SAN FRANCISCO","SAN FRANCISCO",-122.4151611328125,37.769508361816406
92027213,2023,2023-03-23,9335,2023-03-15,1725,018688,,3,2,7,3801,0,1,1,,2,021,"I-280 N/B","HICKEY BLVD.",805.00,N,N,A,-,Y,SM,,280," ",R,24.370,H,,R,N,4,0,1,2,A,-,03,22350,,N,C,C,A,A,H,-,A,D,0,,,,,Y,,A,01,0,0,1,0,0,0,0,0,0,"- ","- ",37.665901184082031,-122.46544647216797,"SAN FRANCISCO","SAN FRANCISCO",-122.46554565429688,37.6658935546875
92027790,2023,2023-03-24,9335,2023-03-21,2027,018688,,2,2,7,3801,0,1,1,,2,080,"I-80 E/B","7TH ST. OFF RAMP PHYSICAL GORE POINT",600.00,W,N,C,G,Y,SF,,80," "," ",4.265,H,,R,N,4,0,1,2,A,-,21,22106,,F,C,C,A,B,H,-,C,D,0,,,,,Y,,-,99,0,0,1,0,0,0,0,0,0,"- ","- ",37.771949768066406,-122.40643310546875,"SAN FRANCISCO","SAN FRANCISCO",-122.40635681152344,37.771968841552734
92027924,2023,2023-03-24,9335,2023-03-15,2345,022897,,3,3,7,3801,0,1,1,,2,080,"I-80 E/B TO 4TH ST.","4TH STREET",130.00,W,N,A,-,Y,,,,,,,,,,Y,2,0,2,3,A,-,01,23152,A,N,C,C,A,A,H,-,C,D,0,,,,,Y,Y,A,07,1,0,1,0,0,0,0,0,0,"- ","- ",37.779518127441406,-122.39878845214844,"SAN FRANCISCO","SAN FRANCISCO",-122.39878845214844,37.779518127441406
92028553,2023,2023-03-27,9335,2023-03-17,"710 ",019631,,5,1,7,3801,0,1,1,,1,081,"I-80 W/B","BEALE ST",100.00,E,N,B,-,Y,SF,,80," "," ",5.747,H,,L,N,3,0,1,2,A,-,07,21658,A,N,B,C,A,A,H,-,B,D,0,,,Y,,Y,,A,01,0,1,0,0,0,0,0,0,1,"- ","- ",37.786930084228516,-122.38990020751953,"SAN FRANCISCO","SAN FRANCISCO",-122.38993835449219,37.786952972412109
92029940,2023,2023-03-27,9335,2023-03-21,1750,021424,,2,2,7,3801,0,1,1,,2,024,"I-280 N/B","23RD ST",200.00,S,N,B,C,Y,SF,,280," ",R,5.922,H,,R,N,4,0,2,2,A,-,03,22350,,N,C,C,A,B,H,-,A,D,0,,,,,Y,,A,01,0,0,2,0,0,0,0,0,0,"- ","- ",37.754550933837891,-122.39169311523438,"SAN FRANCISCO","SAN FRANCISCO",-122.39178466796875,37.754524230957031
92035770,2023,2023-04-03,9335,2023-03-22,"345 ",022860,,3,3,7,3801,0,1,1,,2,022,"I-280 N/B","FARALLONES ST OVERCROSSING",200.00,N,N,C,-,Y,SF,,280," ",R,1.102,H,,R,Y,4,0,1,1,A,-,08,22107,,N,E,I,A,B,H,-,C,D,0,,,,,Y,,A,01,0,0,1,0,0,0,0,0,0,"- ","- ",37.714061737060547,-122.45133972167969,"SAN FRANCISCO","SAN FRANCISCO",-122.45128631591797,37.714023590087891
92035955,2023,2023-04-03,9335,2023-04-01,1855,021916,,6,2,7,3801,0,1,1,,2,022,"I-280 S/B","JUNIPERO SERRA BLVD",150.00,N,N,A,-,Y,SM,,280," ",M,27.303,H,,L,Y,2,0,1,2,A,-,00,21960,A,N,G,B,E,A,H,-,A,D,0,Y,,,,Y,,N,60,1,0,0,0,1,0,0,0,0,"- ","- ",37.706829071044922,-122.47044372558594,"SAN FRANCISCO","SAN FRANCISCO",-122.47042846679688,37.706825256347656
92036039,2023,2023-04-03,9335,2023-03-28,1030,018053,,2,1,7,3801,0,1,1,,2,080,"I-80 E/B","4TH STREET UNDERCROSSING",638.00,W,N,C,-,Y,SF,,80," "," ",4.877,H,,R,Y,4,0,2,2,A,-,07,21658,A,N,C,C,A,B,H,-,A,D,0,,,,,Y,,A,01,0,0,2,0,0,0,0,0,0,"- ","- ",37.778690338134766,-122.40033721923828,"SAN FRANCISCO","SAN FRANCISCO",-122.40034484863281,37.778694152832031
92036956,2023,2023-04-04,9335,2023-03-27,1400,023121,,1,2,7,3801,0,1,2,,2,014,"US-101 N/B","23RD STREET",427.00,N,N,A,-,Y,SF,,101," "," ",3.443,H,,R,Y,4,0,2,1,A,-,08,22107,,N,F,A,A,A,H,-,A,D,0,,,Y,,Y,,C,02,0,0,2,0,0,0,0,0,2,"- ","- ",37.755710601806641,-122.40315246582031,"SAN FRANCISCO","SAN FRANCISCO",-122.40304565429688,37.755714416503906
92037073,2023,2023-04-04,9335,2023-03-28,1200,023121,,2,1,7,3801,0,1,1,,2,023,"I-280 S/B","OCEAN AVENUE",664.00,N,N,B,C,Y,SF,,280," ",R,1.901,H,,L,Y,4,0,1,2,A,-,08,22107,,N,E,8,A,B,H,-,A,D,0,,,,,Y,,D,22,0,0,1,0,0,0,0,0,0,"- ","- ",37.724788665771484,-122.447021484375,"SAN FRANCISCO","SAN FRANCISCO",-122.44709014892578,37.724815368652344
92039012,2023,2023-04-06,9335,2023-03-03,"3   ",021301,,5,3,7,3801,0,1,1,,2,022,"I-280 S/B TO SAN JOSE AVE","SADOWA ST",9.00,N,N,A,-,Y,,,,,,,,,,Y,3,0,1,5,A,-,01,23152,A,M,E,8,A,A,H,-,D,D,0,,,,,Y,Y,A,07,0,1,0,0,0,0,0,0,0,"- ","- ",37.712299346923828,-122.45464324951172,"SAN FRANCISCO","SAN FRANCISCO",-122.45464324951172,37.712299346923828
92040978,2022,2023-04-10,9335,2022-09-17,0539,019581,,6,3,7,3801,0,1,1,,1,083,"I-80 E/B (DWIGHT D. EISENHOWER)","BEALE ST.",280.00,W,N,A,-,Y,SF,,80,,,5.669,H,,R,Y,1,1,1,2,C,-,18,,,N,C,C,A,A,H,-,D,D,0,,,Y,,Y,,-,"- ",1,0,0,0,0,0,0,1,1,"- ","- ",37.786090850830078,-122.39086151123047,"SAN FRANCISCO","SAN FRANCISCO",-122.390869140625,37.786094665527344
92041108,2023,2023-04-10,9335,2023-04-02,1845,022920,,7,2,7,3801,0,1,2,,2,015,"US-101 S/B FROM SOUTH VAN NESS AVENUE","SOUTH VAN NESS AVENUE ROADWAY EDGE PROLONGATION",192.00,N,N,A,-,Y,,,,,,,,,,N,4,0,1,2,A,-,07,21658,A,N,B,C,A,A,H,-,A,D,0,,,,,Y,,-,"- ",0,0,1,0,0,0,0,0,0,"- ","- ",37.768871307373047,-122.41850280761719,"SAN FRANCISCO","SAN FRANCISCO",-122.41850280761719,37.768871307373047
92041167,2023,2023-04-10,9335,2023-04-02,"144 ",023044,,7,3,7,3801,0,1,1,,1,083,"I-80 EASTBOUND","THE EMBARCADERO",976.00,E,N,A,-,Y,SF,,80," "," ",6.097,H,,R,Y,3,0,1,1,A,-,01,23152,A,N,E,I,A,A,H,-,C,D,0,,,,,Y,Y,A,01,0,1,0,0,0,0,0,0,0,"- ","- ",37.790828704833984,-122.38568115234375,"SAN FRANCISCO","SAN FRANCISCO",-122.38569641113281,37.790840148925781
92042085,2023,2023-04-11,9335,2023-04-05,1004,018053,,3,1,7,3801,0,1,1,,1,083,"I-80 E/B","BEALE STREET UNDER CROSSING",742.00,W,N,A,-,Y,SF,,80," "," ",5.576,H,,R,N,4,0,1,2,B,-,22,,,N,B,C,A,A,H,-,A,D,0,,,,,Y,,I,20,0,0,1,0,0,0,0,0,0,"- ","- ",37.785331726074219,-122.39225769042969,"SAN FRANCISCO","SAN FRANCISCO",-122.39215850830078,37.785209655761719
92044573,2023,2023-04-13,9335,2023-04-10,1711,014739,,1,2,7,3801,0,1,2,,2,013,"UNITED STATES 101","THE CESAR CHAVEZ OFF-RAMP",200.00,S,N,B,-,Y,SF,,101," "," ",2.683,H,,R,N,4,0,1,1,B,-,22,,,N,F,A,A,A,H,-,A,D,0,,,Y,,Y,,C,02,0,0,1,0,0,0,0,0,1,"- ","- ",37.744808197021484,-122.40518188476562,"SAN FRANCISCO","SAN FRANCISCO",-122.40511322021484,37.744789123535156
92047050,2023,2023-04-17,9335,2023-02-19,1600,023167,,7,2,7,3801,0,1,1,,1,081,"I-80 W/B","TREASURE ISLAND RD",860.00,W,N,A,-,Y,SF,,80," "," ",7.558,H,,L,Y,4,0,3,3,A,-,07,21658,A,M,B,C,A,A,H,-,A,D,0,,,,,Y,,-,99,0,0,3,0,0,0,0,0,0,"- ","- ",37.807239532470703,-122.36826324462891,"SAN FRANCISCO","SAN FRANCISCO",-122.36808776855469,37.807125091552734
92047485,2023,2023-04-18,9350,2023-04-11,1520,022468,,2,2,7,3801,0,1,2,,2,020,"US-101 N/B","TOLL PLAZA",2270.00,N,N,A,-,Y,,,,,,,,,,N,4,0,1,2,A,-,07,21658,A,F,B,C,A,A,H,-,A,D,0,,,,,Y,,-,99,0,0,1,0,0,0,0,0,0,"- ","- ",37.813278198242188,-122.47776031494141,"SAN FRANCISCO","SAN FRANCISCO",-122.47785186767578,37.813266754150391
92047493,2023,2023-04-18,9335,2023-04-16,1300,022920,,7,1,7,3801,0,1,2,,2,013,"US-101 N/B","THE ALEMANY BLVD UNCERCROSSING",40.00,N,N,A,-,Y,SF,,101," "," ",2.161,H,,R,N,4,0,1,2,A,-,03,22350,,N,C,C,A,A,H,-,A,D,0,,,,,Y,,A,01,0,0,1,0,0,0,0,0,0,"- ","- ",37.737960815429688,-122.40788269042969,"SAN FRANCISCO","SAN FRANCISCO",-122.40791320800781,37.737957000732422
92048024,2023,2023-04-18,9335,2023-04-17,1415,022920,,1,2,7,3801,0,1,1,,2,022,"I-280 N/B","THE SICKLES AVENUE UNDERCROSSING",695.00,N,N,A,-,Y,SF,,280," ",R,0.928,H,,R,N,4,0,1,2,A,-,03,22350,,N,C,C,A,A,H,-,A,D,0,,,,,Y,,A,07,0,0,1,0,0,0,0,0,0,"- ","- ",37.712089538574219,-122.45340728759766,"SAN FRANCISCO","SAN FRANCISCO",-122.4534912109375,37.712154388427734
92048780,2023,2023-04-19,9335,2023-04-11,"755 ",021588,,2,1,7,3801,0,1,1,,2,024,"I-280 NORTHBOUND","ELMIRA STREET",35.00,N,N,A,-,Y,SF,,280," ",R,4.526,H,,R,Y,4,0,1,3,A,-,03,22350,,N,C,C,A,A,H,-,A,D,0,,,,,Y,,A,01,0,0,1,0,0,0,0,0,0,"- ","- ",37.736560821533203,-122.40364837646484,"SAN FRANCISCO","SAN FRANCISCO",-122.40364837646484,37.736557006835938
92049978,2023,2023-04-21,9335,2023-04-08,"105 ",023067,,6,3,7,3801,0,1,1,,1,081,"I-80 W/B","MACALLA RD",2550.00,E,N,A,-,Y,SF,,80," ",R,8.425,H,,L,Y,3,0,3,3,A,-,01,23152,A,N,C,C,A,A,H,-,C,A,0,,,,,Y,Y,A,01,0,1,2,0,0,0,0,0,0,"- ","- ",37.816398620605469,-122.35709381103516,"SAN FRANCISCO","SAN FRANCISCO",-122.35713958740234,37.816459655761719
92051410,2023,2023-04-24,9335,2023-04-16,"425 ",022897,,7,3,7,3801,0,1,1,,2,024,"I-280 S/B","GALVEZ AVE",30.00,S,N,A,-,Y,SF,,280," ",R,5.239,H,,L,Y,4,0,2,1,A,-,08,22107,,N,E,I,A,A,H,-,D,D,0,,,,,Y,,A,01,0,0,2,0,0,0,0,0,0,"- ","- ",37.744800567626953,-122.39524841308594,"SAN FRANCISCO","SAN FRANCISCO",-122.39529418945312,37.744827270507812
92051453,2023,2023-04-24,9335,2023-04-13,1550,023118,,4,2,7,3801,0,1,2,,2,013,"US 101 N/B","FAITH STREET PEDESTRIAN OVERCROSSING",795.00,S,N,A,-,Y,SF,,101," "," ",2.457,H,,R,Y,3,0,2,5,A,-,07,21658,A,N,C,C,A,A,H,-,A,D,0,,,,,Y,,A,01,0,2,0,0,0,0,0,0,0,"- ","- ",37.742031097412109,-122.40705871582031,"SAN FRANCISCO","SAN FRANCISCO",-122.4071044921875,37.742046356201172
92052185,2023,2023-04-25,9335,2023-04-16,"340 ",023044,,7,3,7,3801,0,1,1,,1,083,"I-80 EASTBOUND","TREASURE ISLAND ROAD",619.00,W,N,A,-,Y,SF,,80," "," ",7.603,H,,R,Y,4,0,2,5,A,-,01,23152,A,N,C,C,A,A,H,-,C,D,0,,,,,Y,Y,A,01,0,0,2,0,0,0,0,0,0,"- ","- ",37.807701110839844,-122.36765289306641,"SAN FRANCISCO","SAN FRANCISCO",-122.36754608154297,37.807628631591797
92053794,2023,2023-08-03,9335,2023-03-04,1118,023044,,6,1,7,3801,0,1,1,,2,023,"I-280 NORTHBOUND","SAN JOSE AVENUE OVERPASS",41.00,N,N,B,-,Y,SF,,280," ",R,1.480,H,,R,Y,4,0,1,2,A,-,03,22350,,F,C,C,A,A,H,-,A,D,0,,,,,Y,,-,99,0,0,1,0,0,0,0,0,0,"- ","- ",37.718868255615234,-122.44833374023438,"SAN FRANCISCO","SAN FRANCISCO",-122.4483642578125,37.7188720703125
92053917,2023,2023-04-26,9335,2023-04-24,"740 ",023167,,1,1,7,3801,0,1,1,,2,023,"I-280 S/B","ALEMANY BLVD",465.00,N,N,A,-,Y,SF,,280," ",R,3.964,H,,L,Y,4,0,1,3,A,-,08,22107,,N,E,2,A,A,H,-,A,D,0,,,,,Y,Y,A,01,0,0,1,0,0,0,0,0,0,"- ","- ",37.732978820800781,-122.41295623779297,"SAN FRANCISCO","SAN FRANCISCO",-122.41301727294922,37.733051300048828
92054488,2023,2023-04-27,9335,2023-04-26,1600,022525,,3,2,7,3801,0,1,1,,2,022,"I-280 SB TO OCEAN AVENUE","HAVELOCK ST PEDESTRIAN O/C",400.00,S,N,A,-,Y,SF,,280," ",R,1.967,H,,L,Y,4,0,1,2,A,-,03,22350,,N,C,C,A,A,H,-,A,D,0,,,,,Y,,A,01,0,0,1,0,0,0,0,0,0,"- ","- ",37.725749969482422,-122.44667816162109,"SAN FRANCISCO","SAN FRANCISCO",-122.44651031494141,37.725669860839844