CASE_ID,ACCIDENT_YEAR,PROC_DATE,JURIS,COLLISION_DATE,COLLISION_TIME,OFFICER_ID,REPORTING_DISTRICT,DAY_OF_WEEK,CHP_SHIFT,POPULATION,CNTY_CITY_LOC,SPECIAL_COND,BEAT_TYPE,CHP_BEAT_TYPE,CITY_DIVISION_LAPD,CHP_BEAT_CLASS,BEAT_NUMBER,PRIMARY_RD,SECONDARY_RD,DISTANCE,DIRECTION,INTERSECTION,WEATHER_1,WEATHER_2,STATE_HWY_IND,CALTRANS_COUNTY,CALTRANS_DISTRICT,STATE_ROUTE,ROUTE_SUFFIX,POSTMILE_PREFIX,POSTMILE,LOCATION_TYPE,RAMP_INTERSECTION,SIDE_OF_HWY,TOW_AWAY,COLLISION_SEVERITY,NUMBER_KILLED,NUMBER_INJURED,PARTY_COUNT,PRIMARY_COLL_FACTOR,PCF_CODE_OF_VIOL,PCF_VIOL_CATEGORY,PCF_VIOLATION,PCF_VIOL_SUBSECTION,HIT_AND_RUN,TYPE_OF_COLLISION,MVIW,PED_ACTION,ROAD_SURFACE,ROAD_COND_1,ROAD_COND_2,LIGHTING,CONTROL_DEVICE,CHP_ROAD_TYPE,PEDESTRIAN_ACCIDENT,BICYCLE_ACCIDENT,MOTORCYCLE_ACCIDENT,TRUCK_ACCIDENT,NOT_PRIVATE_PROPERTY,ALCOHOL_INVOLVED,STWD_VEHTYPE_AT_FAULT,CHP_VEHTYPE_AT_FAULT,COUNT_SEVERE_INJ,COUNT_VISIBLE_INJ,COUNT_COMPLAINT_PAIN,COUNT_PED_KILLED,COUNT_PED_INJURED,COUNT_BICYCLIST_KILLED,COUNT_BICYCLIST_INJURED,COUNT_MC_KILLED,COUNT_MC_INJURED,PRIMARY_RAMP,SECONDARY_RAMP,LATITUDE,LONGITUDE,COUNTY,CITY,POINT_X,POINT_Y
92204723,2023,2023-10-20,9335,2023-08-27,2240,023167,,7,3,7,3801,0,1,2,,2,013,"US-101 N/B","FAITH ST OVERCROSSING",430.00,S,N,A,-,Y,SF,,101," "," ",2.530,H,,R,Y,4,0,1,2,A,-,03,22350,,M,C,2,A,A,H,-,C,D,0,,,,,Y,,A,01,0,0,1,0,0,0,0,0,0,"- ","- ",37.742870330810547,-122.40638732910156,"SAN FRANCISCO","SAN FRANCISCO",-122.40643310546875,37.742893218994141
92208095,2023,2023-10-25,9350,2023-10-21,1750,022468,,6,2,7,3801,0,1,2,,2,020,"US-101 S/B","CONZELMAN ROAD",1742.00,S,N,A,-,Y,,,,,,,,,,N,3,0,1,1,A,-,03,22350,,N,E,I,A,A,H,-,A,D,0,,Y,,,Y,,L,04,0,1,0,0,0,0,1,0,0,"- ","- ",37.8255615234375,-122.47931671142578,"SAN FRANCISCO","SAN FRANCISCO",-122.47953033447266,37.825527191162109
92209241,2023,2023-10-26,9335,2023-10-12,1102,023464,,4,1,7,3801,0,1,1,,1,081,"I-80 WESTBOUND","SPEAR ST UNDERCROSSING",80.00,E,N,A,-,Y,SF,,80," "," ",5.873,H,,L,Y,4,0,2,2,A,-,03,22350,,N,C,C,A,A,H,-,A,D,0,,,,Y,Y,,F,26,0,0,2,0,0,0,0,0,0,"- ","- ",37.788398742675781,-122.38848114013672,"SAN FRANCISCO","SAN FRANCISCO",-122.38841247558594,37.788352966308594
92221777,2023,2023-10-27,9335,2023-10-17,"544 ",020068,,2,3,7,3801,0,1,1,,1,081,"I-80 W/B","TREASURE ISLAND RD",2931.00,W,N,E,-,Y,SF,,80," "," ",7.170,H,,L,Y,4,0,1,2,A,-,03,22350,,N,C,C,A,A,H,-,C,D,0,,,,,Y,,A,01,0,0,1,0,0,0,0,0,0,"- ","- ",37.802871704101562,-122.37286376953125,"SAN FRANCISCO","SAN FRANCISCO",-122.37272644042969,37.802780151367188
92228177,2023,2023-11-06,9335,2023-10-17,1300,020658,,2,1,7,3801,0,1,1,,2,024,"I-280 S/B","OF EVANS AVENUE",200.00,S,N,A,-,Y,SF,,280," ",R,5.304,H,,L,Y,3,0,1,1,A,-,08,22107,,N,E,I,A,A,H,-,A,D,0,,,,,Y,,A,01,0,1,0,0,0,0,0,0,0,"- ","- ",37.745620727539062,-122.39456176757812,"SAN FRANCISCO","SAN FRANCISCO",-122.39462280273438,37.745643615722656
92230799,2023,2023-11-08,9350,2023-11-01,1855,021099,,3,2,7,3801,0,1,2,,2,020,"US-101 S/B","GOLDEN GATE BRIDGE TOLL PLAZA",20.00,N,N,A,-,Y,,,,,,,,,,N,4,0,1,1,A,-,08,22107,,N,E,I,A,A,H,-,C,A,0,,,,,Y,,A,07,0,0,1,0,0,0,0,0,0,"- ","- ",37.807258605957031,-122.4757080078125,"SAN FRANCISCO","SAN FRANCISCO",-122.47576904296875,37.807197570800781
92240126,2023,2023-11-20,9335,2023-11-08,1830,023367,,3,2,7,3801,0,1,1,,1,081,"I-80 W/B","TREASURE ISLAND RD OVERCROSSING",2483.00,W,N,A,-,Y,SF,,80," "," ",7.258,H,,L,Y,4,0,2,2,A,-,03,22350,,N,C,C,A,A,H,-,D,D,0,,,,,Y,,A,07,0,0,2,0,0,0,0,0,0,"- ","- ",37.803848266601562,-122.37180328369141,"SAN FRANCISCO","SAN FRANCISCO",-122.37167358398438,37.803764343261719
92243342,2023,2023-11-23,9335,2023-11-13,1440,023378,,1,2,7,3801,0,1,1,,2,022,"I-280 N/B","OCEAN AVENUE OVERCROSSING",365.00,N,N,A,-,Y,SF,,280," ",R,1.846,H,,R,Y,4,0,1,2,A,-,03,22350,,N,C,C,A,A,H,-,A,D,0,,,,Y,Y,,A,07,0,0,1,0,0,0,0,0,0,"- ","- ",37.724071502685547,-122.44732666015625,"SAN FRANCISCO","SAN FRANCISCO",-122.44729614257812,37.724056243896484
92244542,2023,2023-11-27,9335,2023-11-24,1830,022860,,5,2,7,3801,0,1,2,,2,013,"US-101 N/B","18 STREET PEDESTRIAN OVERCROSSING",200.00,N,N,A,-,Y,SF,,101," "," ",3.996,H,,R,N,4,0,2,2,A,-,04,21703,,N,C,C,A,A,H,-,C,D,0,,,,,Y,,A,01,0,0,2,0,0,0,0,0,0,"- ","- ",37.762649536132812,-122.40541839599609,"SAN FRANCISCO","SAN FRANCISCO",-122.40535736083984,37.762630462646484
92249783,2023,2023-12-01,9335,2023-10-26,2135,022596,,4,2,7,3801,0,1,2,,2,014,"US-101 N/B","22ND STREET PEDESTRIAN OVERCROSSING",39.00,S,N,A,-,Y,SF,,101," "," ",3.514,H,,R,Y,4,0,2,2,A,-,03,22350,,N,C,C,A,A,H,-,C,D,0,,,,,Y,,A,07,0,0,2,0,0,0,0,0,0,"- ","- ",37.756790161132812,-122.40335845947266,"SAN FRANCISCO","SAN FRANCISCO",-122.40333557128906,37.756797790527344
92249818,2023,2023-12-01,9335,2023-11-20,1218,019949,,1,1,7,3801,0,1,2,,2,014,"US-101 S/B TO US-101 S/B","15TH STREET UC",220.00,N,N,A,-,Y,SF,,101," ",R,4.342,H,,L,Y,4,0,4,3,A,-,03,22350,,N,C,C,A,A,H,-,A,D,0,,,,,Y,,D,22,0,0,4,0,0,0,0,0,0,"- ","- ",37.767601013183594,-122.40554046630859,"SAN FRANCISCO","SAN FRANCISCO",-122.40556335449219,37.767593383789062
92250770,2023,2023-12-04,9335,2023-10-15,2220,023067,,7,3,7,3801,0,1,2,,2,015,"US-101 N/B","MARKET ST",67.00,S,N,A,-,Y,SF,,101," ",M,5.439,H,,R,N,3,0,3,3,A,-,03,22350,,N,C,C,A,A,H,-,C,A,0,,,,,Y,,A,01,0,3,0,0,0,0,0,0,0,"- ","- ",37.771690368652344,-122.42315673828125,"SAN FRANCISCO","SAN FRANCISCO",-122.42318725585938,37.771678924560547
92250771,2023,2023-12-04,9335,2023-10-16,1112,018804,,1,1,7,3801,0,1,1,,2,023,"I-280 N/B","MISSION ST.",173.00,S,N,A,-,Y,SF,,280," ",R,3.063,H,,R,N,3,0,1,1,A,-,08,22107,,N,E,I,A,A,H,-,A,D,0,,,,,Y,,A,01,0,1,0,0,0,0,0,0,0,"- ","- ",37.731941223144531,-122.42909240722656,"SAN FRANCISCO","SAN FRANCISCO",-122.42906951904297,37.732032775878906
92250772,2023,2023-12-04,9335,2023-11-08,"626 ",018804,,3,1,7,3801,0,1,2,,2,014,"US 101 N/B","16TH STREET",40.00,N,N,A,-,Y,SF,,80," "," ",3.841,H,,R,N,4,0,2,2,A,-,08,22107,,N,E,C,A,A,H,-,B,D,0,,,,,Y,,A,07,0,0,2,0,0,0,0,0,0,"- ","- ",37.766139984130859,-122.40496063232422,"SAN FRANCISCO","SAN FRANCISCO",-122.40492248535156,37.766139984130859
92254473,2023,2024-10-10,9335,2023-11-03,1845,022920,,5,2,7,3801,0,1,1,,2,080,"I-80 W/B","THE 7TH STREET UNDERCROSSING",405.00,E,N,A,-,Y,SF,,80," "," ",4.578,H,,L,Y,4,0,1,2,A,-,03,22350,,N,C,C,A,A,H,-,C,D,0,,,,,Y,,A,01,0,0,1,0,0,0,0,0,0,"- ","- ",37.776149749755859,-122.40496826171875,"SAN FRANCISCO","SAN FRANCISCO",-122.40499877929688,37.776180267333984
92257223,2023,2023-12-08,9335,2023-10-07,2330,023357,,6,3,7,3801,0,1,2,,2,014,"US-101 N/B","17TH ST",46.00,S,N,A,-,Y,SF,,101," "," ",4.123,H,,R,N,3,0,2,6,A,-,07,21658,A,M,C,C,A,A,H,-,D,D,0,,,,,Y,,A,01,0,1,1,0,0,0,0,0,0,"- ","- ",37.764480590820312,-122.4049072265625,"SAN FRANCISCO","SAN FRANCISCO",-122.40489196777344,37.764480590820312
92257321,2023,2023-12-08,9335,2023-12-05,1700,023378,,2,2,7,3801,0,1,2,,2,013,"US-101 S/B","THE FAITH STREET PEDESTRIAN OVERCROSSING",909.00,N,N,A,-,Y,SF,,101," "," ",2.787,H,,L,Y,4,0,1,2,A,-,03,22350,,N,C,C,A,A,H,-,C,D,0,,,,,Y,,A,01,0,0,1,0,0,0,0,0,0,"- ","- ",37.746330261230469,-122.40473175048828,"SAN FRANCISCO","SAN FRANCISCO",-122.40478515625,37.746337890625
92257422,2023,2023-12-08,9335,2023-12-04,"915 ",019949,,1,1,7,3801,0,1,2,,2,013,"US-101 S/B","BLANKEN AVE UNDERCROSSING",150.00,S,N,A,-,Y,SF,,101," "," ",0.150,H,,L,Y,4,0,1,2,A,-,03,22350,,N,C,C,A,A,H,-,A,D,0,,,,,Y,,A,01,0,0,1,0,0,0,0,0,0,"- ","- ",37.710540771484375,-122.39552307128906,"SAN FRANCISCO","SAN FRANCISCO",-122.39562225341797,37.710525512695312
92257528,2023,2023-12-08,9335,2023-11-24,1520,022860,,5,2,7,3801,0,1,2,,2,013,"US-101 N/B","CORTLAND AVE UNDERCROSSING",350.00,N,N,A,-,Y,SF,,101," "," ",2.346,H,,R,N,4,0,1,2,A,-,07,21658,A,M,B,C,A,A,H,-,A,D,0,,,,,Y,,-,99,0,0,1,0,0,0,0,0,0,"- ","- ",37.74066162109375,-122.40802764892578,"SAN FRANCISCO","SAN FRANCISCO",-122.40779876708984,37.740612030029297
92257900,2023,2023-12-11,9335,2023-10-28,1900,023167,,6,2,7,3801,0,1,2,,2,014,"US-101 S/B","23RD STREET OVERCROSSING",390.00,S,N,A,-,Y,SF,,101," "," ",3.286,H,,L,N,4,0,3,2,A,-,03,22350,,M,C,C,A,A,H,-,C,D,0,,,,,Y,,-,99,0,0,3,0,0,0,0,0,0,"- ","- ",37.753360748291016,-122.40310668945312,"SAN FRANCISCO","SAN FRANCISCO",-122.40303802490234,37.753364562988281
92258086,2023,2023-12-11,9335,2023-09-23,"2   ",023118,,6,3,7,3801,0,1,1,,2,022,"I-280 S/B","HAVELOCK ST PEDESTRIAN OVERCROSSING",173.00,S,N,A,-,Y,SF,,280," ",R,2.008,H,,L,Y,4,0,1,2,A,-,03,22350,,N,A,C,A,A,H,-,D,D,0,,,,,Y,,A,01,0,0,1,0,0,0,0,0,0,"- ","- ",37.726158142089844,-122.44609069824219,"SAN FRANCISCO","SAN FRANCISCO",-122.44612121582031,37.726173400878906
92263056,2023,2023-12-15,9335,2023-09-27,1719,023483,,3,2,7,3801,0,1,1,,1,081,"I-80 W/B","THE EAST EDGE OF YERBA BUENA ISLAND TUNNEL",58.00,W,N,A,-,Y,SF,,80," "," ",7.809,H,,L,N,2,0,1,2,A,-,03,22350,,N,C,C,A,A,H,-,A,D,0,,,Y,,Y,,C,02,1,0,0,0,0,0,0,0,1,"- ","- ",37.809970855712891,-122.36508941650391,"SAN FRANCISCO","SAN FRANCISCO",-122.36515808105469,37.810020446777344
92263620,2023,2023-12-18,9335,2023-12-05,"655 ",023489,,2,1,7,3801,0,1,2,,2,013,"US-101 NORTHBOUND","CESAR CHAVEZ STREET",1214.00,S,N,A,-,Y,SF,,101," "," ",2.774,H,,R,Y,4,0,1,2,A,-,03,22350,,N,C,C,A,A,H,-,A,D,0,,,,,Y,,A,01,0,0,1,0,0,0,0,0,0,"- ","- ",37.746078491210938,-122.40474700927734,"SAN FRANCISCO","SAN FRANCISCO",-122.40467834472656,37.746067047119141
92263969,2023,2023-12-18,9335,2023-12-06,1428,023483,,3,2,7,3801,0,1,1,,1,081,"I-80 WESTBOUND","EMBARCADERO UNDERCROSSING",333.00,E,N,C,-,Y,SF,,80," "," ",5.981,H,,L,N,4,0,1,3,A,-,08,22107,,N,D,C,A,B,H,-,A,D,0,,,,,Y,,A,01,0,0,1,0,0,0,0,0,0,"- ","- ",37.789600372314453,-122.38715362548828,"SAN FRANCISCO","SAN FRANCISCO",-122.38709259033203,37.789562225341797
92263971,2023,2023-12-18,9335,2023-12-06,1608,023483,,3,2,7,3801,0,1,1,,1,081,"I-80 W/B","THE EMBARCADERO UNDERCROSSING",884.00,E,N,C,-,Y,SF,,80," "," ",6.085,H,,L,Y,4,0,1,2,A,-,07,21658,A,N,C,C,A,B,H,-,A,D,0,,,Y,,Y,,C,02,0,0,1,0,0,0,0,0,1,"- ","- ",37.790760040283203,-122.38591766357422,"SAN FRANCISCO","SAN FRANCISCO",-122.38584136962891,37.790706634521484
92264210,2023,2023-12-18,9335,2023-09-27,2355,022876,,3,3,7,3801,0,1,1,,2,023,"I-280 N/B TO US-101 S/B","SAN BRUNO AVENUE",450.00,S,N,A,-,Y,,,,,,,,,,Y,3,0,1,1,C,-,18,,,N,E,I,A,A,H,-,D,D,0,,,,,Y,,-,"- ",0,1,0,0,0,0,0,0,0,"- ","- ",37.734401702880859,-122.408203125,"SAN FRANCISCO","SAN FRANCISCO",-122.408203125,37.734401702880859
92267464,2023,2023-12-20,9335,2023-07-23,"641 ",022920,,7,1,7,3801,0,1,1,,2,023,"I-280 S/B TO MONTEREY BOULEVARD","MONTEREY BOULEVARD",40.00,N,N,A,-,Y,,,,,,,,,,Y,2,0,3,4,A,-,01,23152,A,N,C,C,A,A,H,-,A,A,0,,,,,Y,Y,A,07,1,0,2,0,0,0,0,0,0,"- ","- ",37.731571197509766,-122.43624114990234,"SAN FRANCISCO","SAN FRANCISCO",-122.43624114990234,37.731571197509766
92268368,2023,2023-12-21,9335,2023-12-18,"658 ",018053,,1,1,7,3801,0,1,1,,1,083,"I-80 E/B","YERBA BUENA ISLAND TUNNEL WEST EDGE",6970.00,W,N,C,-,Y,SF,,80," "," ",6.332,H,,R,Y,4,0,1,3,A,-,08,22107,,M,B,C,A,B,H,-,B,D,0,,,,,Y,,-,99,0,0,1,0,0,0,0,0,0,"- ","- ",37.793521881103516,-122.38294982910156,"SAN FRANCISCO","SAN FRANCISCO",-122.38285064697266,37.793453216552734
92269481,2023,2023-12-22,9335,2023-09-22,1435,022920,,5,2,7,3801,0,1,1,,2,080,"I-80 E/B","THE BRYANT STREET UNDERCROSSING",100.00,W,N,A,-,Y,SF,,80," "," ",4.308,H,,R,N,4,0,1,2,A,-,07,21658,A,N,B,C,A,A,H,-,A,D,0,,,,,Y,,A,07,0,0,1,0,0,0,0,0,0,"- ","- ",37.772560119628906,-122.40648651123047,"SAN FRANCISCO","SAN FRANCISCO",-122.40655517578125,37.772552490234375
92269706,2023,2023-12-22,9335,2023-12-14,1845,023593,,4,2,7,3801,0,1,2,,2,014,"US-101 S/B","23RD STREET UNDERCROSSING",218.00,S,N,A,-,Y,SF,,101," "," ",3.320,H,,L,Y,4,0,1,2,A,-,03,22350,,N,C,C,A,A,H,-,C,D,0,,,,,Y,,A,01,0,0,1,0,0,0,0,0,0,"- ","- ",37.753841400146484,-122.40308380126953,"SAN FRANCISCO","SAN FRANCISCO",-122.40308380126953,37.753841400146484
92269776,2023,2023-12-22,9335,2023-12-20,"759 ",018053,,3,1,7,3801,0,1,1,,1,083,"I-80 E/B","YERBA BUENA ISLAND TUNNEL WEST EDGE",1212.00,W,N,C,-,Y,SF,,80," "," ",7.411,H,,R,Y,3,0,1,3,A,-,08,22107,,N,B,C,A,B,H,-,A,D,0,,,,Y,Y,,A,01,0,1,0,0,0,0,0,0,0,"- ","- ",37.805580139160156,-122.37001800537109,"SAN FRANCISCO","SAN FRANCISCO",-122.36985015869141,37.805469512939453
92269816,2023,2023-12-25,9335,2023-12-15,"325 ",023119,,5,3,7,3801,0,1,1,,1,083,"I-80 E/B","TREASURE ISLAND RD",462.00,W,N,A,-,Y,SF,,80," "," ",7.631,H,,R,Y,4,0,1,2,A,-,03,22350,,M,C,C,A,A,H,-,C,D,0,,,,,Y,,A,01,0,0,1,0,0,0,0,0,0,"- ","- ",37.808029174804688,-122.36737823486328,"SAN FRANCISCO","SAN FRANCISCO",-122.36724090576172,37.807956695556641
92269842,2023,2023-12-25,9335,2023-12-15,"940 ",023366,,5,1,7,3801,0,1,1,,1,081,"I-80 W/B","TREASURE ISLAND RD",3379.00,W,N,A,-,Y,SF,,80," "," ",7.093,H,,L,Y,4,0,2,2,A,-,03,22350,,N,C,C,A,A,H,-,A,D,0,,,,,Y,,A,01,0,0,2,0,0,0,0,0,0,"- ","- ",37.801998138427734,-122.37377166748047,"SAN FRANCISCO","SAN FRANCISCO",-122.37364959716797,37.801918029785156
92270061,2023,2023-12-25,9335,2023-11-10,2020,023338,,5,2,7,3801,0,1,2,,2,013,"US 101 SB","THE PAUL AVE UNDERCROSSING",1112.00,S,N,A,-,Y,SF,,101," "," ",0.918,H,,L,N,4,0,1,2,A,-,03,22350,,N,C,C,A,A,H,-,C,D,0,,,,,Y,,A,07,0,0,1,0,0,0,0,0,0,"- ","- ",37.720809936523438,-122.40032958984375,"SAN FRANCISCO","SAN FRANCISCO",-122.40023040771484,37.720832824707031
92270064,2023,2024-06-06,9335,2023-11-05,"400 ",023111,,7,3,7,3801,0,1,2,,2,015,"US-101 SB","HARRISON STREET UNDERCROSSING",291.00,S,N,A,-,Y,SF,,101," ",R,4.803,H,,L,Y,4,0,1,2,A,-,03,22350,,N,C,C,A,A,H,-,C,D,0,,,,,Y,,A,07,0,0,1,0,0,0,0,0,0,"- ","- ",37.769428253173828,-122.41229248046875,"SAN FRANCISCO","SAN FRANCISCO",-122.41229248046875,37.769439697265625
92270437,2023,2023-12-26,9335,2023-12-11,1745,023603,,1,2,7,3801,0,1,2,,2,013,"US-101 S/B","CORTLAND AVE UNDERCROSING",1320.00,N,N,A,-,Y,SF,,101," "," ",2.530,H,,L,Y,3,0,1,2,A,-,03,22350,,N,B,C,A,A,H,-,C,D,0,,,,,Y,,A,07,0,1,0,0,0,0,0,0,0,"- ","- ",37.743000030517578,-122.40667724609375,"SAN FRANCISCO","SAN FRANCISCO",-122.40663909912109,37.742977142333984
92270717,2023,2023-12-26,9350,2023-12-19,"749 ",020665,,2,1,7,3801,0,1,3,,2,011,SR-1,"LAKE ST",2179.00,N,N,C,-,Y,SF,,1," "," ",6.330,H,,R,N,3,0,1,2,A,-,03,22350,,N,C,C,A,B,H,-,A,D,0,,,,,Y,,D,22,0,1,0,0,0,0,0,0,0,"- ","- ",37.792530059814453,-122.46967315673828,"SAN FRANCISCO","SAN FRANCISCO",-122.46952819824219,37.792526245117188
92273935,2023,2023-12-28,9335,2023-12-18,"550 ",023504,,1,3,7,3801,0,1,2,,2,014,"US-101 NB","25TH ST PEDESTRIAN OVERCROSSING",311.00,S,N,C,-,Y,SF,,101," "," ",3.150,H,,R,Y,4,0,1,2,A,-,03,22350,,N,C,C,A,B,H,-,C,D,0,,,,,Y,,-,"- ",0,0,1,0,0,0,0,0,0,"- ","- ",37.751388549804688,-122.40300750732422,"SAN FRANCISCO","SAN FRANCISCO",-122.40299224853516,37.751388549804688
92273944,2023,2023-12-28,9335,2023-12-21,1416,023378,,4,2,7,3801,0,1,1,,2,024,"I-280 S/B","22ND ST UNDERCROSSING",363.00,N,N,B,-,Y,SF,,280," ",R,6.255,H,,L,Y,4,0,2,2,A,-,03,22350,,N,C,C,A,A,H,-,A,D,0,,,,,Y,,A,07,0,0,2,0,0,0,0,0,0,"- ","- ",37.758750915527344,-122.39247131347656,"SAN FRANCISCO","SAN FRANCISCO",-122.39244842529297,37.758750915527344
92273946,2023,2023-12-28,9335,2023-12-19,2052,023558,,2,2,7,3801,0,1,1,,1,081,"I-80 W/B TO HARRISON STREET","2ND STREET UNDERCROSSING",350.00,E,N,B,-,Y,SF,,80," "," ",5.483,H,,R,N,4,0,1,1,A,-,03,22350,,N,E,J,A,B,H,-,D,D,0,,,,,Y,,A,01,0,0,1,0,0,0,0,0,0,"- ","- ",37.784210205078125,-122.39327239990234,"SAN FRANCISCO","SAN FRANCISCO",-122.39349365234375,37.784408569335938
92274897,2023,2023-12-29,9335,2023-12-12,1435,023464,,2,2,7,3801,0,1,1,,2,080,"I-80 W/B","5TH STREET UNDERCROSSING",275.00,E,N,A,-,Y,SF,,80," "," ",4.889,H,,L,N,4,0,1,2,A,-,03,22350,,N,C,C,A,A,H,-,A,D,0,,,,,Y,,-,99,0,0,1,0,0,0,0,0,0,"- ","- ",37.779201507568359,-122.40071868896484,"SAN FRANCISCO","SAN FRANCISCO",-122.40064239501953,37.779136657714844
92274940,2023,2023-12-29,9335,2023-12-16,1630,023366,,6,2,7,3801,0,1,2,,2,013,"US-101 N/B","CESAR CHAVEZ ST",1320.00,S,N,A,-,Y,SF,,101," "," ",2.770,H,,R,N,3,0,2,3,A,-,03,22350,,M,C,C,A,A,H,-,A,D,0,,,,,Y,,D,22,0,1,1,0,0,0,0,0,0,"- ","- ",37.746021270751953,-122.40476989746094,"SAN FRANCISCO","SAN FRANCISCO",-122.40470123291016,37.746006011962891
92274979,2023,2023-12-29,9335,2023-09-30,1550,023474,,6,2,7,3801,0,1,1,,1,081,"I-80 W/B","8TH ST",991.00,E,N,A,-,Y,SF,,80," "," ",4.535,H,,L,N,4,0,3,2,A,-,03,22350,,M,C,C,A,A,H,-,A,D,0,,,,,Y,,-,99,0,0,3,0,0,0,0,0,0,"- ","- ",37.775798797607422,-122.4056396484375,"SAN FRANCISCO","SAN FRANCISCO",-122.40560150146484,37.775772094726562
92275168,2023,2023-12-29,9335,2023-12-26,2235,022703,,2,3,7,3801,0,1,2,,2,013,"US-101 SOUTHBOUND","CORTLAND AVE",415.00,N,N,A,-,Y,SF,,101," "," ",2.359,H,,L,Y,4,0,1,2,A,-,03,22350,,N,C,C,A,A,H,-,D,D,0,,,,,Y,,A,01,0,0,1,0,0,0,0,0,0,"- ","- ",37.740829467773438,-122.40802764892578,"SAN FRANCISCO","SAN FRANCISCO",-122.40791320800781,37.740810394287109
92275229,2023,2023-12-29,9335,2023-12-21,1815,023593,,4,2,7,3801,0,1,2,,2,013,"US-101 SOUTHBOUND","PAUL AVE UNDERCROSSING",989.00,S,N,A,-,Y,SF,,101," "," ",0.939,H,,L,N,4,0,1,2,A,-,03,22350,,N,C,C,A,A,H,-,B,D,0,,,Y,,Y,,C,06,0,0,1,0,0,0,0,0,0,"- ","- ",37.721141815185547,-122.40026092529297,"SAN FRANCISCO","SAN FRANCISCO",-122.40033721923828,37.721122741699219
92275661,2023,2024-01-01,9335,2023-12-11,1438,023558,,1,2,7,3801,0,1,2,,2,014,"RT 101","17TH ST. UNDERCROSSING",90.00,S,N,A,-,Y,SF,,101," "," ",4.117,H,,R,N,4,0,1,2,A,-,03,22350,,N,C,C,A,A,H,-,A,D,0,,,,,Y,,A,01,0,0,1,0,0,0,0,0,0,"- ","- ",37.764408111572266,-122.40496063232422,"SAN FRANCISCO","SAN FRANCISCO",-122.40489196777344,37.764404296875
92275675,2023,2024-01-01,9335,2023-10-27,2040,023167,,5,2,7,3801,0,1,2,,2,015,"US-101 S/B","10TH STREET",260.00,S,N,A,-,Y,SF,,101," ",R,4.596,H,,R,N,4,0,1,2,A,-,07,21658,A,M,B,C,A,A,H,-,B,D,0,,,,,Y,,-,99,0,0,1,0,0,0,0,0,0,"- ","- ",37.770069122314453,-122.40872955322266,"SAN FRANCISCO","SAN FRANCISCO",-122.40867614746094,37.769924163818359
92277727,2023,2024-01-03,9335,2023-12-22,1720,023373,,5,2,7,3801,0,1,1,,2,080,"I-80 E/B","7TH ST",633.00,W,N,A,-,Y,SF,,80," "," ",4.343,H,,R,N,3,0,2,2,A,-,03,22350,,N,C,C,A,A,H,-,B,D,0,,,,,Y,,A,01,0,2,0,0,0,0,0,0,0,"- ","- ",37.773059844970703,-122.40659332275391,"SAN FRANCISCO","SAN FRANCISCO",-122.40659332275391,37.773059844970703