CASE_ID,ACCIDENT_YEAR,PROC_DATE,JURIS,COLLISION_DATE,COLLISION_TIME,OFFICER_ID,REPORTING_DISTRICT,DAY_OF_WEEK,CHP_SHIFT,POPULATION,CNTY_CITY_LOC,SPECIAL_COND,BEAT_TYPE,CHP_BEAT_TYPE,CITY_DIVISION_LAPD,CHP_BEAT_CLASS,BEAT_NUMBER,PRIMARY_RD,SECONDARY_RD,DISTANCE,DIRECTION,INTERSECTION,WEATHER_1,WEATHER_2,STATE_HWY_IND,CALTRANS_COUNTY,CALTRANS_DISTRICT,STATE_ROUTE,ROUTE_SUFFIX,POSTMILE_PREFIX,POSTMILE,LOCATION_TYPE,RAMP_INTERSECTION,SIDE_OF_HWY,TOW_AWAY,COLLISION_SEVERITY,NUMBER_KILLED,NUMBER_INJURED,PARTY_COUNT,PRIMARY_COLL_FACTOR,PCF_CODE_OF_VIOL,PCF_VIOL_CATEGORY,PCF_VIOLATION,PCF_VIOL_SUBSECTION,HIT_AND_RUN,TYPE_OF_COLLISION,MVIW,PED_ACTION,ROAD_SURFACE,ROAD_COND_1,ROAD_COND_2,LIGHTING,CONTROL_DEVICE,CHP_ROAD_TYPE,PEDESTRIAN_ACCIDENT,BICYCLE_ACCIDENT,MOTORCYCLE_ACCIDENT,TRUCK_ACCIDENT,NOT_PRIVATE_PROPERTY,ALCOHOL_INVOLVED,STWD_VEHTYPE_AT_FAULT,CHP_VEHTYPE_AT_FAULT,COUNT_SEVERE_INJ,COUNT_VISIBLE_INJ,COUNT_COMPLAINT_PAIN,COUNT_PED_KILLED,COUNT_PED_INJURED,COUNT_BICYCLIST_KILLED,COUNT_BICYCLIST_INJURED,COUNT_MC_KILLED,COUNT_MC_INJURED,PRIMARY_RAMP,SECONDARY_RAMP,LATITUDE,LONGITUDE,COUNTY,CITY,POINT_X,POINT_Y
92278434,2023,2024-01-03,9335,2023-12-03,"30  ",023067,,7,3,7,3801,0,1,1,,2,023,"I-280 N/B","ALEMANY BLVD",80.00,S,N,A,-,Y,SF,,280," ",R,3.850,H,,R,Y,3,0,3,3,A,-,03,22350,,F,C,C,A,A,H,-,B,D,0,,,,,Y,,A,01,0,2,1,0,0,0,0,0,0,"- ","- ",37.732089996337891,-122.41490936279297,"SAN FRANCISCO","SAN FRANCISCO",-122.4149169921875,37.73211669921875
92280310,2023,2024-01-05,9335,2023-10-08,"840 ",023111,,7,1,7,3801,0,1,1,,2,022,"I-280 N/B","SAN JOSE AVE OVERCROSSING",269.00,S,N,B,-,Y,SF,,280," ",R,1.401,H,,R,Y,3,0,1,3,A,-,01,23152,A,N,C,C,A,A,H,-,A,D,0,,,,,Y,Y,A,01,0,1,0,0,0,0,0,0,0,"- ","- ",37.717720031738281,-122.44847869873047,"SAN FRANCISCO","SAN FRANCISCO",-122.44850158691406,37.717720031738281
92286761,2023,2024-01-15,9335,2023-11-07,2225,022703,,2,3,7,3801,0,1,2,,2,014,"US-101 NORTHBOUND","NORTH OF THE 23RD STREET OVERCROSSING.",265.00,N,N,A,-,Y,SF,,101," "," ",3.416,H,,R,N,4,0,1,2,A,-,07,21658,A,N,B,C,A,A,H,-,D,D,0,,,,,Y,,A,07,0,0,1,0,0,0,0,0,0,"- ","- ",37.755290985107422,-122.40308380126953,"SAN FRANCISCO","SAN FRANCISCO",-122.40300750732422,37.755294799804688
92287968,2023,2024-01-16,9335,2023-12-28,1240,023592,,4,1,7,3801,0,1,1,,1,081,"I-80 W/B TO TREASURE ISLAND","MACALLA RD",75.00,E,N,A,-,Y,,,,,,,,,,Y,4,0,1,2,A,-,08,22107,,N,E,2,A,A,H,-,A,D,0,,,,,Y,,A,01,0,0,1,0,0,0,0,0,0,"- ","- ",37.812229156494141,-122.36432647705078,"SAN FRANCISCO","SAN FRANCISCO",-122.36432647705078,37.812229156494141
92290746,2023,2024-01-18,9335,2023-10-02,2220,023367,,1,3,7,3801,0,1,2,,2,014,"US-101 S/B","18TH STREET PEDESTRIAN OVERCROSSING",239.00,S,N,A,-,Y,SF,,101," "," ",3.912,H,,L,N,4,0,1,3,A,-,03,22350,,N,C,C,A,A,H,-,D,D,0,,,Y,,Y,,C,02,0,0,1,0,0,0,0,0,1,"- ","- ",37.761589050292969,-122.40619659423828,"SAN FRANCISCO","SAN FRANCISCO",-122.40618896484375,37.761585235595703
92291884,2023,2024-01-19,9335,2023-12-27,1750,023603,,3,2,7,3801,0,1,2,,2,014,"US-101 SOUTHBOUND","22ND STREET PEDESTRIAN OVERCROSSING",131.00,S,N,C,-,Y,SF,,101," "," ",3.494,H,,L,N,4,0,1,2,A,-,03,22350,,N,C,C,A,B,H,-,C,D,0,,,,,Y,,A,01,0,0,1,0,0,0,0,0,0,"- ","- ",37.756500244140625,-122.40338897705078,"SAN FRANCISCO","SAN FRANCISCO",-122.40341186523438,37.756492614746094
92291886,2023,2024-01-19,9335,2023-12-31,2345,023489,,7,3,7,3801,0,1,1,,1,081,"I-80 W/B","BEALE STREET UNDER-CROSSING",125.00,E,N,A,-,Y,SF,,80," "," ",5.752,H,,L,Y,4,0,1,3,A,-,03,22350,,N,C,C,A,B,H,-,B,D,0,,,,,Y,,A,01,0,0,1,0,0,0,0,0,0,"- ","- ",37.787040710449219,-122.38990020751953,"SAN FRANCISCO","SAN FRANCISCO",-122.38986968994141,37.787017822265625
92292836,2023,2024-01-22,9335,2023-01-06,"155 ",022703,,5,3,7,3801,0,1,1,,2,022,"I-280 SOUTHBOUND","THE PAULDING STREET OVERCROSSING",356.00,S,N,B,-,Y,SF,,280," ",R,2.131,H,,L,Y,1,1,1,2,A,-,05,21651,C,F,A,C,A,B,H,-,D,D,0,,,,,Y,,A,01,0,1,0,0,0,0,0,0,0,"- ","- ",37.727569580078125,-122.44474029541016,"SAN FRANCISCO","SAN FRANCISCO",-122.44470977783203,37.727546691894531
92296215,2023,2024-01-24,9335,2023-10-04,1630,022186,,3,2,7,3801,0,1,1,,1,081,"I-80 W/B","SPEAR STREET",2111.00,E,N,A,-,Y,SF,,80," "," ",6.235,H,,L,N,4,0,1,2,A,-,07,21658,A,F,B,C,A,A,H,-,A,D,0,,,Y,,Y,,-,99,0,0,1,0,0,0,0,0,1,"- ","- ",37.792270660400391,-122.38388061523438,"SAN FRANCISCO","SAN FRANCISCO",-122.384033203125,37.792373657226562
92298039,2023,2024-01-26,9335,2023-11-02,1220,023063,,4,1,7,3801,0,1,2,,2,014,"US-101 SOUTHBOUND","23RD STREET OVERCROSSING",42.00,S,N,A,-,Y,SF,,101," "," ",3.353,H,,L,N,4,0,1,4,A,-,03,22350,,M,C,C,A,A,H,-,A,D,0,,,,,Y,,A,01,0,0,1,0,0,0,0,0,0,"- ","- ",37.754318237304688,-122.40308380126953,"SAN FRANCISCO","SAN FRANCISCO",-122.40312194824219,37.754318237304688
92305163,2023,2024-02-05,9335,2023-12-20,"730 ",023592,,3,1,7,3801,0,1,2,,2,014,"US-101 S/B","CESAR CHAVEZ ST",1320.00,N,N,C,-,Y,SF,,101," "," ",3.265,H,,L,N,4,0,1,3,A,-,03,22350,,M,C,C,A,B,H,-,B,D,0,,,,,Y,,A,01,0,0,1,0,0,0,0,0,0,"- ","- ",37.753059387207031,-122.40309143066406,"SAN FRANCISCO","SAN FRANCISCO",-122.40301513671875,37.753063201904297
92310862,2023,2024-02-12,9335,2023-10-11,"827 ",023489,,3,1,7,3801,0,1,1,,1,081,"I-80 W/B","SFOBB CENTER ANCHORAGE",747.00,W,N,A,-,Y,SF,,80," "," ",6.647,H,,L,N,4,0,1,2,A,-,07,21658,A,N,B,C,A,A,H,-,A,D,0,,,,,Y,,A,07,0,0,1,0,0,0,0,0,0,"- ","- ",37.797000885009766,-122.37911224365234,"SAN FRANCISCO","SAN FRANCISCO",-122.37903594970703,37.796951293945312
92311105,2023,2024-02-12,9335,2023-09-10,"518 ",023366,,7,3,7,3801,0,1,1,,1,083,"I-80 E/B FROM 1ST ST","2ND ST",950.00,E,N,A,-,Y,SF,,80," "," ",5.592,H,,R,Y,3,0,1,1,A,-,01,23152,A,N,E,I,A,A,H,-,C,D,0,,,,,Y,Y,A,01,0,1,0,0,0,0,0,0,0,"- ","- ",37.785469055175781,-122.39203643798828,"SAN FRANCISCO","SAN FRANCISCO",-122.39192199707031,37.785331726074219
92315422,2023,2024-05-17,9335,2023-12-21,"630 ",023357,,4,1,7,3801,0,1,1,,1,081,"I-80 W/B","BEALE ST",476.45,W,N,A,-,Y,SF,,80," "," ",5.630,H,,L,N,4,0,1,2,A,-,03,22350,,M,C,C,A,A,H,-,B,D,0,,,,,Y,,D,22,0,0,1,0,0,0,0,0,0,"- ","- ",37.785678863525391,-122.39138031005859,"SAN FRANCISCO","SAN FRANCISCO",-122.39137268066406,37.785671234130859
92319605,2023,2024-02-21,9335,2023-11-02,"800 ",023191,,4,1,7,3801,0,1,2,,2,013,"US-101 S/B","SILVER AVENUE",578.00,S,N,A,-,Y,SF,,101," "," ",1.657,H,,L,N,4,0,1,2,A,-,08,22107,,N,C,C,A,A,H,-,A,D,0,,,,,Y,,D,22,0,0,1,0,0,0,0,0,0,"- ","- ",37.7310791015625,-122.40447235107422,"SAN FRANCISCO","SAN FRANCISCO",-122.40445709228516,37.731082916259766
92324225,2023,2024-02-27,9335,2023-12-14,2015,023373,,4,2,7,3801,0,1,1,,1,083,"I-80 E/B","TREASURE ISLAND RD",5386.00,W,N,A,-,Y,SF,,80," "," ",6.714,H,,R,Y,2,0,1,2,A,-,03,22350,,N,C,C,A,A,H,-,C,D,0,,,Y,,Y,,C,02,1,0,0,0,0,0,0,0,1,"- ","- ",37.79779052734375,-122.37835693359375,"SAN FRANCISCO","SAN FRANCISCO",-122.37822723388672,37.797698974609375
92326414,2023,2024-02-29,9335,2023-12-11,1443,023603,,1,2,7,3801,0,1,2,,2,013,"US-101 NORTHBOUND","16TH STREET",400.00,S,N,A,-,Y,SF,,101," "," ",4.143,H,,R,Y,3,0,3,5,A,-,03,22350,,N,C,C,A,A,H,-,A,D,0,,,,,Y,,A,07,0,1,2,0,0,0,0,0,0,"- ","- ",37.7647705078125,-122.40484619140625,"SAN FRANCISCO","SAN FRANCISCO",-122.40489959716797,37.7647705078125
92330651,2023,2024-03-06,9335,2023-11-12,"955 ",021200,,7,1,7,3801,0,1,2,,2,013,"US 101 SB","THIRD ST",700.00,S,N,A,-,Y,SF,,101," "," ",0.509,H,,L,N,3,0,1,1,A,-,08,22107,,N,E,I,A,A,H,-,A,D,0,,,,,Y,,A,01,0,1,0,0,0,0,0,0,0,"- ","- ",37.715110778808594,-122.39823913574219,"SAN FRANCISCO","SAN FRANCISCO",-122.39823913574219,37.715110778808594
92336121,2023,2024-03-12,9335,2023-12-02,"155 ",023118,,6,3,7,3801,0,1,1,,1,081,"I-80 W/B TO HARRISON STREET","2ND ST",370.00,E,N,C,-,Y,SF,,80," "," ",5.486,H,,R,Y,4,0,2,1,A,-,03,22350,,N,E,I,A,B,H,-,D,D,0,,,,,Y,,A,07,0,0,2,0,0,0,0,0,0,"- ","- ",37.784328460693359,-122.39331817626953,"SAN FRANCISCO","SAN FRANCISCO",-122.39344787597656,37.784442901611328
92337490,2023,2024-03-13,9335,2023-12-04,"20  ",023111,,1,3,7,3801,0,1,1,,1,083,"I-80 E/B","TREASURE ISLAND RD",4920.00,W,N,A,-,Y,SF,,80," "," ",6.797,H,,R,N,4,0,2,2,A,-,03,22350,,F,C,C,A,A,H,-,C,D,0,,,,,Y,,-,99,0,0,2,0,0,0,0,0,0,"- ","- ",37.798740386962891,-122.37740325927734,"SAN FRANCISCO","SAN FRANCISCO",-122.37722015380859,37.798618316650391
92341186,2023,2024-03-19,9335,2023-11-02,1520,022920,,4,2,7,3801,0,1,1,,1,083,"I-80 E/B","THE YERBA BUENA ISLAND TUNNEL EAST EDGE",1920.00,E,N,A,-,Y,SF,,80," ",R,8.184,H,,R,N,4,0,1,2,A,-,07,21658,A,N,C,C,A,A,H,-,A,D,0,,,,,Y,,D,22,0,0,1,0,0,0,0,0,0,"- ","- ",37.813968658447266,-122.36045837402344,"SAN FRANCISCO","SAN FRANCISCO",-122.36053466796875,37.814048767089844
92343095,2023,2024-03-20,9335,2023-11-02,1550,022860,,4,2,7,3801,0,1,2,,2,014,"US-101 N/B","18TH STREET PEDESTRIAN OVERCROSSING",50.00,S,N,A,-,Y,SF,,101," "," ",3.948,H,,R,N,4,0,1,2,A,-,03,22350,,M,C,C,A,A,H,-,A,D,0,,,,,Y,,A,08,0,0,1,0,0,0,0,0,0,"- ","- ",37.761970520019531,-122.40570831298828,"SAN FRANCISCO","SAN FRANCISCO",-122.40573883056641,37.761981964111328
92344858,2023,2024-03-22,9335,2023-11-23,1648,023474,,4,2,7,3801,0,1,1,,2,023,"I-280 S/B","JUSTIN DRIVE OVERCROSSING",3643.00,N,N,A,-,Y,SF,,280," ",R,3.930,H,,L,N,4,0,1,2,A,-,03,22350,,F,C,C,A,A,H,-,D,D,0,,,,,Y,,-,99,0,0,1,0,0,0,0,0,0,"- ","- ",37.732791900634766,-122.41352081298828,"SAN FRANCISCO","SAN FRANCISCO",-122.41352844238281,37.732799530029297
92345041,2023,2024-03-22,9335,2023-12-30,2300,022860,,6,3,7,3801,0,1,2,,2,014,"US-101 N/B","22RD STREET OVERCROSSING",400.00,N,N,A,-,Y,SF,,101," "," ",3.601,H,,R,Y,2,0,3,2,A,-,01,23152,A,N,C,C,A,A,H,-,D,D,0,,,,,Y,Y,A,01,2,0,1,0,0,0,0,0,0,"- ","- ",37.757789611816406,-122.40426635742188,"SAN FRANCISCO","SAN FRANCISCO",-122.40424346923828,37.7578125
92345404,2023,2024-03-25,9335,2023-12-10,"355 ",022860,,7,3,7,3801,0,1,1,,1,083,"I-80 E/B","TREASURE ISLAND ROAD",3200.00,W,N,A,-,Y,SF,,80," "," ",7.119,H,,R,Y,2,0,2,2,A,-,03,22350,,N,C,C,A,A,H,-,D,D,0,,,,,Y,,A,01,1,1,0,0,0,0,0,0,0,"- ","- ",37.802291870117188,-122.37346649169922,"SAN FRANCISCO","SAN FRANCISCO",-122.37334442138672,37.802204132080078
92348953,2023,2024-03-28,9335,2023-11-13,1605,023367,,1,2,7,3801,0,1,2,,2,015,"US-101 N/B TO MISSION STREET","MISSION STREET",420.00,S,N,A,-,Y,SF,,101," ",M,5.142,H,,R,N,4,0,1,2,A,-,03,22350,,N,C,C,A,A,H,-,B,A,0,,,,,Y,,A,01,0,0,1,0,0,0,0,0,0,"- ","- ",37.770061492919922,-122.41832733154297,"SAN FRANCISCO","SAN FRANCISCO",-122.41835021972656,37.76995849609375
92350847,2023,2024-03-29,9335,2023-12-30,"840 ",023366,,6,1,7,3801,0,1,1,,1,081,"I-80 W/B","TREASURE ISLAND RD",2376.00,W,N,C,-,Y,SF,,80," "," ",7.285,H,,L,Y,4,0,5,7,A,-,03,22350,,N,C,C,A,B,H,-,A,D,0,,,,,Y,,-,"- ",0,0,5,0,0,0,0,0,0,"- ","- ",37.804191589355469,-122.37153625488281,"SAN FRANCISCO","SAN FRANCISCO",-122.37135314941406,37.804065704345703
92358417,2023,2024-04-08,9335,2023-11-15,"55  ",023167,,3,3,7,3801,0,1,2,,2,015,"I-80 E/B FROM US-101 S/B","BRANNAN ST",260.00,N,N,A,-,Y,SF,,80," "," ",4.136,H,,R,N,4,0,1,1,A,-,01,23152,A,N,E,I,A,A,H,-,C,D,0,,,,,Y,Y,A,01,0,0,1,0,0,0,0,0,0,"- ","- ",37.770309448242188,-122.40544128417969,"SAN FRANCISCO","SAN FRANCISCO",-122.4053955078125,37.770320892333984
92363846,2023,2024-04-15,9335,2023-11-12,"405 ",023067,,7,3,7,3801,0,1,1,,1,083,"I-80 E/B","TREASURE ISLAND RD",10040.00,W,N,A,-,Y,SF,,80," "," ",7.522,H,,R,Y,4,0,1,4,A,-,03,22350,,F,C,C,A,A,H,-,C,D,0,,,,,Y,Y,A,01,0,0,1,0,0,0,0,0,0,"- ","- ",37.806800842285156,-122.36865234375,"SAN FRANCISCO","SAN FRANCISCO",-122.36852264404297,37.806713104248047
92363854,2023,2024-04-15,9335,2023-11-18,"424 ",023312,,6,3,7,3801,0,1,1,,1,081,"I-80 W/B","4TH ST U/C",243.00,E,N,B,C,Y,SF,,80," "," ",5.117,H,,L,Y,3,0,1,1,A,-,08,22107,,N,F,I,A,B,H,-,C,D,0,,,,,Y,,A,08,0,1,0,0,0,0,0,0,0,"- ","- ",37.780879974365234,-122.39827728271484,"SAN FRANCISCO","SAN FRANCISCO",-122.39838409423828,37.780960083007812
92384757,2023,2024-05-08,9335,2023-11-01,"910 ",023489,,3,1,7,3801,0,1,2,,2,014,"US-101 S/B","CESAR CHAVEZ ST",1373.00,N,N,A,-,Y,SF,,101," "," ",3.275,H,,L,Y,3,0,1,2,A,-,07,21658,A,N,C,C,A,A,H,-,A,D,0,,,Y,,Y,,A,07,0,1,0,0,0,0,0,0,1,"- ","- ",37.753200531005859,-122.40296936035156,"SAN FRANCISCO","SAN FRANCISCO",-122.40302276611328,37.753196716308594
92392450,2023,2024-05-17,9335,2023-11-19,1650,023338,,7,2,7,3801,0,1,1,,1,083,"I-80 E/B","THE BEALE STREET UNDERCROSSING",240.00,E,N,A,-,Y,SF,,80," "," ",5.773,H,,R,N,3,0,1,2,A,-,07,21658,A,F,B,C,A,A,H,-,A,D,0,,,Y,,Y,,-,99,0,1,0,0,0,0,0,0,1,"- ","- ",37.787311553955078,-122.38970184326172,"SAN FRANCISCO","SAN FRANCISCO",-122.38961029052734,37.787250518798828
92396124,2023,2024-05-22,9335,2023-08-27,"230 ",023082,,7,3,7,3801,0,1,1,,2,024,"I-280 S/B","OAKDALE AVENUE",53.00,S,N,A,-,Y,SF,,280," ",R,4.821,H,,L,Y,1,1,1,2,A,-,11,21954,A,N,G,B,E,A,H,-,D,D,0,Y,,,,Y,Y,N,60,0,0,1,1,0,0,0,0,0,"- ","- ",37.739688873291016,-122.39984130859375,"SAN FRANCISCO","SAN FRANCISCO",-122.39987945556641,37.739711761474609
92401990,2023,2024-05-30,9335,2023-12-01,1105,023357,,5,1,7,3801,0,1,1,,2,080,"I-80 E/B","BRANNAN ST",90.00,W,N,A,-,Y,SF,,80," "," ",4.172,H,,R,N,4,0,1,3,A,-,03,22350,,N,C,C,A,A,H,-,A,D,0,,,,,Y,,D,22,0,0,1,0,0,0,0,0,0,"- ","- ",37.770778656005859,-122.40563201904297,"SAN FRANCISCO","SAN FRANCISCO",-122.40562438964844,37.770782470703125
92414841,2023,2024-06-14,9335,2023-12-07,2011,023312,,4,2,7,3801,0,1,2,,2,015,"US-101 N/B","MISSION ST U/C",153.00,N,N,A,-,Y,SF,,101," ",M,5.263,H,,R,N,4,0,1,4,A,-,03,22350,,M,C,C,A,A,H,-,C,D,0,,,,,Y,,A,07,0,0,1,0,0,0,0,0,0,"- ","- ",37.770118713378906,-122.42051696777344,"SAN FRANCISCO","SAN FRANCISCO",-122.42051696777344,37.7701416015625
9320503,2022,2022-03-25,3801,2022-01-05,2110,1574,NORTH,3,5,7,3801,0,0,0,,0,3E12E,"GEARY BLVD","LAGUNA ST",1.00,W,N,A,-,N,,,,,,,,,,Y,1,1,0,2,A,-,11,21456,C,N,G,B,B,A,H,-,C,A,0,Y,,,,Y,,N,60,0,0,0,1,0,0,0,0,0,"- ","- ",,,"SAN FRANCISCO","SAN FRANCISCO",-122.42800140380859,37.785037994384766
9320631,2022,2022-04-26,3801,2022-01-29,1934,1994,TRAFF,6,5,7,3801,0,0,0,,0,4B3G,"LINCOLN WY","46TH AV",0.00,,Y,A,-,N,,,,,,,,,,Y,1,1,1,2,A,-,09,21801,A,F,D,C,A,A,H,-,C,D,0,,,,,Y,,A,07,0,0,1,0,0,0,0,0,0,"- ","- ",,,"SAN FRANCISCO","SAN FRANCISCO",-122.50620269775391,37.76416015625
9320732,2022,2022-05-24,3801,2022-03-02,0734,262,TRAFF,3,5,7,3801,0,0,0,,0,4B2G,"HARRISON ST","22ND ST",0.00,,Y,A,-,N,,,,,,,,,,Y,1,1,0,2,A,-,12,22450,A,N,D,C,A,A,H,-,A,A,0,,,,Y,Y,,-,"- ",0,0,0,0,0,0,0,0,0,"- ","- ",,,"SAN FRANCISCO","SAN FRANCISCO",-122.41222381591797,37.755836486816406
9320895,2022,2022-07-12,3801,2022-05-01,2029,1766,TENDE,7,5,7,3801,0,0,0,,0,4B103,"TAYLOR ST","TURK ST",2.00,S,N,A,-,N,,,,,,,,,,N,1,1,0,3,A,-,12,21453,A,F,D,C,A,A,H,-,C,A,0,,,Y,,Y,,A,07,0,0,0,0,0,0,0,1,0,"- ","- ",,,"SAN FRANCISCO","SAN FRANCISCO",-122.41078186035156,37.783203125
9320932,2022,2022-07-26,3801,2022-05-22,1632,1994,TRAFF,7,5,7,3801,0,0,0,,0,4B3D,"3RD ST","MISSION ST",0.00,,Y,A,-,N,,,,,,,,,,Y,1,2,2,5,A,-,08,22100,A,N,B,C,F,A,H,-,A,A,0,Y,,,,Y,,A,01,1,0,1,2,1,0,0,0,0,"- ","- ",,,"SAN FRANCISCO","SAN FRANCISCO",-122.40200042724609,37.786266326904297
9320934,2022,2022-07-26,3801,2022-06-01,0357,4375,TRAFF,3,5,7,3801,0,0,0,,0,4B1F,"OAK ST","OCTAVIA BL",0.00,,Y,A,-,N,,,,,,,,,,Y,1,1,0,2,A,-,12,21453,A,N,D,C,A,A,H,-,C,A,0,,,,Y,Y,,M,94,0,0,0,0,0,0,0,0,0,"- ","- ",,,"SAN FRANCISCO","SAN FRANCISCO",-122.42430114746094,37.774799346923828
9321188,2022,2023-03-13,3801,2022-12-25,2008,104,NORTH,7,5,7,3801,0,0,0,,0,4B4F,"LARKIN ST","EDDY ST",0.00,,Y,B,-,N,,,,,,,,,,N,1,1,0,2,A,-,12,21453,A,F,G,B,B,A,H,-,C,A,0,Y,,,,Y,,A,07,0,0,0,1,0,0,0,0,0,"- ","- ",,,"SAN FRANCISCO","SAN FRANCISCO",-122.41751861572266,37.783294677734375
9321189,2022,2023-03-16,3801,2022-12-24,0450,202,TRAFF,6,5,7,3801,0,0,0,,0,4B2D,"MARINA BL","FILLMORE ST",320.00,E,N,A,-,N,,,,,,,,,,Y,1,1,0,1,A,-,03,22350,,N,E,-,A,A,H,-,C,D,0,,,,,Y,,A,01,0,0,0,0,0,0,0,0,0,"- ","- ",,,"SAN FRANCISCO","SAN FRANCISCO",-122.43634033203125,37.806499481201172
9348888,2022,2022-11-14,3801,2022-05-14,0129,887,INGLE,6,5,7,3801,0,0,0,,0,3H11E,"MISSION ST","MISSION ST 3170",0.00,,N,A,-,N,,,,,,,,,,N,3,0,1,2,A,-,11,21954,A,N,G,B,D,A,H,-,C,D,0,Y,,,,Y,Y,N,60,0,1,0,0,1,0,0,0,0,"- ","- ",,,"SAN FRANCISCO","SAN FRANCISCO",-122.41979217529297,37.7705078125
9348892,2022,2022-06-16,3801,2022-05-10,1859,2325,SOUTH,2,5,7,3801,0,0,0,,0,,"2ND ST","HARRISON ST",5.00,N,N,A,-,N,,,,,,,,,,N,4,0,1,2,A,-,03,22350,,F,C,C,A,A,G,-,B,A,0,,,,,Y,Y,A,01,0,0,1,0,0,0,0,0,0,"- ","- ",,,"SAN FRANCISCO","SAN FRANCISCO",-122.39519500732422,37.784339904785156
9348894,2022,2022-06-16,3801,2022-05-13,1530,2357,TARAV,5,5,7,3801,0,0,0,,0,3I16D,"OCEAN AV","FAXON AV",25.00,W,N,A,-,N,,,,,,,,,,N,2,0,1,2,A,-,11,21453,D,N,G,B,D,A,H,-,A,A,0,Y,,Y,,Y,,N,60,1,0,0,0,1,0,0,0,0,"- ","- ",,,"SAN FRANCISCO","SAN FRANCISCO",-122.4603271484375,37.724777221679688
9348900,2022,2022-06-16,3801,2022-05-01,2301,1982,MISSI,7,5,7,3801,0,0,0,,0,3D16E,"23RD ST","NELLIE ST",0.00,,Y,A,-,N,,,,,,,,,,N,4,0,1,2,A,-,03,22350,,N,B,E,A,A,H,-,C,D,0,,Y,,,Y,Y,L,04,0,0,1,0,0,0,1,0,0,"- ","- ",,,"SAN FRANCISCO","SAN FRANCISCO",-122.42813873291016,37.753261566162109
9348901,2022,2022-11-09,3801,2022-05-03,1358,1195,SOUTH,2,5,7,3801,0,0,0,,0,,"7TH ST","FOLSOM ST",0.00,,Y,-,-,N,,,,,,,,,,N,4,0,3,2,A,-,08,22107,A,N,B,C,A,A,H,-,A,D,0,,,,,Y,,A,08,0,0,3,0,0,0,0,0,0,"- ","- ",,,"SAN FRANCISCO","SAN FRANCISCO",-122.40784454345703,37.776771545410156
9348910,2022,2022-07-07,3801,2022-05-12,1720,2210,SOUTH,4,5,7,3801,0,0,0,,0,0B2,"FOLSOM ST","5TH ST",0.00,,Y,A,-,N,,,,,,,,,,N,4,0,1,2,-,-,"- ",,,N,G,B,-,A,H,-,A,A,0,Y,,,,Y,,-,"- ",0,0,1,0,1,0,0,0,0,"- ","- ",,,"SAN FRANCISCO","SAN FRANCISCO",-122.40340423583984,37.7802734375
9348911,2022,2022-06-21,3801,2022-05-03,1812,1420,INGLE,2,5,7,3801,0,0,0,,0,3H13D,"MISSION ST","PRECITA AV",0.00,,Y,A,-,N,,,,,,,,,,N,3,0,1,2,A,-,05,21460,,N,A,G,A,A,H,-,A,D,0,,Y,,,Y,,L,04,0,1,0,0,0,0,1,0,0,"- ","- ",,,"SAN FRANCISCO","SAN FRANCISCO",-122.41912078857422,37.746757507324219
9348914,2022,2022-06-15,3801,2022-05-04,0720,4262,MISSI,3,5,7,3801,0,0,0,,0,3D51,"14TH ST","SOUTH VAN NESS",0.00,,Y,A,-,N,,,,,,,,,,N,3,0,1,2,A,-,12,21453,A,M,D,G,A,A,H,-,A,A,0,,Y,,,Y,,A,01,0,1,0,0,0,0,1,0,0,"- ","- ",,,"SAN FRANCISCO","SAN FRANCISCO",-122.41780090332031,37.768417358398438
9348918,2022,2022-06-16,3801,2022-05-05,2304,1574,INGLE,4,5,7,3801,0,0,0,,0,3H15E,"MISSION ST","PERSIA ST",0.00,,Y,A,-,N,,,,,,,,,,N,3,0,2,2,A,-,11,21954,A,N,G,B,D,A,H,-,C,A,0,Y,,Y,,Y,Y,N,60,0,1,1,0,1,0,0,0,1,"- ","- ",,,"SAN FRANCISCO","SAN FRANCISCO",-122.43596649169922,37.723140716552734