CASE_ID,ACCIDENT_YEAR,PROC_DATE,JURIS,COLLISION_DATE,COLLISION_TIME,OFFICER_ID,REPORTING_DISTRICT,DAY_OF_WEEK,CHP_SHIFT,POPULATION,CNTY_CITY_LOC,SPECIAL_COND,BEAT_TYPE,CHP_BEAT_TYPE,CITY_DIVISION_LAPD,CHP_BEAT_CLASS,BEAT_NUMBER,PRIMARY_RD,SECONDARY_RD,DISTANCE,DIRECTION,INTERSECTION,WEATHER_1,WEATHER_2,STATE_HWY_IND,CALTRANS_COUNTY,CALTRANS_DISTRICT,STATE_ROUTE,ROUTE_SUFFIX,POSTMILE_PREFIX,POSTMILE,LOCATION_TYPE,RAMP_INTERSECTION,SIDE_OF_HWY,TOW_AWAY,COLLISION_SEVERITY,NUMBER_KILLED,NUMBER_INJURED,PARTY_COUNT,PRIMARY_COLL_FACTOR,PCF_CODE_OF_VIOL,PCF_VIOL_CATEGORY,PCF_VIOLATION,PCF_VIOL_SUBSECTION,HIT_AND_RUN,TYPE_OF_COLLISION,MVIW,PED_ACTION,ROAD_SURFACE,ROAD_COND_1,ROAD_COND_2,LIGHTING,CONTROL_DEVICE,CHP_ROAD_TYPE,PEDESTRIAN_ACCIDENT,BICYCLE_ACCIDENT,MOTORCYCLE_ACCIDENT,TRUCK_ACCIDENT,NOT_PRIVATE_PROPERTY,ALCOHOL_INVOLVED,STWD_VEHTYPE_AT_FAULT,CHP_VEHTYPE_AT_FAULT,COUNT_SEVERE_INJ,COUNT_VISIBLE_INJ,COUNT_COMPLAINT_PAIN,COUNT_PED_KILLED,COUNT_PED_INJURED,COUNT_BICYCLIST_KILLED,COUNT_BICYCLIST_INJURED,COUNT_MC_KILLED,COUNT_MC_INJURED,PRIMARY_RAMP,SECONDARY_RAMP,LATITUDE,LONGITUDE,COUNTY,CITY,POINT_X,POINT_Y
9348921,2022,2022-06-16,3801,2022-05-17,1214,1119,SOUTH,2,5,7,3801,0,0,0,,0,SOUTHE,"7TH ST","BRYANT ST",25.00,S,N,A,-,N,,,,,,,,,,N,4,0,1,2,A,-,17,21657,,F,A,D,A,A,H,-,A,A,0,,,,,Y,,A,07,0,0,1,0,0,0,0,0,0,"- ","- ",,,"SAN FRANCISCO","SAN FRANCISCO",-122.40478515625,37.774333953857422
9348922,2022,2022-06-16,3801,2022-05-18,1442,310,SOUTH,3,5,7,3801,0,0,0,,0,3B13A,"TERRY A FRANCOIS BL","PIERPOINT LN",12.00,S,N,A,-,N,,,,,,,,,,N,2,0,1,1,C,-,18,,,N,H,-,A,A,H,-,A,D,0,,Y,,,Y,,-,"- ",1,0,0,0,0,0,1,0,0,"- ","- ",,,"SAN FRANCISCO","SAN FRANCISCO",-122.38639831542969,37.769935607910156
9348923,2022,2022-06-16,3801,2022-05-18,1225,2743,SOUTH,3,5,7,3801,0,0,0,,0,3B5,"16TH ST","OWENS ST",30.00,W,N,A,-,N,,,,,,,,,,N,4,0,1,1,A,-,03,22350,,N,H,A,A,A,H,-,A,A,0,,Y,,,Y,,L,04,0,0,1,0,0,0,1,0,0,"- ","- ",,,"SAN FRANCISCO","SAN FRANCISCO",-122.39280700683594,37.766704559326172
9348924,2022,2022-10-31,3801,2022-05-17,1024,1609,RICHM,2,5,7,3801,0,0,0,,0,3G5A,"FULTON ST","35TH AV",30.00,E,N,A,-,N,,,,,,,,,,Y,3,0,1,4,A,-,07,21658,,F,B,-,F,A,H,-,A,D,0,Y,,,,Y,,A,07,0,1,0,0,1,0,0,0,0,"- ","- ",,,"SAN FRANCISCO","SAN FRANCISCO",-122.49480438232422,37.7720947265625
9348927,2022,2022-06-16,3801,2022-05-16,1743,798,NORTH,1,5,7,3801,0,0,0,,0,3E12D,"MCALLISTER ST","LAGUNA ST",50.00,E,N,A,-,N,,,,,,,,,,Y,4,0,1,2,A,-,08,22107,,N,B,E,A,A,H,-,A,A,0,,,,,Y,,A,01,0,0,1,0,0,0,0,0,0,"- ","- ",,,"SAN FRANCISCO","SAN FRANCISCO",-122.42665100097656,37.779281616210938
9348928,2022,2022-06-16,3801,2022-05-17,1350,A21165,NORTH,2,5,7,3801,0,0,0,,0,3E43C,"OCTAVIA ST","OAK ST",0.00,,Y,A,-,N,,,,,,,,,,Y,4,0,1,2,D,-,00,,,N,E,C,A,A,H,-,A,A,0,,,,,Y,,-,"- ",0,0,1,0,0,0,0,0,0,"- ","- ",,,"SAN FRANCISCO","SAN FRANCISCO",-122.42430114746094,37.774799346923828
9348933,2022,2022-06-16,3801,2022-05-20,1000,1460,SOUTH,5,5,7,3801,0,0,0,,0,3B5A,"BERRY ST","4TH ST",0.00,,Y,A,-,N,,,,,,,,,,N,3,0,1,2,A,-,11,21453,D,N,H,B,B,-,H,-,A,A,0,Y,Y,,,Y,,N,60,0,1,0,0,0,0,1,0,0,"- ","- ",,,"SAN FRANCISCO","SAN FRANCISCO",-122.39334106445312,37.775779724121094
9348935,2022,2022-06-16,3801,2022-05-17,0824,4124,INGLE,2,5,7,3801,0,0,0,,0,3H15A,"LONDON ST","FRANCE ST",325.00,N,N,A,-,N,,,,,,,,,,Y,4,0,1,4,A,-,21,22106,,N,B,C,A,A,H,-,A,D,0,,,,,Y,,A,01,0,0,1,0,0,0,0,0,0,"- ","- ",,,"SAN FRANCISCO","SAN FRANCISCO",-122.43698120117188,37.720417022705078
9348937,2022,2022-06-16,3801,2022-05-15,1407,670,INGLE,7,5,7,3801,0,0,0,,0,3H11A,"SAN JOSE AV","ROUSSEAU ST",0.00,,Y,A,G,N,,,,,,,,,,N,3,0,1,1,A,-,17,21208,,N,-,J,A,A,-,-,A,D,0,,Y,,,Y,,L,04,0,1,0,0,0,0,1,0,0,"- ","- ",,,"SAN FRANCISCO","SAN FRANCISCO",-122.43045043945312,37.733905792236328
9348941,2022,2022-06-15,3801,2022-05-22,1804,890,BAYVI,7,5,7,3801,0,0,0,,0,3C15D,"3RD ST","YOSEMITE AV",31.00,N,N,A,-,N,,,,,,,,,,N,4,0,1,2,A,-,03,22350,,N,C,C,A,-,H,-,A,A,0,,,,,Y,,A,01,0,0,1,0,0,0,0,0,0,"- ","- ",,,"SAN FRANCISCO","SAN FRANCISCO",-122.39328765869141,37.727878570556641
9348945,2022,2022-06-15,3801,2022-05-11,1237,2743,SOUTH,3,5,7,3801,0,0,0,,0,3B5,"04TH ST","KING ST",24.00,S,N,A,-,N,,,,,,,,,,Y,4,0,1,2,A,-,03,22350,,N,C,C,A,A,H,-,A,A,0,,,,,Y,,A,01,0,0,1,0,0,0,0,0,0,"- ","- ",,,"SAN FRANCISCO","SAN FRANCISCO",,
9348950,2022,2022-06-23,3801,2022-05-11,1022,375,BAYVI,3,5,7,3801,0,0,0,,0,3C12,"BAY SHORE BL","RT 101",0.00,,Y,A,-,N,,,,,,,,,,Y,2,0,1,2,A,-,00,21294,B,N,D,J,A,A,H,-,A,A,0,,,Y,,Y,,C,03,1,0,0,0,0,0,0,0,1,"- ",NF,,,"SAN FRANCISCO","SAN FRANCISCO",-122.40615844726562,37.657318115234375
9348954,2022,2022-06-15,3801,2022-05-13,1852,2100,MISSI,5,5,7,3801,0,0,0,,0,3D11D,"GUERRERO ST","17TH ST",0.00,,Y,A,-,N,,,,,,,,,,N,3,0,1,2,A,-,10,21950,A,N,G,B,B,A,H,-,A,A,0,Y,,,,Y,Y,A,01,0,1,0,0,1,0,0,0,0,"- ","- ",,,"SAN FRANCISCO","SAN FRANCISCO",-122.42392730712891,37.763172149658203
9348957,2022,2022-06-15,3801,2022-05-22,0512,1769,MISSI,7,5,7,3801,0,0,0,,0,3D13E,"FOLSOM ST","16TH ST",0.00,,Y,A,-,N,,,,,,,,,,N,4,0,3,2,A,-,03,22350,,N,C,C,A,A,H,-,C,A,0,,,,,Y,,A,01,0,0,3,0,0,0,0,0,0,"- ","- ",,,"SAN FRANCISCO","SAN FRANCISCO",-122.41529846191406,37.765312194824219
9348958,2022,2022-06-15,3801,2022-05-22,1904,539,MISSI,7,5,7,3801,0,0,0,,0,MISSIO,"CESAR CHAVEZ ST","BRYANT ST",0.00,,Y,A,-,N,,,,,,,,,,Y,4,0,2,2,A,-,09,21802,,N,-,C,A,A,H,-,B,A,0,,,,,Y,,A,01,0,0,2,0,0,0,0,0,0,"- ","- ",,,"SAN FRANCISCO","SAN FRANCISCO",-122.40872192382812,37.748401641845703
9396403,2022,2022-07-01,3801,2022-05-13,1257,2706,MISSI,5,5,7,3801,0,0,0,,0,,"18TH ST","LEXINGTON ST",0.00,,Y,A,-,N,,,,,,,,,,,4,0,1,2,A,-,06,21750,A,N,-,-,A,A,H,-,A,-,0,,,Y,,Y,,C,03,0,0,1,0,0,0,0,0,1,"- ","- ",,,"SAN FRANCISCO","SAN FRANCISCO",-122.42078399658203,37.761749267578125
9396404,2022,2022-06-15,3801,2022-05-11,1419,1394,MISSI,3,5,7,3801,0,0,0,,0,MISSIO,"MISSION ST","26TH ST",0.00,,Y,A,-,N,,,,,,,,,,Y,4,0,1,2,A,-,12,21453,A,N,D,C,A,A,H,-,A,A,0,,,,,Y,,A,01,0,0,1,0,0,0,0,0,0,"- ","- ",,,"SAN FRANCISCO","SAN FRANCISCO",-122.41813659667969,37.749061584472656
9396407,2022,2022-06-15,3801,2022-05-25,2145,1503,SOUTH,3,5,7,3801,0,0,0,,0,3B13E,"BRYANT ST","7TH ST",97.00,W,N,A,-,N,,,,,,,,,,N,3,0,1,1,A,-,17,21663,,N,E,I,A,A,H,-,C,D,0,,,,,Y,,M,94,0,1,0,0,0,0,0,0,0,"- ","- ",,,"SAN FRANCISCO","SAN FRANCISCO",-122.40516662597656,37.774295806884766
9396409,2022,2022-06-15,3801,2022-05-22,1421,244,NORTH,7,5,7,3801,0,0,0,,0,3E4A,"POLK ST","HAYES ST",0.00,,Y,A,-,N,,,,,,,,,,N,4,0,1,2,A,-,10,21950,A,N,-,B,B,A,H,-,A,A,0,Y,,,,Y,,A,08,0,0,1,0,1,0,0,0,0,"- ","- ",,,"SAN FRANCISCO","SAN FRANCISCO",-122.41803741455078,37.777507781982422
9396410,2022,2022-06-15,3801,2022-05-24,1848,1347,PARK,2,5,7,3801,0,0,0,,0,001,"STANYAN ST","CARL ST",36.00,S,N,A,-,N,,,,,,,,,,N,4,0,1,2,A,-,08,22107,,N,B,C,A,A,H,-,A,A,0,,,,,Y,,A,01,0,0,1,0,0,0,0,0,0,"- ","- ",,,"SAN FRANCISCO","SAN FRANCISCO",-122.45272827148438,37.765323638916016
9396411,2022,2022-06-15,3801,2022-05-24,1256,2039,TARAV,2,5,7,3801,0,0,0,,0,005,"JOHN MUIR DR","LAKE MERCED BL",11.00,W,N,A,-,N,,,,,,,,,,N,4,0,1,2,A,-,03,22350,,N,C,A,A,A,H,-,A,A,0,,,,,Y,,A,01,0,0,1,0,0,0,0,0,0,"- ","- ",,,"SAN FRANCISCO","SAN FRANCISCO",-122.48577117919922,37.708126068115234
9396412,2022,2022-07-13,3801,2022-05-23,1905,141,INGLE,1,5,7,3801,0,0,0,,0,3H15D,"OCEAN AV","PERSIA AV",0.00,,Y,A,-,N,,,,,,,,,,N,4,0,2,3,A,-,10,21950,A,N,G,B,B,A,H,-,A,D,0,Y,,,,Y,,A,01,0,0,2,0,2,0,0,0,0,"- ","- ",,,"SAN FRANCISCO","SAN FRANCISCO",-122.4364013671875,37.723796844482422
9396413,2022,2022-06-15,3801,2022-05-23,0656,4124,INGLE,1,5,7,3801,0,0,0,,0,3H5A,"GENEVA AV","RT 280",0.00,,Y,A,-,N,,,,,,,,,,Y,4,0,1,2,A,-,10,21950,A,N,G,B,B,A,H,-,A,A,0,Y,,,,Y,,A,01,0,0,1,0,1,0,0,0,0,"- ","- ",,,"SAN FRANCISCO","SAN FRANCISCO",-122.447998046875,37.721267700195312
9396418,2022,2022-06-15,3801,2022-05-27,1646,901,INGLE,5,5,7,3801,0,0,0,,0,3H13D,"CAYUGA AV","SANTA ROSA AV",305.00,S,N,A,-,N,,,,,,,,,,N,4,0,1,2,A,-,03,22350,,N,D,G,A,A,H,-,A,D,0,,Y,,,Y,,L,04,0,0,1,0,0,0,1,0,0,"- ","- ",,,"SAN FRANCISCO","SAN FRANCISCO",-122.43723297119141,37.726402282714844
9396419,2022,2022-07-13,3801,2022-05-27,1826,141,INGLE,5,5,7,3801,0,0,0,,0,3H16D,"SOUTH VAN NESS","CESAR CHAVEZ",0.00,,Y,A,-,N,,,,,,,,,,N,4,0,1,2,A,-,12,21453,A,F,-,G,A,-,H,-,A,A,0,,Y,,,Y,,L,04,0,0,1,0,0,0,1,0,0,"- ","- ",,,"SAN FRANCISCO","SAN FRANCISCO",-122.41593170166016,37.748260498046875
9396421,2022,2022-06-14,3801,2022-05-15,0132,1066,NORTH,7,5,7,3801,0,0,0,,0,6CAR,"VAN NESS AV","CALIFORNIA ST",0.00,,Y,A,-,N,,,,,,,,,,Y,3,0,2,2,A,-,09,21801,A,N,D,C,A,A,H,-,C,A,0,,,,,Y,,A,01,0,1,1,0,0,0,0,0,0,"- ","- ",,,"SAN FRANCISCO","SAN FRANCISCO",-122.42224884033203,37.790370941162109
9396422,2022,2022-06-14,3801,2022-05-16,1406,2465,TENDE,1,5,7,3801,0,0,0,,0,3J91D,"WILLOW ST","LARKIN ST",50.00,W,N,A,-,N,,,,,,,,,,N,4,0,1,2,A,-,21,22106,,N,C,A,A,A,H,-,A,D,0,,,,,Y,,M,96,0,0,1,0,0,0,0,0,0,"- ","- ",,,"SAN FRANCISCO","SAN FRANCISCO",-122.41779327392578,37.783756256103516
9396426,2022,2022-06-14,3801,2022-05-17,1810,2733,SOUTH,2,5,7,3801,0,0,0,,0,0B4,"9TH ST","BRYANT ST",0.00,,Y,A,-,N,,,,,,,,,,N,3,0,1,2,A,-,10,21950,,F,G,B,B,A,H,-,A,A,0,Y,,,,Y,Y,-,,0,1,0,0,1,0,0,0,0,"- ","- ",,,"SAN FRANCISCO","SAN FRANCISCO",-122.40853118896484,37.771289825439453
9396436,2022,2022-06-15,3801,2022-05-11,1145,1870,RICHM,3,5,7,3801,0,0,0,,0,03G,"8TH AV",FULTON,0.00,,Y,A,-,N,,,,,,,,,,N,3,0,1,2,A,-,09,21801,A,N,D,G,A,A,H,-,A,D,0,,Y,,,Y,,A,01,0,1,0,0,0,0,1,0,0,"- ","- ",,,"SAN FRANCISCO","SAN FRANCISCO",-122.46588134765625,37.77337646484375
9396443,2022,2022-10-31,3801,2022-05-19,2112,1709,INGLE,4,5,7,3801,0,0,0,,0,,"NAPLES ST","PERSIA AV",65.00,N,N,A,-,N,,,,,,,,,,Y,4,0,1,4,A,-,08,22107,,M,D,E,A,A,H,-,C,D,0,,,,,Y,,A,01,0,0,1,0,0,0,0,0,0,"- ","- ",,,"SAN FRANCISCO","SAN FRANCISCO",-122.43109130859375,37.721012115478516
9396444,2022,2022-06-16,3801,2022-05-19,0958,1118,SOUTH,4,5,7,3801,0,0,0,,0,3B14A,"MARKET ST","OCTAVIA ST",0.00,,Y,A,-,N,,,,,,,,,,N,3,0,1,2,A,-,08,22101,D,F,D,G,A,A,H,-,A,A,0,,Y,,,Y,,A,01,0,1,0,0,0,0,1,0,0,"- ","- ",,,"SAN FRANCISCO","SAN FRANCISCO",-122.42359161376953,37.771774291992188
9396445,2022,2022-06-16,3801,2022-05-20,1015,1268,CENTR,5,5,7,3801,0,0,0,,0,3A2,"PINE ST",DAVIS,0.00,,Y,A,-,N,,,,,,,,,,,4,0,1,2,A,-,10,21950,A,N,G,B,B,A,H,-,A,A,0,Y,,,,Y,,A,01,0,0,1,0,1,0,0,0,0,"- ","- ",,,"SAN FRANCISCO","SAN FRANCISCO",-122.3973388671875,37.792495727539062
9396449,2022,2022-06-16,3801,2022-05-21,0528,614,TARAV,6,5,7,3801,0,0,0,,0,01E,"LAWTON ST","AUTO DR",0.00,,Y,A,-,N,,,,,,,,,,Y,3,0,1,2,A,-,03,22350,,N,D,C,A,A,H,-,B,D,0,,,,,Y,,A,01,0,1,0,0,0,0,0,0,0,"- ","- ",,,"SAN FRANCISCO","SAN FRANCISCO",-122.46527099609375,37.758472442626953
9396450,2022,2022-06-16,3801,2022-05-22,1115,2461,SOUTH,7,5,7,3801,0,0,0,,0,3B15A,"6TH ST","BRYANT ST",20.00,N,N,A,-,N,,,,,,,,,,N,4,0,1,2,A,-,04,21703,,N,C,C,A,A,H,-,A,A,0,,,Y,,Y,,A,01,0,0,1,0,0,0,0,0,1,"- ","- ",,,"SAN FRANCISCO","SAN FRANCISCO",-122.40254974365234,37.776100158691406
9396451,2022,2022-06-16,3801,2022-05-11,2214,2035,MISSI,3,5,7,3801,0,0,0,,0,,"MISSION ST","ADMIRAL AV",71.00,S,N,A,-,N,,,,,,,,,,N,4,0,1,2,A,-,09,21801,A,F,B,G,A,A,-,-,C,D,0,,Y,,,Y,,A,01,0,0,1,0,0,0,1,0,0,"- ","- ",,,"SAN FRANCISCO","SAN FRANCISCO",-122.43030548095703,37.729709625244141
9396452,2022,2022-06-16,3801,2022-05-12,0720,1477,MISSI,4,5,7,3801,0,0,0,,0,3D13A,"24TH ST","SOUTH VAN NESS AV",0.00,,Y,A,-,N,,,,,,,,,,Y,4,0,1,2,A,-,12,21453,A,F,D,C,A,A,H,-,A,A,0,,,,,Y,Y,A,01,0,0,1,0,0,0,0,0,0,"- ","- ",,,"SAN FRANCISCO","SAN FRANCISCO",-122.41628265380859,37.75238037109375
9396458,2022,2022-06-16,3801,2022-05-26,1749,524,INGLE,4,5,7,3801,0,0,0,,0,3H116D,"SAN BRUNO AV","WARD ST",44.00,N,N,A,-,N,,,,,,,,,,N,2,0,1,2,A,-,03,22350,,N,D,C,A,A,H,-,B,D,0,,,Y,,Y,,C,02,1,0,0,0,0,0,0,0,1,"- ","- ",,,"SAN FRANCISCO","SAN FRANCISCO",-122.40049743652344,37.719287872314453
9396466,2022,2022-06-16,3801,2022-05-04,1703,1994,TRAFF,3,5,7,3801,0,0,0,,0,4B3D,"SACRAMENTO ST","DAVIS ST",0.00,,Y,A,-,N,,,,,,,,,,Y,4,0,3,2,A,-,12,21453,A,N,D,C,A,A,H,-,A,A,0,,,,,Y,,A,01,0,0,3,0,0,0,0,0,0,"- ","- ",,,"SAN FRANCISCO","SAN FRANCISCO",-122.39778900146484,37.794490814208984
9396467,2022,2022-06-16,3801,2022-05-12,1559,1994,TRAFF,4,5,7,3801,0,0,0,,0,4B3D,"BUSH ST","LARKIN ST",0.00,,Y,A,-,N,,,,,,,,,,Y,2,0,1,2,A,-,12,21453,A,N,D,C,A,A,H,-,A,A,0,,,Y,,Y,,A,01,1,0,0,0,0,0,0,0,1,"- ","- ",,,"SAN FRANCISCO","SAN FRANCISCO",-122.41867065429688,37.788902282714844
9396472,2022,2022-06-16,3801,2022-05-28,2107,2459,SOUTH,6,5,7,3801,0,0,0,,0,3B14E,"17TH ST","VERMONT ST",0.00,,Y,A,-,N,,,,,,,,,,N,3,0,1,2,A,-,12,22450,A,N,D,G,A,A,H,-,C,D,0,,Y,,,Y,,A,01,0,1,0,0,0,0,1,0,0,"- ","- ",,,"SAN FRANCISCO","SAN FRANCISCO",-122.40448760986328,37.764682769775391
9396473,2022,2022-06-16,3801,2022-05-28,1813,2168,CENTR,6,5,7,3801,0,0,0,,0,3A12D,"GRANT AV","GEARY ST",0.00,,Y,A,-,N,,,,,,,,,,N,2,0,1,2,A,-,17,21663,,N,G,B,F,A,H,-,A,A,0,Y,,,,Y,,A,01,1,0,0,0,1,0,0,0,0,"- ","- ",,,"SAN FRANCISCO","SAN FRANCISCO",-122.40503692626953,37.787742614746094
9396474,2022,2022-06-15,3801,2022-05-27,1515,2355,TARAV,5,5,7,3801,0,0,0,,0,0I5,"OCEAN AV","CLEARFIELD DR",0.00,,Y,A,-,N,,,,,,,,,,N,3,0,1,2,A,-,12,22450,A,N,D,G,A,A,H,-,A,A,0,,Y,,,Y,,A,01,0,1,0,0,0,0,1,0,0,"- ","- ",,,"SAN FRANCISCO","SAN FRANCISCO",-122.49143981933594,37.732021331787109
9396477,2022,2022-06-16,3801,2022-05-27,0941,1210,TARAV,5,5,7,3801,0,0,0,,0,0I2,"SUNSET BL","WAWONA ST",0.00,,Y,A,-,N,,,,,,,,,,N,4,0,1,2,A,-,12,21453,A,N,D,C,A,A,H,-,A,A,0,,,,,Y,,A,08,0,0,1,0,0,0,0,0,0,"- ","- ",,,"SAN FRANCISCO","SAN FRANCISCO",-122.49413299560547,37.736629486083984
9396478,2022,2022-06-16,3801,2022-05-28,2054,2391,NORTH,6,5,7,3801,0,0,0,,0,3E13E,"POLK ST","TURK ST",12.00,S,N,A,-,N,,,,,,,,,,Y,4,0,1,2,A,-,03,22350,,F,C,C,A,A,H,-,C,A,0,,,,,Y,,A,01,0,0,1,0,0,0,0,0,0,"- ","- ",,,"SAN FRANCISCO","SAN FRANCISCO",-122.41899108886719,37.782138824462891
9396479,2022,2022-10-31,3801,2022-05-28,1435,1886,NORTH,6,5,7,3801,0,0,0,,0,3E44C,"VAN NESS AV",BROADWAY,0.00,,Y,A,-,N,,,,,,,,,,Y,4,0,1,4,A,-,08,22101,D,N,A,C,A,A,H,-,A,A,0,,,,,Y,,A,01,0,0,1,0,0,0,0,0,0,"- ","- ",,,"SAN FRANCISCO","SAN FRANCISCO",-122.42332458496094,37.795753479003906
9396480,2022,2022-06-16,3801,2022-05-28,1124,390,PARK,6,5,7,3801,0,0,0,,0,003,"FULTON ST","BRODERICK ST",0.00,,Y,A,-,N,,,,,,,,,,Y,4,0,2,3,A,-,12,21453,A,N,B,C,A,A,H,-,A,A,0,,,,,Y,,A,01,0,0,2,0,0,0,0,0,0,"- ","- ",,,"SAN FRANCISCO","SAN FRANCISCO",-122.43984222412109,37.776634216308594
9400421,2022,2022-02-15,3801,2022-01-21,1750,2355,TARAV,5,5,7,3801,0,0,0,,0,0I3,"SLOAT BL","42ND AV",22.00,E,N,A,-,N,,,,,,,,,,N,3,0,1,2,A,-,17,21209,A,N,C,G,A,A,H,-,C,D,0,,Y,,,Y,,A,01,0,1,0,0,0,0,1,0,0,"- ","- ",,,"SAN FRANCISCO","SAN FRANCISCO",-122.50000762939453,37.734867095947266
9400423,2022,2022-02-15,3801,2022-01-23,1630,1661,TARAV,7,5,7,3801,0,0,0,,0,"3 CAR","LINCOLN WY","45TH AV",0.00,,Y,A,-,N,,,,,,,,,,Y,4,0,1,2,A,-,12,22450,A,N,F,C,A,A,H,-,A,A,0,,,,,Y,,A,01,0,0,1,0,0,0,0,0,0,"- ","- ",,,"SAN FRANCISCO","SAN FRANCISCO",-122.50511932373047,37.764205932617188
9400427,2022,2022-02-15,3801,2022-01-22,2058,2733,SOUTH,6,5,7,3801,0,0,0,,0,0B5,"CHANNEL ST","4TH ST",0.00,,Y,A,-,N,,,,,,,,,,N,3,0,1,2,A,-,03,22350,,F,G,B,E,A,H,-,C,A,0,Y,,,,Y,,A,01,0,1,0,0,1,0,0,0,0,"- ","- ",,,"SAN FRANCISCO","SAN FRANCISCO",-122.39166259765625,37.774368286132812
9400465,2022,2022-02-18,3801,2022-01-19,1327,1053,TARAV,3,5,7,3801,0,0,0,,0,3I13A,"42ND AV","TARAVAL ST",304.00,S,N,A,-,N,,,,,,,,,,Y,4,0,1,2,A,-,06,21755,A,N,D,C,A,A,H,-,A,D,0,,,,,Y,,A,01,0,0,1,0,0,0,0,0,0,"- ","- ",,,"SAN FRANCISCO","SAN FRANCISCO",-122.50026702880859,37.741165161132812
9400473,2022,2022-02-18,3801,2022-01-20,1615,4132,MISSI,4,5,7,3801,0,0,0,,0,"6 CAR","POTRERO AV","18TH ST",0.00,,Y,A,-,N,,,,,,,,,,N,4,0,1,2,A,-,10,21950,A,N,G,B,B,A,H,-,B,A,0,Y,,,,Y,,A,08,0,0,1,0,1,0,0,0,0,"- ","- ",,,"SAN FRANCISCO","SAN FRANCISCO",-122.40721893310547,37.761928558349609
9400477,2022,2022-03-08,3801,2022-01-25,1840,341,BAYVI,2,5,7,3801,0,0,0,,0,3C12D,"PALOU AV","QUINT ST",180.00,E,N,A,-,N,,,,,,,,,,Y,2,0,1,2,A,-,04,21703,,N,C,C,A,A,H,-,C,A,0,,,,,Y,,A,01,1,0,0,0,0,0,0,0,0,"- ","- ",,,"SAN FRANCISCO","SAN FRANCISCO",-122.39602661132812,37.736900329589844
9400478,2022,2022-02-18,3801,2022-01-02,1133,4356,INGLE,7,5,7,3801,0,0,0,,0,3H12C,"ATHENS ST","PERSIA AV",0.00,,Y,A,-,N,,,,,,,,,,Y,4,0,2,2,A,-,12,22450,A,N,D,C,A,A,H,-,A,A,0,,,,,Y,,A,01,0,0,2,0,0,0,0,0,0,"- ","- ",,,"SAN FRANCISCO","SAN FRANCISCO",-122.42958831787109,37.720088958740234
9400480,2022,2022-02-18,3801,2022-01-25,2356,4124,INGLE,2,5,7,3801,0,0,0,,0,INGLES,"TINGLEY ST","ALEMANY BL",0.00,,Y,A,-,N,,,,,,,,,,N,4,0,1,2,A,-,10,21950,A,F,-,B,B,A,H,-,A,A,0,Y,,,,Y,,-,,0,0,1,0,1,0,0,0,0,"- ","- ",,,"SAN FRANCISCO","SAN FRANCISCO",-122.43402099609375,37.729358673095703
9400644,2022,2022-05-10,3801,2022-01-13,1204,4095,RICHM,4,5,7,3801,0,0,0,,0,001,"GREAT HWY","LINCOLN WY",1282.00,N,N,A,-,N,,,,,,,,,,Y,4,0,1,1,A,-,03,22350,,N,F,I,A,A,H,-,A,D,0,,,,,Y,,A,07,0,0,1,0,0,0,0,0,0,"- ","- ",,,"SAN FRANCISCO","SAN FRANCISCO",-122.510498046875,37.767555236816406
9400646,2022,2022-02-22,3801,2022-01-12,1411,649,INGLE,3,5,7,3801,0,0,0,,0,3H16C,"CORTLAND AV","ELSIE ST",5.00,W,N,A,-,N,,,,,,,,,,N,3,0,1,1,-,-,"- ",,,N,H,A,A,A,H,-,A,D,0,,Y,,,Y,,-,"- ",0,1,0,0,0,0,1,0,0,"- ","- ",,,"SAN FRANCISCO","SAN FRANCISCO",-122.41975402832031,37.739768981933594
9400649,2022,2022-02-22,3801,2022-01-11,1716,2215,NORTH,2,5,7,3801,0,0,0,,0,3E12D,"SCOTT ST","ELLIS ST",10.00,S,N,A,-,N,,,,,,,,,,N,3,0,1,2,A,-,10,21950,A,N,G,B,B,A,H,-,A,A,0,Y,,,,Y,,A,01,0,1,0,0,1,0,0,0,0,"- ","- ",,,"SAN FRANCISCO","SAN FRANCISCO",-122.43745422363281,37.781703948974609
9400655,2022,2022-02-22,3801,2022-01-18,1900,2113,SOUTH,2,5,7,3801,0,0,0,,0,003,"8TH ST","HOWARD ST",0.00,,Y,A,-,N,,,,,,,,,,N,3,0,1,2,D,-,00,,,N,G,B,B,A,H,-,C,A,0,Y,,,,Y,,-,"- ",0,1,0,0,1,0,0,0,0,"- ","- ",,,"SAN FRANCISCO","SAN FRANCISCO",-122.41159057617188,37.776229858398438
9400660,2022,2022-02-22,3801,2022-01-17,1859,1520,BAYVI,1,5,7,3801,0,0,0,,0,0C5,"CARROLL AV","3RD ST",45.00,E,N,A,-,N,,,,,,,,,,N,3,0,1,2,A,-,08,22107,,F,D,G,A,A,H,-,C,D,0,,Y,,,Y,,A,01,0,1,0,0,0,0,1,0,0,"- ","- ",,,"SAN FRANCISCO","SAN FRANCISCO",-122.39424133300781,37.725448608398438