CASE_ID,ACCIDENT_YEAR,PROC_DATE,JURIS,COLLISION_DATE,COLLISION_TIME,OFFICER_ID,REPORTING_DISTRICT,DAY_OF_WEEK,CHP_SHIFT,POPULATION,CNTY_CITY_LOC,SPECIAL_COND,BEAT_TYPE,CHP_BEAT_TYPE,CITY_DIVISION_LAPD,CHP_BEAT_CLASS,BEAT_NUMBER,PRIMARY_RD,SECONDARY_RD,DISTANCE,DIRECTION,INTERSECTION,WEATHER_1,WEATHER_2,STATE_HWY_IND,CALTRANS_COUNTY,CALTRANS_DISTRICT,STATE_ROUTE,ROUTE_SUFFIX,POSTMILE_PREFIX,POSTMILE,LOCATION_TYPE,RAMP_INTERSECTION,SIDE_OF_HWY,TOW_AWAY,COLLISION_SEVERITY,NUMBER_KILLED,NUMBER_INJURED,PARTY_COUNT,PRIMARY_COLL_FACTOR,PCF_CODE_OF_VIOL,PCF_VIOL_CATEGORY,PCF_VIOLATION,PCF_VIOL_SUBSECTION,HIT_AND_RUN,TYPE_OF_COLLISION,MVIW,PED_ACTION,ROAD_SURFACE,ROAD_COND_1,ROAD_COND_2,LIGHTING,CONTROL_DEVICE,CHP_ROAD_TYPE,PEDESTRIAN_ACCIDENT,BICYCLE_ACCIDENT,MOTORCYCLE_ACCIDENT,TRUCK_ACCIDENT,NOT_PRIVATE_PROPERTY,ALCOHOL_INVOLVED,STWD_VEHTYPE_AT_FAULT,CHP_VEHTYPE_AT_FAULT,COUNT_SEVERE_INJ,COUNT_VISIBLE_INJ,COUNT_COMPLAINT_PAIN,COUNT_PED_KILLED,COUNT_PED_INJURED,COUNT_BICYCLIST_KILLED,COUNT_BICYCLIST_INJURED,COUNT_MC_KILLED,COUNT_MC_INJURED,PRIMARY_RAMP,SECONDARY_RAMP,LATITUDE,LONGITUDE,COUNTY,CITY,POINT_X,POINT_Y
9400687,2022,2022-03-01,3801,2022-01-18,1820,4269,INGLE,2,5,7,3801,0,0,0,,0,3H12C,"DOLORES ST","SAN JOSE AV",0.00,,Y,A,-,N,,,,,,,,,,N,4,0,2,2,A,-,03,22350,,N,C,C,A,A,H,-,C,A,0,,,,,Y,,A,01,0,0,2,0,0,0,0,0,0,"- ","- ",,,"SAN FRANCISCO","SAN FRANCISCO",-122.42414093017578,37.740276336669922
9400855,2022,2022-02-11,3801,2022-01-18,2244,2303,PARK,2,5,7,3801,0,0,0,,0,3CAR,"SAINT JOSEPHS AV","OFARRELL ST",0.00,,Y,A,-,N,,,,,,,,,,Y,3,0,1,4,A,-,03,22350,,N,C,E,A,A,H,-,C,D,0,,,,,Y,,A,07,0,1,0,0,0,0,0,0,0,"- ","- ",,,"SAN FRANCISCO","SAN FRANCISCO",-122.44178009033203,37.78228759765625
9403359,2022,2022-03-18,3801,2022-02-17,1632,334,BAYVI,4,5,7,3801,0,0,0,,0,0C2,"BAYSHORE BL","BAYSHORE BL 491",0.00,,-,A,-,N,,,,,,,,,,N,4,0,1,2,A,-,11,21456,C,N,-,B,B,A,H,-,A,A,0,Y,,,,Y,,N,60,0,0,1,0,1,0,0,0,0,"- ","- ",,,"SAN FRANCISCO","SAN FRANCISCO",-122.40431213378906,37.745937347412109
9403535,2022,2022-03-15,3801,2022-01-30,2007,2085,RICHM,7,5,7,3801,0,0,0,,0,3G5D,"FULTON ST","44TH AV",0.00,,Y,A,-,N,,,,,,,,,,Y,2,0,1,2,A,-,09,21804,A,N,D,C,A,A,H,-,C,A,0,,,Y,,Y,,A,01,1,0,0,0,0,0,0,0,1,"- ","- ",,,"SAN FRANCISCO","SAN FRANCISCO",-122.50456237792969,37.771633148193359
9403539,2022,2022-03-15,3801,2022-01-26,0422,933,CENTR,3,5,7,3801,0,0,0,,0,0A2,"PINE ST","MONTGOMERY ST",0.00,,Y,A,-,N,,,,,,,,,,N,4,0,1,2,A,-,05,21650,1,N,D,G,A,A,H,-,C,A,0,,Y,,,Y,Y,L,04,0,0,1,0,0,0,1,0,0,"- ","- ",,,"SAN FRANCISCO","SAN FRANCISCO",-122.40254974365234,37.791919708251953
9403615,2022,2022-03-17,3801,2022-02-14,0726,375,BAYVI,1,5,7,3801,0,0,0,,0,3801,"3RD ST","EVANS AV",0.00,,Y,B,-,N,,,,,,,,,,Y,4,0,1,2,A,-,12,21453,A,N,D,C,A,A,-,-,B,A,0,,,,,Y,,A,01,0,0,1,0,0,0,0,0,0,"- ","- ",,,"SAN FRANCISCO","SAN FRANCISCO",-122.38801574707031,37.742733001708984
9403617,2022,2022-03-17,3801,2022-02-18,0616,1157,BAYVI,5,5,7,3801,0,0,0,,0,3C14A,WOOLSEY,BOWDOIN,0.00,,Y,A,-,N,,,,,,,,,,Y,4,0,1,2,A,-,12,22450,A,F,D,C,A,A,H,-,C,A,0,,,,,Y,,D,22,0,0,1,0,0,0,0,0,0,"- ","- ",,,"SAN FRANCISCO","SAN FRANCISCO",-122.40953826904297,37.723426818847656
9403620,2022,2022-03-18,3801,2022-02-10,1205,826,BAYVI,4,5,7,3801,0,0,0,,0,03C,"3RD ST","KIRKWOOD AV",0.00,,Y,A,-,N,,,,,,,,,,Y,4,0,2,3,A,-,17,21461,A,N,D,C,A,A,H,-,A,A,0,,,,,Y,,A,01,0,0,2,0,0,0,0,0,0,"- ","- ",,,"SAN FRANCISCO","SAN FRANCISCO",-122.38967895507812,37.737998962402344
9403626,2022,2022-03-18,3801,2022-02-20,1042,1849,TENDE,7,5,7,3801,0,0,0,,0,3J15A,"EDDY ST","HYDE ST",0.00,,Y,A,-,N,,,,,,,,,,N,3,0,1,2,A,-,17,22517,,N,H,G,A,A,H,-,A,A,0,,Y,,,Y,,A,07,0,1,0,0,0,0,1,0,0,"- ","- ",,,"SAN FRANCISCO","SAN FRANCISCO",-122.41588592529297,37.783512115478516
9403628,2022,2022-03-17,3801,2022-02-18,1752,2231,SOUTH,5,5,7,3801,0,0,0,,0,3B12D,"BRYANT ST","3RD ST",23.00,E,N,A,-,N,,,,,,,,,,N,4,0,1,2,A,-,03,22350,,N,A,J,A,A,H,-,C,A,0,,,,,Y,,I,11,0,0,1,0,0,0,0,0,0,"- ","- ",,,"SAN FRANCISCO","SAN FRANCISCO",-122.39579010009766,37.781352996826172
9403761,2022,2022-03-21,3801,2022-02-09,1248,1936,TRAFF,3,5,7,3801,0,0,0,,0,4B1D,"JONES ST","BAY ST",0.00,,Y,A,-,N,,,,,,,,,,Y,2,0,2,2,A,-,12,21453,A,N,D,C,A,A,H,-,A,A,0,,,Y,,Y,,A,07,1,1,0,0,0,0,0,0,1,"- ","- ",,,"SAN FRANCISCO","SAN FRANCISCO",-122.41690063476562,37.805221557617188
9403922,2022,2022-03-17,3801,2022-02-14,0852,892,SOUTH,1,5,7,3801,0,0,0,,0,0B3,"MISSION ST","8TH ST",0.00,,Y,A,-,N,,,,,,,,,,N,4,0,1,2,A,-,04,21703,,N,C,G,A,A,H,-,A,A,0,,Y,,,Y,,A,07,0,0,1,0,0,0,1,0,0,"- ","- ",,,"SAN FRANCISCO","SAN FRANCISCO",-122.41315460205078,37.7774658203125
9403927,2022,2022-03-17,3801,2022-02-14,1033,1340,RICHM,1,5,7,3801,0,0,0,,0,3G12A,"GEARY BL","10TH AV",135.00,E,N,B,-,N,,,,,,,,,,N,3,0,1,2,A,-,03,22350,,F,H,-,F,A,H,-,A,D,0,Y,Y,,,Y,,L,04,0,1,0,0,1,0,0,0,0,"- ","- ",,,"SAN FRANCISCO","SAN FRANCISCO",-122.46811676025391,37.780914306640625
9403929,2022,2022-03-17,3801,2022-02-13,2316,623,BAYVI,7,5,7,3801,0,0,0,,0,3C11E,"25TH ST","ILLINOIS ST",0.00,,Y,A,-,N,,,,,,,,,,N,4,0,1,2,A,-,17,24250,,N,D,C,A,A,H,-,C,A,0,,,,,Y,,A,01,0,0,1,0,0,0,0,0,0,"- ","- ",,,"SAN FRANCISCO","SAN FRANCISCO",-122.38686370849609,37.752902984619141
9403932,2022,2022-03-17,3801,2022-02-17,0800,2495,BAYVI,4,5,7,3801,0,0,0,,0,3C15A,"INGALLS ST","WALLACE AV",0.00,,Y,A,-,N,,,,,,,,,,N,3,0,1,2,A,-,"- ",,,N,H,C,A,A,H,-,A,A,0,,,Y,,Y,Y,A,01,0,1,0,0,0,0,0,0,1,"- ","- ",,,"SAN FRANCISCO","SAN FRANCISCO",-122.38736724853516,37.725334167480469
9403934,2022,2022-03-17,3801,2022-02-09,1129,4375,TRAFF,3,5,7,3801,0,0,0,,0,4B1F,"FRANKLIN ST",BROADWAY,25.00,S,N,A,-,N,,,,,,,,,,Y,4,0,5,4,A,-,12,21453,A,F,D,C,A,-,H,-,A,A,0,,,,,Y,Y,A,01,0,0,5,0,0,0,0,0,0,"- ","- ",,,"SAN FRANCISCO","SAN FRANCISCO",-122.42501831054688,37.795463562011719
9403941,2022,2022-03-15,3801,2022-02-18,1919,1160,SOUTH,5,5,7,3801,0,0,0,,0,0B1,"HARRISON ST","HAWTHORNE ST",0.00,,Y,A,-,N,,,,,,,,,,N,4,0,3,2,A,-,12,21453,A,F,-,C,A,A,H,-,C,A,0,,,,,Y,,A,01,0,0,3,0,0,0,0,0,0,"- ","- ",,,"SAN FRANCISCO","SAN FRANCISCO",-122.39630889892578,37.783432006835938
9403943,2022,2022-03-15,3801,2022-02-19,1521,2141,BAYVI,6,5,7,3801,0,0,0,,0,3C12D,"THORNTON AV","NEPTUNE ST",0.00,,N,A,-,N,,,,,,,,,,,4,0,1,2,A,-,03,22350,,M,G,B,D,A,H,-,A,D,0,Y,,Y,,Y,,C,02,0,0,1,0,1,0,0,0,0,"- ","- ",,,"SAN FRANCISCO","SAN FRANCISCO",-122.3968505859375,37.731311798095703
9403946,2022,2022-03-15,3801,2022-02-18,1400,1389,BAYVI,5,5,7,3801,0,0,0,,0,3C11C,"CARGO WY","CARGO WY 100",0.00,,N,A,-,N,,,,,,,,,,Y,3,0,1,2,D,-,00,,,F,A,C,A,A,H,-,A,A,0,,,,,Y,,-,"- ",0,1,0,0,0,0,0,0,0,"- ","- ",,,"SAN FRANCISCO","SAN FRANCISCO",,
9403947,2022,2022-03-15,3801,2022-02-19,0840,1242,CENTR,6,5,7,3801,0,0,0,,0,3A12A,"GEARY ST","KEARNY ST",0.00,,Y,A,-,N,,,,,,,,,,N,4,0,1,2,A,-,10,21950,A,N,G,B,B,A,H,-,A,A,0,Y,,,,Y,,A,01,0,0,1,0,1,0,0,0,0,"- ","- ",,,"SAN FRANCISCO","SAN FRANCISCO",-122.40351104736328,37.787948608398438
9403948,2022,2022-03-15,3801,2022-02-11,1405,2237,SOUTH,5,5,7,3801,0,0,0,,0,00B,"5TH ST","HARRISON ST",0.00,,Y,A,-,N,,,,,,,,,,Y,4,0,1,2,A,-,03,22350,,N,A,C,A,A,H,-,A,A,0,,,,,Y,,A,01,0,0,1,0,0,0,0,0,0,"- ","- ",,,"SAN FRANCISCO","SAN FRANCISCO",-122.40187072753906,37.779056549072266
9403950,2022,2022-03-15,3801,2022-02-14,1434,310,SOUTH,1,5,7,3801,0,0,0,,0,3B15C,"MARKET ST","GOUGH ST",58.00,E,N,A,-,N,,,,,,,,,,N,3,0,1,2,D,-,00,,,N,C,C,A,A,H,-,A,A,0,,,,,Y,,-,"- ",0,1,0,0,0,0,0,0,0,"- ","- ",,,"SAN FRANCISCO","SAN FRANCISCO",-122.42206573486328,37.772979736328125
9403953,2022,2022-03-15,3801,2022-02-16,1640,2268,INGLE,3,5,7,3801,0,0,0,,0,3H16D,"BAYSHORE BL","LELAND AV",0.00,,Y,A,-,N,,,,,,,,,,Y,4,0,2,2,D,-,00,,,N,D,C,A,A,H,-,A,A,0,,,,,Y,,-,"- ",0,0,2,0,0,0,0,0,0,"- ","- ",,,"SAN FRANCISCO","SAN FRANCISCO",-122.40377044677734,37.711204528808594
9403954,2022,2022-03-15,3801,2022-02-16,1440,1396,SOUTH,3,5,7,3801,0,0,0,,0,3B2A,"TOWNSEND ST","4TH ST",20.00,W,N,A,-,N,,,,,,,,,,N,3,0,1,2,A,-,17,21200,A,F,D,G,A,A,H,-,A,A,0,,Y,,,Y,,A,01,0,1,0,0,0,0,1,0,0,"- ","- ",,,"SAN FRANCISCO","SAN FRANCISCO",-122.39504241943359,37.777069091796875
9403977,2022,2022-03-16,3801,2022-02-22,0839,859,TENDE,2,5,7,3801,0,0,0,,0,005,"LEAVENWORTH ST","OFARRELL ST",15.00,N,N,A,-,N,,,,,,,,,,N,4,0,1,4,A,-,03,22350,,N,C,E,A,A,H,-,A,A,0,,,,,Y,,-,"- ",0,0,1,0,0,0,0,0,0,"- ","- ",,,"SAN FRANCISCO","SAN FRANCISCO",-122.41461944580078,37.785640716552734
9403979,2022,2022-03-16,3801,2022-02-19,1920,426,NORTH,6,5,7,3801,0,0,0,,0,3E13D,"POLK ST","TURK ST",0.00,,Y,A,-,N,,,,,,,,,,N,3,0,1,2,A,-,10,21950,A,F,G,B,B,A,H,-,C,A,0,Y,,,,Y,,A,01,0,1,0,0,1,0,0,0,0,"- ","- ",,,"SAN FRANCISCO","SAN FRANCISCO",-122.41899871826172,37.782169342041016
9403980,2022,2022-03-16,3801,2022-02-18,2319,1252,RICHM,5,5,7,3801,0,0,0,,0,0G3,"GEARY BL","3RD AV",112.00,W,N,A,-,N,,,,,,,,,,N,4,0,1,2,A,-,11,21954,A,N,B,B,D,A,H,-,C,A,0,Y,,,,Y,,N,60,0,0,1,0,1,0,0,0,0,"- ","- ",,,"SAN FRANCISCO","SAN FRANCISCO",-122.46145629882812,37.781219482421875
9404808,2022,2022-02-11,3801,2022-01-25,1117,2375,,2,5,7,3801,0,0,0,,0,3G12A,"CROSSOVER DR","PARK PRESIDIO BY PASS",53.00,W,N,A,-,N,,,,,,,,,,Y,3,0,2,3,A,-,01,23152,,N,A,C,A,A,H,-,A,D,0,,,,,Y,Y,A,07,0,1,1,0,0,0,0,0,0,"- ","- ",,,"SAN FRANCISCO","SAN FRANCISCO",-122.47957611083984,37.771289825439453
9405006,2022,2022-02-22,3801,2022-01-07,1550,4267,TARAV,5,5,7,3801,0,0,0,,0,3I00,"CHESTNUT ST","DIVISADERO ST",0.00,,Y,-,-,N,,,,,,,,,,Y,4,0,1,2,D,-,00,,,N,-,-,A,-,-,-,-,-,0,,,,,Y,,-,"- ",0,0,1,0,0,0,0,0,0,"- ","- ",,,"SAN FRANCISCO","SAN FRANCISCO",-122.44284057617188,37.799980163574219
9405008,2022,2022-02-17,3801,2022-01-06,1250,2728,TENDE,4,5,7,3801,0,0,0,,0,908,"MARKET ST","5TH ST",0.00,,Y,A,-,N,,,,,,,,,,N,3,0,1,2,A,-,10,21950,A,F,A,C,A,A,B,G,A,D,0,,Y,,,Y,,L,04,0,1,0,0,0,0,1,0,0,"- ","- ",,,"SAN FRANCISCO","SAN FRANCISCO",-122.40805816650391,37.78399658203125
9405009,2022,2022-02-17,3801,2022-01-03,1745,893,INGLE,1,5,7,3801,0,0,0,,0,3H15D,"SAN JOSE AV","SAN JUAN AV",0.00,,Y,C,-,N,,,,,,,,,,N,4,0,1,2,A,-,10,21950,A,N,G,B,B,B,H,-,C,A,0,Y,,,,Y,,A,01,0,0,1,0,1,0,0,0,0,"- ","- ",,,"SAN FRANCISCO","SAN FRANCISCO",-122.44145202636719,37.726982116699219
9405011,2022,2022-02-17,3801,2022-01-06,1808,2312,BAYVI,4,5,7,3801,0,0,0,,0,3C13D,"DEDMAN CT","DEDMAN CT 17",31.00,N,N,B,-,N,,,,,,,,,,N,4,0,1,2,A,-,03,22350,,F,G,H,E,A,H,-,C,D,0,Y,,,,Y,,A,01,0,0,1,0,1,0,0,0,0,"- ","- ",,,"SAN FRANCISCO","SAN FRANCISCO",,
9405012,2022,2022-02-17,3801,2022-01-07,1405,2312,BAYVI,5,5,7,3801,0,0,0,,0,3C12D,"BAYSHORE BL","EGBERT AV",60.00,S,N,A,-,N,,,,,,,,,,N,4,0,1,2,A,-,04,21703,,F,C,C,A,A,H,-,A,A,0,,,,,Y,,A,01,0,0,1,0,0,0,0,0,0,"- ","- ",,,"SAN FRANCISCO","SAN FRANCISCO",-122.40215301513672,37.727790832519531
9405015,2022,2022-02-17,3801,2022-01-16,1934,307,INGLE,7,5,7,3801,0,0,0,,0,3H13D,"PARIS ST","RUSSIA AV",219.00,E,N,A,-,N,,,,,,,,,,Y,4,0,2,3,A,-,05,21651,B,N,A,E,A,A,H,-,C,D,0,,,,,Y,Y,A,01,0,0,2,0,0,0,0,0,0,"- ","- ",,,"SAN FRANCISCO","SAN FRANCISCO",-122.43518829345703,37.721317291259766
9405017,2022,2022-04-12,3801,2022-01-16,0243,2164,INGLE,7,5,7,3801,0,0,0,,0,210007,"PRECITA AV","PRECITA AV 321",0.00,,-,A,-,N,,,,,,,,,,N,3,0,1,1,C,-,18,,,N,H,A,A,-,G,-,C,A,0,,,,,Y,,-,"- ",0,1,0,0,0,0,0,0,0,"- ","- ",,,"SAN FRANCISCO","SAN FRANCISCO",,
9405040,2022,2022-02-23,3801,2022-01-01,1455,1062,MISSI,6,5,7,3801,0,0,0,,0,3D45C,"17TH ST","FOLSOM ST",46.00,E,N,A,-,N,,,,,,,,,,Y,4,0,1,2,A,-,03,22350,,F,C,C,A,A,H,-,A,A,0,,,,,Y,,A,01,0,0,1,0,0,0,0,0,0,"- ","- ",,,"SAN FRANCISCO","SAN FRANCISCO",-122.41499328613281,37.763698577880859
9405068,2022,2022-02-14,3801,2022-01-12,1716,426,NORTH,3,5,7,3801,0,0,0,,0,3E3D,"FRANKLIN ST","MCALLISTER ST",0.00,,Y,A,-,N,,,,,,,,,,N,4,0,2,2,A,-,12,21453,A,F,B,C,A,A,H,-,C,A,0,,,,,Y,,A,07,0,0,2,0,0,0,0,0,0,"- ","- ",,,"SAN FRANCISCO","SAN FRANCISCO",-122.42189025878906,37.779876708984375
9405069,2022,2022-02-14,3801,2022-01-12,2200,1386,SOUTH,3,5,7,3801,0,0,0,,0,003,"8TH ST","MISSION ST",75.00,S,N,A,-,N,,,,,,,,,,Y,4,0,1,2,A,-,09,21453,B,F,A,B,-,A,-,-,C,A,0,Y,,,,Y,,-,,0,0,1,0,1,0,0,0,0,"- ","- ",,,"SAN FRANCISCO","SAN FRANCISCO",-122.41297149658203,37.777320861816406
9405070,2022,2022-03-01,3801,2022-01-11,1537,2733,SOUTH,2,5,7,3801,0,0,0,,0,0B4,"S VAN NESS AV","12TH ST",0.00,,Y,A,-,N,,,,,,,,,,N,4,0,1,2,A,-,08,22107,,N,B,C,A,A,H,-,A,A,0,,,Y,,Y,,A,01,0,0,1,0,0,0,0,0,1,"- ","- ",,,"SAN FRANCISCO","SAN FRANCISCO",-122.41876983642578,37.773540496826172
9405073,2022,2022-02-14,3801,2022-01-08,1337,2743,SOUTH,6,5,7,3801,0,0,0,,0,3B12C,"MINNA ST","6TH ST",0.00,,Y,A,-,N,,,,,,,,,,N,2,0,1,2,A,-,10,21950,A,F,G,B,B,A,H,-,A,A,0,Y,,,,Y,,A,01,1,0,0,0,1,0,0,0,0,"- ","- ",,,"SAN FRANCISCO","SAN FRANCISCO",-122.40813446044922,37.780551910400391
9405076,2022,2022-02-14,3801,2022-01-14,2339,1308,SOUTH,5,5,7,3801,0,0,0,,0,3B11E,"BRANNAN ST","2ND ST",0.00,,Y,A,-,N,,,,,,,,,,Y,4,0,1,2,A,-,08,22107,,N,A,C,A,A,H,-,C,A,0,,,,,Y,,A,01,0,0,1,0,0,0,0,0,0,"- ","- ",,,"SAN FRANCISCO","SAN FRANCISCO",-122.39205932617188,37.781837463378906
9405078,2022,2022-02-14,3801,2022-01-15,0835,244,NORTH,6,5,7,3801,0,0,0,,0,NOR5,"GREEN ST","GOUGH ST",25.00,W,N,A,-,N,,,,,,,,,,Y,4,0,1,2,A,-,09,21804,A,N,B,C,A,A,H,-,A,D,0,,,,,Y,,A,01,0,0,1,0,0,0,0,0,0,"- ","- ",,,"SAN FRANCISCO","SAN FRANCISCO",-122.42716217041016,37.797187805175781
9405079,2022,2022-02-14,3801,2022-01-15,2031,1160,SOUTH,6,5,7,3801,0,0,0,,0,0B2,"3RD ST","MISSION ST",0.00,,Y,A,-,N,,,,,,,,,,N,4,0,1,2,D,-,00,,,N,D,G,A,A,H,-,C,A,0,,Y,,,Y,,-,"- ",0,0,1,0,0,0,1,0,0,"- ","- ",,,"SAN FRANCISCO","SAN FRANCISCO",-122.40200042724609,37.786266326904297
9405700,2022,2022-02-11,3801,2022-01-06,0925,1359,INGLE,4,5,7,3801,0,0,0,,0,0H5,"EDINBURGH ST","RUSSIA AV",310.00,S,N,B,-,N,,,,,,,,,,N,4,0,1,2,A,-,03,22350,,N,B,C,A,A,G,-,A,D,0,,,,,Y,,A,01,0,0,1,0,0,0,0,0,0,"- ","- ",,,"SAN FRANCISCO","SAN FRANCISCO",-122.43373107910156,37.718959808349609
9405843,2022,2022-03-17,3801,2022-02-01,1551,1286,SOUTH,2,5,7,3801,0,0,0,,0,3B3,"6TH ST","FOLSOM ST",0.00,,Y,A,-,N,,,,,,,,,,Y,4,0,1,2,D,-,00,,,N,B,C,A,A,H,-,A,A,0,,,,,Y,,-,"- ",0,0,1,0,0,0,0,0,0,"- ","- ",,,"SAN FRANCISCO","SAN FRANCISCO",-122.40560150146484,37.778499603271484
9405844,2022,2022-03-17,3801,2022-02-07,1200,893,INGLE,1,5,7,3801,0,0,0,,0,3H13D,"CIRCULAR AV","BADEN ST",0.00,,Y,A,-,N,,,,,,,,,,N,3,0,1,2,A,-,10,21950,A,N,G,B,B,-,H,-,A,A,0,Y,,,,Y,,A,01,0,1,0,0,1,0,0,0,0,"- ","- ",,,"SAN FRANCISCO","SAN FRANCISCO",-122.439697265625,37.730304718017578
9406520,2022,2022-02-22,3801,2022-01-11,0826,1804,TARAV,2,5,7,3801,0,0,0,,0,3I15B,"WINSTON DR","LAKE MERCED BL",440.00,E,N,A,-,N,,,,,,,,,,Y,4,0,2,4,A,-,05,21651,B,N,B,E,A,A,H,-,A,-,0,,,,,Y,,A,07,0,0,2,0,0,0,0,0,0,"- ","- ",,,"SAN FRANCISCO","SAN FRANCISCO",-122.48245239257812,37.727073669433594
9406521,2022,2022-03-04,3801,2022-01-06,0620,2466,RICHM,4,5,7,3801,0,0,0,,0,TWO,"PRESIDIO AV","PINE ST",0.00,,Y,A,-,N,,,,,,,,,,Y,4,0,1,2,A,-,12,21453,A,N,-,C,A,A,-,-,C,A,0,,,,,Y,,A,01,0,0,1,0,0,0,0,0,0,"- ","- ",,,"SAN FRANCISCO","SAN FRANCISCO",-122.44660186767578,37.786293029785156
9406523,2022,2022-02-16,3801,2022-01-07,1424,2209,MISSI,5,5,7,3801,0,0,0,,0,3D44C,"HARRISON ST","24TH ST",0.00,,Y,A,-,N,,,,,,,,,,Y,3,0,1,2,A,-,09,21801,A,N,D,G,A,A,H,-,A,A,0,,Y,,,Y,,D,22,0,1,0,0,0,0,1,0,0,"- ","- ",,,"SAN FRANCISCO","SAN FRANCISCO",-122.41188812255859,37.752651214599609
9408019,2022,2022-03-17,3801,2022-01-25,1433,1304,NORTH,2,5,7,3801,0,0,0,,0,3E46C,"FILLMORE ST","LOMBARD ST",150.00,S,N,A,-,N,,,,,,,,,,Y,4,0,2,2,A,-,03,22350,,N,C,E,A,A,H,-,A,D,0,,,,,Y,,A,07,0,0,2,0,0,0,0,0,0,"- ","- ",,,"SAN FRANCISCO","SAN FRANCISCO",-122.43597412109375,37.799442291259766
9409604,2022,2022-03-18,3801,2022-02-07,1343,1304,NORTH,1,5,7,3801,0,0,0,,0,3E46C,"VAN NESS AV","PINE ST",65.00,S,N,A,-,N,,,,,,,,,,N,4,0,1,2,A,-,04,21703,,N,C,C,A,A,H,-,A,D,0,,,,,Y,,D,22,0,0,1,0,0,0,0,0,0,"- ","- ",,,"SAN FRANCISCO","SAN FRANCISCO",-122.42206573486328,37.789241790771484
9409608,2022,2022-03-21,3801,2022-01-27,1321,398,CENTR,4,5,7,3801,0,0,0,,0,3A15C,"NEW MONTGOMERY ST","MISSION ST",0.00,,Y,A,-,N,,,,,,,,,,N,3,0,1,2,D,-,00,,,N,B,G,A,A,H,-,A,D,0,,Y,,,Y,,-,"- ",0,1,0,0,0,0,1,0,0,"- ","- ",,,"SAN FRANCISCO","SAN FRANCISCO",-122.40049743652344,37.787452697753906
9409663,2022,2022-03-17,3801,2022-02-08,0610,563,TARAV,2,5,7,3801,0,0,0,,0,005,"19TH AV","EUCALYPTUS DR",0.00,,Y,A,-,N,,,,,,,,,,Y,3,0,1,2,A,-,08,22107,,N,D,C,A,A,H,-,C,A,0,,,,,Y,,A,01,0,1,0,0,0,0,0,0,0,"- ","- ",,,"SAN FRANCISCO","SAN FRANCISCO",-122.47486877441406,37.7310791015625
9409679,2022,2022-03-18,3801,2022-02-04,0534,2023,PARK,5,5,7,3801,0,0,0,,0,001,"PARNASSUS AV","4TH AV",30.00,E,N,A,-,N,,,,,,,,,,N,3,0,1,2,A,-,03,22350,,N,C,D,A,A,H,-,C,D,0,,,,,Y,,A,01,0,1,0,0,0,0,0,0,0,"- ","- ",,,"SAN FRANCISCO","SAN FRANCISCO",-122.46080017089844,37.762676239013672
9410001,2022,2022-03-16,3801,2022-02-14,1400,1377,INGLE,1,5,7,3801,0,0,0,,0,3H15A,"MONTEREY BL","JOOST AV",0.00,,-,A,-,N,,,,,,,,,,N,4,0,1,3,A,-,03,22350,,M,C,C,A,A,H,-,A,A,0,,,,,Y,,-,99,0,0,1,0,0,0,0,0,0,"- ","- ",,,"SAN FRANCISCO","SAN FRANCISCO",-122.43514251708984,37.732246398925781
9410002,2022,2022-03-16,3801,2022-02-14,0730,1377,INGLE,1,5,7,3801,0,0,0,,0,3H15A,"GENEVA AV","MISSION ST",0.00,,-,A,-,N,,,,,,,,,,N,4,0,5,2,A,-,03,22350,,N,C,-,A,A,H,-,A,A,0,,,,,Y,,A,07,0,0,5,0,0,0,0,0,0,"- ","- ",,,"SAN FRANCISCO","SAN FRANCISCO",-122.44100189208984,37.716388702392578
9410003,2022,2022-03-16,3801,2022-02-11,2250,1967,NORTH,5,5,7,3801,0,0,0,,0,3E13E,"OCTAVIA ST","HAIGHT ST",0.00,,Y,A,-,N,,,,,,,,,,N,4,0,1,2,A,-,03,22350,,F,C,C,A,A,H,-,C,A,0,,,Y,,Y,,A,01,0,0,1,0,0,0,0,0,1,"- ","- ",,,"SAN FRANCISCO","SAN FRANCISCO",-122.42392730712891,37.772964477539062
9410007,2022,2022-03-16,3801,2022-02-14,1810,426,NORTH,1,5,7,3801,0,0,0,,0,3E13D,"POLK ST","ELLIS ST",0.00,,Y,A,-,N,,,,,,,,,,,4,0,1,3,A,-,12,21453,A,N,D,C,A,A,H,-,C,A,0,,,,,Y,,A,07,0,0,1,0,0,0,0,0,0,"- ","- ",,,"SAN FRANCISCO","SAN FRANCISCO",-122.41934967041016,37.784042358398438
9410008,2022,2022-03-16,3801,2022-02-16,1616,643,TARAV,3,5,7,3801,0,0,0,,0,5CAR,"OCEAN AV","20TH AV",0.00,,Y,A,-,N,,,,,,,,,,N,4,0,1,2,A,-,09,21801,A,N,D,G,A,A,H,-,A,A,0,,Y,,,Y,,A,01,0,0,1,0,0,0,1,0,0,"- ","- ",,,"SAN FRANCISCO","SAN FRANCISCO",-122.47604370117188,37.732688903808594
9410009,2022,2022-03-16,3801,2022-02-12,1056,126,RICHM,6,5,7,3801,0,0,0,,0,3G15A,"48TH AV","BALBOA ST",330.00,S,N,A,-,N,,,,,,,,,,Y,3,0,1,2,A,-,01,23152,A,N,A,C,A,A,H,-,A,A,0,,,,,Y,Y,A,01,0,1,0,0,0,0,0,0,0,"- ","- ",,,"SAN FRANCISCO","SAN FRANCISCO",-122.509033203125,37.774272918701172
9410016,2022,2022-03-16,3801,2022-02-03,2340,740,MISSI,4,5,7,3801,0,0,0,,0,3D14E,"SOUTH VAN NESS AV","24TH ST",0.00,,Y,A,-,N,,,,,,,,,,N,4,0,2,2,A,-,04,21703,,N,C,C,A,A,H,-,C,A,0,,,,,Y,,A,07,0,0,2,0,0,0,0,0,0,"- ","- ",,,"SAN FRANCISCO","SAN FRANCISCO",-122.41628265380859,37.75238037109375