CASE_ID,ACCIDENT_YEAR,PROC_DATE,JURIS,COLLISION_DATE,COLLISION_TIME,OFFICER_ID,REPORTING_DISTRICT,DAY_OF_WEEK,CHP_SHIFT,POPULATION,CNTY_CITY_LOC,SPECIAL_COND,BEAT_TYPE,CHP_BEAT_TYPE,CITY_DIVISION_LAPD,CHP_BEAT_CLASS,BEAT_NUMBER,PRIMARY_RD,SECONDARY_RD,DISTANCE,DIRECTION,INTERSECTION,WEATHER_1,WEATHER_2,STATE_HWY_IND,CALTRANS_COUNTY,CALTRANS_DISTRICT,STATE_ROUTE,ROUTE_SUFFIX,POSTMILE_PREFIX,POSTMILE,LOCATION_TYPE,RAMP_INTERSECTION,SIDE_OF_HWY,TOW_AWAY,COLLISION_SEVERITY,NUMBER_KILLED,NUMBER_INJURED,PARTY_COUNT,PRIMARY_COLL_FACTOR,PCF_CODE_OF_VIOL,PCF_VIOL_CATEGORY,PCF_VIOLATION,PCF_VIOL_SUBSECTION,HIT_AND_RUN,TYPE_OF_COLLISION,MVIW,PED_ACTION,ROAD_SURFACE,ROAD_COND_1,ROAD_COND_2,LIGHTING,CONTROL_DEVICE,CHP_ROAD_TYPE,PEDESTRIAN_ACCIDENT,BICYCLE_ACCIDENT,MOTORCYCLE_ACCIDENT,TRUCK_ACCIDENT,NOT_PRIVATE_PROPERTY,ALCOHOL_INVOLVED,STWD_VEHTYPE_AT_FAULT,CHP_VEHTYPE_AT_FAULT,COUNT_SEVERE_INJ,COUNT_VISIBLE_INJ,COUNT_COMPLAINT_PAIN,COUNT_PED_KILLED,COUNT_PED_INJURED,COUNT_BICYCLIST_KILLED,COUNT_BICYCLIST_INJURED,COUNT_MC_KILLED,COUNT_MC_INJURED,PRIMARY_RAMP,SECONDARY_RAMP,LATITUDE,LONGITUDE,COUNTY,CITY,POINT_X,POINT_Y
9410019,2022,2022-03-17,3801,2022-02-04,2143,2094,SOUTH,5,5,7,3801,0,0,0,,0,3B13E,"6TH ST","BRYANT ST",0.00,,Y,A,-,N,,,,,,,,,,Y,3,0,2,2,A,-,12,21453,A,N,D,C,A,A,H,-,C,A,0,,,,,Y,Y,A,01,0,1,1,0,0,0,0,0,0,"- ","- ",,,"SAN FRANCISCO","SAN FRANCISCO",-122.40250396728516,37.776058197021484
9410022,2022,2022-03-15,3801,2022-02-05,1448,101,INGLE,6,5,7,3801,0,0,0,,0,,"MISSION ST","LEO ST",0.00,,N,A,-,N,,,,,,,,,,N,3,0,1,2,A,-,08,22102,,N,D,G,A,A,H,-,A,D,0,,Y,,,Y,Y,-,,0,1,0,0,0,0,1,0,0,"- ","- ",,,"SAN FRANCISCO","SAN FRANCISCO",-122.43650817871094,37.722457885742188
9410023,2022,2022-03-15,3801,2022-02-04,1818,1113,PARK,5,5,7,3801,0,0,0,,0,3F14D,"TWIN PEAKS BL","PANORAMA DR",0.00,,Y,A,-,N,,,,,,,,,,N,2,0,1,2,A,-,09,21801,A,N,B,G,A,A,H,-,C,-,0,,Y,,,Y,,A,01,1,0,0,0,0,0,1,0,0,"- ","- ",,,"SAN FRANCISCO","SAN FRANCISCO",-122.44951629638672,37.746631622314453
9410024,2022,2022-03-22,3801,2022-02-06,1913,1512,BAYVI,7,5,7,3801,0,0,0,,0,0C5,"3RD ST","SHAFTER AV",82.00,S,N,A,-,N,,,,,,,,,,N,4,0,1,2,A,-,03,22350,,F,C,C,A,A,H,-,C,A,0,,,,,Y,,A,07,0,0,1,0,0,0,0,0,0,"- ","- ",,,"SAN FRANCISCO","SAN FRANCISCO",-122.3919677734375,37.731422424316406
9410025,2022,2022-03-22,3801,2022-02-10,0000,994,MISSI,4,5,7,3801,0,0,0,,0,006,"S VAN NESS AV","13TH ST",0.00,,Y,A,-,N,,,,,,,,,,N,3,0,1,2,A,-,11,21950,B,F,G,B,D,A,H,-,C,A,0,Y,,,,Y,,N,60,0,1,0,0,1,0,0,0,0,"- ","- ",,,"SAN FRANCISCO","SAN FRANCISCO",-122.41777801513672,37.7696533203125
9410026,2022,2022-03-16,3801,2022-02-11,1120,4356,INGLE,5,5,7,3801,0,0,0,,0,3H16C,"PARIS ST","GENEVA AV",7.00,S,N,A,-,N,,,,,,,,,,N,2,0,1,2,A,-,10,21950,A,N,G,B,B,A,H,-,A,A,0,Y,,,,Y,,A,01,1,0,0,0,1,0,0,0,0,"- ","- ",,,"SAN FRANCISCO","SAN FRANCISCO",-122.43944549560547,37.715663909912109
9410039,2022,2022-03-22,3801,2022-02-08,1545,469,MISSI,2,5,7,3801,0,0,0,,0,3D15D,"15TH ST","VALENCIA ST",0.00,,Y,A,-,N,,,,,,,,,,N,3,0,1,2,A,-,09,21801,,N,D,J,A,A,H,-,A,A,0,,,,,Y,,A,01,0,1,0,0,0,0,0,0,0,"- ","- ",,,"SAN FRANCISCO","SAN FRANCISCO",-122.42203521728516,37.766529083251953
9410041,2022,2022-03-16,3801,2022-02-09,2016,2409,CENTR,3,5,7,3801,0,0,0,,0,3A13E,"PINE ST","MASON ST",0.00,,Y,A,-,N,,,,,,,,,,N,4,0,2,2,A,-,03,22350,,F,C,C,A,A,H,-,C,A,0,,,,,Y,,-,,0,0,2,0,0,0,0,0,0,"- ","- ",,,"SAN FRANCISCO","SAN FRANCISCO",-122.41062164306641,37.790874481201172
9410042,2022,2022-03-30,3801,2022-02-08,1508,1438,INGLE,2,5,7,3801,0,0,0,,0,4CAR,"MONTEREY BL","BADEN ST",0.00,,Y,A,-,N,,,,,,,,,,N,4,0,1,2,A,-,12,22450,A,N,D,C,A,A,H,-,A,D,0,,,,,Y,,-,"- ",0,0,1,0,0,0,0,0,0,"- ","- ",,,"SAN FRANCISCO","SAN FRANCISCO",-122.43972778320312,37.731609344482422
9410043,2022,2022-03-16,3801,2022-02-08,1830,1542,INGLE,2,5,7,3801,0,0,0,,0,,"SAN JOSE AV","PILGRAM ST",36.00,S,N,A,-,N,,,,,,,,,,,4,0,1,1,A,-,07,21658,A,N,E,I,A,A,H,-,C,A,0,,,,,Y,,A,01,0,0,1,0,0,0,0,0,0,"- ","- ",,,"SAN FRANCISCO","SAN FRANCISCO",-122.43968200683594,37.729209899902344
9410044,2022,2022-03-16,3801,2022-02-06,1043,1377,INGLE,7,5,7,3801,0,0,0,,0,3H15A,"PERSIA AV","LISBON ST",3.00,E,N,A,-,N,,,,,,,,,,Y,4,0,1,2,A,-,10,21950,A,N,G,B,B,A,H,-,A,A,0,Y,,,,Y,,A,07,0,0,1,0,1,0,0,0,0,"- ","- ",,,"SAN FRANCISCO","SAN FRANCISCO",-122.43357849121094,37.722003936767578
9410045,2022,2022-03-16,3801,2022-02-10,2357,901,INGLE,4,5,7,3801,0,0,0,,0,3H13E,"PERSIA AV","NAPLES ST",0.00,,Y,A,-,N,,,,,,,,,,Y,4,0,1,2,A,-,12,22450,A,F,D,C,A,A,H,-,C,A,0,,,,,Y,,A,01,0,0,1,0,0,0,0,0,0,"- ","- ",,,"SAN FRANCISCO","SAN FRANCISCO",-122.43121337890625,37.720863342285156
9410048,2022,2022-03-17,3801,2022-02-05,2233,2494,MISSI,6,5,7,3801,0,0,0,,0,3D11E,"GUERRERO ST","17TH ST",259.00,S,N,A,-,N,,,,,,,,,,Y,4,0,1,3,A,-,07,21658,A,N,A,D,A,A,H,-,C,D,0,,,Y,,Y,,C,06,0,0,1,0,0,0,0,0,0,"- ","- ",,,"SAN FRANCISCO","SAN FRANCISCO",-122.42388153076172,37.762458801269531
9410050,2022,2022-03-17,3801,2022-02-04,2125,2068,CENTR,5,5,7,3801,0,0,0,,0,3A12E,"THE EMBARCADERO NORTH",BROADWAY,0.00,,Y,A,-,N,,,,,,,,,,Y,4,0,1,1,A,-,05,21650,,N,E,I,A,A,E,-,C,A,0,,,,,Y,,A,07,0,0,1,0,0,0,0,0,0,"- ","- ",37.79901123046875,-122.39763641357422,"SAN FRANCISCO","SAN FRANCISCO",-122.39775848388672,37.799182891845703
9410051,2022,2022-03-22,3801,2022-02-07,0354,2420,CENTR,1,5,7,3801,0,0,0,,0,3A11E,"PINE ST","LEAVENWORTH ST",231.00,E,N,A,-,N,,,,,,,,,,N,3,0,1,3,A,-,03,22350,,N,C,E,A,A,H,-,C,-,0,,,,,Y,Y,A,01,0,1,0,0,0,0,0,0,0,"- ","- ",,,"SAN FRANCISCO","SAN FRANCISCO",-122.41477203369141,37.790355682373047
9410057,2022,2022-03-17,3801,2022-02-05,0934,156,BAYVI,6,5,7,3801,0,0,0,,0,3C60,"PALOU AV","3RD ST",0.00,,Y,A,-,N,,,,,,,,,,N,4,0,1,2,A,-,10,21950,A,N,G,B,B,A,H,-,A,D,0,Y,,,,Y,,A,01,0,0,1,0,1,0,0,0,0,"- ","- ",,,"SAN FRANCISCO","SAN FRANCISCO",-122.39105987548828,37.734039306640625
9410059,2022,2022-03-17,3801,2022-02-04,0816,1086,CENTR,5,5,7,3801,0,0,0,,0,3A3A,"LARKIN ST","JACKSON ST",0.00,,Y,A,-,N,,,,,,,,,,N,3,0,1,2,A,-,10,21950,A,N,G,B,B,A,H,-,A,D,0,Y,,,,Y,,A,01,0,1,0,0,1,0,0,0,0,"- ","- ",,,"SAN FRANCISCO","SAN FRANCISCO",-122.41976165771484,37.794349670410156
9410060,2022,2022-03-18,3801,2022-02-03,1307,86,TARAV,4,5,7,3801,0,0,0,,0,3I3,"GREAT HWY","LINCOLN WY",25.00,S,N,A,-,N,,,,,,,,,,N,2,0,1,2,A,-,03,22350,,F,G,B,E,A,H,-,A,A,0,Y,,,,Y,,A,01,1,0,0,0,1,0,0,0,0,"- ","- ",,,"SAN FRANCISCO","SAN FRANCISCO",-122.51044464111328,37.763973236083984
9410077,2022,2022-05-10,3801,2022-01-31,0028,158,INGLE,1,5,7,3801,0,0,0,,0,,"GENEVA AV","NAPLES ST",0.00,,Y,A,-,N,,,,,,,,,,N,4,0,1,2,A,-,04,21703,,F,C,C,A,A,H,-,C,A,0,,,,,Y,Y,A,01,0,0,1,0,0,0,0,0,0,"- ","- ",,,"SAN FRANCISCO","SAN FRANCISCO",-122.43618774414062,37.714210510253906
9410080,2022,2022-03-11,3801,2022-01-30,1930,1858,BAYVI,7,5,7,3801,0,0,0,,0,3C12D,"SELBY ST","PALOU AV",0.00,,Y,A,-,N,,,,,,,,,,N,4,0,1,2,A,-,03,22350,,N,D,C,A,A,H,-,C,A,0,,,,,Y,,A,01,0,0,1,0,0,0,0,0,0,"- ","- ",,,"SAN FRANCISCO","SAN FRANCISCO",-122.40026092529297,37.739284515380859
9410081,2022,2022-03-14,3801,2022-01-29,1445,1462,MISSI,6,5,7,3801,0,0,0,,0,3D2C,"CESAR CHAVEZ ST","HARRISON ST",0.00,,Y,A,-,N,,,,,,,,,,N,3,0,1,2,A,-,08,22107,,N,D,J,A,A,H,-,A,D,0,,,,,Y,,A,01,0,1,0,0,0,0,0,0,0,"- ","- ",,,"SAN FRANCISCO","SAN FRANCISCO",-122.41151428222656,37.748359680175781
9410087,2022,2022-03-14,3801,2022-01-25,0835,1339,NORTH,2,5,7,3801,0,0,0,,0,3E11A,"FELL ST","LAGUNA ST",0.00,,Y,A,-,N,,,,,,,,,,Y,4,0,2,2,A,-,08,22107,,F,B,C,A,-,H,-,A,A,0,,,,,Y,,A,01,0,0,2,0,0,0,0,0,0,"- ","- ",,,"SAN FRANCISCO","SAN FRANCISCO",-122.42610168457031,37.775527954101562
9410088,2022,2022-03-14,3801,2022-01-25,1548,1750,NORTH,2,5,7,3801,0,0,0,,0,0E5,"MARINA BL","FILLMORE ST",10.00,E,N,A,-,N,,,,,,,,,,N,3,0,1,2,A,-,03,22350,,F,G,B,F,A,H,-,A,D,0,Y,Y,,,Y,,L,04,0,1,0,0,1,0,0,0,0,"- ","- ",,,"SAN FRANCISCO","SAN FRANCISCO",-122.43740844726562,37.806404113769531
9410090,2022,2022-03-14,3801,2022-01-25,1727,2733,SOUTH,2,5,7,3801,0,0,0,,0,0B5,"17TH ST","ARKANSAS ST",0.00,,Y,A,-,N,,,,,,,,,,N,4,0,1,2,A,-,08,22107,,N,C,G,A,A,D,-,C,D,0,,Y,,,Y,,L,04,0,0,1,0,0,0,1,0,0,"- ","- ",,,"SAN FRANCISCO","SAN FRANCISCO",-122.39869689941406,37.765026092529297
9410091,2022,2022-03-22,3801,2022-01-27,1832,2132,PARK,4,5,7,3801,0,0,0,,0,3F11D,"FREDERICK ST","COLE ST",0.00,,Y,A,-,N,,,,,,,,,,N,4,0,1,2,-,-,"- ",,A,N,-,J,A,A,H,-,C,A,0,,,,,Y,,M,95,0,0,1,0,0,0,0,0,0,"- ","- ",,,"SAN FRANCISCO","SAN FRANCISCO",-122.45016479492188,37.766735076904297
9410092,2022,2022-03-14,3801,2022-01-28,0216,2023,PARK,5,5,7,3801,0,0,0,,0,004,"LAGUNA ST","HAIGHT ST",100.00,S,N,A,-,N,,,,,,,,,,Y,3,0,1,7,A,-,03,22350,,N,A,C,A,A,H,-,C,D,0,,,,,Y,,A,01,0,1,0,0,0,0,0,0,0,"- ","- ",,,"SAN FRANCISCO","SAN FRANCISCO",-122.42545318603516,37.772468566894531
9410110,2022,2022-03-14,3801,2022-01-26,0802,4283,RICHM,3,5,7,3801,0,0,0,,0,4CAR,"ANZA ST","26TH AV",0.00,,Y,A,-,N,,,,,,,,,,Y,3,0,1,3,A,-,12,22450,,N,D,C,A,A,H,-,A,A,0,,,,,Y,,A,01,0,1,0,0,0,0,0,0,0,"- ","- ",,,"SAN FRANCISCO","SAN FRANCISCO",-122.48567199707031,37.778110504150391
9410116,2022,2022-03-14,3801,2022-01-31,2120,2400,NORTH,1,5,7,3801,0,0,0,,0,3CAR,"PINE ST","POLK ST",10.00,W,N,A,-,N,,,,,,,,,,N,3,0,1,2,A,-,10,21950,A,F,G,B,B,A,H,-,B,A,0,Y,,,,Y,,A,01,0,1,0,0,1,0,0,0,0,"- ","- ",,,"SAN FRANCISCO","SAN FRANCISCO",-122.4205322265625,37.789634704589844
9410120,2022,2022-03-14,3801,2022-01-30,1910,969,MISSI,7,5,7,3801,0,0,0,,0,3D13D,"GUERRERO ST","22ND ST",0.00,,Y,A,-,N,,,,,,,,,,N,4,0,1,2,A,-,10,21950,A,N,-,B,B,A,H,-,C,A,0,Y,,,,Y,,A,01,0,0,1,0,1,0,0,0,0,"- ","- ",,,"SAN FRANCISCO","SAN FRANCISCO",-122.42317962646484,37.755180358886719
9410126,2022,2022-04-19,3801,2022-01-30,1454,2450,INGLE,7,5,7,3801,0,0,0,,0,,"RUSSIA AV","PARIS ST",0.00,,Y,-,-,N,,,,,,,,,,N,3,0,2,2,-,-,"- ",,,N,-,-,A,-,-,-,-,-,0,,,,,Y,,A,01,0,1,1,0,0,0,0,0,0,"- ","- ",,,"SAN FRANCISCO","SAN FRANCISCO",-122.43558502197266,37.720798492431641
9410378,2022,2022-03-17,3801,2022-01-31,1859,2050,NORTH,1,5,7,3801,0,0,0,,0,,"STEINER ST","PACIFIC ST",6.00,S,N,A,-,N,,,,,,,,,,N,4,0,1,2,A,-,10,21950,,N,D,B,B,A,H,-,C,-,0,Y,,,,Y,,A,01,0,0,1,0,1,0,0,0,0,"- ","- ",,,"SAN FRANCISCO","SAN FRANCISCO",-122.43637847900391,37.793125152587891
9410502,2022,2022-02-16,3801,2022-01-11,1852,309,TARAV,2,5,7,3801,0,0,0,,0,3I16D,"LAKE MERCED BL","WINSTON DR",0.00,,Y,A,-,N,,,,,,,,,,N,4,0,2,2,A,-,04,21703,,N,C,C,A,A,H,-,C,A,0,,,,,Y,,A,01,0,0,2,0,0,0,0,0,0,"- ","- ",,,"SAN FRANCISCO","SAN FRANCISCO",-122.48397064208984,37.727001190185547
9410526,2022,2022-03-25,3801,2022-01-13,1203,2727,TARAV,4,5,7,3801,0,0,0,,0,3I13A,"GREAT HWY","NORIEGA ST",150.00,N,N,A,-,N,,,,,,,,,,Y,4,0,1,2,A,-,03,22350,,N,C,C,A,A,H,-,A,D,0,,,,,Y,,A,01,0,0,1,0,0,0,0,0,0,"- ","- ",,,"SAN FRANCISCO","SAN FRANCISCO",-122.50849151611328,37.753238677978516
9410529,2022,2022-02-15,3801,2022-01-10,2500,4265,INGLE,1,5,7,3801,0,0,0,,0,3H16A,"MISSION ST","TINGLEY ST",0.00,,Y,A,-,N,,,,,,,,,,Y,2,0,2,2,A,-,08,22107,,N,D,C,A,A,H,-,A,A,0,,,,,Y,,A,01,1,0,1,0,0,0,0,0,0,"- ","- ",,,"SAN FRANCISCO","SAN FRANCISCO",-122.43177795410156,37.728244781494141
9410536,2022,2022-02-17,3801,2022-01-01,1300,964,NORTH,6,5,7,3801,0,0,0,,0,3E44C,"LAGUNA ST","TURK ST",0.00,,Y,A,-,N,,,,,,,,,,N,3,0,1,2,A,-,08,22107,,F,G,C,A,A,H,-,A,A,0,,,,,Y,,A,01,0,1,0,0,0,0,0,0,0,"- ","- ",,,"SAN FRANCISCO","SAN FRANCISCO",-122.42720031738281,37.781116485595703
9414273,2022,2022-03-25,3801,2022-02-08,1845,1590,PARK,2,5,7,3801,0,0,0,,0,3F00,"LINCOLN WY","19TH AV",0.00,,Y,-,-,Y,SF,4,1,-,-,4.050,I,6,S,N,4,0,1,2,A,-,03,22350,,N,-,-,A,-,-,-,-,-,0,,,Y,,Y,,C,02,0,0,1,0,0,0,0,0,1,"- ","- ",,,"SAN FRANCISCO","SAN FRANCISCO",-122.47740936279297,37.765464782714844
9414377,2022,2022-03-25,3801,2022-01-26,1113,2180,BAYVI,3,5,7,3801,0,0,0,,0,3C11C,"CESAR CHAVEZ ST","CONNECTICUT ST",0.00,,Y,A,-,N,,,,,,,,,,Y,3,0,1,2,A,-,08,22107,,N,D,C,A,A,H,-,A,A,0,,,Y,,Y,,A,01,0,1,0,0,0,0,0,0,1,"- ","- ",,,"SAN FRANCISCO","SAN FRANCISCO",-122.39627075195312,37.749752044677734
9418019,2022,2022-03-15,3801,2022-01-21,0842,4375,TRAFF,5,5,7,3801,0,0,0,,0,4B1F,"DEHARO ST","16TH ST",26.00,N,N,A,-,N,,,,,,,,,,N,2,0,1,2,A,-,10,21950,A,N,G,B,B,A,H,-,A,A,0,Y,,,,Y,,A,01,1,0,0,0,1,0,0,0,0,"- ","- ",,,"SAN FRANCISCO","SAN FRANCISCO",-122.40169525146484,37.766220092773438
9418061,2022,2022-03-17,3801,2022-02-11,1033,885,BAYVI,5,5,7,3801,0,0,0,,0,0C5,"EGBERT AV","JENNINGS ST",292.00,W,N,A,-,N,,,,,,,,,,N,3,0,1,2,A,-,00,21954,,N,G,B,D,A,E,-,A,D,0,Y,,,,Y,,N,60,0,1,0,0,1,0,0,0,0,"- ","- ",,,"SAN FRANCISCO","SAN FRANCISCO",-122.3934326171875,37.723133087158203
9418067,2022,2022-03-17,3801,2022-02-02,1615,417,TARAV,3,5,7,3801,0,0,0,,0,3I16D,"19TH AV","CRESPI DR",0.00,,Y,A,-,N,,,,,,,,,,N,4,0,1,2,A,-,03,22350,,N,C,C,A,A,H,-,A,A,0,,,,,Y,,A,01,0,0,1,0,0,0,0,0,0,"- ","- ",,,"SAN FRANCISCO","SAN FRANCISCO",-122.47537231445312,37.720279693603516
9418068,2022,2022-03-17,3801,2022-02-02,1809,2150,RICHM,3,5,7,3801,0,0,0,,0,3G15D,"GEARY BL","39TH AV",0.00,,Y,A,-,N,,,,,,,,,,Y,4,0,1,2,A,-,09,21801,A,N,D,C,A,A,H,-,C,D,0,,,,,Y,,A,01,0,0,1,0,0,0,0,0,0,"- ","- ",,,"SAN FRANCISCO","SAN FRANCISCO",-122.49970245361328,37.779399871826172
9418069,2022,2022-03-17,3801,2022-02-02,2013,1945,BAYVI,3,5,7,3801,0,0,0,,0,3C15D,"KEITH ST","VAN DYKE AV",0.00,,Y,A,-,N,,,,,,,,,,N,2,0,1,2,A,-,10,21950,A,F,A,B,B,A,H,-,C,A,0,Y,,,,Y,,A,01,1,0,0,0,1,0,0,0,0,"- ","- ",,,"SAN FRANCISCO","SAN FRANCISCO",-122.39055633544922,37.72808837890625
9418076,2022,2022-03-17,3801,2022-02-22,1516,709,BAYVI,2,5,7,3801,0,0,0,,0,,"PAUL AV","BAY SHORE BL",0.00,,Y,A,-,N,,,,,,,,,,Y,4,0,2,2,A,-,12,21453,A,N,D,C,A,A,D,-,A,A,0,,,,,Y,,A,01,0,0,2,0,0,0,0,0,0,"- ","- ",,,"SAN FRANCISCO","SAN FRANCISCO",-122.40079498291016,37.723606109619141
9418079,2022,2022-03-17,3801,2022-02-14,2125,2122,TENDE,1,5,7,3801,0,0,0,,0,3J15E,"ELLIS ST","LEAVENWORTH ST",50.00,E,N,A,-,N,,,,,,,,,,Y,4,0,1,2,A,-,03,22350,,N,B,C,A,A,H,-,C,A,0,,,Y,,Y,,M,94,0,0,1,0,0,0,0,0,0,"- ","- ",,,"SAN FRANCISCO","SAN FRANCISCO",-122.41425323486328,37.784694671630859
9420002,2022,2022-04-19,3801,2022-02-07,0950,2126,CENTR,1,5,7,3801,0,0,0,,0,3A12A,"GEARY ST","JONES ST",0.00,,Y,A,-,N,,,,,,,,,,N,4,0,1,2,A,-,10,21950,A,F,-,-,-,A,H,-,A,-,0,Y,,,,Y,,-,99,0,0,1,0,1,0,0,0,0,"- ","- ",,,"SAN FRANCISCO","SAN FRANCISCO",-122.41314697265625,37.786750793457031
9420006,2022,2022-04-19,3801,2022-03-30,0635,8,NORTH,3,5,7,3801,0,0,0,,0,"1 CAR","FRANKLIN ST","FELL ST",0.00,,Y,A,-,N,,,,,,,,,,Y,4,0,1,2,A,-,12,21453,A,N,D,C,A,A,H,-,A,A,0,,,,,Y,,A,01,0,0,1,0,0,0,0,0,0,"- ","- ",,,"SAN FRANCISCO","SAN FRANCISCO",-122.421142578125,37.776157379150391
9420077,2022,2022-04-19,3801,2022-03-02,1131,2722,CENTR,3,5,7,3801,0,0,0,,0,3A11A,"LEAVENWORTH ST","POST ST",0.00,,Y,A,-,N,,,,,,,,,,Y,4,0,1,3,A,-,13,22500,G,N,B,C,A,A,H,-,A,A,0,,,,Y,Y,,F,27,0,0,1,0,0,0,0,0,0,"- ","- ",,,"SAN FRANCISCO","SAN FRANCISCO",-122.41499328613281,37.787452697753906
9421310,2022,2022-03-25,3801,2022-02-03,0548,1402,SOUTH,4,5,7,3801,0,0,0,,0,3B12E,"9TH ST","9TH ST 59",0.00,,Y,A,-,N,,,,,,,,,,N,4,0,1,2,A,-,05,21651,B,N,A,J,A,A,H,-,C,D,0,,,,,Y,,-,,0,0,1,0,0,0,0,0,0,"- ","- ",,,"SAN FRANCISCO","SAN FRANCISCO",,
9421311,2022,2022-03-25,3801,2022-02-04,1559,2443,BAYVI,5,5,7,3801,0,0,0,,0,3C13D,"HUDSON AV","MENDELL ST",0.00,,Y,A,-,N,,,,,,,,,,Y,4,0,1,2,D,-,00,,,F,D,I,A,A,H,-,A,A,0,,,,,Y,Y,-,"- ",0,0,1,0,0,0,0,0,0,"- ","- ",,,"SAN FRANCISCO","SAN FRANCISCO",-122.38639831542969,37.738971710205078
9422549,2022,2022-06-03,3801,2022-04-23,1313,2310,BAYVI,6,5,7,3801,0,0,0,,0,3C44A,"FELTON ST","CAMBRIDGE ST",0.00,,Y,A,-,N,,,,,,,,,,Y,3,0,1,3,A,-,12,22450,A,N,B,C,A,A,H,-,A,A,0,,,,,Y,,A,01,0,1,0,0,0,0,0,0,0,"- ","- ",,,"SAN FRANCISCO","SAN FRANCISCO",-122.41840362548828,37.726432800292969
9422550,2022,2022-06-03,3801,2022-04-25,0907,488,INGLE,1,5,7,3801,0,0,0,,0,3H1A,"DIAMOND HEIGHTS BL","GOLD MINE DR",210.00,S,N,A,-,N,,,,,,,,,,N,3,0,1,2,A,-,11,21955,,N,G,B,D,A,H,-,A,A,0,Y,,,,Y,,N,60,0,1,0,0,1,0,0,0,0,"- ","- ",,,"SAN FRANCISCO","SAN FRANCISCO",-122.43715667724609,37.743186950683594
9422552,2022,2022-06-03,3801,2022-04-23,1524,2100,MISSI,6,5,7,3801,0,0,0,,0,3D11D,"18TH ST","DEARBORN ST",0.00,,Y,A,-,N,,,,,,,,,,N,3,0,1,2,A,-,06,21750,A,N,B,C,A,A,C,-,A,D,0,,,,,Y,,M,94,0,1,0,0,0,0,0,0,0,"- ","- ",,,"SAN FRANCISCO","SAN FRANCISCO",-122.42279815673828,37.761650085449219
9422556,2022,2022-07-11,3801,2022-04-20,1050,610,MISSI,3,5,7,3801,0,0,0,,0,3D11A,"GUERRERO ST","CESAR CHAVEZ ST",0.00,,Y,A,-,N,,,,,,,,,,N,4,0,1,2,A,-,12,21453,A,N,B,C,A,A,H,-,A,A,0,,,,,Y,,A,01,0,0,1,0,0,0,0,0,0,"- ","- ",,,"SAN FRANCISCO","SAN FRANCISCO",-122.4224853515625,37.748016357421875
9422557,2022,2022-06-03,3801,2022-04-19,1602,2143,MISSI,2,5,7,3801,0,0,0,,0,3D11D,"VALENCIA ST","SYCAMORE ST",0.00,,Y,A,-,N,,,,,,,,,,Y,4,0,1,2,A,-,06,21750,A,N,D,C,A,A,H,-,A,D,0,,,Y,,Y,Y,C,02,0,0,1,0,0,0,0,0,1,"- ","- ",,,"SAN FRANCISCO","SAN FRANCISCO",-122.42164611816406,37.762550354003906
9425262,2022,2022-04-19,3801,2022-03-25,1825,2107,NORTH,5,5,7,3801,0,0,0,,0,3E12D,"FULTON ST","WEBSTER ST",0.00,,Y,A,-,N,,,,,,,,,,N,3,0,1,2,A,-,08,22107,,N,B,G,A,A,H,-,A,A,0,,Y,,,Y,,A,01,0,1,0,0,0,0,1,0,0,"- ","- ",,,"SAN FRANCISCO","SAN FRANCISCO",-122.42990875244141,37.777912139892578
9425263,2022,2022-04-19,3801,2022-03-26,1200,1342,NORTH,6,5,7,3801,0,0,0,,0,3E13A,"ELLIS ST","POLK ST",0.00,,Y,-,-,N,,,,,,,,,,N,4,0,1,2,A,-,08,22107,,N,-,C,A,A,H,-,A,A,0,,,,,Y,,M,94,0,0,1,0,0,0,0,0,0,"- ","- ",,,"SAN FRANCISCO","SAN FRANCISCO",-122.41934967041016,37.784042358398438
9425264,2022,2022-04-19,3801,2022-03-23,1755,1945,BAYVI,3,5,7,3801,0,0,0,,0,3C13D,"WEST POINT RD","MIDDLE POINT RD",0.00,,Y,A,-,N,,,,,,,,,,N,4,0,1,2,A,-,08,22107,,F,D,C,A,A,H,-,C,A,0,,,,,Y,,-,"- ",0,0,1,0,0,0,0,0,0,"- ","- ",,,"SAN FRANCISCO","SAN FRANCISCO",-122.37943267822266,37.735282897949219
9425268,2022,2022-04-19,3801,2022-03-22,1728,1951,SOUTH,2,5,7,3801,0,0,0,,0,0B3,"HARRISON ST","7TH ST",0.00,,Y,A,-,N,,,,,,,,,,N,4,0,1,2,A,-,17,21657,,N,D,G,A,A,H,-,A,A,0,,Y,,,Y,,L,04,0,0,1,0,0,0,1,0,0,"- ","- ",,,"SAN FRANCISCO","SAN FRANCISCO",-122.40628051757812,37.775539398193359
9425270,2022,2022-04-19,3801,2022-03-23,1410,1258,PARK,3,5,7,3801,0,0,0,,0,3F1,"7TH AV","KIRKHAM ST",290.00,S,N,A,-,N,,,,,,,,,,Y,4,0,1,2,A,-,21,22106,,N,B,C,A,A,H,-,A,D,0,,,,,Y,,A,01,0,0,1,0,0,0,0,0,0,"- ","- ",,,"SAN FRANCISCO","SAN FRANCISCO",-122.46388244628906,37.759593963623047