CASE_ID,ACCIDENT_YEAR,PROC_DATE,JURIS,COLLISION_DATE,COLLISION_TIME,OFFICER_ID,REPORTING_DISTRICT,DAY_OF_WEEK,CHP_SHIFT,POPULATION,CNTY_CITY_LOC,SPECIAL_COND,BEAT_TYPE,CHP_BEAT_TYPE,CITY_DIVISION_LAPD,CHP_BEAT_CLASS,BEAT_NUMBER,PRIMARY_RD,SECONDARY_RD,DISTANCE,DIRECTION,INTERSECTION,WEATHER_1,WEATHER_2,STATE_HWY_IND,CALTRANS_COUNTY,CALTRANS_DISTRICT,STATE_ROUTE,ROUTE_SUFFIX,POSTMILE_PREFIX,POSTMILE,LOCATION_TYPE,RAMP_INTERSECTION,SIDE_OF_HWY,TOW_AWAY,COLLISION_SEVERITY,NUMBER_KILLED,NUMBER_INJURED,PARTY_COUNT,PRIMARY_COLL_FACTOR,PCF_CODE_OF_VIOL,PCF_VIOL_CATEGORY,PCF_VIOLATION,PCF_VIOL_SUBSECTION,HIT_AND_RUN,TYPE_OF_COLLISION,MVIW,PED_ACTION,ROAD_SURFACE,ROAD_COND_1,ROAD_COND_2,LIGHTING,CONTROL_DEVICE,CHP_ROAD_TYPE,PEDESTRIAN_ACCIDENT,BICYCLE_ACCIDENT,MOTORCYCLE_ACCIDENT,TRUCK_ACCIDENT,NOT_PRIVATE_PROPERTY,ALCOHOL_INVOLVED,STWD_VEHTYPE_AT_FAULT,CHP_VEHTYPE_AT_FAULT,COUNT_SEVERE_INJ,COUNT_VISIBLE_INJ,COUNT_COMPLAINT_PAIN,COUNT_PED_KILLED,COUNT_PED_INJURED,COUNT_BICYCLIST_KILLED,COUNT_BICYCLIST_INJURED,COUNT_MC_KILLED,COUNT_MC_INJURED,PRIMARY_RAMP,SECONDARY_RAMP,LATITUDE,LONGITUDE,COUNTY,CITY,POINT_X,POINT_Y
9425271,2022,2022-12-20,3801,2022-03-10,0927,73,TRAFF,4,5,7,3801,0,0,0,,0,4B1B,"FILLMORE ST","CHESTNUT ST",14.00,N,N,A,-,N,,,,,,,,,,N,1,1,0,2,-,-,"- ",,B,N,G,B,B,A,H,-,A,A,0,Y,,,,Y,,N,60,0,0,0,1,0,0,0,0,0,"- ","- ",,,"SAN FRANCISCO","SAN FRANCISCO",-122.436279296875,37.800868988037109
9425272,2022,2022-04-20,3801,2022-03-12,1227,1605,NORTH,6,5,7,3801,0,0,0,,0,3E15A,"LOMBARD ST","PIER 19",75.00,E,N,A,-,N,,,,,,,,,,N,4,0,1,2,A,-,08,22107,,F,C,C,A,A,H,-,A,D,0,,,,,Y,,A,01,0,0,1,0,0,0,0,0,0,"- ","- ",,,"SAN FRANCISCO","SAN FRANCISCO",,
9425274,2022,2022-04-20,3801,2022-03-08,1315,1572,SOUTH,2,5,7,3801,0,0,0,,0,3B1A,"HARRISON ST","MAIN ST",0.00,,Y,A,-,N,,,,,,,,,,Y,3,0,1,2,A,-,09,21801,,N,B,C,A,A,H,-,A,A,0,,,,,Y,,A,01,0,1,0,0,0,0,0,0,0,"- ","- ",,,"SAN FRANCISCO","SAN FRANCISCO",-122.39031982421875,37.78814697265625
9425276,2022,2022-04-19,3801,2022-03-14,1738,893,INGLE,1,5,7,3801,0,0,0,,0,3H15D,"PERSIA AV","EDINBURGH ST",0.00,,Y,A,-,N,,,,,,,,,,N,3,0,2,2,A,-,09,21802,A,N,D,D,A,-,H,-,A,A,0,,,,,Y,,A,01,0,1,1,0,0,0,0,0,0,"- ","- ",,,"SAN FRANCISCO","SAN FRANCISCO",-122.43199920654297,37.721233367919922
9425279,2022,2022-04-20,3801,2022-03-15,0756,1917,TARAV,2,5,7,3801,0,0,0,,0,3I16A,"LAKEVIEW AV","MAJESTIC AV",0.00,,Y,C,-,N,,,,,,,,,,N,3,0,1,2,A,-,09,21801,A,N,D,G,A,B,H,-,A,A,0,,Y,,,Y,,A,07,0,1,0,0,0,0,1,0,0,"- ","- ",,,"SAN FRANCISCO","SAN FRANCISCO",-122.45188140869141,37.716957092285156
9425280,2022,2022-04-20,3801,2022-03-15,1355,4117,TARAV,2,5,7,3801,0,0,0,,0,3I11A,"IRVING ST","19TH AV",0.00,,Y,A,-,N,,,,,,,,,,Y,4,0,1,2,A,-,08,22102,,N,D,C,A,A,H,-,A,D,0,,,Y,,Y,,A,01,0,0,1,0,0,0,0,0,1,"- ","- ",,,"SAN FRANCISCO","SAN FRANCISCO",-122.47720336914062,37.763557434082031
9425281,2022,2022-04-19,3801,2022-03-14,1602,4041,TARAV,1,5,7,3801,0,0,0,,0,3I13D,"43RD AV","LINCOLN WY",0.00,,Y,A,-,N,,,,,,,,,,N,4,0,1,2,A,-,10,21950,A,N,G,B,B,A,H,-,A,A,0,Y,,,,Y,,A,01,0,0,1,0,1,0,0,0,0,"- ","- ",,,"SAN FRANCISCO","SAN FRANCISCO",-122.50296783447266,37.764324188232422
9425284,2022,2022-04-19,3801,2022-03-08,1741,1368,CENTR,2,5,7,3801,0,0,0,,0,3A12D,"PINE ST","KEARNY ST",131.00,W,N,A,-,N,,,,,,,,,,N,3,0,1,2,A,-,04,21703,,N,C,C,A,A,H,-,A,A,0,,,Y,,Y,,C,03,0,1,0,0,0,0,0,0,1,"- ","- ",,,"SAN FRANCISCO","SAN FRANCISCO",-122.40465545654297,37.791633605957031
9425286,2022,2022-04-19,3801,2022-03-10,1742,2443,BAYVI,4,5,7,3801,0,0,0,,0,3C15D,"3RD ST","UNDERWOOD AV",22.00,S,N,A,-,N,,,,,,,,,,N,3,0,1,2,A,-,11,21955,,F,G,B,D,A,H,-,A,A,0,Y,,,,Y,,N,60,0,1,0,0,1,0,0,0,0,"- ","- ",,,"SAN FRANCISCO","SAN FRANCISCO",-122.39247131347656,37.730003356933594
9425289,2022,2022-04-19,3801,2022-03-02,0123,1823,SOUTH,3,5,7,3801,0,0,0,,0,001,"MISSION ST","NEW MONTGOMERY ST",0.00,,Y,A,-,N,,,,,,,,,,N,3,0,1,2,A,-,00,21954,,N,G,B,E,A,H,-,C,D,0,Y,,,,Y,,N,60,0,1,0,0,1,0,0,0,0,"- ","- ",,,"SAN FRANCISCO","SAN FRANCISCO",-122.40049743652344,37.787452697753906
9425291,2022,2022-04-19,3801,2022-03-10,0050,1933,NORTH,4,5,7,3801,0,0,0,,0,3E13E,"FRANKLIN ST","JACKSON ST",0.00,,Y,A,-,N,,,,,,,,,,Y,3,0,1,2,A,-,08,22100,B,N,D,C,A,A,H,-,C,A,0,,,Y,,Y,,A,01,0,1,0,0,0,0,0,0,1,"- ","- ",,,"SAN FRANCISCO","SAN FRANCISCO",-122.42467498779297,37.793727874755859
9425292,2022,2022-04-19,3801,2022-03-10,1820,2580,SOUTH,4,5,7,3801,0,0,0,,0,901,"FOLSOM ST","8TH ST",11.00,W,N,A,-,N,,,,,,,,,,N,2,0,1,2,A,-,05,21651,B,N,A,C,A,A,H,-,A,A,0,,,Y,,Y,,C,03,1,0,0,0,0,0,0,0,1,"- ","- ",,,"SAN FRANCISCO","SAN FRANCISCO",-122.41007995605469,37.774967193603516
9425294,2022,2022-04-19,3801,2022-03-12,1428,2268,INGLE,6,5,7,3801,0,0,0,,0,3H11C,"FOLSOM ST","BESSIE ST",0.00,,Y,A,-,N,,,,,,,,,,N,3,0,1,2,A,-,12,21453,,M,D,C,A,A,H,-,A,A,0,,,Y,,Y,,C,02,0,1,0,0,0,0,0,0,1,"- ","- ",,,"SAN FRANCISCO","SAN FRANCISCO",-122.41355133056641,37.746799468994141
9425296,2022,2022-04-19,3801,2022-03-13,1616,1771,TENDE,7,5,7,3801,0,0,0,,0,3J15D,"5TH ST","JESSIE ST",0.00,,Y,A,-,N,,,,,,,,,,N,4,0,1,2,A,-,08,22107,,N,B,D,A,A,H,-,A,D,0,,,,,Y,,A,01,0,0,1,0,0,0,0,0,0,"- ","- ",37.783149719238281,-122.40704345703125,"SAN FRANCISCO","SAN FRANCISCO",-122.40700531005859,37.783161163330078
9425304,2022,2022-04-19,3801,2022-03-25,1747,341,BAYVI,5,5,7,3801,0,0,0,,0,3C2C,"INDUSTRIAL ST","PALOU AV",100.00,W,N,A,-,N,,,,,,,,,,Y,4,0,4,3,A,-,03,22350,,N,C,C,A,A,H,-,A,D,0,,,,,Y,,-,"- ",0,0,4,0,0,0,0,0,0,"- ","- ",,,"SAN FRANCISCO","SAN FRANCISCO",-122.4012451171875,37.739597320556641
9425305,2022,2022-04-19,3801,2022-03-24,2028,1503,SOUTH,4,5,7,3801,0,0,0,,0,3B106,"BRANNAN ST","2ND ST",0.00,,Y,A,-,N,,,,,,,,,,Y,3,0,1,2,A,-,08,22107,,N,A,C,A,A,H,-,C,A,0,,,,,Y,,A,01,0,1,0,0,0,0,0,0,0,"- ","- ",,,"SAN FRANCISCO","SAN FRANCISCO",-122.39205932617188,37.781837463378906
9425308,2022,2022-04-19,3801,2022-03-19,1710,2199,INGLE,6,5,7,3801,0,0,0,,0,3H14C,"GUERRERO ST","28TH ST",150.00,S,N,C,-,N,,,,,,,,,,N,3,0,1,1,A,-,03,22350,,N,F,-,A,B,H,-,A,D,0,,,Y,,Y,,C,03,0,1,0,0,0,0,0,0,1,"- ","- ",,,"SAN FRANCISCO","SAN FRANCISCO",-122.42232513427734,37.745170593261719
9425321,2022,2022-05-09,3801,2022-02-27,1420,379,TRAFF,7,5,7,3801,0,0,0,,0,4B3H,"IRVING ST","8TH AV",195.00,W,N,A,-,N,,,,,,,,,,N,4,0,1,2,A,-,03,22350,,M,C,C,A,A,H,-,A,B,0,,,,,Y,,A,01,0,0,1,0,0,0,0,0,0,"- ","- ",,,"SAN FRANCISCO","SAN FRANCISCO",-122.46592712402344,37.764057159423828
9425323,2022,2022-05-10,3801,2022-02-05,1102,454,TENDE,6,5,7,3801,0,0,0,,0,011,"8TH ST","MISSION ST",0.00,,Y,A,-,N,,,,,,,,,,N,3,0,1,2,A,-,06,21750,,N,B,C,A,A,H,-,A,A,0,,,,,Y,,A,01,0,1,0,0,0,0,0,0,0,"- ","- ",,,"SAN FRANCISCO","SAN FRANCISCO",-122.41315460205078,37.7774658203125
9425325,2022,2022-05-11,3801,2022-02-09,0707,1172,SOUTH,3,5,7,3801,0,0,0,,0,3B14A,"MARKET ST","GOUGH ST",0.00,,Y,A,-,N,,,,,,,,,,N,4,0,1,2,-,-,"- ",,,N,G,B,-,A,H,-,A,A,0,Y,,,,Y,,N,60,0,0,1,0,1,0,0,0,0,"- ","- ",,,"SAN FRANCISCO","SAN FRANCISCO",-122.42221069335938,37.772872924804688
9427332,2022,2022-05-04,3801,2022-03-11,0754,1858,BAYVI,5,5,7,3801,0,0,0,,0,3C14D,"BAYSHORE BL","FLOWER ST",266.00,S,N,A,-,N,,,,,,,,,,Y,3,0,2,2,A,-,17,21209,,N,D,C,A,A,H,-,A,D,0,,,,,Y,Y,A,01,0,1,1,0,0,0,0,0,0,"- ","- ",,,"SAN FRANCISCO","SAN FRANCISCO",-122.40613555908203,37.74188232421875
9427337,2022,2022-04-19,3801,2022-03-07,1330,156,BAYVI,1,5,7,3801,0,0,0,,0,3C60,"FELTON ST","BOWDOIN ST",0.00,,Y,A,-,N,,,,,,,,,,N,4,0,1,2,A,-,12,22450,A,N,D,D,A,A,H,-,A,D,0,,,,,Y,,-,,0,0,1,0,0,0,0,0,0,"- ","- ",,,"SAN FRANCISCO","SAN FRANCISCO",-122.41151428222656,37.728233337402344
9427339,2022,2022-04-19,3801,2022-03-07,1041,2401,BAYVI,1,5,7,3801,0,0,0,,0,3C13A,"3RD ST","EVANS AV",0.00,,Y,A,-,N,,,,,,,,,,Y,4,0,1,2,A,-,12,21453,A,N,D,C,A,A,H,-,A,A,0,,,,,Y,,A,01,0,0,1,0,0,0,0,0,0,"- ","- ",,,"SAN FRANCISCO","SAN FRANCISCO",-122.38801574707031,37.742733001708984
9427343,2022,2022-04-20,3801,2022-03-07,2154,2499,TARAV,1,5,7,3801,0,0,0,,0,3I16E,"JUNIPERO SERRA","19TH AV",0.00,,Y,A,-,N,,,,,,,,,,N,2,0,1,2,C,-,18,,,N,G,B,D,A,H,-,C,A,0,Y,,,,Y,,-,"- ",1,0,0,0,1,0,0,0,0,"- ","- ",,,"SAN FRANCISCO","SAN FRANCISCO",-122.47271728515625,37.717182159423828
9427344,2022,2022-04-20,3801,2022-03-07,1741,2733,SOUTH,1,5,7,3801,0,0,0,,0,0B2,"5TH ST","MISSION ST",0.00,,Y,A,-,N,,,,,,,,,,Y,4,0,1,2,A,-,04,21703,,N,C,C,A,A,H,-,A,A,0,,,,,Y,,A,01,0,0,1,0,0,0,0,0,0,"- ","- ",,,"SAN FRANCISCO","SAN FRANCISCO",-122.40648651123047,37.782737731933594
9427345,2022,2022-04-20,3801,2022-03-04,0747,2262,TARAV,5,5,7,3801,0,0,0,,0,3I2A,"LINCOLN WY","20TH AV",60.00,E,N,A,-,N,,,,,,,,,,Y,4,0,1,2,A,-,05,21460,A,N,D,C,A,B,H,-,A,A,0,,,,,Y,,A,07,0,0,1,0,0,0,0,0,0,"- ","- ",,,"SAN FRANCISCO","SAN FRANCISCO",-122.47811889648438,37.765407562255859
9427348,2022,2022-04-20,3801,2022-03-04,2246,4347,TARAV,5,5,7,3801,0,0,0,,0,3I11E,"LINCOLN WY","19TH AV",0.00,,Y,C,-,N,,,,,,,,,,N,4,0,1,1,A,-,03,22350,,N,H,A,A,B,H,-,C,A,0,,,Y,,Y,,C,02,0,0,1,0,0,0,0,0,1,"- ","- ",,,"SAN FRANCISCO","SAN FRANCISCO",-122.47732543945312,37.76544189453125
9427350,2022,2022-04-20,3801,2022-03-02,1827,54,NORTH,3,5,7,3801,0,0,0,,0,3E14D,"EDDY ST","GOUGH ST",315.00,W,N,A,-,N,,,,,,,,,,N,4,0,1,2,A,-,11,21954,A,N,G,B,-,A,H,-,C,D,0,Y,,,,Y,,N,60,0,0,1,0,1,0,0,0,0,"- ","- ",,,"SAN FRANCISCO","SAN FRANCISCO",-122.42519378662109,37.782333374023438
9427359,2022,2022-04-20,3801,2022-03-29,2020,2215,NORTH,2,5,7,3801,0,0,0,,0,3E15D,"EDDY ST","FILLMORE ST",15.00,E,N,F,-,N,,,,,,,,,,N,4,0,1,2,A,-,10,21950,A,N,G,B,B,A,H,-,C,A,0,Y,,,,Y,,-,,0,0,1,0,1,0,0,0,0,"- ","- ",,,"SAN FRANCISCO","SAN FRANCISCO",-122.43226623535156,37.781425476074219
9427360,2022,2022-04-20,3801,2022-03-30,1246,A20702,NORTH,3,5,7,3801,0,0,0,,0,01E,"FRANKLIN ST","FELL ST",0.00,,Y,A,-,N,,,,,,,,,,N,4,0,1,2,A,-,04,21703,,N,C,C,A,A,H,-,A,D,0,,,,,Y,,-,"- ",0,0,1,0,0,0,0,0,0,"- ","- ",,,"SAN FRANCISCO","SAN FRANCISCO",-122.421142578125,37.776157379150391
9427385,2022,2022-04-21,3801,2022-03-12,1530,2141,BAYVI,6,5,7,3801,0,0,0,,0,3C13D,"POTRERO AV","22ND ST",0.00,,Y,A,-,N,,,,,,,,,,N,4,0,1,2,A,-,03,22350,,F,C,C,A,A,H,-,A,A,0,,,,,Y,Y,D,22,0,0,1,0,0,0,0,0,0,"- ","- ",,,"SAN FRANCISCO","SAN FRANCISCO",-122.40670013427734,37.7568359375
9427691,2022,2022-05-24,3801,2022-03-27,1350,2202,INGLE,7,5,7,3801,0,0,0,,0,3H13A,"GENNESSEE ST","STAPLES AV",0.00,,Y,A,-,N,,,,,,,,,,Y,3,0,1,2,A,-,09,21802,A,N,D,C,A,A,H,-,A,A,0,,,,,Y,,D,22,0,1,0,0,0,0,0,0,0,"- ","- ",,,"SAN FRANCISCO","SAN FRANCISCO",-122.451171875,37.729053497314453
9427853,2022,2022-04-13,3801,2022-02-27,1647,649,INGLE,7,5,7,3801,0,0,0,,0,3H13D,"MISSION ST","PRECITA AV",0.00,,Y,A,-,N,,,,,,,,,,N,4,0,1,2,A,-,10,21950,A,N,-,B,B,A,H,-,A,A,0,Y,,,,Y,,A,01,0,0,1,0,1,0,0,0,0,"- ","- ",,,"SAN FRANCISCO","SAN FRANCISCO",-122.41912078857422,37.746757507324219
9427856,2022,2022-04-13,3801,2022-02-28,1816,540,TARAV,1,5,7,3801,0,0,0,,0,015,"OCEAN AV","SYLVAN DR",0.00,,Y,-,-,N,,,,,,,,,,N,2,0,1,2,A,-,11,21954,A,N,B,B,D,A,H,-,C,D,0,Y,,,,Y,,N,60,1,0,0,0,1,0,0,0,0,"- ","- ",,,"SAN FRANCISCO","SAN FRANCISCO",-122.48538970947266,37.732292175292969
9427859,2022,2022-04-13,3801,2022-02-25,1600,1389,BAYVI,5,5,7,3801,0,0,0,,0,3C13D,"EVANS AV","NEWHALL ST",0.00,,Y,A,-,N,,,,,,,,,,N,2,0,1,2,A,-,10,21950,A,F,G,B,B,A,H,-,A,D,0,Y,,,,Y,,A,01,1,0,0,0,1,0,0,0,0,"- ","- ",,,"SAN FRANCISCO","SAN FRANCISCO",-122.38661956787109,37.741886138916016
9427937,2022,2022-04-13,3801,2022-02-25,1310,1529,CENTR,5,5,7,3801,0,0,0,,0,3ASK,"COLUMBUS AV","VALLEJO ST",20.00,S,N,A,-,N,,,,,,,,,,N,3,0,1,2,D,-,00,,,F,C,C,A,A,H,-,A,D,0,,,,,Y,,-,"- ",0,1,0,0,0,0,0,0,0,"- ","- ",,,"SAN FRANCISCO","SAN FRANCISCO",-122.4078369140625,37.798683166503906
9428703,2022,2022-04-21,3801,2022-02-27,0739,2202,INGLE,7,5,7,3801,0,0,0,,0,3H13A,"ALEMANY BL","SICKLES AV",0.00,,Y,A,-,N,,,,,,,,,,N,4,0,1,2,A,-,12,21453,A,N,D,G,A,A,H,-,A,A,0,,Y,,,Y,Y,L,04,0,0,1,0,0,0,1,0,0,"- ","- ",,,"SAN FRANCISCO","SAN FRANCISCO",-122.45491790771484,37.710514068603516
9428769,2022,2022-04-21,3801,2022-03-08,0723,488,INGLE,2,5,7,3801,0,0,0,,0,3H11A,"OCEAN AV","GENEVA AV",0.00,,Y,A,-,N,,,,,,,,,,N,3,0,1,2,A,-,11,21456,C,N,G,B,B,A,H,-,A,A,0,Y,,,,Y,,N,60,0,1,0,0,1,0,0,0,0,"- ","- ",,,"SAN FRANCISCO","SAN FRANCISCO",-122.45233154296875,37.723068237304688
9428771,2022,2022-05-03,3801,2022-03-26,1228,768,INGLE,6,5,7,3801,0,0,0,,0,5CAR,"MISSION ST","LEO ST",0.00,,Y,A,-,N,,,,,,,,,,Y,3,0,3,2,A,-,09,21804,A,N,D,C,A,A,H,-,A,A,0,,,,,Y,,A,01,0,1,2,0,0,0,0,0,0,"- ","- ",,,"SAN FRANCISCO","SAN FRANCISCO",-122.43650817871094,37.722457885742188
9428772,2022,2022-04-21,3801,2022-03-02,1109,686,TENDE,3,5,7,3801,0,0,0,,0,005,"LARKIN ST","OFARRELL ST",112.00,N,N,A,-,N,,,,,,,,,,N,4,0,1,2,A,-,21,22106,,N,G,B,D,A,H,-,A,D,0,Y,,,,Y,,A,07,0,0,1,0,1,0,0,0,0,"- ","- ",,,"SAN FRANCISCO","SAN FRANCISCO",-122.41796875,37.785472869873047
9428774,2022,2022-04-21,3801,2022-03-17,0942,768,INGLE,4,5,7,3801,0,0,0,,0,3H15A,"SAN JOSE AV","OCEAN AV",0.00,,Y,A,-,N,,,,,,,,,,Y,4,0,1,2,A,-,08,22100,B,F,D,C,A,A,H,-,A,A,0,,,,,Y,,A,01,0,0,1,0,0,0,0,0,0,"- ","- ",,,"SAN FRANCISCO","SAN FRANCISCO",-122.44480895996094,37.722934722900391
9428775,2022,2022-04-21,3801,2022-03-23,0548,2102,RICHM,3,5,7,3801,0,0,0,,0,3G14E,"FULTON ST","6TH ST",0.00,,Y,E,-,N,,,,,,,,,,N,4,0,3,2,A,-,03,22350,,N,C,C,A,B,H,-,B,A,0,,,,,Y,,A,01,0,0,3,0,0,0,0,0,0,"- ","- ",,,"SAN FRANCISCO","SAN FRANCISCO",-122.46376037597656,37.773612976074219
9428779,2022,2022-04-21,3801,2022-03-26,1151,2202,INGLE,6,5,7,3801,0,0,0,,0,3H13A,"OSHAUGHNESSY BL","DEL VALE AV",866.00,W,N,A,-,N,,,,,,,,,,N,4,0,1,2,A,-,08,22105,,F,D,C,A,A,H,-,A,D,0,,,Y,,Y,,A,01,0,0,1,0,0,0,0,0,1,"- ","- ",,,"SAN FRANCISCO","SAN FRANCISCO",-122.44775390625,37.74267578125
9429813,2022,2022-04-27,3801,2022-03-15,1105,610,MISSI,2,5,7,3801,0,0,0,,0,3D11A,"CASTRO ST","JERSEY ST",0.00,,Y,A,-,N,,,,,,,,,,N,2,0,1,2,A,-,10,21950,A,N,G,B,B,A,H,-,A,D,0,Y,,,,Y,,-,,1,0,0,0,1,0,0,0,0,"- ","- ",,,"SAN FRANCISCO","SAN FRANCISCO",-122.43400573730469,37.750480651855469
9431368,2022,2022-04-21,3801,2022-03-03,2112,740,MISSI,4,5,7,3801,0,0,0,,0,0D4,"POTRERO AV","25TH ST",365.00,S,N,C,-,N,,,,,,,,,,Y,4,0,1,1,A,-,07,21658,A,N,A,I,A,B,H,-,C,D,0,,,,,Y,,D,22,0,0,1,0,0,0,0,0,0,"- ","- ",,,"SAN FRANCISCO","SAN FRANCISCO",-122.40605163574219,37.750747680664062
9431373,2022,2022-04-26,3801,2022-02-22,1630,2470,CENTR,2,5,7,3801,0,0,0,,0,3A13D,TAYLOR,"FILBERT ST",0.00,,Y,A,-,N,,,,,,,,,,Y,4,0,1,3,A,-,12,22450,A,N,D,E,A,A,H,-,A,D,0,,,,Y,Y,,A,01,0,0,1,0,0,0,0,0,0,"- ","- ",,,"SAN FRANCISCO","SAN FRANCISCO",-122.414306640625,37.800754547119141
9431468,2022,2022-04-19,3801,2022-03-04,1930,4132,MISSI,5,5,7,3801,0,0,0,,0,6CAR,"13TH ST","SOUTH VAN NESS AV",0.00,,Y,A,-,N,,,,,,,,,,N,4,0,2,2,A,-,12,21453,A,N,D,C,A,A,H,-,C,A,0,,,Y,,Y,,C,02,0,0,2,0,0,0,0,0,2,"- ","- ",,,"SAN FRANCISCO","SAN FRANCISCO",-122.41777801513672,37.7696533203125
9431502,2022,2022-04-18,3801,2022-02-03,1730,2107,NORTH,4,5,7,3801,0,0,0,,0,,"WEBSTER ST","FULTON ST",0.00,,Y,A,-,N,,,,,,,,,,N,4,0,1,2,A,-,03,22350,,N,B,G,A,A,H,-,A,A,0,,Y,,,Y,,L,04,0,0,1,0,0,0,1,0,0,"- ","- ",,,"SAN FRANCISCO","SAN FRANCISCO",-122.42990875244141,37.777912139892578
9431504,2022,2022-04-18,3801,2022-02-27,1750,1707,NORTH,7,5,7,3801,0,0,0,,0,3E13D,"OFARRELL ST","POLK ST",0.00,,Y,A,-,N,,,,,,,,,,N,3,0,1,2,A,-,08,22100,A,F,-,C,A,A,H,-,A,A,0,,,Y,,Y,Y,C,02,0,1,0,0,0,0,0,0,1,"- ","- ",,,"SAN FRANCISCO","SAN FRANCISCO",-122.41954803466797,37.784969329833984
9431505,2022,2022-04-18,3801,2022-02-25,1743,1423,NORTH,5,5,7,3801,0,0,0,,0,3E16D,"CALIFORNIA ST","POLK ST",0.00,,Y,A,-,N,,,,,,,,,,N,3,0,1,3,A,-,17,22517,,N,B,D,A,A,H,-,A,A,0,,,Y,,Y,,A,01,0,1,0,0,0,0,0,0,1,"- ","- ",,,"SAN FRANCISCO","SAN FRANCISCO",-122.42068481445312,37.790569305419922
9431507,2022,2022-04-18,3801,2022-02-24,0725,2147,NORTH,4,5,7,3801,0,0,0,,0,3E14A,BROADWAY,"DIVISADERO ST",0.00,,Y,A,-,N,,,,,,,,,,N,2,0,2,3,A,-,10,21950,A,N,G,B,B,A,H,-,A,D,0,Y,,,,Y,,A,07,1,0,1,0,2,0,0,0,0,"- ","- ",,,"SAN FRANCISCO","SAN FRANCISCO",-122.4415283203125,37.793430328369141
9431509,2022,2022-04-18,3801,2022-02-25,2150,766,CENTR,5,5,7,3801,0,0,0,,0,3A13E,"UNION ST","TAYLOR ST",500.00,W,N,A,-,N,,,,,,,,,,Y,4,0,1,3,A,-,07,21658,,N,B,C,A,A,H,-,C,D,0,,,,,Y,,A,01,0,0,1,0,0,0,0,0,0,"- ","- ",,,"SAN FRANCISCO","SAN FRANCISCO",-122.41584777832031,37.799602508544922
9431510,2022,2022-04-18,3801,2022-02-28,1732,1286,SOUTH,1,5,7,3801,0,0,0,,0,3B3,"8TH ST","CLEMENTINA ST",0.00,,Y,A,-,N,,,,,,,,,,N,4,0,1,2,C,-,18,,,N,B,C,A,A,H,-,A,A,0,,,,,Y,,-,"- ",0,0,1,0,0,0,0,0,0,"- ","- ",,,"SAN FRANCISCO","SAN FRANCISCO",-122.41056823730469,37.775421142578125
9431512,2022,2022-04-18,3801,2022-02-15,0841,1172,SOUTH,2,5,7,3801,0,0,0,,0,2CAR,"BRYANT ST","4TH ST",0.00,,Y,A,-,N,,,,,,,,,,N,4,0,1,2,A,-,10,21950,A,N,B,B,B,A,H,-,A,A,0,Y,,,,Y,,A,01,0,0,1,0,1,0,0,0,0,"- ","- ",,,"SAN FRANCISCO","SAN FRANCISCO",-122.3980712890625,37.779571533203125
9431560,2022,2022-04-13,3801,2022-02-25,1918,1994,TRAFF,5,5,7,3801,0,0,0,,0,4B3G,"HUDSON AV","REUEL CT",62.00,N,N,A,-,N,,,,,,,,,,Y,4,0,1,3,A,-,06,21755,A,N,B,C,A,A,H,-,C,D,0,,,,,Y,,A,01,0,0,1,0,0,0,0,0,0,"- ","- ",,,"SAN FRANCISCO","SAN FRANCISCO",-122.38368988037109,37.73681640625
9431562,2022,2022-04-15,3801,2022-03-03,1724,2465,TARAV,4,5,7,3801,0,0,0,,0,3I16D,"36TH AV","SLOAT BL",0.00,,Y,A,-,N,,,,,,,,,,N,3,0,1,2,A,-,10,21950,A,N,G,B,B,A,H,-,A,A,0,Y,,,,Y,,A,01,0,1,0,0,1,0,0,0,0,"- ","- ",,,"SAN FRANCISCO","SAN FRANCISCO",-122.49332427978516,37.734031677246094
9431564,2022,2022-04-15,3801,2022-03-04,1601,2150,RICHM,5,5,7,3801,0,0,0,,0,3G2,"SPRUCE ST","SACRAMENTO ST",0.00,,Y,A,-,N,,,,,,,,,,N,3,0,1,2,A,-,10,21950,A,N,G,B,B,A,H,-,A,A,0,Y,,,,Y,,A,01,0,1,0,0,1,0,0,0,0,"- ","- ",,,"SAN FRANCISCO","SAN FRANCISCO",-122.45359039306641,37.787338256835938
9431569,2022,2022-06-22,3801,2022-03-04,1839,2268,INGLE,5,5,7,3801,0,0,0,,0,3H11D,"MISSION ST","SICKLES AV",46.00,N,N,A,-,N,,,,,,,,,,Y,3,0,3,2,A,-,04,21703,,N,-,-,A,A,H,-,B,-,0,,,,,Y,,A,01,0,1,2,0,0,0,0,0,0,"- ","- ",,,"SAN FRANCISCO","SAN FRANCISCO",-122.45261383056641,37.708847045898438
9431578,2022,2022-04-18,3801,2022-03-29,1633,2154,TARAV,2,5,7,3801,0,0,0,,0,3146,"SLOAT BL","34TH AV",0.00,,Y,A,-,N,,,,,,,,,,Y,4,0,1,2,A,-,12,21453,A,N,D,C,A,A,H,-,A,A,0,,,,,Y,,-,"- ",0,0,1,0,0,0,0,0,0,"- ","- ",,,"SAN FRANCISCO","SAN FRANCISCO",-122.49124908447266,37.734130859375
9431579,2022,2022-04-18,3801,2022-03-26,1734,2325,SOUTH,6,5,7,3801,0,0,0,,0,,"BRYANT ST","5TH ST",0.00,,Y,A,-,N,,,,,,,,,,N,4,0,1,2,D,-,00,,,N,C,C,A,A,G,-,A,-,0,,,,,Y,,-,"- ",0,0,1,0,0,0,0,0,0,"- ","- ",,,"SAN FRANCISCO","SAN FRANCISCO",-122.40029144287109,37.777797698974609