CASE_ID,ACCIDENT_YEAR,PROC_DATE,JURIS,COLLISION_DATE,COLLISION_TIME,OFFICER_ID,REPORTING_DISTRICT,DAY_OF_WEEK,CHP_SHIFT,POPULATION,CNTY_CITY_LOC,SPECIAL_COND,BEAT_TYPE,CHP_BEAT_TYPE,CITY_DIVISION_LAPD,CHP_BEAT_CLASS,BEAT_NUMBER,PRIMARY_RD,SECONDARY_RD,DISTANCE,DIRECTION,INTERSECTION,WEATHER_1,WEATHER_2,STATE_HWY_IND,CALTRANS_COUNTY,CALTRANS_DISTRICT,STATE_ROUTE,ROUTE_SUFFIX,POSTMILE_PREFIX,POSTMILE,LOCATION_TYPE,RAMP_INTERSECTION,SIDE_OF_HWY,TOW_AWAY,COLLISION_SEVERITY,NUMBER_KILLED,NUMBER_INJURED,PARTY_COUNT,PRIMARY_COLL_FACTOR,PCF_CODE_OF_VIOL,PCF_VIOL_CATEGORY,PCF_VIOLATION,PCF_VIOL_SUBSECTION,HIT_AND_RUN,TYPE_OF_COLLISION,MVIW,PED_ACTION,ROAD_SURFACE,ROAD_COND_1,ROAD_COND_2,LIGHTING,CONTROL_DEVICE,CHP_ROAD_TYPE,PEDESTRIAN_ACCIDENT,BICYCLE_ACCIDENT,MOTORCYCLE_ACCIDENT,TRUCK_ACCIDENT,NOT_PRIVATE_PROPERTY,ALCOHOL_INVOLVED,STWD_VEHTYPE_AT_FAULT,CHP_VEHTYPE_AT_FAULT,COUNT_SEVERE_INJ,COUNT_VISIBLE_INJ,COUNT_COMPLAINT_PAIN,COUNT_PED_KILLED,COUNT_PED_INJURED,COUNT_BICYCLIST_KILLED,COUNT_BICYCLIST_INJURED,COUNT_MC_KILLED,COUNT_MC_INJURED,PRIMARY_RAMP,SECONDARY_RAMP,LATITUDE,LONGITUDE,COUNTY,CITY,POINT_X,POINT_Y
9437535,2022,2022-05-13,3801,2022-04-23,1755,1637,MISSI,6,5,7,3801,0,0,0,,0,3D12D,"16TH ST","HOFF ST",0.00,,Y,A,-,N,,,,,,,,,,N,3,0,1,2,A,-,11,21954,A,N,G,B,D,A,H,-,A,D,0,Y,,,,Y,,N,60,0,1,0,0,1,0,0,0,0,"- ","- ",,,"SAN FRANCISCO","SAN FRANCISCO",-122.42057037353516,37.764991760253906
9437538,2022,2022-05-13,3801,2022-04-22,1009,1396,SOUTH,5,5,7,3801,0,0,0,,0,3B13A,"FOLSOM ST","HARRIET ST",0.00,,Y,A,-,N,,,,,,,,,,N,3,0,1,2,A,-,00,21650,D,N,D,C,A,-,H,-,A,D,0,,,,,Y,,M,97,0,1,0,0,0,0,0,0,0,"- ","- ",,,"SAN FRANCISCO","SAN FRANCISCO",-122.40613555908203,37.778076171875
9437539,2022,2022-05-13,3801,2022-04-24,1516,1878,SOUTH,7,5,7,3801,0,0,0,,0,0B3,"8TH ST","MINNA ST",0.00,,Y,A,-,N,,,,,,,,,,N,4,0,2,2,A,-,03,22350,,N,D,C,A,A,H,-,A,D,0,,,Y,,Y,,C,02,0,0,2,0,0,0,0,0,2,"- ","- ",,,"SAN FRANCISCO","SAN FRANCISCO",-122.41259765625,37.777050018310547
9437541,2022,2022-05-13,3801,2022-04-22,2031,2359,TARAV,5,5,7,3801,0,0,0,,0,0I2,"JUDAH ST","27TH AV",0.00,,Y,A,-,N,,,,,,,,,,Y,4,0,1,1,A,-,03,22350,,N,B,I,A,A,H,-,C,D,0,,,,,Y,,A,01,0,0,1,0,0,0,0,0,0,"- ","- ",,,"SAN FRANCISCO","SAN FRANCISCO",-122.48555755615234,37.761325836181641
9437545,2022,2022-05-13,3801,2022-04-23,1249,A20952,INGLE,6,5,7,3801,0,0,0,,0,3H11A,"EUGENIA AV","BONVIEW ST",0.00,,Y,A,-,N,,,,,,,,,,N,4,0,1,2,A,-,12,22450,A,N,A,G,A,A,H,-,A,A,0,,Y,,,Y,,-,"- ",0,0,1,0,0,0,1,0,0,"- ","- ",,,"SAN FRANCISCO","SAN FRANCISCO",-122.41831970214844,37.740798950195312
9437547,2022,2022-05-16,3801,2022-04-11,0829,1129,TARAV,1,5,7,3801,0,0,0,,0,005,"SKYLINE BL","LAKE MERCED BL",0.00,,Y,B,C,N,,,,,,,,,,N,3,0,2,2,A,-,09,21801,A,N,D,C,A,B,H,-,A,D,0,,,,,Y,,A,01,0,1,1,0,0,0,0,0,0,"- ","- ",,,"SAN FRANCISCO","SAN FRANCISCO",-122.49894714355469,37.731536865234375
9437548,2022,2022-05-13,3801,2022-04-14,1739,2469,BAYVI,4,5,7,3801,0,0,0,,0,3C105,"BAY SHORE BL","FLOWER ST",0.00,,Y,C,-,N,,,,,,,,,,N,4,0,2,2,A,-,09,21801,A,N,D,C,A,B,H,-,A,D,0,,,,,Y,,A,01,0,0,2,0,0,0,0,0,0,"- ","- ",,,"SAN FRANCISCO","SAN FRANCISCO",-122.40565490722656,37.742500305175781
9437549,2022,2022-05-13,3801,2022-04-13,1539,1875,BAYVI,3,5,7,3801,0,0,0,,0,3C13D,"3RD ST","LA SALLE AV",0.00,,Y,A,-,N,,,,,,,,,,Y,4,0,3,2,A,-,08,22107,,N,D,C,A,A,H,-,A,A,0,,,,,Y,,A,01,0,0,3,0,0,0,0,0,0,"- ","- ",,,"SAN FRANCISCO","SAN FRANCISCO",-122.38993835449219,37.737216949462891
9437550,2022,2022-05-13,3801,2022-04-07,2104,2056,SOUTH,4,5,7,3801,0,0,0,,0,0B4,"SOUTH VAN NESS","MISSION ST",0.00,,Y,A,-,N,,,,,,,,,,N,3,0,1,2,A,-,12,21453,,N,A,G,A,-,H,-,C,A,0,,Y,,,Y,,L,04,0,1,0,0,0,0,1,0,0,"- ","- ",,,"SAN FRANCISCO","SAN FRANCISCO",-122.41863250732422,37.773109436035156
9437552,2022,2022-05-13,3801,2022-04-11,1245,1609,RICHM,1,5,7,3801,0,0,0,,0,3G15A,"CALIFORNIA ST","26TH AV",0.00,,Y,A,-,N,,,,,,,,,,Y,4,0,1,2,A,-,09,21800,A,N,D,C,A,A,H,-,A,A,0,,,,,Y,,A,01,0,0,1,0,0,0,0,0,0,"- ","- ",,,"SAN FRANCISCO","SAN FRANCISCO",-122.486083984375,37.783828735351562
9437554,2022,2022-05-13,3801,2022-04-12,1807,2725,RICHM,2,5,7,3801,0,0,0,,0,,"CALIFORNIA ST",ARGUELLO,0.00,,Y,A,-,N,,,,,,,,,,N,3,0,1,2,A,-,10,21950,A,N,D,B,B,-,H,-,A,A,0,Y,,,,Y,,A,01,0,1,0,0,1,0,0,0,0,"- ","- ",,,"SAN FRANCISCO","SAN FRANCISCO",-122.45921325683594,37.785671234130859
9437561,2022,2022-05-17,3801,2022-04-07,1445,1518,CENTR,4,5,7,3801,0,0,0,,0,3A50A,"EMBARCADERO NORTH","GRANT AV",30.00,E,N,A,-,N,,,,,,,,,,N,3,0,1,1,A,-,03,22350,,N,-,I,A,A,H,-,A,A,0,,Y,,,Y,,L,04,0,1,0,0,0,0,1,0,0,"- ","- ",,,"SAN FRANCISCO","SAN FRANCISCO",-122.40898895263672,37.808094024658203
9437565,2022,2022-05-17,3801,2022-04-11,1642,2743,SOUTH,1,5,7,3801,0,0,0,,0,3B4,"WASHBURN ST","HOWARD ST",260.00,N,N,A,-,N,,,,,,,,,,N,4,0,2,2,A,-,11,21950,B,N,H,B,D,A,H,-,A,D,0,Y,,,,Y,,N,60,0,0,2,0,1,0,0,0,0,"- ","- ",,,"SAN FRANCISCO","SAN FRANCISCO",-122.41423797607422,37.775165557861328
9437723,2022,2022-06-07,3801,2022-04-11,1310,1917,TARAV,1,5,7,3801,0,0,0,,0,3I16A,"GENEVA AV","HOWTH ST",62.00,E,N,A,G,N,,,,,,,,,,N,4,0,4,2,A,-,03,22350,,N,C,C,A,A,H,-,A,A,0,,,,,Y,,I,19,0,0,4,0,0,0,0,0,0,"- ","- ",,,"SAN FRANCISCO","SAN FRANCISCO",-122.44992828369141,37.722000122070312
9437731,2022,2022-05-18,3801,2022-04-13,1510,334,BAYVI,3,5,7,3801,0,0,0,,0,0C2,"BAYSHORE BL","JERROLD AV",0.00,,Y,A,-,N,,,,,,,,,,N,4,0,1,2,A,-,03,22350,,N,C,C,A,A,H,-,A,A,0,,,,,Y,,D,22,0,0,1,0,0,0,0,0,0,"- ","- ",,,"SAN FRANCISCO","SAN FRANCISCO",-122.40361785888672,37.747386932373047
9437747,2022,2022-05-19,3801,2022-04-14,2341,2330,TARAV,4,5,7,3801,0,0,0,,0,901,"GREAT HWY","RIVERA ST",68.00,N,N,B,C,N,,,,,,,,,,Y,4,0,1,2,A,-,03,22350,,N,C,E,A,B,H,-,C,A,0,,,,,Y,,D,22,0,0,1,0,0,0,0,0,0,"- ","- ",,,"SAN FRANCISCO","SAN FRANCISCO",-122.50749206542969,37.745594024658203
9438252,2022,2022-05-23,3801,2022-04-10,0301,614,TARAV,7,5,7,3801,0,0,0,,0,3I11E,"FONT BL","ARBALLO DR",0.00,,Y,A,-,N,,,,,,,,,,Y,3,0,1,1,A,-,03,22350,,N,E,J,A,A,A,B,C,A,0,,,,,Y,,-,,0,1,0,0,0,0,0,0,0,"- ","- ",,,"SAN FRANCISCO","SAN FRANCISCO",-122.48244476318359,37.721748352050781
9438256,2022,2022-05-23,3801,2022-04-09,0957,1605,NORTH,6,5,7,3801,0,0,0,,0,3E11A,"FILLMORE ST","MARINA BL",4.00,N,N,A,-,N,,,,,,,,,,N,3,0,3,3,D,-,00,,,N,H,B,F,A,H,-,A,D,0,Y,Y,,,Y,,-,"- ",0,1,2,0,2,0,1,0,0,"- ","- ",,,"SAN FRANCISCO","SAN FRANCISCO",-122.43743896484375,37.806400299072266
9438258,2022,2022-05-23,3801,2022-04-09,0106,2461,SOUTH,6,5,7,3801,0,0,0,,0,3B12E,"HOWARD ST","6TH ST",30.00,W,N,A,-,N,,,,,,,,,,N,4,0,1,2,A,-,03,22350,,N,C,C,A,A,H,-,C,A,0,,,,,Y,,A,01,0,0,1,0,0,0,0,0,0,"- ","- ",,,"SAN FRANCISCO","SAN FRANCISCO",-122.40721130371094,37.779689788818359
9438985,2022,2022-05-18,3801,2022-04-26,0825,1944,INGLE,2,5,7,3801,0,0,0,,0,0H6,"WILDE AV","GOETTINGEN ST",0.00,,Y,A,G,N,,,,,,,,,,N,3,0,1,2,A,-,10,21952,,N,D,B,C,A,H,-,A,D,0,Y,,,,Y,,D,22,0,1,0,0,1,0,0,0,0,"- ","- ",,,"SAN FRANCISCO","SAN FRANCISCO",-122.40208435058594,37.716056823730469
9438986,2022,2022-05-13,3801,2022-04-28,1315,2723,BAYVI,4,5,7,3801,0,0,0,,0,3C11A,"SILVER AV","BOWDOIN ST",0.00,,Y,A,-,N,,,,,,,,,,Y,3,0,1,2,A,-,12,22450,A,N,A,C,A,A,H,-,A,A,0,,,,,Y,,A,01,0,1,0,0,0,0,0,0,0,"- ","- ",,,"SAN FRANCISCO","SAN FRANCISCO",-122.41262817382812,37.730152130126953
9441190,2022,2022-05-20,3801,2022-04-28,1638,2741,INGLE,4,5,7,3801,0,0,0,,0,901,"GENEVA AV","BROOKDALE AV",63.00,W,N,A,-,N,,,,,,,,,,N,4,0,1,2,A,-,08,22107,,N,B,C,A,A,H,-,A,D,0,,,,,Y,,A,07,0,0,1,0,0,0,0,0,0,"- ","- ",,,"SAN FRANCISCO","SAN FRANCISCO",-122.4246826171875,37.710193634033203
9441196,2022,2022-05-26,3801,2022-04-28,0041,2307,NORTH,4,5,7,3801,0,0,0,,0,3E14E,"OCTAVIA ST","BUSH ST",0.00,,Y,A,-,N,,,,,,,,,,Y,4,0,1,2,A,-,12,21453,A,F,D,C,A,A,H,-,C,A,0,,,,,Y,,-,"- ",0,0,1,0,0,0,0,0,0,"- ","- ",,,"SAN FRANCISCO","SAN FRANCISCO",-122.42687225341797,37.787860870361328
9441198,2022,2022-05-20,3801,2022-04-28,1545,1307,CENTR,4,5,7,3801,0,0,0,,0,3A54C,BROADWAY,"STOCKTON ST",108.00,E,N,A,-,N,,,,,,,,,,N,4,0,1,2,A,-,08,22107,,N,C,C,A,-,H,-,A,D,0,,,,,Y,,A,01,0,0,1,0,0,0,0,0,0,"- ","- ",,,"SAN FRANCISCO","SAN FRANCISCO",-122.40823364257812,37.797702789306641
9441199,2022,2022-05-20,3801,2022-04-24,1017,2466,RICHM,7,5,7,3801,0,0,0,,0,FOUR,"FULTON AV","18TH AV",0.00,,Y,A,-,N,,,,,,,,,,Y,4,0,1,2,A,-,04,21703,,F,E,I,A,A,H,-,A,A,0,,,,,Y,,A,01,0,0,1,0,0,0,0,0,0,"- ","- ",,,"SAN FRANCISCO","SAN FRANCISCO",-122.47669982910156,37.772899627685547
9441313,2022,2022-05-19,3801,2022-04-02,1720,1994,TRAFF,6,5,7,3801,0,0,0,,0,4B3D,"POWELL ST","OFARRELL ST",70.00,N,N,A,-,N,,,,,,,,,,N,3,0,1,1,A,-,03,22350,,N,H,I,A,A,G,-,A,D,0,,Y,,,Y,,L,04,0,1,0,0,0,0,1,0,0,"- ","- ",,,"SAN FRANCISCO","SAN FRANCISCO",-122.40806579589844,37.786628723144531
9441314,2022,2022-05-19,3801,2022-04-06,1800,4119,TRAFF,3,5,7,3801,0,0,0,,0,4B3K,"FELTON ST","OXFORD ST",0.00,,Y,B,-,N,,,,,,,,,,N,2,0,1,2,A,-,12,22450,A,N,A,D,A,A,H,-,A,A,0,,,Y,,Y,,C,03,1,0,0,0,0,0,0,0,1,"- ","- ",,,"SAN FRANCISCO","SAN FRANCISCO",-122.41940307617188,37.726181030273438
9441318,2022,2022-05-19,3801,2022-04-19,0815,1003,INGLE,2,5,7,3801,0,0,0,,0,3CAR,"MISSION ST","COLLEGE TER",55.00,N,N,A,-,N,,,,,,,,,,Y,4,0,2,2,A,-,09,21804,A,N,D,D,A,A,H,-,A,D,0,,,,,Y,,A,01,0,0,2,0,0,0,0,0,0,"- ","- ",,,"SAN FRANCISCO","SAN FRANCISCO",-122.42567443847656,37.734397888183594
9441463,2022,2022-06-27,3801,2022-03-27,0643,812,BAYVI,7,5,7,3801,0,0,0,,0,002,"PALOU AV","DUNSHEE ST",0.00,,Y,B,-,N,,,,,,,,,,N,4,0,1,2,A,-,06,21755,,N,G,-,A,A,H,-,B,D,0,,,,,Y,,M,94,0,0,1,0,0,0,0,0,0,"- ","- ",,,"SAN FRANCISCO","SAN FRANCISCO",-122.39569091796875,37.7366943359375
9442089,2022,2022-05-13,3801,2022-04-08,0242,2742,BAYVI,5,5,7,3801,0,0,0,,0,3C15E,"JENNINGS ST","WALLACE AV",135.00,S,N,A,-,N,,,,,,,,,,Y,2,0,3,2,A,-,03,22350,,N,D,E,A,A,H,-,C,D,0,,,,,Y,,A,01,1,0,2,0,0,0,0,0,0,"- ","- ",,,"SAN FRANCISCO","SAN FRANCISCO",-122.38951873779297,37.726116180419922
9442090,2022,2022-05-13,3801,2022-04-09,2140,2315,TENDE,6,5,7,3801,0,0,0,,0,3J12E,"MARKET ST","MASON ST",0.00,,Y,A,-,N,,,,,,,,,,N,3,0,1,2,A,-,09,21801,A,F,D,G,A,A,H,-,C,A,0,,Y,,,Y,,A,01,0,1,0,0,0,0,1,0,0,"- ","- ",,,"SAN FRANCISCO","SAN FRANCISCO",-122.40908050537109,37.783233642578125
9442092,2022,2022-05-13,3801,2022-04-09,0109,1336,NORTH,6,5,7,3801,0,0,0,,0,3E12E,"FULTON ST","WEBSTER ST",221.00,W,N,A,-,N,,,,,,,,,,Y,3,0,1,2,A,-,03,22350,,N,F,E,A,A,H,-,C,A,0,,,,,Y,,A,01,0,1,0,0,0,0,0,0,0,"- ","- ",,,"SAN FRANCISCO","SAN FRANCISCO",-122.4306640625,37.777812957763672
9442097,2022,2022-05-13,3801,2022-03-31,0808,244,NORTH,4,5,7,3801,0,0,0,,0,3E14A,"WEBSTER ST","POST ST",0.00,,Y,A,-,N,,,,,,,,,,N,4,0,1,2,A,-,03,22350,,N,C,C,A,A,H,-,A,A,0,,,,,Y,,A,08,0,0,1,0,0,0,0,0,0,"- ","- ",,,"SAN FRANCISCO","SAN FRANCISCO",-122.43145751953125,37.785358428955078
9442098,2022,2022-05-13,3801,2022-04-03,1449,1423,NORTH,7,5,7,3801,0,0,0,,0,3E3D,"TURK ST","WEBSTER ST",0.00,,Y,A,-,N,,,,,,,,,,N,3,0,1,2,A,-,08,22107,,N,B,C,A,A,H,-,A,A,0,,,,,Y,,A,07,0,1,0,0,0,0,0,0,0,"- ","- ",,,"SAN FRANCISCO","SAN FRANCISCO",-122.43048858642578,37.780685424804688
9442099,2022,2022-05-13,3801,2022-04-03,1442,327,MISSI,7,5,7,3801,0,0,0,,0,3D13C,"VALENCIA ST","14TH ST",0.00,,Y,A,-,N,,,,,,,,,,N,2,0,1,2,A,-,09,21801,A,N,D,C,A,A,H,-,A,A,0,,,,,Y,,A,01,1,0,0,0,0,0,0,0,0,"- ","- ",,,"SAN FRANCISCO","SAN FRANCISCO",-122.42218017578125,37.768150329589844
9442103,2022,2022-05-17,3801,2022-04-14,0937,2124,MISSI,4,5,7,3801,0,0,0,,0,,"15TH ST","DOLORES ST",0.00,,Y,B,C,N,,,,,,,,,,N,4,0,1,2,A,-,10,21950,A,M,G,B,B,B,H,-,A,A,0,Y,,,,Y,,A,01,0,0,1,0,1,0,0,0,0,"- ","- ",,,"SAN FRANCISCO","SAN FRANCISCO",-122.42659759521484,37.766258239746094
9442104,2022,2022-06-17,3801,2022-04-19,0552,2499,TARAV,2,5,7,3801,0,0,0,,0,,"LAKE MERCED BL","BROTHERHOOD WY",50.00,N,N,A,-,N,,,,,,,,,,Y,4,0,1,2,A,-,03,22350,,N,D,C,A,B,-,-,C,A,0,,,,,Y,,A,01,0,0,1,0,0,0,0,0,0,"- ","- ",,,"SAN FRANCISCO","SAN FRANCISCO",-122.48523712158203,37.714859008789062
9442107,2022,2022-05-17,3801,2022-04-15,1250,1557,TARAV,5,5,7,3801,0,0,0,,0,3G5,"POINT LOBOS AV","POINT LOBOS AV 1090",0.00,,-,A,-,N,,,,,,,,,,Y,4,0,1,2,A,-,03,22350,,N,C,E,A,A,H,-,A,D,0,,,,,Y,,A,01,0,0,1,0,0,0,0,0,0,"- ","- ",,,"SAN FRANCISCO","SAN FRANCISCO",,
9442110,2022,2022-05-20,3801,2022-04-14,0149,2153,TARAV,4,5,7,3801,0,0,0,,0,3I16E,"RANDOLPH ST","RANDOLPH ST 940",0.00,,-,A,-,N,,,,,,,,,,Y,4,0,1,3,A,-,03,22350,,N,G,E,A,A,-,-,C,A,0,,,,,Y,,-,,0,0,1,0,0,0,0,0,0,"- ","- ",,,"SAN FRANCISCO","SAN FRANCISCO",,
9442112,2022,2022-05-17,3801,2022-04-17,1155,555,MISSI,7,5,7,3801,0,0,0,,0,3D14A,"20TH ST","TREAT AV",0.00,,Y,A,-,N,,,,,,,,,,N,4,0,1,2,A,-,10,21950,A,F,A,B,B,A,H,-,A,D,0,Y,,,,Y,,A,01,0,0,1,0,1,0,0,0,0,"- ","- ",,,"SAN FRANCISCO","SAN FRANCISCO",-122.41358947753906,37.758949279785156
9443982,2022,2022-05-16,3801,2022-03-23,0931,1936,TRAFF,3,5,7,3801,0,0,0,,0,4B1D,"PERSIA ST","MISSION ST",14.00,E,N,B,-,N,,,,,,,,,,Y,2,0,1,2,A,-,10,21950,A,N,G,B,B,A,H,-,A,A,0,Y,,,,Y,,A,01,1,0,0,0,1,0,0,0,0,"- ","- ",,,"SAN FRANCISCO","SAN FRANCISCO",-122.43592834472656,37.723121643066406
9443985,2022,2022-05-16,3801,2022-03-24,1324,1114,RICHM,4,5,7,3801,0,0,0,,0,3G4A,"POINT LOBOS AV","POINT LOBOS AV 1090",0.00,,Y,A,-,N,,,,,,,,,,N,3,0,1,2,A,-,03,22350,,N,C,G,A,A,H,-,A,D,0,,Y,,,Y,,L,04,0,1,0,0,0,0,1,0,0,"- ","- ",37.464309692382812,-122.30496215820312,"SAN FRANCISCO","SAN FRANCISCO",,
9443986,2022,2022-05-16,3801,2022-03-31,1720,383,TARAV,4,5,7,3801,0,0,0,,0,3I15D,"BROTHERHOOD WY","CHURCH ACCESS RD",0.00,,Y,A,-,N,,,,,,,,,,Y,4,0,2,3,A,-,04,21703,,N,C,C,A,A,H,-,A,A,0,,,,,Y,,A,01,0,0,2,0,0,0,0,0,0,"- ","- ",,,"SAN FRANCISCO","SAN FRANCISCO",,
9444188,2022,2022-06-02,3801,2022-02-23,1900,1505,SOUTH,3,5,7,3801,0,0,0,,0,0B2,"FOLSOM ST","HAWTHORNE ST",90.00,W,N,A,-,N,,,,,,,,,,,4,0,1,2,D,-,00,,,N,B,J,A,A,H,-,C,A,0,,,,,Y,,-,"- ",0,0,1,0,0,0,0,0,0,"- ","- ",,,"SAN FRANCISCO","SAN FRANCISCO",-122.39804840087891,37.784507751464844
9444396,2022,2022-05-25,3801,2022-03-14,0647,610,MISSI,1,5,7,3801,0,0,0,,0,3D11A,"DUBOCE AV","VALENCIA ST",194.00,E,N,A,-,N,,,,,,,,,,N,4,0,1,2,A,-,05,21460,A,N,D,C,A,A,H,-,C,D,0,,,Y,,Y,,C,02,0,0,1,0,0,0,0,0,1,"- ","- ",,,"SAN FRANCISCO","SAN FRANCISCO",-122.42169189453125,37.769901275634766
9444397,2022,2022-05-25,3801,2022-03-05,0145,1226,MISSI,6,5,7,3801,0,0,0,,0,,"GRANT AV","VALLEJO ST",0.00,,Y,A,-,N,,,,,,,,,,N,4,0,1,2,A,-,08,22107,,F,B,C,A,A,H,-,C,A,0,,,,,Y,,A,01,0,0,1,0,0,0,0,0,0,"- ","- ",,,"SAN FRANCISCO","SAN FRANCISCO",-122.40718841552734,37.798793792724609
9445244,2022,2022-05-23,3801,2022-04-12,0934,392,MISSI,2,5,7,3801,0,0,0,,0,3D14A,"POTRERO AV","18TH ST",216.00,S,N,A,-,N,,,,,,,,,,N,3,0,1,2,A,-,17,22517,,N,H,C,-,A,H,-,A,D,0,Y,,,,Y,,-,,0,1,0,0,1,0,0,0,0,"- ","- ",,,"SAN FRANCISCO","SAN FRANCISCO",-122.40716552734375,37.761337280273438
94457507,2023,2024-11-04,9335,2023-09-30,1610,022795,,6,2,7,3801,0,1,2,,2,013,"US-101 S/B TO PAUL AVENUE","SAN BRUNO AVENUE",70.00,E,N,A,-,Y,SF,,101," "," ",0.988,H,,L,Y,1,1,1,1,A,-,03,22350,,N,E,8,A,A,H,-,A,A,0,,,,,Y,,A,01,0,1,0,0,0,0,0,0,0,"- ","- ",37.721771240234375,-122.40081787109375,"SAN FRANCISCO","SAN FRANCISCO",-122.40059661865234,37.721820831298828
9446239,2022,2022-06-01,3801,2022-01-21,2340,2424,SOUTH,5,5,7,3801,0,0,0,,0,3B15E,"KING ST","3RD ST",0.00,,Y,A,-,N,,,,,,,,,,Y,4,0,2,2,A,-,03,22350,,N,C,C,A,A,H,-,C,A,0,,,,,Y,,A,01,0,0,2,0,0,0,0,0,0,"- ","- ",,,"SAN FRANCISCO","SAN FRANCISCO",-122.39195251464844,37.778202056884766
9446657,2022,2022-07-01,3801,2022-05-11,0957,2444,RICHM,3,5,7,3801,0,0,0,,0,3G12A,"CALIFORNIA ST","LOCUST ST",0.00,,Y,A,-,N,,,,,,,,,,N,3,0,2,2,A,-,06,21755,A,N,B,C,A,A,H,-,A,D,0,,,,,Y,,-,,0,2,0,0,0,0,0,0,0,"- ","- ",,,"SAN FRANCISCO","SAN FRANCISCO",-122.45175170898438,37.786609649658203
9446802,2022,2022-06-09,3801,2022-04-29,1208,1306,CENTR,5,5,7,3801,0,0,0,,0,3A44C,"PINE ST","GRANT AV",0.00,,Y,A,-,N,,,,,,,,,,N,4,0,1,2,A,-,10,21950,A,N,G,B,B,A,H,-,A,A,0,Y,,,,Y,,A,01,0,0,1,0,1,0,0,0,0,"- ","- ",,,"SAN FRANCISCO","SAN FRANCISCO",-122.40571594238281,37.791511535644531
9446805,2022,2022-06-09,3801,2022-04-29,1650,2379,INGLE,5,5,7,3801,0,0,0,,0,3H13D,"MISSION ST","COLLEGE AV",0.00,,Y,A,-,N,,,,,,,,,,,4,0,1,2,A,-,09,21801,A,N,D,C,A,A,H,-,A,A,0,,,,,Y,,A,01,0,0,1,0,0,0,0,0,0,"- ","- ",,,"SAN FRANCISCO","SAN FRANCISCO",-122.4248046875,37.735263824462891
9446807,2022,2022-10-31,3801,2022-04-28,1925,1544,CENTR,4,5,7,3801,0,0,0,,0,3A14D,"COLUMBUS AV","KEARNY ST",0.00,,Y,A,-,N,,,,,,,,,,N,4,0,1,2,A,-,04,21703,,F,D,C,A,A,H,-,A,A,0,,,Y,,Y,,C,02,0,0,1,0,0,0,0,0,0,"- ","- ",,,"SAN FRANCISCO","SAN FRANCISCO",-122.40538787841797,37.79705810546875
9446811,2022,2022-06-09,3801,2022-04-22,2200,1396,SOUTH,5,5,7,3801,0,0,0,,0,3B13A,"BRYANT ST","8TH ST",0.00,,Y,A,-,N,,,,,,,,,,N,4,0,1,2,A,-,08,22100,B,F,B,C,A,A,H,-,C,A,0,,,,,Y,,A,01,0,0,1,0,0,0,0,0,0,"- ","- ",,,"SAN FRANCISCO","SAN FRANCISCO",-122.406982421875,37.772514343261719
9446814,2022,2022-06-14,3801,2022-04-30,1509,1860,TARAV,6,5,7,3801,0,0,0,,0,3I11D,"LAKE MERCED BL","HIGUERA AV",414.00,N,N,A,-,N,,,,,,,,,,N,4,0,2,2,A,-,04,21703,,N,C,C,A,A,H,-,A,D,0,,,,,Y,,A,08,0,0,2,0,0,0,0,0,0,"- ","- ",,,"SAN FRANCISCO","SAN FRANCISCO",-122.48511505126953,37.719448089599609
9446819,2022,2022-06-08,3801,2022-04-27,0901,830,MISSI,3,5,7,3801,0,0,0,,0,3D15A,"16TH ST","POTRERO AV",0.00,,Y,A,-,N,,,,,,,,,,N,4,0,1,2,A,-,11,21950,B,N,D,C,A,A,H,-,A,A,0,,Y,,,Y,,L,04,0,0,1,0,0,0,1,0,0,"- ","- ",,,"SAN FRANCISCO","SAN FRANCISCO",-122.40756225585938,37.765773773193359
9446820,2022,2022-06-08,3801,2022-04-20,1820,2168,CENTR,3,5,7,3801,0,0,0,,0,3A2D,"MONTGOMERY ST","SUTTER ST",0.00,,Y,A,-,N,,,,,,,,,,N,4,0,1,2,D,-,00,,,N,C,C,A,A,H,-,A,A,0,,,,,Y,,-,"- ",0,0,1,0,0,0,0,0,0,"- ","- ",,,"SAN FRANCISCO","SAN FRANCISCO",-122.40216827392578,37.790008544921875
9446823,2022,2022-06-10,3801,2022-04-29,2323,1660,SOUTH,5,5,7,3801,0,0,0,,0,3B14E,"MISSION ST","6TH ST",0.00,,Y,A,-,N,,,,,,,,,,N,2,0,1,2,A,-,03,22350,,F,G,B,D,A,H,-,C,A,0,Y,,,,Y,,A,01,1,0,0,0,1,0,0,0,0,"- ","- ",,,"SAN FRANCISCO","SAN FRANCISCO",-122.40869140625,37.780982971191406
9446824,2022,2022-11-03,3801,2022-04-13,0755,1796,RICHM,3,5,7,3801,0,0,0,,0,3G14A,FULTON,"27TH AV",0.00,,Y,B,-,N,,,,,,,,,,Y,4,0,1,2,A,-,00,22802,A,N,D,C,A,A,H,-,A,D,0,,,,,Y,,-,,0,0,1,0,0,0,0,0,0,"- ","- ",,,"SAN FRANCISCO","SAN FRANCISCO",-122.486328125,37.772468566894531