CASE_ID,ACCIDENT_YEAR,PROC_DATE,JURIS,COLLISION_DATE,COLLISION_TIME,OFFICER_ID,REPORTING_DISTRICT,DAY_OF_WEEK,CHP_SHIFT,POPULATION,CNTY_CITY_LOC,SPECIAL_COND,BEAT_TYPE,CHP_BEAT_TYPE,CITY_DIVISION_LAPD,CHP_BEAT_CLASS,BEAT_NUMBER,PRIMARY_RD,SECONDARY_RD,DISTANCE,DIRECTION,INTERSECTION,WEATHER_1,WEATHER_2,STATE_HWY_IND,CALTRANS_COUNTY,CALTRANS_DISTRICT,STATE_ROUTE,ROUTE_SUFFIX,POSTMILE_PREFIX,POSTMILE,LOCATION_TYPE,RAMP_INTERSECTION,SIDE_OF_HWY,TOW_AWAY,COLLISION_SEVERITY,NUMBER_KILLED,NUMBER_INJURED,PARTY_COUNT,PRIMARY_COLL_FACTOR,PCF_CODE_OF_VIOL,PCF_VIOL_CATEGORY,PCF_VIOLATION,PCF_VIOL_SUBSECTION,HIT_AND_RUN,TYPE_OF_COLLISION,MVIW,PED_ACTION,ROAD_SURFACE,ROAD_COND_1,ROAD_COND_2,LIGHTING,CONTROL_DEVICE,CHP_ROAD_TYPE,PEDESTRIAN_ACCIDENT,BICYCLE_ACCIDENT,MOTORCYCLE_ACCIDENT,TRUCK_ACCIDENT,NOT_PRIVATE_PROPERTY,ALCOHOL_INVOLVED,STWD_VEHTYPE_AT_FAULT,CHP_VEHTYPE_AT_FAULT,COUNT_SEVERE_INJ,COUNT_VISIBLE_INJ,COUNT_COMPLAINT_PAIN,COUNT_PED_KILLED,COUNT_PED_INJURED,COUNT_BICYCLIST_KILLED,COUNT_BICYCLIST_INJURED,COUNT_MC_KILLED,COUNT_MC_INJURED,PRIMARY_RAMP,SECONDARY_RAMP,LATITUDE,LONGITUDE,COUNTY,CITY,POINT_X,POINT_Y
9446825,2022,2022-06-10,3801,2022-04-03,1844,1783,MISSI,7,5,7,3801,0,0,0,,0,,"CHURCH ST","16TH ST",0.00,,Y,A,-,N,,,,,,,,,,Y,4,0,1,2,A,-,08,22107,,N,A,D,A,A,H,-,A,A,0,,,,,Y,Y,A,01,0,0,1,0,0,0,0,0,0,"- ","- ",,,"SAN FRANCISCO","SAN FRANCISCO",-122.42864990234375,37.764503479003906
9446827,2022,2022-06-10,3801,2022-04-30,0103,1184,MISSI,6,5,7,3801,0,0,0,,0,3D14E,"FOLSOM ST","23RD ST",0.00,,Y,A,-,N,,,,,,,,,,N,3,0,1,2,A,-,04,21703,,F,C,C,A,A,H,-,C,A,0,,,,,Y,,-,,0,1,0,0,0,0,0,0,0,"- ","- ",,,"SAN FRANCISCO","SAN FRANCISCO",-122.41425323486328,37.754119873046875
9446828,2022,2022-06-10,3801,2022-04-04,1312,1172,SOUTH,1,5,7,3801,0,0,0,,0,4CAR,"MISSION ST","10TH ST",22.00,S,N,A,-,N,,,,,,,,,,N,4,0,1,2,A,-,04,21703,,N,C,C,A,A,H,-,A,A,0,,,Y,,Y,,C,02,0,0,1,0,0,0,0,0,1,"- ","- ",,,"SAN FRANCISCO","SAN FRANCISCO",-122.41596221923828,37.775238037109375
9446831,2022,2022-06-10,3801,2022-04-16,1348,104,INGLE,6,5,7,3801,0,0,0,,0,104,"GENEVA AV","PRAGUE ST",1100.00,E,N,B,-,N,,,,,,,,,,Y,2,0,1,2,A,-,11,21954,A,N,G,B,D,A,H,-,A,D,0,Y,,,,Y,,N,60,1,0,0,0,1,0,0,0,0,"- ","- ",,,"SAN FRANCISCO","SAN FRANCISCO",-122.42835235595703,37.711872100830078
9446858,2022,2022-07-13,3801,2022-05-04,1524,1534,INGLE,3,5,7,3801,0,0,0,,0,3H14D,"OSHAUGHNESSY BL","PORTOLA DR",0.00,,N,A,-,N,,,,,,,,,,N,4,0,1,2,A,-,03,22350,,N,C,-,A,A,H,-,A,A,0,,Y,,,Y,Y,A,01,0,0,1,0,0,0,1,0,0,"- ","- ",,,"SAN FRANCISCO","SAN FRANCISCO",-122.45160675048828,37.745479583740234
9446859,2022,2022-11-09,3801,2022-05-03,2309,1750,NORTH,2,5,7,3801,0,0,0,,0,0E3,"FILLMORE ST","FELL ST",0.00,,Y,A,-,N,,,,,,,,,,Y,4,0,4,3,A,-,01,23153,F,N,D,C,A,A,H,-,C,A,0,,,,,Y,,A,01,0,0,4,0,0,0,0,0,0,"- ","- ",,,"SAN FRANCISCO","SAN FRANCISCO",-122.43099975585938,37.774890899658203
9446860,2022,2022-06-16,3801,2022-05-05,2210,1184,MISSI,4,5,7,3801,0,0,0,,0,3D13E,"SOUTH VAN NESS AV","23RD ST",53.00,S,N,A,-,N,,,,,,,,,,Y,4,0,1,3,A,-,01,23153,,N,C,C,A,A,H,-,C,D,0,,,,,Y,Y,A,01,0,0,1,0,0,0,0,0,0,"- ","- ",,,"SAN FRANCISCO","SAN FRANCISCO",-122.41642761230469,37.753814697265625
9446865,2022,2022-10-27,3801,2022-05-08,0618,1157,BAYVI,7,5,7,3801,0,0,0,,0,3C11A,"BAYSHORE BL","BAYSHORE BL 1464",0.00,,N,A,-,N,,,,,,,,,,Y,4,0,3,3,A,-,03,22350,,N,B,-,A,A,H,-,A,A,0,,,,,Y,,A,01,0,0,3,0,0,0,0,0,0,"- ","- ",,,"SAN FRANCISCO","SAN FRANCISCO",-122.40431213378906,37.745937347412109
9446866,2022,2022-06-27,3801,2022-05-05,0852,1956,TARAV,4,5,7,3801,0,0,0,,0,2CAR,ULLOA,"21ST AV",0.00,,Y,A,-,N,,,,,,,,,,Y,4,0,2,2,A,-,03,22350,,N,D,C,A,A,H,-,A,D,0,,,,,Y,,A,07,0,0,2,0,0,0,0,0,0,"- ","- ",,,"SAN FRANCISCO","SAN FRANCISCO",-122.47770690917969,37.741077423095703
9446868,2022,2022-06-15,3801,2022-05-08,0454,2421,PARK,7,5,7,3801,0,0,0,,0,3B14,"MARKET ST","GUERRERO ST",0.00,,Y,-,-,N,,,,,,,,,,N,3,0,1,2,A,-,09,21453,B,N,G,B,B,A,H,-,C,A,0,Y,,,,Y,,A,01,0,1,0,0,1,0,0,0,0,"- ","- ",,,"SAN FRANCISCO","SAN FRANCISCO",-122.42485809326172,37.770748138427734
9446869,2022,2022-10-31,3801,2022-05-07,1731,1406,TENDE,6,5,7,3801,0,0,0,,0,,"EDDY ST","HYDE ST",0.00,,Y,A,-,N,,,,,,,,,,Y,4,0,1,2,A,-,12,21453,A,N,D,C,A,A,H,-,A,A,0,,,,,Y,,A,01,0,0,1,0,0,0,0,0,0,"- ","- ",,,"SAN FRANCISCO","SAN FRANCISCO",-122.41588592529297,37.783512115478516
9446870,2022,2022-06-21,3801,2022-05-06,1411,2450,INGLE,5,5,7,3801,0,0,0,,0,3H13C,"ALEMANY BL","ELLSWORTH ST",1000.00,E,N,A,-,N,,,,,,,,,,Y,3,0,2,5,A,-,09,21804,A,N,D,C,A,A,H,-,A,D,0,,,,,Y,,A,01,0,1,1,0,0,0,0,0,0,"- ","- ",,,"SAN FRANCISCO","SAN FRANCISCO",-122.41560363769531,37.732532501220703
9446871,2022,2022-06-15,3801,2022-05-08,0245,1402,SOUTH,7,5,7,3801,0,0,0,,0,3B12E,"CLARA ST","6TH ST",0.00,,Y,A,-,N,,,,,,,,,,Y,4,0,1,4,A,-,03,22350,,F,D,E,A,A,H,-,C,D,0,,,,,Y,,A,01,0,0,1,0,0,0,0,0,0,"- ","- ",,,"SAN FRANCISCO","SAN FRANCISCO",-122.40460968017578,37.777706146240234
9446876,2022,2022-06-16,3801,2022-05-14,1217,4117,TARAV,6,5,7,3801,0,0,0,,0,3I13A,"LAKEMERCED BL","MIDDLEFIELD DR",0.00,,Y,A,-,N,,,,,,,,,,Y,4,0,2,3,A,-,04,21703,,N,-,C,A,A,H,-,A,D,0,,,,,Y,,A,01,0,0,2,0,0,0,0,0,0,"- ","- ",,,"SAN FRANCISCO","SAN FRANCISCO",-122.48658752441406,37.729591369628906
9446879,2022,2022-06-16,3801,2022-05-12,2158,1454,NORTH,4,5,7,3801,0,0,0,,0,3E12E,"WEBSTER ST","GREENWICH ST",0.00,,Y,A,-,N,,,,,,,,,,N,3,0,2,2,A,-,01,23153,A,F,D,C,A,A,H,-,C,A,0,,,Y,,Y,Y,A,01,0,1,1,0,0,0,0,0,2,"- ","- ",,,"SAN FRANCISCO","SAN FRANCISCO",-122.43421173095703,37.799163818359375
9446886,2022,2022-05-26,3801,2022-04-11,0020,1096,CENTR,1,5,7,3801,0,0,0,,0,3A11E,"POST ST","LEAVENWOTH ST",0.00,,Y,A,-,N,,,,,,,,,,Y,3,0,2,2,A,-,12,21453,A,N,D,C,A,A,H,-,C,A,0,,,,,Y,,A,01,0,1,1,0,0,0,0,0,0,"- ","- ",,,"SAN FRANCISCO","SAN FRANCISCO",-122.41499328613281,37.787452697753906
9446889,2022,2022-05-19,3801,2022-04-09,1345,4274,RICHM,6,5,7,3801,0,0,0,,0,3G3C,"CALIFORNIA ST","14TH AV",0.00,,Y,A,-,N,,,,,,,,,,Y,4,0,1,2,D,-,00,,,N,D,C,A,A,H,-,A,A,0,,,,,Y,,-,"- ",0,0,1,0,0,0,0,0,0,"- ","- ",,,"SAN FRANCISCO","SAN FRANCISCO",-122.47312927246094,37.784431457519531
9446890,2022,2022-05-19,3801,2022-04-07,1020,1362,RICHM,4,5,7,3801,0,0,0,,0,3G3,"GEARY BL","15TH AV",0.00,,Y,A,-,N,,,,,,,,,,N,4,0,1,2,A,-,08,22107,,N,D,C,A,A,H,-,A,A,0,,,Y,,Y,,-,"- ",0,0,1,0,0,0,0,0,1,"- ","- ",,,"SAN FRANCISCO","SAN FRANCISCO",-122.47399139404297,37.780632019042969
9446893,2022,2022-05-19,3801,2022-04-08,1132,1931,NORTH,5,5,7,3801,0,0,0,,0,3E41C,"HAYES ST","VAN NESS AV",0.00,,Y,A,-,N,,,,,,,,,,N,3,0,1,2,A,-,00,21657,B,N,-,J,A,A,H,-,A,A,0,,,,,Y,,M,94,0,1,0,0,0,0,0,0,0,"- ","- ",,,"SAN FRANCISCO","SAN FRANCISCO",-122.419677734375,37.777294158935547
9446895,2022,2022-05-19,3801,2022-04-08,0910,2266,INGLE,5,5,7,3801,0,0,0,,0,3H11A,"PERSIA AV","NAPLES ST",0.00,,Y,A,-,N,,,,,,,,,,N,4,0,1,2,A,-,10,21950,A,N,G,B,B,A,H,-,A,A,0,Y,,,,Y,,A,01,0,0,1,0,1,0,0,0,0,"- ","- ",,,"SAN FRANCISCO","SAN FRANCISCO",-122.43121337890625,37.720863342285156
9446896,2022,2022-05-19,3801,2022-04-15,0545,2728,TENDE,5,5,7,3801,0,0,0,,0,908,"TAYLOR RD","EDDY ST",0.00,,Y,A,-,N,,,,,,,,,,Y,4,0,1,2,A,-,12,21457,A,N,D,C,A,A,H,-,C,A,0,,,,,Y,,A,01,0,0,1,0,0,0,0,0,0,"- ","- ",,,"SAN FRANCISCO","SAN FRANCISCO",-122.41094970703125,37.784160614013672
9446898,2022,2022-05-19,3801,2022-04-08,1920,2107,NORTH,5,5,7,3801,0,0,0,,0,3E14D,"LOMBARD ST","GOUGH ST",182.00,W,N,A,-,N,,,,,,,,,,N,3,0,3,3,A,-,08,22107,,F,B,C,A,A,H,-,C,D,0,,,,,Y,,A,01,0,1,2,0,0,0,0,0,0,"- ","- ",,,"SAN FRANCISCO","SAN FRANCISCO",-122.42844390869141,37.800819396972656
9446899,2022,2022-05-19,3801,2022-04-07,2119,2742,BAYVI,4,5,7,3801,0,0,0,,0,5C15E,"WALLACE AV","UNIVERSITY ST",0.00,,Y,A,-,N,,,,,,,,,,Y,4,0,2,2,A,-,08,22107,,F,A,C,A,A,H,-,C,D,0,,,,,Y,,A,07,0,0,2,0,0,0,0,0,0,"- ","- ",,,"SAN FRANCISCO","SAN FRANCISCO",,
9446900,2022,2022-05-19,3801,2022-04-08,1014,001460,SOUTH,5,5,7,3801,0,0,0,,0,3B5A,"2ND ST","CLEMENTINA ST",0.00,,Y,A,-,N,,,,,,,,,,N,3,0,1,2,A,-,07,21658,A,N,D,G,A,A,H,-,A,D,0,,Y,,,Y,,A,01,0,1,0,0,0,0,1,0,0,"- ","- ",,,"SAN FRANCISCO","SAN FRANCISCO",-122.39724731445312,37.785995483398438
9450255,2022,2022-06-18,3801,2022-03-31,1256,73,TRAFF,4,5,7,3801,0,0,0,,0,4B1B,"5TH ST","WELSH ST",17.00,N,N,A,-,N,,,,,,,,,,Y,3,0,2,2,B,-,22,,,N,C,C,A,A,H,-,A,D,0,,,,,Y,,J,48,0,1,1,0,0,0,0,0,0,"- ","- ",,,"SAN FRANCISCO","SAN FRANCISCO",-122.39978790283203,37.77740478515625
9450350,2022,2022-06-22,3801,2022-04-02,2238,4027,MISSI,6,5,7,3801,0,0,0,,0,3D13E,"CASTRO ST","21ST ST",50.00,S,N,A,-,N,,,,,,,,,,Y,4,0,2,4,A,-,03,22350,,N,A,E,A,A,H,-,C,A,0,,,,,Y,,A,01,0,0,2,0,0,0,0,0,0,"- ","- ",,,"SAN FRANCISCO","SAN FRANCISCO",-122.43451690673828,37.755992889404297
9450821,2022,2022-06-20,3801,2022-05-08,2155,2315,TENDE,7,5,7,3801,0,0,0,,0,3J12E,"TAYLOR ST","TURK ST",0.00,,Y,A,-,N,,,,,,,,,,N,4,0,1,2,A,-,08,22107,,N,B,G,A,A,-,-,C,A,0,,Y,,,Y,,L,04,0,0,1,0,0,0,1,0,0,"- ","- ",,,"SAN FRANCISCO","SAN FRANCISCO",-122.41078186035156,37.783206939697266
9453128,2022,2022-06-14,3801,2022-04-29,1419,2450,INGLE,5,5,7,3801,0,0,0,,0,3H3C,"SAN JOSE AV","ALEMANY BL",105.00,N,N,A,-,N,,,,,,,,,,N,4,0,1,2,B,-,22,,,N,C,-,A,A,H,-,A,D,0,,,,,Y,,D,22,0,0,1,0,0,0,0,0,0,"- ","- ",,,"SAN FRANCISCO","SAN FRANCISCO",-122.45687866210938,37.710296630859375
9453136,2022,2022-07-13,3801,2022-04-28,0819,2713,TARAV,4,5,7,3801,0,0,0,,0,5CAR,"JUNIPERO SERRA BL","19TH AV",0.00,,Y,A,-,Y,SF,4,1,-,R,0.680,I,5,N,N,4,0,1,2,A,-,08,22107,,N,D,C,A,A,H,-,A,A,0,,,,,Y,,A,01,0,0,1,0,0,0,0,0,0,"- ","- ",,,"SAN FRANCISCO","SAN FRANCISCO",-122.47254943847656,37.717258453369141
9453140,2022,2022-06-22,3801,2022-04-29,1507,709,BAYVI,5,5,7,3801,0,0,0,,0,3C15D,"VAN DYKE AV","LANE ST",15.00,E,N,A,-,N,,,,,,,,,,N,4,0,1,2,A,-,08,22107,,F,B,-,A,A,H,-,A,D,0,,,,,Y,,M,94,0,0,1,0,0,0,0,0,0,"- ","- ",,,"SAN FRANCISCO","SAN FRANCISCO",-122.39238739013672,37.729114532470703
9453151,2022,2022-06-16,3801,2022-05-23,1432,327,MISSI,1,5,7,3801,0,0,0,,0,3D16C,"HAMPSHIRE ST","19TH ST",0.00,,Y,A,-,N,,,,,,,,,,N,3,0,1,2,A,-,10,21950,A,N,A,B,D,A,H,-,A,A,0,Y,,,,Y,,D,22,0,1,0,0,1,0,0,0,0,"- ","- ",,,"SAN FRANCISCO","SAN FRANCISCO",-122.40805053710938,37.760608673095703
9453155,2022,2022-06-22,3801,2022-05-15,0855,610,MISSI,7,5,7,3801,0,0,0,,0,3D11A,"GUERRERO ST","24TH ST",0.00,,Y,A,-,N,,,,,,,,,,Y,4,0,4,3,A,-,12,21453,A,N,D,C,A,A,H,-,A,A,0,,,,,Y,,A,01,0,0,4,0,0,0,0,0,0,"- ","- ",,,"SAN FRANCISCO","SAN FRANCISCO",-122.42286682128906,37.752002716064453
9453160,2022,2022-06-16,3801,2022-05-05,1235,4356,INGLE,4,5,7,3801,0,0,0,,0,3H15A,"RUSSIA AV","MOSCOW ST",0.00,,Y,A,-,N,,,,,,,,,,Y,3,0,2,2,D,-,00,,,N,D,C,A,A,H,-,A,A,0,,,,,Y,,-,"- ",0,2,0,0,0,0,0,0,0,"- ","- ",,,"SAN FRANCISCO","SAN FRANCISCO",-122.42997741699219,37.718135833740234
9453171,2022,2022-10-31,3801,2022-05-27,0725,2461,SOUTH,5,5,7,3801,0,0,0,,0,3B13A,"THE EMBARCADERO","THE EMBARCADERO 675",0.00,,N,A,-,N,,,,,,,,,,N,3,0,1,2,B,-,22,,,N,H,A,A,A,H,-,A,A,0,,Y,,,Y,,L,04,0,1,0,0,0,0,1,0,0,"- ","- ",,,"SAN FRANCISCO","SAN FRANCISCO",-122.38925933837891,37.780281066894531
9453810,2022,2022-07-13,3801,2022-06-17,1306,2400,BAYVI,5,5,7,3801,0,0,0,,0,2-CAR,"NEWHALL ST","MCKINNON AV",93.00,N,N,A,-,N,,,,,,,,,,N,4,0,1,3,A,-,03,22350,,F,A,E,A,A,H,-,A,D,0,,,,,Y,,A,01,0,0,1,0,0,0,0,0,0,"- ","- ",,,"SAN FRANCISCO","SAN FRANCISCO",-122.39091491699219,37.737106323242188
9453814,2022,2022-07-19,3801,2022-06-14,1310,1124,TENDE,2,5,7,3801,0,0,0,,0,2CAR,"MARKET ST","MASON ST",0.00,,Y,A,-,N,,,,,,,,,,Y,3,0,1,2,A,-,08,22107,,N,D,C,A,-,H,-,A,A,0,,,Y,,Y,,C,02,0,1,0,0,0,0,0,0,1,"- ","- ",,,"SAN FRANCISCO","SAN FRANCISCO",-122.40908050537109,37.783233642578125
9453825,2022,2022-07-14,3801,2022-05-17,0736,1339,NORTH,2,5,7,3801,0,0,0,,0,,"GOUGH ST","PAGE ST",0.00,,Y,A,-,N,,,,,,,,,,N,3,0,1,2,A,-,12,21453,A,N,D,G,A,A,H,-,A,A,0,,Y,,,Y,,L,04,0,1,0,0,0,0,1,0,0,"- ","- ",,,"SAN FRANCISCO","SAN FRANCISCO",-122.42240905761719,37.774070739746094
9453837,2022,2022-07-22,3801,2022-04-20,1523,2455,CENTR,3,5,7,3801,0,0,0,,0,3A13D,"NORTH POINT","NORTH POINT 965",0.00,,-,A,-,N,,,,,,,,,,Y,4,0,2,2,A,-,03,22350,,N,C,C,A,A,H,-,A,D,0,,,,,Y,,A,08,0,0,2,0,0,0,0,0,0,"- ","- ",,,"SAN FRANCISCO","SAN FRANCISCO",-121.51058959960938,38.243637084960938
9453838,2022,2022-07-19,3801,2022-06-09,0738,1418,TARAV,4,5,7,3801,0,0,0,,0,0I1,"19TH AV","NORIEGA ST",5.00,N,N,A,-,N,,,,,,,,,,Y,3,0,2,2,C,-,18,,,N,C,C,A,A,H,-,A,D,0,,,,,Y,,-,"- ",0,1,1,0,0,0,0,0,0,"- ","- ",,,"SAN FRANCISCO","SAN FRANCISCO",-122.4764404296875,37.754234313964844
9453908,2022,2022-07-15,3801,2022-06-24,2339,592,TENDE,5,5,7,3801,0,0,0,,0,3J14E,"4TH ST","MISSION ST",148.00,N,N,A,-,N,,,,,,,,,,Y,4,0,1,2,A,-,03,22350,,N,C,C,A,A,H,-,C,A,0,,,,,Y,,A,01,0,0,1,0,0,0,0,0,0,"- ","- ",,,"SAN FRANCISCO","SAN FRANCISCO",-122.40460968017578,37.784816741943359
9453909,2022,2022-07-15,3801,2022-06-24,2235,1207,TENDE,5,5,7,3801,0,0,0,,0,0J1,"MARKET ST","HYDE ST",332.00,W,N,A,-,N,,,,,,,,,,N,3,0,1,1,B,-,22,,,N,F,A,A,A,H,-,C,D,0,,Y,,,Y,Y,L,04,0,1,0,0,0,0,1,0,0,"- ","- ",,,"SAN FRANCISCO","SAN FRANCISCO",-122.41558837890625,37.778079986572266
9453910,2022,2022-07-15,3801,2022-06-25,0915,1438,INGLE,6,5,7,3801,0,0,0,,0,5CAR,"RUSSIA AV","LONDON ST",0.00,,Y,A,-,N,,,,,,,,,,N,3,0,1,2,A,-,12,22450,A,F,D,C,A,A,H,-,A,A,0,,,,,Y,,A,01,0,1,0,0,0,0,0,0,0,"- ","- ",,,"SAN FRANCISCO","SAN FRANCISCO",-122.43637084960938,37.721195220947266
9453915,2022,2022-07-15,3801,2022-06-24,0901,118,MISSI,5,5,7,3801,0,0,0,,0,3D15A,"13TH ST","S VAN NESS AV",0.00,,N,A,-,N,,,,,,,,,,N,4,0,1,2,A,-,09,21800,A,N,D,C,A,A,H,-,A,A,0,,,Y,,Y,,C,02,0,0,1,0,0,0,0,0,1,"- ","- ",,,"SAN FRANCISCO","SAN FRANCISCO",-122.41777801513672,37.7696533203125
9453919,2022,2022-07-20,3801,2022-06-13,1245,1826,CENTR,1,5,7,3801,0,0,0,,0,003,"COLUMBUS AV","BAY ST",0.00,,Y,A,-,N,,,,,,,,,,Y,3,0,1,2,A,-,09,21802,A,N,D,C,A,A,H,-,A,A,0,,,Y,,Y,,A,01,0,1,0,0,0,0,0,0,1,"- ","- ",,,"SAN FRANCISCO","SAN FRANCISCO",-122.41719818115234,37.805194854736328
9453922,2022,2022-07-14,3801,2022-06-27,1106,1693,BAYVI,1,5,7,3801,0,0,0,,0,901,"ILLINOIS ST","25TH ST",377.00,S,N,A,-,N,,,,,,,,,,Y,3,0,1,2,A,-,08,22102,,N,D,C,A,A,H,-,A,D,0,,,,,Y,,A,07,0,1,0,0,0,0,0,0,0,"- ","- ",37.751800537109375,-122.38677978515625,"SAN FRANCISCO","SAN FRANCISCO",-122.38676452636719,37.751865386962891
9453923,2022,2022-07-19,3801,2022-06-16,0655,1938,NORTH,4,5,7,3801,0,0,0,,0,3CAR,"VAN NESS AV","OFARRELL ST",0.00,,Y,A,-,N,,,,,,,,,,Y,4,0,2,2,A,-,12,21453,A,N,D,-,A,-,H,-,A,A,0,,,,,Y,,A,01,0,0,2,0,0,0,0,0,0,"- ","- ",,,"SAN FRANCISCO","SAN FRANCISCO",-122.42111968994141,37.784763336181641
9453924,2022,2022-07-19,3801,2022-06-14,1932,2215,NORTH,2,5,7,3801,0,0,0,,0,3E13D,"POLK ST","MCALLISTER ST",1.00,S,N,A,-,N,,,,,,,,,,N,4,0,1,2,A,-,09,21801,,N,D,-,A,A,H,-,A,A,0,,,,,Y,,A,01,0,0,1,0,0,0,0,0,0,"- ","- ",,,"SAN FRANCISCO","SAN FRANCISCO",-122.41860198974609,37.780265808105469
9453926,2022,2022-07-14,3801,2022-06-12,1340,327,MISSI,7,5,7,3801,0,0,0,,0,3D2C,"MISSION ST","23RD ST",0.00,,Y,A,-,N,,,,,,,,,,N,4,0,1,2,A,-,17,21235,G,N,D,C,A,A,H,-,A,A,0,,,Y,,Y,,C,03,0,0,1,0,0,0,0,0,1,"- ","- ",,,"SAN FRANCISCO","SAN FRANCISCO",-122.41860198974609,37.753829956054688
9453928,2022,2022-07-14,3801,2022-06-10,2209,2167,NORTH,5,5,7,3801,0,0,0,,0,3E13E,"POLK ST","OFARRELL ST",0.00,,Y,A,-,N,,,,,,,,,,N,3,0,1,2,A,-,08,22107,,F,D,G,A,A,H,-,C,A,0,,Y,,,Y,,-,,0,1,0,0,0,0,1,0,0,"- ","- ",,,"SAN FRANCISCO","SAN FRANCISCO",-122.41954803466797,37.784969329833984
9453929,2022,2022-07-14,3801,2022-06-10,1442,2017,MISSI,5,5,7,3801,0,0,0,,0,,"S VAN NESS AV","18TH ST",42.00,S,N,A,-,N,,,,,,,,,,N,4,0,1,2,A,-,04,21703,,F,C,C,A,A,H,-,A,A,0,,,,,Y,,A,01,0,0,1,0,0,0,0,0,0,"- ","- ",,,"SAN FRANCISCO","SAN FRANCISCO",-122.41719055175781,37.761833190917969
9453930,2022,2022-07-14,3801,2022-06-08,1123,392,MISSI,3,5,7,3801,0,0,0,,0,3D14A,"HOWARD ST","06TH ST",174.00,N,N,A,-,N,,,,,,,,,,N,4,0,1,1,A,-,17,21208,A,N,E,I,A,A,H,-,A,D,0,,,,,Y,,M,94,0,0,1,0,0,0,0,0,0,"- ","- ",,,"SAN FRANCISCO","SAN FRANCISCO",,
9453937,2022,2022-07-14,3801,2022-06-25,0135,1336,NORTH,6,5,7,3801,0,0,0,,0,0E1,"OCTAVIA ST","HAIGHT ST",0.00,,Y,A,-,N,,,,,,,,,,Y,4,0,2,2,A,-,08,22101,D,N,D,C,A,A,H,-,C,A,0,,,,,Y,,A,01,0,0,2,0,0,0,0,0,0,"- ","- ",,,"SAN FRANCISCO","SAN FRANCISCO",-122.42392730712891,37.772964477539062
9453939,2022,2022-07-14,3801,2022-06-23,1206,2404,MISSI,4,5,7,3801,0,0,0,,0,MISSIO,"POTRERO ST","16TH ST",0.00,,Y,A,-,N,,,,,,,,,,Y,4,0,1,2,A,-,08,22107,,N,A,C,A,A,H,-,A,A,0,,,Y,,Y,,-,,0,0,1,0,0,0,0,0,1,"- ","- ",,,"SAN FRANCISCO","SAN FRANCISCO",-122.40756225585938,37.765773773193359
9453941,2022,2022-07-15,3801,2022-06-26,1526,2215,NORTH,7,5,7,3801,0,0,0,,0,3E13D,"VAN NESS AV","GROVE ST",21.00,N,N,A,-,N,,,,,,,,,,Y,2,0,1,2,A,-,10,21950,,F,G,B,B,A,H,-,A,A,0,Y,,,,Y,,A,01,1,0,0,0,1,0,0,0,0,"- ","- ",,,"SAN FRANCISCO","SAN FRANCISCO",-122.41983032226562,37.778316497802734
9453943,2022,2022-07-15,3801,2022-06-23,1802,1149,MISSI,4,5,7,3801,0,0,0,,0,3D16D,"18TH ST","FOLSOM ST",0.00,,Y,A,-,N,,,,,,,,,,N,4,0,1,2,A,-,04,21703,,F,C,C,A,A,H,-,A,A,0,,,,,Y,,A,01,0,0,1,0,0,0,0,0,0,"- ","- ",,,"SAN FRANCISCO","SAN FRANCISCO",-122.41499328613281,37.762100219726562
9453947,2022,2022-07-14,3801,2022-06-25,0950,392,MISSI,6,5,7,3801,0,0,0,,0,3D14A,"14TH ST","GUERRERO ST",235.00,E,N,A,-,N,,,,,,,,,,N,3,0,1,2,A,-,08,22107,,N,H,G,A,A,H,-,A,D,0,,Y,,,Y,,A,01,0,1,0,0,0,0,1,0,0,"- ","- ",,,"SAN FRANCISCO","SAN FRANCISCO",-122.42359924316406,37.76806640625
9453951,2022,2022-07-14,3801,2022-06-19,1403,2450,INGLE,7,5,7,3801,0,0,0,,0,3H3C,"MISSION ST","EXCELSIOR AV",253.00,S,N,A,-,N,,,,,,,,,,Y,3,0,1,2,A,-,08,22107,,F,B,C,A,A,H,-,A,D,0,,,,,Y,,A,07,0,1,0,0,0,0,0,0,0,"- ","- ",,,"SAN FRANCISCO","SAN FRANCISCO",-122.43409729003906,37.72564697265625
9453953,2022,2022-12-06,3801,2022-06-18,1513,1345,MISSI,6,5,7,3801,0,0,0,,0,0D6,"POTRERO AV","15TH ST",0.00,,Y,A,-,N,,,,,,,,,,Y,4,0,3,2,D,-,00,,,N,D,C,A,A,H,-,A,A,0,,,,,Y,,-,"- ",0,0,3,0,0,0,0,0,0,"- ","- ",,,"SAN FRANCISCO","SAN FRANCISCO",-122.40766906738281,37.767097473144531
9453956,2022,2022-07-14,3801,2022-06-18,1914,2268,INGLE,6,5,7,3801,0,0,0,,0,3H13D,"PORTOLA DR","OSHAUGHNESSY BL",120.00,E,N,A,-,N,,,,,,,,,,Y,3,0,3,2,A,-,08,22107,,N,B,C,A,A,H,-,A,D,0,,,,,Y,,A,01,0,2,1,0,0,0,0,0,0,"- ","- ",,,"SAN FRANCISCO","SAN FRANCISCO",-122.45122528076172,37.74560546875
9453957,2022,2022-08-11,3801,2022-06-18,0158,341,NORTH,6,5,7,3801,0,0,0,,0,3E15E,"LOMBARD ST","FILLMORE ST",0.00,,Y,A,-,N,,,,,,,,,,N,2,0,1,2,A,-,11,21950,B,F,G,-,B,A,-,-,C,A,0,Y,,,,Y,,N,60,1,0,0,0,1,0,0,0,0,"- ","- ",,,"SAN FRANCISCO","SAN FRANCISCO",-122.43605041503906,37.799846649169922