CASE_ID,ACCIDENT_YEAR,PROC_DATE,JURIS,COLLISION_DATE,COLLISION_TIME,OFFICER_ID,REPORTING_DISTRICT,DAY_OF_WEEK,CHP_SHIFT,POPULATION,CNTY_CITY_LOC,SPECIAL_COND,BEAT_TYPE,CHP_BEAT_TYPE,CITY_DIVISION_LAPD,CHP_BEAT_CLASS,BEAT_NUMBER,PRIMARY_RD,SECONDARY_RD,DISTANCE,DIRECTION,INTERSECTION,WEATHER_1,WEATHER_2,STATE_HWY_IND,CALTRANS_COUNTY,CALTRANS_DISTRICT,STATE_ROUTE,ROUTE_SUFFIX,POSTMILE_PREFIX,POSTMILE,LOCATION_TYPE,RAMP_INTERSECTION,SIDE_OF_HWY,TOW_AWAY,COLLISION_SEVERITY,NUMBER_KILLED,NUMBER_INJURED,PARTY_COUNT,PRIMARY_COLL_FACTOR,PCF_CODE_OF_VIOL,PCF_VIOL_CATEGORY,PCF_VIOLATION,PCF_VIOL_SUBSECTION,HIT_AND_RUN,TYPE_OF_COLLISION,MVIW,PED_ACTION,ROAD_SURFACE,ROAD_COND_1,ROAD_COND_2,LIGHTING,CONTROL_DEVICE,CHP_ROAD_TYPE,PEDESTRIAN_ACCIDENT,BICYCLE_ACCIDENT,MOTORCYCLE_ACCIDENT,TRUCK_ACCIDENT,NOT_PRIVATE_PROPERTY,ALCOHOL_INVOLVED,STWD_VEHTYPE_AT_FAULT,CHP_VEHTYPE_AT_FAULT,COUNT_SEVERE_INJ,COUNT_VISIBLE_INJ,COUNT_COMPLAINT_PAIN,COUNT_PED_KILLED,COUNT_PED_INJURED,COUNT_BICYCLIST_KILLED,COUNT_BICYCLIST_INJURED,COUNT_MC_KILLED,COUNT_MC_INJURED,PRIMARY_RAMP,SECONDARY_RAMP,LATITUDE,LONGITUDE,COUNTY,CITY,POINT_X,POINT_Y
9453958,2022,2022-07-14,3801,2022-06-22,0835,1273,CENTR,3,5,7,3801,0,0,0,,0,3A2A,"KEARNY ST","PINE ST",250.00,S,N,A,-,N,,,,,,,,,,N,4,0,1,3,A,-,08,22107,,N,B,C,A,A,H,-,A,A,0,,,,,Y,Y,A,01,0,0,1,0,0,0,0,0,0,"- ","- ",,,"SAN FRANCISCO","SAN FRANCISCO",-122.40407562255859,37.791011810302734
9453960,2022,2022-07-14,3801,2022-06-17,2051,2167,NORTH,5,5,7,3801,0,0,0,,0,3E13E,"FRANKLIN ST","POST ST",0.00,,Y,A,-,N,,,,,,,,,,Y,2,0,2,2,A,-,08,22107,,F,D,C,A,A,H,-,C,A,0,,,,,Y,,A,01,1,0,1,0,0,0,0,0,0,"- ","- ",,,"SAN FRANCISCO","SAN FRANCISCO",-122.42320251464844,37.786399841308594
9453964,2022,2022-07-14,3801,2022-06-21,2221,A22887,RICHM,2,5,7,3801,0,0,0,,0,3G13E,"FULTON ST","20TH AV",60.00,W,N,A,-,N,,,,,,,,,,Y,4,0,1,3,A,-,03,22350,,F,C,C,A,A,H,-,C,D,0,,,,,Y,,A,01,0,0,1,0,0,0,0,0,0,"- ","- ",,,"SAN FRANCISCO","SAN FRANCISCO",-122.47903442382812,37.772800445556641
9453965,2022,2022-07-14,3801,2022-06-23,2345,1096,CENTR,4,5,7,3801,0,0,0,,0,3A14E,"THE EMBARCADERO NORTH","BAY ST",235.00,S,N,B,-,N,,,,,,,,,,N,2,0,1,2,A,-,05,21651,,N,A,G,A,A,H,-,C,D,0,,Y,,,Y,,L,04,1,0,0,0,0,0,1,0,0,"- ","- ",,,"SAN FRANCISCO","SAN FRANCISCO",-122.40528106689453,37.806285858154297
9453966,2022,2022-08-11,3801,2022-06-19,1341,1250,SOUTH,7,5,7,3801,0,0,0,,0,3B14A,"9TH ST","MISSION ST",0.00,,Y,A,-,N,,,,,,,,,,N,4,0,2,2,A,-,08,22107,,N,B,C,A,A,H,-,A,D,0,,,,,Y,,A,01,0,0,2,0,0,0,0,0,0,"- ","- ",,,"SAN FRANCISCO","SAN FRANCISCO",-122.41471862792969,37.776241302490234
9453969,2022,2022-07-14,3801,2022-06-12,0915,310,SOUTH,7,5,7,3801,0,0,0,,0,3B13A,"MISSION ST","7TH ST",91.00,W,N,A,-,N,,,,,,,,,,N,4,0,1,2,A,-,09,21801,A,F,D,C,A,A,H,-,A,D,0,,,,,Y,,A,07,0,0,1,0,0,0,0,0,0,"- ","- ",,,"SAN FRANCISCO","SAN FRANCISCO",-122.41112518310547,37.779037475585938
9453971,2022,2022-07-14,3801,2022-01-18,1855,1216,BAYVI,2,5,7,3801,0,0,0,,0,3C14D,"SILVER AV","YALE ST",0.00,,Y,A,-,N,,,,,,,,,,N,4,0,1,2,A,-,09,21801,A,N,G,B,E,A,H,-,C,A,0,Y,,,,Y,,A,01,0,0,1,0,1,0,0,0,0,"- ","- ",,,"SAN FRANCISCO","SAN FRANCISCO",-122.41838073730469,37.729045867919922
9453973,2022,2022-07-14,3801,2022-06-24,1301,1696,NORTH,5,5,7,3801,0,0,0,,0,3E15D,"LOMBARD ST","SCOTT ST",0.00,,Y,A,-,N,,,,,,,,,,Y,4,0,1,2,A,-,00,22453,A,N,D,C,A,A,H,-,A,A,0,,,,,Y,,A,01,0,0,1,0,0,0,0,0,0,"- ","- ",,,"SAN FRANCISCO","SAN FRANCISCO",-122.44100189208984,37.799209594726562
9453977,2022,2022-07-14,3801,2022-06-26,2312,2499,TARAV,7,5,7,3801,0,0,0,,0,3I16E,"GENEVA AV","OCEAN AV",0.00,,Y,A,-,N,,,,,,,,,,Y,3,0,1,1,A,-,03,22350,A,N,E,I,A,A,H,-,C,A,0,,,,,Y,,A,07,0,1,0,0,0,0,0,0,0,"- ","- ",,,"SAN FRANCISCO","SAN FRANCISCO",-122.45233154296875,37.723068237304688
9453978,2022,2022-07-14,3801,2022-06-24,2113,359,TARAV,5,5,7,3801,0,0,0,,0,3I2E,"19TH AV","TARAVAL ST",96.00,S,N,A,-,N,,,,,,,,,,N,3,0,4,3,A,-,03,22350,,N,B,-,A,A,-,-,C,A,0,,,,,Y,,A,01,0,3,1,0,0,0,0,0,0,"- ","- ",,,"SAN FRANCISCO","SAN FRANCISCO",-122.47564697265625,37.742717742919922
9453980,2022,2022-07-14,3801,2022-06-23,0715,432,MISSI,4,5,7,3801,0,0,0,,0,3D11A,"17TH ST","FOLSOM ST",0.00,,Y,A,-,N,,,,,,,,,,N,3,0,1,2,A,-,08,22107,,N,B,G,A,A,H,-,A,D,0,,Y,,,Y,,A,01,0,1,0,0,0,0,1,0,0,"- ","- ",,,"SAN FRANCISCO","SAN FRANCISCO",-122.41515350341797,37.763694763183594
9453987,2022,2022-07-15,3801,2022-06-12,1237,4286,RICHM,7,5,7,3801,0,0,0,,0,0G4,"FULTON ST","22ND AV",0.00,,Y,A,-,N,,,,,,,,,,Y,4,0,2,2,A,-,12,21453,A,N,D,C,A,A,H,-,A,A,0,,,,,Y,,A,01,0,0,2,0,0,0,0,0,0,"- ","- ",,,"SAN FRANCISCO","SAN FRANCISCO",-122.48098754882812,37.772712707519531
9453991,2022,2022-08-31,3801,2022-06-11,0847,242,NORTH,6,5,7,3801,0,0,0,,0,901,"SCOTT ST","FILBERT ST",31.00,N,N,A,-,N,,,,,,,,,,N,3,0,2,2,C,-,18,,,N,C,-,A,A,H,-,A,D,0,,Y,,,Y,,-,"- ",0,2,0,0,0,0,2,0,0,"- ","- ",,,"SAN FRANCISCO","SAN FRANCISCO",-122.44063568115234,37.797473907470703
9453993,2022,2022-07-15,3801,2022-06-10,1813,2093,NORTH,5,5,7,3801,0,0,0,,0,3E14D,"CALIFORNIA ST","FILLMORE ST",0.00,,Y,A,-,N,,,,,,,,,,N,4,0,1,2,A,-,09,21801,A,N,D,G,A,A,H,-,A,A,0,,Y,,,Y,,A,07,0,0,1,0,0,0,1,0,0,"- ","- ",,,"SAN FRANCISCO","SAN FRANCISCO",-122.43382263183594,37.788913726806641
9453997,2022,2022-07-18,3801,2022-06-09,1830,101,INGLE,4,5,7,3801,0,0,0,,0,3H16D,"BAYSHORE BL","SUNNYDALE AV",0.00,,Y,A,-,N,,,,,,,,,,Y,4,0,1,2,A,-,12,21453,A,F,D,C,A,A,H,-,A,A,0,,,,,Y,,-,,0,0,1,0,0,0,0,0,0,"- ","- ",,,"SAN FRANCISCO","SAN FRANCISCO",-122.40522766113281,37.708900451660156
9453998,2022,2022-07-18,3801,2022-06-09,0045,1871,INGLE,4,5,7,3801,0,0,0,,0,901,"VISTACION AV","CORA ST",28.00,N,N,A,-,N,,,,,,,,,,Y,4,0,1,3,A,-,01,23152,A,N,B,E,A,A,H,-,C,A,0,,,,,Y,Y,A,07,0,0,1,0,0,0,0,0,0,"- ","- ",,,"SAN FRANCISCO","SAN FRANCISCO",-122.40892028808594,37.711734771728516
9454001,2022,2023-08-22,3801,2022-06-14,0806,156,BAYVI,2,5,7,3801,0,0,0,,0,3C60,"3RD ST","CESAR CHAVEZ ST",0.00,,Y,A,-,N,,,,,,,,,,Y,3,0,1,2,A,-,17,21451,A,N,B,C,A,A,H,-,A,A,0,,,Y,,Y,,C,02,0,1,0,0,0,0,0,0,1,"- ","- ",,,"SAN FRANCISCO","SAN FRANCISCO",-122.38768768310547,37.750228881835938
9454002,2022,2022-07-15,3801,2022-06-19,0210,481,CENTR,7,5,7,3801,0,0,0,,0,3A13E,BROADWAY,"LARKIN ST",0.00,,Y,A,-,N,,,,,,,,,,N,4,0,1,1,A,-,03,22350,,N,F,A,A,A,H,-,C,D,0,,,,,Y,Y,M,94,0,0,1,0,0,0,0,0,0,"- ","- ",,,"SAN FRANCISCO","SAN FRANCISCO",-122.42012786865234,37.796218872070312
9454004,2022,2022-07-15,3801,2022-06-18,0440,1096,CENTR,6,5,7,3801,0,0,0,,0,3A14E,"LOMBARD ST","THE EMBARCADERO",0.00,,Y,A,-,N,,,,,,,,,,Y,3,0,1,1,A,-,03,22350,,F,E,I,A,A,H,-,C,A,0,,,,,Y,,A,01,0,1,0,0,0,0,0,0,0,"- ","- ",,,"SAN FRANCISCO","SAN FRANCISCO",-122.40220642089844,37.804168701171875
9454005,2022,2022-07-14,3801,2022-06-18,0209,1429,CENTR,6,5,7,3801,0,0,0,,0,3A11E,"JONES ST","CALIFORNIA ST",0.00,,Y,A,-,N,,,,,,,,,,N,3,0,1,3,A,-,08,22107,,F,B,C,E,A,H,-,C,A,0,Y,,,,Y,,A,01,0,1,0,0,1,0,0,0,0,"- ","- ",,,"SAN FRANCISCO","SAN FRANCISCO",-122.41410827636719,37.791423797607422
9454006,2022,2022-07-14,3801,2022-06-17,1206,1250,SOUTH,5,5,7,3801,0,0,0,,0,3B14A,"HARRISON ST","9TH ST",0.00,,Y,A,-,N,,,,,,,,,,N,3,0,1,2,A,-,09,21804,A,N,D,C,A,A,H,-,A,D,0,,,Y,,Y,,D,22,0,1,0,0,0,0,0,0,1,"- ","- ",,,"SAN FRANCISCO","SAN FRANCISCO",-122.41004943847656,37.772533416748047
9454008,2022,2022-07-14,3801,2022-06-13,1620,4358,BAYVI,1,5,7,3801,0,0,0,,0,901,"REVERE AV",POR,40.00,E,N,A,-,N,,,,,,,,,,Y,4,0,1,2,A,-,09,21801,A,N,D,C,A,A,H,-,A,A,0,,,,,Y,,A,01,0,0,1,0,0,0,0,0,0,"- ","- ",,,"SAN FRANCISCO","SAN FRANCISCO",,
9454009,2022,2022-07-21,3801,2022-06-12,1856,1511,BAYVI,7,5,7,3801,0,0,0,,0,,"FELTON ST","BOWDOIN ST",0.00,,Y,A,-,N,,,,,,,,,,Y,3,0,4,4,A,-,09,21802,A,N,D,E,-,A,H,-,A,A,0,Y,,,,Y,,A,01,0,4,0,0,1,0,0,0,0,"- ","- ",,,"SAN FRANCISCO","SAN FRANCISCO",-122.41151428222656,37.728233337402344
9454011,2022,2022-07-14,3801,2022-06-03,0239,1166,INGLE,5,5,7,3801,0,0,0,,0,3H16E,"MISSION ST","30TH ST",0.00,,Y,A,-,N,,,,,,,,,,N,4,0,1,2,A,-,03,22350,,F,C,C,A,A,H,-,C,A,0,,,Y,,Y,,A,08,0,0,1,0,0,0,0,0,1,"- ","- ",,,"SAN FRANCISCO","SAN FRANCISCO",-122.42195892333984,37.742389678955078
9454012,2022,2022-07-14,3801,2022-06-01,1623,2379,INGLE,3,5,7,3801,0,0,0,,0,3H15D,"SAN JOSE AV","29TH ST",0.00,,Y,A,-,N,,,,,,,,,,N,3,0,1,2,A,-,06,21755,A,N,B,C,A,A,H,-,A,D,0,,,Y,,Y,,C,02,0,1,0,0,0,0,0,0,1,"- ","- ",,,"SAN FRANCISCO","SAN FRANCISCO",-122.42275238037109,37.743930816650391
9454014,2022,2022-07-14,3801,2022-06-06,1616,2141,TARAV,1,5,7,3801,0,0,0,,0,3I16D,"19TH AV","BUCKINGHAM WY",0.00,,Y,A,-,N,,,,,,,,,,N,4,0,1,2,A,-,04,21703,,N,C,C,A,A,H,-,A,A,0,,,,,Y,,A,01,0,0,1,0,0,0,0,0,0,"- ","- ",,,"SAN FRANCISCO","SAN FRANCISCO",-122.47509765625,37.725715637207031
9454015,2022,2022-07-14,3801,2022-06-03,0154,483,MISSI,5,5,7,3801,0,0,0,,0,001,"18TH ST","VALENCIA ST",90.00,W,N,A,-,N,,,,,,,,,,N,3,0,1,1,D,-,00,,,N,H,A,A,A,H,-,C,D,0,,,Y,,Y,Y,-,"- ",0,1,0,0,0,0,0,0,1,"- ","- ",,,"SAN FRANCISCO","SAN FRANCISCO",-122.42186737060547,37.761692047119141
9454016,2022,2022-07-14,3801,2022-06-04,0139,2035,MISSI,6,5,7,3801,0,0,0,,0,3D14E,"FOLSOM ST","15TH ST",0.00,,Y,A,-,N,,,,,,,,,,Y,3,0,1,2,A,-,12,21453,A,F,D,C,A,A,H,-,C,A,0,,,,,Y,,A,01,0,1,0,0,0,0,0,0,0,"- ","- ",,,"SAN FRANCISCO","SAN FRANCISCO",-122.41545867919922,37.766933441162109
9454017,2022,2022-07-14,3801,2022-06-03,0955,1502,MISSI,5,5,7,3801,0,0,0,,0,3D15A,"18TH ST","DOUGLASS ST",0.00,,Y,A,-,N,,,,,,,,,,N,2,0,1,2,A,-,12,22450,A,N,D,J,A,A,H,-,A,A,0,,,,,Y,,-,,1,0,0,0,0,0,0,0,0,"- ","- ",,,"SAN FRANCISCO","SAN FRANCISCO",-122.4393310546875,37.760616302490234
9454018,2022,2022-07-14,3801,2022-06-03,2031,2017,MISSI,5,5,7,3801,0,0,0,,0,3D16D,"SOUTH VAN NESS AV","15TH ST",101.00,S,N,A,-,N,,,,,,,,,,N,3,0,1,2,A,-,09,21801,A,N,D,C,A,A,H,-,C,A,0,,,Y,,Y,,A,01,0,1,0,0,0,0,0,0,1,"- ","- ",,,"SAN FRANCISCO","SAN FRANCISCO",-122.41761779785156,37.766521453857422
9454019,2022,2022-07-14,3801,2022-06-04,2118,203,MISSI,6,5,7,3801,0,0,0,,0,,"BRYANT ST","21ST ST",179.00,N,N,A,-,N,,,,,,,,,,Y,3,0,1,1,A,-,03,22350,,N,H,A,A,A,H,-,C,D,0,,,Y,,Y,,C,03,0,1,0,0,0,0,0,0,1,"- ","- ",,,"SAN FRANCISCO","SAN FRANCISCO",-122.40964508056641,37.758079528808594
9454021,2022,2022-07-15,3801,2022-06-05,2131,2167,NORTH,7,5,7,3801,0,0,0,,0,3E13D,"FRANKLIN ST","EDDY ST",0.00,,Y,A,-,N,,,,,,,,,,N,2,0,1,3,A,-,10,21950,C,F,G,B,E,A,H,-,C,A,0,Y,,,,Y,,-,,1,0,0,0,1,0,0,0,0,"- ","- ",,,"SAN FRANCISCO","SAN FRANCISCO",-122.42243957519531,37.782665252685547
9454022,2022,2022-07-15,3801,2022-06-06,1725,1371,NORTH,1,5,7,3801,0,0,0,,0,001,"WEBSTER ST","LINDEN ST",62.00,S,N,A,-,N,,,,,,,,,,N,4,0,1,2,A,-,04,21703,,N,C,D,A,A,H,-,A,A,0,,,,,Y,,A,01,0,0,1,0,0,0,0,0,0,"- ","- ",,,"SAN FRANCISCO","SAN FRANCISCO",-122.42939758300781,37.775413513183594
9454023,2022,2022-07-15,3801,2022-06-03,2300,1463,SOUTH,5,5,7,3801,0,0,0,,0,0J1,"MARKET ST","7TH ST",0.00,,Y,B,-,N,,,,,,,,,,N,2,0,1,1,A,-,03,22350,,N,H,A,A,A,H,-,C,A,0,,Y,,,Y,,L,04,1,0,0,0,0,0,1,0,0,"- ","- ",,,"SAN FRANCISCO","SAN FRANCISCO",-122.41251373291016,37.780479431152344
9454024,2022,2022-07-15,3801,2022-06-05,0920,2485,CENTR,7,5,7,3801,0,0,0,,0,5CAR,"CLAY ST","DAVIS ST",0.00,,Y,C,-,N,,,,,,,,,,N,4,0,1,2,A,-,07,21658,,N,D,C,A,B,H,-,A,A,0,,,Y,,Y,,C,02,0,0,1,0,0,0,0,0,1,"- ","- ",,,"SAN FRANCISCO","SAN FRANCISCO",-122.39797973632812,37.795291900634766
9454027,2022,2022-07-15,3801,2022-06-09,1941,2401,BAYVI,4,5,7,3801,0,0,0,,0,3C11D,"PENNSYLVANIA AV","CESAR CHAVEZ ST",0.00,,Y,A,-,N,,,,,,,,,,N,4,0,1,1,A,-,03,22350,,N,E,-,A,A,H,-,B,A,0,,,Y,,Y,,C,02,0,0,1,0,0,0,0,0,1,"- ","- ",,,"SAN FRANCISCO","SAN FRANCISCO",-122.39242553710938,37.750049591064453
9454028,2022,2022-07-15,3801,2022-06-09,0450,2469,BAYVI,4,5,7,3801,0,0,0,,0,,"9TH ST","FOLSOM ST",0.00,,Y,A,-,N,,,,,,,,,,N,2,0,1,2,A,-,04,21703,,F,C,C,A,A,H,-,C,A,0,,,,,Y,,A,07,1,0,0,0,0,0,0,0,0,"- ","- ",,,"SAN FRANCISCO","SAN FRANCISCO",-122.41161346435547,37.773773193359375
9454030,2022,2022-07-15,3801,2022-06-04,1538,681,SOUTH,6,5,7,3801,0,0,0,,0,3B15D,"KING ST","5TH ST",0.00,,Y,B,-,N,,,,,,,,,,Y,4,0,1,2,A,-,03,22350,,N,C,C,A,A,H,-,A,A,0,,,,,Y,,A,01,0,0,1,0,0,0,0,0,0,"- ","- ",,,"SAN FRANCISCO","SAN FRANCISCO",-122.39634704589844,37.774654388427734
9454034,2022,2022-07-15,3801,2022-06-11,1512,1368,CENTR,6,5,7,3801,0,0,0,,0,3A13D,"EMBARCADERO NORTH","BROADWAY ST",0.00,,Y,A,-,N,,,,,,,,,,Y,3,0,1,2,D,-,00,,,N,D,C,A,A,H,-,A,A,0,,,Y,,Y,,-,"- ",0,1,0,0,0,0,0,0,1,"- ","- ",,,"SAN FRANCISCO","SAN FRANCISCO",-122.39775848388672,37.799182891845703
9454035,2022,2022-07-15,3801,2022-06-01,1623,2141,TARAV,3,5,7,3801,0,0,0,,0,3I11D,"LINCOLN WY","9TH AV",63.00,W,N,A,-,N,,,,,,,,,,N,4,0,1,2,A,-,04,21703,,N,C,C,A,A,H,-,A,A,0,,,,,Y,Y,A,01,0,0,1,0,0,0,0,0,0,"- ","- ",,,"SAN FRANCISCO","SAN FRANCISCO",-122.46665954589844,37.765922546386719
9454036,2022,2022-07-15,3801,2022-06-01,1110,801,SOUTH,3,5,7,3801,0,0,0,,0,03J,"9TH ST","MISSION ST",30.00,N,N,A,-,N,,,,,,,,,,N,4,0,1,2,A,-,08,22107,,N,B,C,A,A,H,-,A,-,0,,,,,Y,,-,,0,0,1,0,0,0,0,0,0,"- ","- ",,,"SAN FRANCISCO","SAN FRANCISCO",-122.414794921875,37.776298522949219
9454038,2022,2022-07-14,3801,2022-06-02,1504,1113,PARK,4,5,7,3801,0,0,0,,0,3F14D,"FREDERICK ST","DOWNEY ST",0.00,,Y,A,-,N,,,,,,,,,,Y,4,0,2,3,A,-,09,21804,A,N,D,C,A,A,H,-,A,-,0,,,,,Y,,A,01,0,0,2,0,0,0,0,0,0,"- ","- ",,,"SAN FRANCISCO","SAN FRANCISCO",-122.44718170166016,37.767112731933594
9454042,2022,2022-07-15,3801,2022-06-04,2500,1133,CENTR,6,5,7,3801,0,0,0,,0,04A,"NORTH POINT ST","THE EMBARCADERO",56.00,W,N,A,-,N,,,,,,,,,,N,3,0,1,1,A,-,03,22350,,N,H,A,A,A,H,-,A,D,0,,,Y,,Y,,C,03,0,1,0,0,0,0,0,0,1,"- ","- ",,,"SAN FRANCISCO","SAN FRANCISCO",-122.40750885009766,37.807350158691406
9454046,2022,2022-07-15,3801,2022-06-03,1504,677,SOUTH,5,5,7,3801,0,0,0,,0,3B12D,"FOLSOM ST","5TH ST",0.00,,Y,A,-,N,,,,,,,,,,N,3,0,1,2,A,-,12,21453,,N,D,J,A,A,H,-,A,A,0,,,,,Y,,M,94,0,1,0,0,0,0,0,0,0,"- ","- ",,,"SAN FRANCISCO","SAN FRANCISCO",-122.40340423583984,37.7802734375
9454048,2022,2022-07-15,3801,2022-06-02,1557,4187,NORTH,4,5,7,3801,0,0,0,,0,3E13D,"GEARY ST","POLK ST",0.00,,Y,A,-,N,,,,,,,,,,N,3,0,1,2,A,-,12,21453,A,N,D,C,A,A,H,-,A,A,0,,,,,Y,,M,94,0,1,0,0,0,0,0,0,0,"- ","- ",,,"SAN FRANCISCO","SAN FRANCISCO",-122.41973876953125,37.785896301269531
9454049,2022,2022-07-15,3801,2022-06-03,2301,221,RICHM,5,5,7,3801,0,0,0,,0,3GT2E,"GEARY BL","SPRUCE ST",0.00,,Y,A,-,N,,,,,,,,,,Y,4,0,3,2,A,-,"- ",,,N,D,C,A,A,-,-,C,A,0,,,,,Y,,-,"- ",0,0,3,0,0,0,0,0,0,"- ","- ",,,"SAN FRANCISCO","SAN FRANCISCO",-122.45317840576172,37.781791687011719
9454051,2022,2022-08-09,3801,2022-06-03,1722,LO2359,TARAV,5,5,7,3801,0,0,0,,0,0I6,"JUNIPERO SERRA BL","ALEMANY BL",226.00,S,N,A,-,N,,,,,,,,,,Y,4,0,5,2,A,-,03,22350,,F,D,C,A,A,H,-,A,D,0,,,,,Y,,A,01,0,0,5,0,0,0,0,0,0,"- ","- ",,,"SAN FRANCISCO","SAN FRANCISCO",-122.47073364257812,37.709918975830078
9454053,2022,2022-07-15,3801,2022-06-04,0009,1718,BAYVI,6,5,7,3801,0,0,0,,0,3C15E,"3RD ST","WALLACE AV",0.00,,Y,A,-,N,,,,,,,,,,Y,4,0,2,2,A,-,08,22101,D,N,D,C,A,A,H,-,C,A,0,,,,,Y,,A,01,0,0,2,0,0,0,0,0,0,SO,"- ",,,"SAN FRANCISCO","SAN FRANCISCO",-122.39299774169922,37.728530883789062
9454057,2022,2022-07-15,3801,2022-05-31,1651,309,TARAV,2,5,7,3801,0,0,0,,0,3I13D,"BROTHERHOOD WY","LAKE MERCED BL",0.00,,Y,A,-,N,,,,,,,,,,N,4,0,1,2,A,-,04,21703,,N,C,-,A,A,H,-,A,A,0,,,,,Y,,A,01,0,0,1,0,0,0,0,0,0,"- ","- ",,,"SAN FRANCISCO","SAN FRANCISCO",-122.48523712158203,37.714717864990234
9454060,2022,2022-07-15,3801,2022-06-07,0854,50,TENDE,2,5,7,3801,0,0,0,,0,,"CHARLES J BRENHAM ST","MARKET ST",60.00,N,N,A,-,N,,,,,,,,,,N,3,0,1,2,A,-,00,21655,1,F,A,G,A,A,H,-,A,D,0,,Y,,,Y,Y,A,07,0,1,0,0,0,0,1,0,0,"- ","- ",,,"SAN FRANCISCO","SAN FRANCISCO",-122.41265106201172,37.780601501464844
9454108,2022,2022-07-14,3801,2022-06-02,1605,2735,BAYVI,4,5,7,3801,0,0,0,,0,3C11D,"ILLINOIS ST","23RD ST",0.00,,Y,A,-,N,,,,,,,,,,N,4,0,1,2,A,-,09,21802,A,N,D,C,A,A,H,-,A,A,0,,,,,Y,,A,01,0,0,1,0,0,0,0,0,0,"- ","- ",,,"SAN FRANCISCO","SAN FRANCISCO",-122.38709259033203,37.75543212890625
9454115,2022,2022-07-14,3801,2022-06-19,0113,255,INGLE,7,5,7,3801,0,0,0,,0,3H11E,"28TH ST","CASTRO ST",50.00,W,N,A,-,N,,,,,,,,,,Y,3,0,1,3,A,-,01,23152,A,N,B,E,A,A,H,-,C,D,0,,,,,Y,Y,A,01,0,1,0,0,0,0,0,0,0,"- ","- ",,,"SAN FRANCISCO","SAN FRANCISCO",-122.43363189697266,37.744869232177734
9454163,2022,2022-07-13,3801,2022-04-20,1455,1826,CENTR,3,5,7,3801,0,0,0,,0,3A13C,"COLOMBUS AV","NORTH POINT ST",0.00,,Y,A,-,N,,,,,,,,,,N,3,0,1,2,A,-,09,21801,A,N,B,G,A,A,H,-,A,A,0,,Y,Y,,Y,,C,03,0,1,0,0,0,0,1,0,0,"- ","- ",,,"SAN FRANCISCO","SAN FRANCISCO",-122.41836547851562,37.805976867675781
9454164,2022,2022-07-19,3801,2022-04-19,1300,4267,TARAV,2,5,7,3801,0,0,0,,0,3I16A,"ALEMANY BL","SAINT CHARLES AV",0.00,,Y,A,-,N,,,,,,,,,,N,3,0,1,2,A,-,09,21802,,N,D,J,A,A,H,-,A,A,0,,Y,,,Y,,A,01,0,1,0,0,0,0,1,0,0,"- ","- ",,,"SAN FRANCISCO","SAN FRANCISCO",-122.46935272216797,37.710700988769531
9454182,2022,2022-07-12,3801,2022-05-19,1001,2466,RICHM,4,5,7,3801,0,0,0,,0,001,"PARK PRESIDIO","CROSSOVER DR",0.00,,Y,A,-,N,,,,,,,,,,Y,4,0,2,3,A,-,03,22350,,N,-,C,A,A,H,-,A,A,0,,,,,Y,,-,"- ",0,0,2,0,0,0,0,0,0,"- ","- ",,,"SAN FRANCISCO","SAN FRANCISCO",-122.47945404052734,37.771183013916016
9454184,2022,2022-07-11,3801,2022-05-29,1016,2162,SOUTH,7,5,7,3801,0,0,0,,0,3B4A,"MISSION ST","9TH ST",0.00,,Y,A,-,N,,,,,,,,,,N,3,0,1,2,A,-,03,22350,,F,D,J,A,A,H,-,A,A,0,,Y,,,Y,,L,04,0,1,0,0,0,0,0,0,0,"- ","- ",,,"SAN FRANCISCO","SAN FRANCISCO",-122.41471862792969,37.776241302490234
9454186,2022,2022-07-25,3801,2022-05-28,2045,307,INGLE,6,5,7,3801,0,0,0,,0,3H15D,"OCEAN AV","ALEMANY BL",0.00,,Y,A,-,N,,,,,,,,,,Y,4,0,1,2,A,-,09,21801,A,N,-,-,A,A,H,-,C,-,0,,,,,Y,,-,,0,0,1,0,0,0,0,0,0,"- ","- ",,,"SAN FRANCISCO","SAN FRANCISCO",-122.43753814697266,37.723697662353516
9454187,2022,2022-07-12,3801,2022-05-31,0836,1512,BAYVI,2,5,7,3801,0,0,0,,0,0C2,"PALOU AV","PHELPS ST",169.00,E,N,A,-,N,,,,,,,,,,Y,4,0,1,4,A,-,06,21755,,N,B,C,A,A,H,-,A,D,0,,,,,Y,,A,01,0,0,1,0,0,0,0,0,0,"- ","- ",,,"SAN FRANCISCO","SAN FRANCISCO",-122.39417266845703,37.735828399658203
9454191,2022,2022-07-11,3801,2022-05-31,1737,798,NORTH,2,5,7,3801,0,0,0,,0,3E14D,"OAK ST","BUCHANAN ST",226.00,E,N,A,-,N,,,,,,,,,,Y,4,0,1,1,A,-,03,22350,,N,F,I,A,A,H,-,A,B,0,,,,,Y,,A,01,0,0,1,0,0,0,0,0,0,"- ","- ",,,"SAN FRANCISCO","SAN FRANCISCO",-122.42676544189453,37.774490356445312
9454193,2022,2022-07-12,3801,2022-05-31,1612,1860,TRAVA,2,5,7,3801,0,0,0,,0,,"19TH AV","BUCKINGHAM WY",337.00,S,N,A,-,N,,,,,,,,,,Y,4,0,1,4,A,-,04,21703,,N,C,C,A,A,H,-,A,D,0,,,,,Y,,A,07,0,0,1,0,0,0,0,0,0,"- ","- ",,,"SAN FRANCISCO","SAN FRANCISCO",-122.47514343261719,37.724784851074219