CASE_ID,ACCIDENT_YEAR,PROC_DATE,JURIS,COLLISION_DATE,COLLISION_TIME,OFFICER_ID,REPORTING_DISTRICT,DAY_OF_WEEK,CHP_SHIFT,POPULATION,CNTY_CITY_LOC,SPECIAL_COND,BEAT_TYPE,CHP_BEAT_TYPE,CITY_DIVISION_LAPD,CHP_BEAT_CLASS,BEAT_NUMBER,PRIMARY_RD,SECONDARY_RD,DISTANCE,DIRECTION,INTERSECTION,WEATHER_1,WEATHER_2,STATE_HWY_IND,CALTRANS_COUNTY,CALTRANS_DISTRICT,STATE_ROUTE,ROUTE_SUFFIX,POSTMILE_PREFIX,POSTMILE,LOCATION_TYPE,RAMP_INTERSECTION,SIDE_OF_HWY,TOW_AWAY,COLLISION_SEVERITY,NUMBER_KILLED,NUMBER_INJURED,PARTY_COUNT,PRIMARY_COLL_FACTOR,PCF_CODE_OF_VIOL,PCF_VIOL_CATEGORY,PCF_VIOLATION,PCF_VIOL_SUBSECTION,HIT_AND_RUN,TYPE_OF_COLLISION,MVIW,PED_ACTION,ROAD_SURFACE,ROAD_COND_1,ROAD_COND_2,LIGHTING,CONTROL_DEVICE,CHP_ROAD_TYPE,PEDESTRIAN_ACCIDENT,BICYCLE_ACCIDENT,MOTORCYCLE_ACCIDENT,TRUCK_ACCIDENT,NOT_PRIVATE_PROPERTY,ALCOHOL_INVOLVED,STWD_VEHTYPE_AT_FAULT,CHP_VEHTYPE_AT_FAULT,COUNT_SEVERE_INJ,COUNT_VISIBLE_INJ,COUNT_COMPLAINT_PAIN,COUNT_PED_KILLED,COUNT_PED_INJURED,COUNT_BICYCLIST_KILLED,COUNT_BICYCLIST_INJURED,COUNT_MC_KILLED,COUNT_MC_INJURED,PRIMARY_RAMP,SECONDARY_RAMP,LATITUDE,LONGITUDE,COUNTY,CITY,POINT_X,POINT_Y
9454195,2022,2022-07-25,3801,2022-05-25,0830,1538,TENDE,3,5,7,3801,0,0,0,,0,901,"EDDY ST","MASON ST",118.00,W,N,A,-,N,,,,,,,,,,N,4,0,1,2,A,-,03,22350,,F,G,B,E,A,H,-,A,D,0,Y,,,,Y,,A,01,0,0,1,0,1,0,0,0,0,"- ","- ",,,"SAN FRANCISCO","SAN FRANCISCO",-122.40970611572266,37.784324645996094
9454199,2022,2022-07-11,3801,2022-05-30,0048,2249,PARK,1,5,7,3801,0,0,0,,0,3F13E,"LINCOLN WAY","4TH AV",0.00,,Y,A,-,N,,,,,,,,,,Y,3,0,3,2,A,-,07,21658,,F,B,C,A,A,H,-,C,D,0,,,,,Y,,A,01,0,1,2,0,0,0,0,0,0,"- ","- ",,,"SAN FRANCISCO","SAN FRANCISCO",-122.46107482910156,37.766159057617188
9456442,2022,2022-06-21,3801,2022-05-29,2030,382,NORTH,7,5,7,3801,0,0,0,,0,3E16E,"LOMBARD ST","VAN NESS AV",125.00,W,N,A,-,Y,SF,4,101,-,-,6.740,H,-,S,N,4,0,2,2,A,-,04,21703,,N,C,C,A,A,H,-,B,A,0,,,,,Y,,A,01,0,0,2,0,0,0,0,0,0,"- ","- ",,,"SAN FRANCISCO","SAN FRANCISCO",-122.42516326904297,37.801219940185547
9458346,2022,2022-06-13,3801,2022-05-20,0728,2202,INGLE,5,5,7,3801,0,0,0,,0,3H13A,"LISBON ST","ITALY AV",244.00,N,N,A,-,N,,,,,,,,,,N,3,0,1,2,A,-,21,22106,,N,D,C,A,A,H,-,A,D,0,,,Y,,Y,,A,01,0,1,0,0,0,0,0,0,1,"- ","- ",,,"SAN FRANCISCO","SAN FRANCISCO",-122.43671417236328,37.717903137207031
9459043,2022,2022-06-09,3801,2022-05-30,0035,2741,MISSI,1,5,7,3801,0,0,0,,0,901,"GUERRERO ST","16TH ST",0.00,,Y,A,-,N,,,,,,,,,,Y,4,0,2,2,A,-,03,22350,,N,D,C,A,A,H,-,E,D,0,,,,,Y,,A,01,0,0,2,0,0,0,0,0,0,"- ","- ",,,"SAN FRANCISCO","SAN FRANCISCO",-122.42410278320312,37.764781951904297
9459045,2022,2022-10-31,3801,2022-05-30,2106,577,TARAV,1,5,7,3801,0,0,0,,0,0I3,"19TH AV","JUDAH ST",0.00,,Y,A,-,N,,,,,,,,,,Y,4,0,2,2,A,-,01,23153,A,F,D,C,A,A,H,-,C,A,0,,,,,Y,Y,A,01,0,0,2,0,0,0,0,0,0,"- ","- ",,,"SAN FRANCISCO","SAN FRANCISCO",-122.47702789306641,37.761695861816406
9459051,2022,2022-06-09,3801,2022-05-26,2030,539,MISSI,4,5,7,3801,0,0,0,,0,MISSIO,"24TH ST","CAPP ST",0.00,,Y,A,-,N,,,,,,,,,,N,4,0,1,2,A,-,03,22350,,F,C,G,A,A,H,-,B,A,0,,Y,,,Y,,A,01,0,0,1,0,0,0,1,0,0,"- ","- ",,,"SAN FRANCISCO","SAN FRANCISCO",-122.41733551025391,37.752307891845703
9459052,2022,2022-06-09,3801,2022-05-22,1526,1637,MISSI,7,5,7,3801,0,0,0,,0,3D13D,"GUERRERO ST","20TH ST",171.00,E,N,A,-,N,,,,,,,,,,Y,4,0,1,2,A,-,04,21703,,N,B,C,A,A,-,-,A,A,0,,,,,Y,,A,01,0,0,1,0,0,0,0,0,0,"- ","- ",,,"SAN FRANCISCO","SAN FRANCISCO",-122.42346954345703,37.75836181640625
9459372,2022,2022-06-13,3801,2022-03-07,1517,737,NORTH,1,5,7,3801,0,0,0,,0,3E77,RICHARDSON,"FRANCISCO ST",0.00,,Y,A,-,N,,,,,,,,,,N,4,0,1,2,A,-,10,21950,,N,B,B,B,A,H,-,A,A,0,Y,,,,Y,,A,01,0,0,1,0,1,0,0,0,0,"- ","- ",,,"SAN FRANCISCO","SAN FRANCISCO",-122.44715881347656,37.800388336181641
9459374,2022,2022-06-14,3801,2022-03-16,1125,4375,TRAFF,3,5,7,3801,0,0,0,,0,4B1F,"POTRERO AV","REFERENCE POINT",203.00,S,N,A,-,N,,,,,,,,,,Y,2,0,2,2,A,-,03,22350,,F,B,C,A,A,H,-,A,A,0,,,,,Y,Y,-,,1,0,1,0,0,0,0,0,0,"- ","- ",,,"SAN FRANCISCO","SAN FRANCISCO",,
9459377,2022,2022-06-14,3801,2022-03-27,1959,963,MISSI,7,5,7,3801,0,0,0,,0,3D11D,"GUERRERO ST","15TH ST",0.00,,Y,C,-,N,,,,,,,,,,N,4,0,1,2,A,-,10,21950,A,N,G,B,B,B,H,-,C,A,0,Y,,,,Y,,A,01,0,0,1,0,1,0,0,0,0,"- ","- ",,,"SAN FRANCISCO","SAN FRANCISCO",-122.42424011230469,37.766403198242188
9460093,2022,2022-06-24,3801,2022-01-07,1834,2384,PARK,5,5,7,3801,0,0,0,,0,3F13D,"OAK ST","COLE ST",0.00,,Y,B,-,N,,,,,,,,,,N,3,0,1,2,A,-,11,21453,D,N,G,B,B,A,H,-,C,A,0,Y,,,,Y,,N,60,0,1,0,0,1,0,0,0,0,"- ","- ",,,"SAN FRANCISCO","SAN FRANCISCO",-122.45062255859375,37.771453857421875
9460095,2022,2022-06-24,3801,2022-01-12,0830,1613,MISSI,3,5,7,3801,0,0,0,,0,,"AMAZON AV","MISSION ST",0.00,,Y,A,-,N,,,,,,,,,,N,4,0,1,2,A,-,10,21950,,N,G,B,B,A,H,-,A,D,0,Y,,,,Y,,A,01,0,0,1,0,1,0,0,0,0,"- ","- ",,,"SAN FRANCISCO","SAN FRANCISCO",-122.4404296875,37.717235565185547
9460099,2022,2022-06-24,3801,2022-01-10,2218,2490,TENDE,1,5,7,3801,0,0,0,,0,3J11E,"HYDE ST","EDDY ST",60.00,N,N,A,-,N,,,,,,,,,,N,3,0,1,2,C,-,18,,,F,G,B,D,A,H,-,C,A,0,Y,,,,Y,,-,"- ",0,1,0,0,1,0,0,0,0,"- ","- ",,,"SAN FRANCISCO","SAN FRANCISCO",-122.41591644287109,37.783672332763672
9460100,2022,2022-06-24,3801,2022-01-18,1820,4314,RICHM,2,5,7,3801,0,0,0,,0,0G1,"JOHN F KENNEDY DR","47TH AV",530.00,E,N,A,-,N,,,,,,,,,,N,3,0,1,2,A,-,09,21801,A,N,D,G,A,A,H,-,A,D,0,,Y,,,Y,,A,07,0,1,0,0,0,0,1,0,0,"- ","- ",,,"SAN FRANCISCO","SAN FRANCISCO",-122.50727844238281,37.767997741699219
9460101,2022,2022-06-23,3801,2022-01-11,0755,4267,TARAV,2,5,7,3801,0,0,0,,0,3I11A,"GARFIELD ST","GARFIELD ST 401",0.00,,Y,A,-,N,,,,,,,,,,N,4,0,1,2,A,-,21,22106,,N,-,B,E,A,H,-,A,D,0,Y,,,,Y,,A,01,0,0,1,0,1,0,0,0,0,"- ","- ",,,"SAN FRANCISCO","SAN FRANCISCO",,
9460133,2022,2022-06-23,3801,2022-02-17,1317,504,NORTH,4,5,7,3801,0,0,0,,0,1CAR,"STEINER ST","HAYES ST",0.00,,Y,A,-,N,,,,,,,,,,N,3,0,1,2,A,-,12,22450,A,N,D,C,A,A,H,-,A,A,0,,,,,Y,,A,01,0,1,0,0,0,0,0,0,0,"- ","- ",,,"SAN FRANCISCO","SAN FRANCISCO",-122.43283081054688,37.775611877441406
9460135,2022,2022-06-23,3801,2022-02-24,2500,4313,RICHM,4,5,7,3801,0,0,0,,0,0G3,"FULTON ST","6TH AV",0.00,,Y,A,-,N,,,,,,,,,,N,4,0,1,2,A,-,03,22350,,N,C,C,A,A,H,-,A,A,0,,,,,Y,,A,01,0,0,1,0,0,0,0,0,0,"- ","- ",,,"SAN FRANCISCO","SAN FRANCISCO",-122.46376037597656,37.773612976074219
9463676,2022,2022-10-18,3801,2022-06-30,1910,917,TRAFF,4,5,7,3801,0,0,0,,0,4B2I,"KEZAR DR","JOHN F KENNEDY DR",200.00,S,N,A,-,N,,,,,,,,,,Y,4,0,1,1,B,-,22,,,N,H,-,A,A,H,-,B,D,0,,,,,Y,,J,49,0,0,1,0,0,0,0,0,0,"- ","- ",,,"SAN FRANCISCO","SAN FRANCISCO",-122.45540618896484,37.770339965820312
9463771,2022,2022-09-21,3801,2022-07-13,1815,1307,TENDE,3,5,7,3801,0,0,0,,0,3J14D,"TURK ST","TAYLOR ST",0.00,,Y,A,-,N,,,,,,,,,,N,3,0,1,2,A,-,03,22350,,N,D,C,A,A,H,-,A,A,0,,,,,Y,,M,94,0,1,0,0,0,0,0,0,0,"- ","- ",,,"SAN FRANCISCO","SAN FRANCISCO",-122.41078186035156,37.783206939697266
9464164,2023,2023-03-13,3801,2023-02-10,2354,1766,TRAFF,5,5,7,3801,0,0,0,,0,4B103,"DIVISADERO ST","FELL ST",144.00,S,N,C,-,N,,,,,,,,,,Y,1,1,1,1,A,-,01,23152,A,N,E,I,A,B,H,-,C,A,0,,,,,Y,Y,A,01,0,1,0,0,0,0,0,0,0,"- ","- ",,,"SAN FRANCISCO","SAN FRANCISCO",-122.43753051757812,37.773666381835938
9464466,2022,2022-09-20,3801,2022-06-14,0100,969,MISSI,2,5,7,3801,0,0,0,,0,3D13E,"MISSION ST","21ST ST",67.00,N,N,A,-,N,,,,,,,,,,Y,1,1,2,2,A,-,03,22350,A,F,D,C,A,A,H,-,C,A,0,,,,,Y,,A,01,1,0,1,0,0,0,0,0,0,"- ","- ",,,"SAN FRANCISCO","SAN FRANCISCO",-122.41893768310547,37.7572021484375
9464468,2022,2023-02-17,3801,2022-08-11,1919,2359,TARAV,4,5,7,3801,0,0,0,,0,3I16D,"JUNIPERO SERRA BL","PALMETTO AV",369.00,S,N,A,-,N,,,,,,,,,,Y,1,1,0,1,A,-,17,21663,,N,E,I,A,A,H,-,A,D,0,,,,,Y,,A,01,0,0,0,0,0,0,0,0,0,"- ","- ",,,"SAN FRANCISCO","SAN FRANCISCO",-122.47104644775391,37.709625244140625
9464469,2022,2023-02-17,3801,2022-08-12,2013,899,NORTH,5,5,7,3801,0,0,0,,0,3E90B,"VAN NESS AV (RT-101)","MCALLISTER ST",138.00,N,N,A,-,Y,SF,4,101,-,T,5.198,I,5,S,Y,1,1,0,2,A,-,11,21456,C,N,G,B,B,A,H,-,A,A,0,Y,,,,Y,,N,60,0,0,0,1,0,0,0,0,0,"- ","- ",,,"SAN FRANCISCO","SAN FRANCISCO",-122.42034912109375,37.780078887939453
9464494,2022,2022-09-01,3801,2022-06-17,0422,2457,SOUTH,5,5,7,3801,0,0,0,,0,3B15E,"BRYANT ST","8TH ST",0.00,,Y,A,-,N,,,,,,,,,,N,4,0,1,2,A,-,03,22350,,N,C,C,A,A,H,-,C,A,0,,,,,Y,,A,01,0,0,1,0,0,0,0,0,0,"- ","- ",,,"SAN FRANCISCO","SAN FRANCISCO",-122.406982421875,37.772514343261719
9464495,2022,2022-07-28,3801,2022-06-03,0904,2202,INGLE,5,5,7,3801,0,0,0,,0,3H13A,"ALEMANY BL","OCEAN AV",0.00,,Y,B,-,N,,,,,,,,,,Y,4,0,3,2,A,-,09,21806,A,N,D,C,A,B,H,-,A,A,0,,,,,Y,,A,01,0,0,3,0,0,0,0,0,0,"- ","- ",,,"SAN FRANCISCO","SAN FRANCISCO",-122.43753814697266,37.723697662353516
9467667,2022,2023-02-22,3801,2022-11-04,1243,1394,MISSI,5,5,7,3801,0,0,0,,0,BAYVIE,"PALOU AV","3RD ST",10.00,E,N,A,-,N,,,,,,,,,,N,4,0,1,2,A,-,10,21950,A,N,G,B,B,A,H,-,A,A,0,Y,,,,Y,,J,48,0,0,1,0,1,0,0,0,0,"- ","- ",,,"SAN FRANCISCO","SAN FRANCISCO",-122.39102935791016,37.734024047851562
9468091,2022,2023-01-11,3801,2022-12-14,2114,1207,,3,5,7,3801,0,0,0,,0,0B3,"MISSION ST","6TH ST",0.00,,Y,A,-,N,,,,,,,,,,N,4,0,1,2,A,-,00,24400,B,N,D,C,A,A,H,-,C,A,0,,,,,Y,Y,A,01,0,0,1,0,0,0,0,0,0,"- ","- ",,,"SAN FRANCISCO","SAN FRANCISCO",-122.40869140625,37.780982971191406
9468483,2023,2023-02-14,3801,2023-01-12,1950,1871,INGLE,4,5,7,3801,0,0,0,,0,901,"GUERRERO ST","28TH ST",54.00,S,N,B,-,N,,,,,,,,,,Y,4,0,1,2,A,-,05,21650,,N,B,C,A,A,H,-,C,D,0,,,,,Y,,J,43,0,0,1,0,0,0,0,0,0,"- ","- ",,,"SAN FRANCISCO","SAN FRANCISCO",-122.42230987548828,37.745433807373047
9468616,2023,2023-09-08,3801,2023-08-16,1000,189,NORTH,3,5,7,3801,0,0,0,,0,001,"GOUGH ST","HAYES ST",0.00,,Y,A,-,N,,,,,,,,,,N,4,0,1,2,A,-,03,22350,,N,G,B,B,A,H,-,A,A,0,Y,,,,Y,,A,01,0,0,1,0,1,0,0,0,0,"- ","- ",,,"SAN FRANCISCO","SAN FRANCISCO",,
9468619,2023,2023-09-08,3801,2023-08-09,1816,2118,SOUTH,3,5,7,3801,0,0,0,,0,3B12D,"HARRISON ST","2ND ST",0.00,,Y,A,-,N,,,,,,,,,,N,2,0,2,2,A,-,12,21453,A,N,H,G,A,A,H,-,A,A,0,,Y,,,Y,,L,04,1,0,1,0,0,0,1,0,0,"- ","- ",,,"SAN FRANCISCO","SAN FRANCISCO",,
9468625,2023,2023-09-08,3801,2023-08-24,1332,310,SOUTH,4,5,7,3801,0,0,0,,0,3B49,"17TH ST","MISSISSIPPI ST",0.00,,Y,A,-,N,,,,,,,,,,N,2,0,1,1,A,-,03,22350,,N,H,I,A,A,H,-,A,D,0,,Y,,,Y,,L,04,1,0,0,0,0,0,1,0,0,"- ","- ",,,"SAN FRANCISCO","SAN FRANCISCO",,
9468638,2023,2023-09-08,3801,2023-08-24,1617,2705,BAYVI,4,5,7,3801,0,0,0,,0,3C11D,"19TH ST","3RD ST",0.00,,Y,A,-,N,,,,,,,,,,N,3,0,1,2,A,-,10,21950,A,N,G,B,B,A,H,-,A,A,0,Y,,,,Y,,A,01,0,1,0,0,1,0,0,0,0,"- ","- ",,,"SAN FRANCISCO","SAN FRANCISCO",,
9468642,2023,2023-09-21,3801,2023-08-17,1458,375,BAYVI,4,5,7,3801,0,0,0,,0,3C13C,"CARGO WY","MENDELL ST",0.00,,Y,A,-,N,,,,,,,,,,Y,4,0,2,2,A,-,09,21801,A,N,D,D,A,A,H,-,A,A,0,,,,,Y,,A,01,0,0,2,0,0,0,0,0,0,"- ","- ",,,"SAN FRANCISCO","SAN FRANCISCO",,
9468646,2023,2023-09-20,3801,2023-08-19,1942,1286,SOUTH,6,5,7,3801,0,0,0,,0,3B1,"BRYANT ST","2ND ST",0.00,,Y,A,-,N,,,,,,,,,,Y,3,0,1,2,A,-,08,22107,,F,B,C,A,A,H,-,B,A,0,,,Y,,Y,,A,01,0,1,0,0,0,0,0,0,1,"- ","- ",,,"SAN FRANCISCO","SAN FRANCISCO",,
9468649,2023,2023-09-20,3801,2023-08-19,1551,1160,SOUTH,6,5,7,3801,0,0,0,,0,0B6,"TRADE WINDS AV","SEVEN SEAS AV",82.00,W,N,A,-,N,,,,,,,,,,Y,3,0,1,1,A,-,03,22350,,N,E,I,A,A,H,-,A,D,0,,,,,Y,,A,01,0,1,0,0,0,0,0,0,0,"- ","- ",,,"SAN FRANCISCO","SAN FRANCISCO",,
9468650,2023,2023-09-20,3801,2023-08-17,2206,709,BAYVI,4,5,7,3801,0,0,0,,0,3C11E,"CESAR CHAVEZ ST","VERMONT ST",183.00,W,N,A,-,N,,,,,,,,,,Y,4,0,1,2,A,-,05,21651,B,N,A,C,A,A,H,-,C,D,0,,,,,Y,,A,07,0,0,1,0,0,0,0,0,0,"- ","- ",,,"SAN FRANCISCO","SAN FRANCISCO",-122.40347290039062,37.749366760253906
9468652,2023,2023-09-20,3801,2023-08-17,"722 ",9,CENTR,4,5,7,3801,0,0,0,,0,3A14A,"CLAY ST","BATTERY ST",15.00,W,N,A,-,N,,,,,,,,,,,4,0,1,1,A,-,03,22350,,N,F,I,A,A,H,-,A,D,0,,,Y,,Y,,C,02,0,0,1,0,0,0,0,0,1,"- ","- ",,,"SAN FRANCISCO","SAN FRANCISCO",-122.40039825439453,37.794994354248047
9468653,2023,2023-09-21,3801,2023-08-20,2159,1982,MISSI,7,5,7,3801,0,0,0,,0,3D11E,"HARRISON ST","ALAMEDA ST",0.00,,-,A,-,N,,,,,,,,,,N,4,0,1,2,A,-,08,22107,,N,D,D,A,A,H,-,C,A,0,,,Y,,Y,,O,05,0,0,1,0,0,0,0,0,1,SO,"- ",,,"SAN FRANCISCO","SAN FRANCISCO",,
9468656,2023,2023-09-21,3801,2023-08-17,2243,4039,CENTR,4,5,7,3801,0,0,0,,0,3A3,"ROBERT C LEVY TUNL","LARKIN ST",650.00,E,N,A,-,N,,,,,,,,,,N,3,0,1,1,A,-,03,22350,,N,E,I,A,A,H,-,C,D,0,,,,,Y,,M,94,0,1,0,0,0,0,0,0,0,"- ","- ",,,"SAN FRANCISCO","SAN FRANCISCO",-122.41790771484375,37.796352386474609
9468659,2023,2023-09-21,3801,2023-08-21,"826 ",4001,MISSI,1,5,7,3801,0,0,0,,0,3D11A,"LAPIDGE ST","18TH ST",0.00,,-,A,-,N,,,,,,,,,,,4,0,1,2,A,-,09,21804,,N,D,C,A,A,H,-,A,A,0,,,Y,,Y,,A,01,0,0,1,0,0,0,0,0,1,"- ","- ",,,"SAN FRANCISCO","SAN FRANCISCO",,
9468661,2023,2023-09-08,3801,2023-08-04,1630,1339,TRAFF,5,5,7,3801,0,0,0,,0,4B3D,"8TH ST","CLEMENTINA ST",0.00,,Y,A,-,N,,,,,,,,,,Y,4,0,2,3,A,-,01,23152,,N,C,C,A,A,-,-,A,A,0,,,,,Y,,A,07,0,0,2,0,0,0,0,0,0,"- ","- ",,,"SAN FRANCISCO","SAN FRANCISCO",,
9468664,2023,2023-09-21,3801,2023-08-22,1729,1741,SOUTH,2,5,7,3801,0,0,0,,0,901,"SOUTH VAN NESS AV","HOWARD ST",0.00,,-,A,-,N,,,,,,,,,,,3,0,1,1,A,-,07,21658,A,N,A,I,A,A,H,-,A,A,0,,,,,Y,,A,01,0,1,0,0,0,0,0,0,0,"- ","- ",,,"SAN FRANCISCO","SAN FRANCISCO",,
9468665,2023,2023-09-11,3801,2023-08-14,1926,2725,RICHM,1,5,7,3801,0,0,0,,0,,"ARGUELLO BL","WASHINGTON ST",121.00,S,N,A,-,N,,,,,,,,,,N,3,0,1,2,A,-,09,21801,A,N,H,A,A,A,H,-,A,D,0,,Y,,,Y,,A,01,0,1,0,0,0,0,1,0,0,"- ","- ",,,"SAN FRANCISCO","SAN FRANCISCO",-122.45936584472656,37.788009643554688
9468667,2023,2023-09-21,3801,2023-08-07,1540,2450,MISSI,1,5,7,3801,0,0,0,,0,3X74,"DUBOCE AV","ELGIN PARK",50.00,W,N,A,-,N,,,,,,,,,,N,4,0,1,2,A,-,04,21703,,N,C,-,A,A,H,-,A,D,0,,,,,Y,,A,01,0,0,1,0,0,0,0,0,0,"- ","- ",,,"SAN FRANCISCO","SAN FRANCISCO",-122.42332458496094,37.769821166992188
9468668,2023,2023-09-11,3801,2023-08-13,2335,203,MISSI,7,5,7,3801,0,0,0,,0,,"MARKET ST","EUREKA ST",6.00,W,N,A,-,N,,,,,,,,,,N,4,0,1,2,A,-,04,21703,,N,C,C,A,A,H,-,C,A,0,,,,,Y,Y,A,01,0,0,1,0,0,0,0,0,0,"- ","- ",,,"SAN FRANCISCO","SAN FRANCISCO",-122.43836975097656,37.761714935302734
9468672,2023,2023-09-08,3801,2023-08-14,"120 ",488,INGLE,1,5,7,3801,0,0,0,,0,3H15E,"MISSION ST","MOUNT VERNON ST",40.00,S,N,E,-,N,,,,,,,,,,Y,4,0,1,3,A,-,01,23153,A,N,B,E,A,A,H,-,C,D,0,,,,,Y,Y,A,01,0,0,1,0,0,0,0,0,0,"- ","- ",,,"SAN FRANCISCO","SAN FRANCISCO",-122.44274139404297,37.714527130126953
9468676,2023,2023-09-08,3801,2023-08-14,1619,2433,INGLE,1,5,7,3801,0,0,0,,0,3H15D,"SAN JOSE AV","GENEVA AV",180.00,W,N,A,-,N,,,,,,,,,,N,4,0,1,2,A,-,09,21801,A,N,D,C,A,A,H,-,A,D,0,,,,,Y,,A,01,0,0,1,0,0,0,0,0,0,"- ","- ",,,"SAN FRANCISCO","SAN FRANCISCO",-122.44696044921875,37.720310211181641
9468679,2023,2023-09-08,3801,2023-08-19,"27  ",637,MISSI,6,5,7,3801,0,0,0,,0,3D13E,"FOLSOM ST","23RD ST",0.00,,Y,A,-,N,,,,,,,,,,Y,4,0,3,2,A,-,12,21453,A,N,D,C,A,A,H,-,C,A,0,,,,,Y,,A,01,0,0,3,0,0,0,0,0,0,"- ","- ",,,"SAN FRANCISCO","SAN FRANCISCO",,
9468680,2023,2023-09-08,3801,2023-08-18,1305,891,PARK,5,5,7,3801,0,0,0,,0,3F14A,"DUBOCE AV","STEINER ST",0.00,,Y,A,-,N,,,,,,,,,,N,4,0,1,2,A,-,10,21950,A,N,D,B,B,A,H,-,A,D,0,Y,,,,Y,,A,01,0,0,1,0,1,0,0,0,0,"- ","- ",,,"SAN FRANCISCO","SAN FRANCISCO",,
9468681,2023,2023-09-15,3801,2023-08-11,1630,1355,TARAV,5,5,7,3801,0,0,0,,0,3I15D,"WINSTON DR","BUCKINGHAM WY",315.00,S,N,A,-,N,,,,,,,,,,Y,4,0,1,1,A,-,08,22107,,N,F,I,A,A,H,-,A,D,0,,,,,Y,,A,07,0,0,1,0,0,0,0,0,0,"- ","- ",,,"SAN FRANCISCO","SAN FRANCISCO",-122.47511291503906,37.729763031005859
9468683,2023,2023-09-21,3801,2023-08-19,1125,310,SOUTH,6,5,7,3801,0,0,0,,0,3B49,"TOWNSEND ST","7TH ST",588.00,W,N,A,-,N,,,,,,,,,,N,3,0,1,2,A,-,09,21800,B,N,D,G,A,A,H,-,A,D,0,,Y,,,Y,,D,22,0,1,0,0,0,0,1,0,0,"- ","- ",,,"SAN FRANCISCO","SAN FRANCISCO",-122.403076171875,37.770671844482422
9468684,2023,2023-09-08,3801,2023-08-20,1340,1474,BAYVI,7,5,7,3801,0,0,0,,0,901,"BAY SHORE BL","JERROLD AV",0.00,,Y,A,-,N,,,,,,,,,,N,4,0,1,2,A,-,04,21703,,N,C,C,A,A,H,-,A,A,0,,,,,Y,,A,01,0,0,1,0,0,0,0,0,0,"- ","- ",,,"SAN FRANCISCO","SAN FRANCISCO",,
9468685,2023,2023-09-15,3801,2023-08-13,1612,1988,INGLE,7,5,7,3801,0,0,0,,0,3H15D,"LIBSON ST","FRANCE AV",0.00,,Y,A,-,N,,,,,,,,,,Y,4,0,2,2,A,-,00,23350,,M,D,-,A,A,H,-,A,A,0,,,,,Y,Y,A,07,0,0,2,0,0,0,0,0,0,"- ","- ",,,"SAN FRANCISCO","SAN FRANCISCO",,
9468687,2023,2023-09-15,3801,2023-08-12,1732,2441,INGLE,6,5,7,3801,0,0,0,,0,3H13D,"PARIS ST","EXCELSIOR AV",0.00,,-,A,-,N,,,,,,,,,,N,4,0,2,2,A,-,06,21750,A,F,B,E,A,A,H,-,A,D,0,,,,,Y,,D,22,0,0,2,0,0,0,0,0,0,"- ","- ",,,"SAN FRANCISCO","SAN FRANCISCO",,
9468688,2023,2023-09-15,3801,2023-08-11,2315,2153,TARAV,5,5,7,3801,0,0,0,,0,3I5E,"BUCKINGHAM WY","WINSTON DR",0.00,,Y,A,-,N,,,,,,,,,,Y,3,0,2,1,A,-,03,22350,,N,-,I,A,A,-,-,C,A,0,,,,,Y,,A,01,0,2,0,0,0,0,0,0,0,"- ","- ",,,"SAN FRANCISCO","SAN FRANCISCO",,
9468692,2023,2023-09-15,3801,2023-08-04,"656 ",2195,NORTH,5,5,7,3801,0,0,0,,0,003,"GOUGH ST","FULTON ST",0.00,,Y,A,-,N,,,,,,,,,,N,3,0,1,2,A,-,08,22107,,N,D,G,A,A,H,-,A,A,0,,Y,,,Y,,A,01,0,1,0,0,0,0,1,0,0,"- ","- ",,,"SAN FRANCISCO","SAN FRANCISCO",,
9468696,2023,2023-09-14,3801,2023-08-10,"640 ",2289,NORTH,4,5,7,3801,0,0,0,,0,,"GOUGH ST","BUSH ST",0.00,,-,A,-,N,,,,,,,,,,N,4,0,1,2,A,-,10,21950,A,N,G,B,B,A,H,-,A,A,0,Y,,,,Y,,A,01,0,0,1,0,1,0,0,0,0,"- ","- ",,,"SAN FRANCISCO","SAN FRANCISCO",,
9468699,2023,2023-09-14,3801,2023-08-13,"730 ",8,NORTH,7,5,7,3801,0,0,0,,0,3E11A,HAYES,"POLK ST",100.00,E,N,A,-,N,,,,,,,,,,Y,4,0,2,2,A,-,03,22350,,F,C,C,A,-,H,-,A,D,0,,,,,Y,,A,01,0,0,2,0,0,0,0,0,0,"- ","- ",,,"SAN FRANCISCO","SAN FRANCISCO",-122.41770172119141,37.777553558349609
9468703,2023,2023-09-14,3801,2023-08-16,1650,2486,TARAV,3,5,7,3801,0,0,0,,0,3I16D,"OCEAN AV","CERRITOS AV",0.00,,Y,A,-,N,,,,,,,,,,Y,4,0,1,2,A,-,09,21800,A,N,D,C,A,A,H,-,A,A,0,,,Y,,Y,,C,02,0,0,1,0,0,0,0,0,1,"- ","- ",,,"SAN FRANCISCO","SAN FRANCISCO",,
9468704,2023,2023-09-14,3801,2023-08-11,2223,2335,PARK,5,5,7,3801,0,0,0,,0,0F3,"OAK ST","CENTRAL AV",0.00,,Y,A,-,N,,,,,,,,,,N,4,0,1,2,A,-,03,22350,,N,B,G,A,A,H,-,C,A,0,,Y,,,Y,,L,04,0,0,1,0,0,0,1,0,0,"- ","- ",,,"SAN FRANCISCO","SAN FRANCISCO",,
9468709,2023,2023-09-27,3801,2023-08-10,1758,1215,MISSI,4,5,7,3801,0,0,0,,0,003,"S VAN NESS ST","21ST ST",0.00,,Y,-,-,N,,,,,,,,,,N,4,0,1,2,A,-,00,20002,A,M,C,C,A,-,-,-,-,-,0,,,,,Y,,A,01,0,0,1,0,0,0,0,0,0,"- ","- ",,,"SAN FRANCISCO","SAN FRANCISCO",,