CASE_ID,ACCIDENT_YEAR,PROC_DATE,JURIS,COLLISION_DATE,COLLISION_TIME,OFFICER_ID,REPORTING_DISTRICT,DAY_OF_WEEK,CHP_SHIFT,POPULATION,CNTY_CITY_LOC,SPECIAL_COND,BEAT_TYPE,CHP_BEAT_TYPE,CITY_DIVISION_LAPD,CHP_BEAT_CLASS,BEAT_NUMBER,PRIMARY_RD,SECONDARY_RD,DISTANCE,DIRECTION,INTERSECTION,WEATHER_1,WEATHER_2,STATE_HWY_IND,CALTRANS_COUNTY,CALTRANS_DISTRICT,STATE_ROUTE,ROUTE_SUFFIX,POSTMILE_PREFIX,POSTMILE,LOCATION_TYPE,RAMP_INTERSECTION,SIDE_OF_HWY,TOW_AWAY,COLLISION_SEVERITY,NUMBER_KILLED,NUMBER_INJURED,PARTY_COUNT,PRIMARY_COLL_FACTOR,PCF_CODE_OF_VIOL,PCF_VIOL_CATEGORY,PCF_VIOLATION,PCF_VIOL_SUBSECTION,HIT_AND_RUN,TYPE_OF_COLLISION,MVIW,PED_ACTION,ROAD_SURFACE,ROAD_COND_1,ROAD_COND_2,LIGHTING,CONTROL_DEVICE,CHP_ROAD_TYPE,PEDESTRIAN_ACCIDENT,BICYCLE_ACCIDENT,MOTORCYCLE_ACCIDENT,TRUCK_ACCIDENT,NOT_PRIVATE_PROPERTY,ALCOHOL_INVOLVED,STWD_VEHTYPE_AT_FAULT,CHP_VEHTYPE_AT_FAULT,COUNT_SEVERE_INJ,COUNT_VISIBLE_INJ,COUNT_COMPLAINT_PAIN,COUNT_PED_KILLED,COUNT_PED_INJURED,COUNT_BICYCLIST_KILLED,COUNT_BICYCLIST_INJURED,COUNT_MC_KILLED,COUNT_MC_INJURED,PRIMARY_RAMP,SECONDARY_RAMP,LATITUDE,LONGITUDE,COUNTY,CITY,POINT_X,POINT_Y
9468710,2023,2023-09-15,3801,2023-08-01,2015,1427,TENDE,2,5,7,3801,0,0,0,,0,3J11D,"10TH ST","MARKET ST",0.00,,Y,A,G,N,,,,,,,,,,N,3,0,1,2,A,-,10,21950,C,F,G,B,B,A,H,-,C,A,0,Y,,,,Y,,A,01,0,1,0,0,1,0,0,0,0,"- ","- ",,,"SAN FRANCISCO","SAN FRANCISCO",,
9468711,2023,2023-09-15,3801,2023-08-06,1410,2745,TENDE,7,5,7,3801,0,0,0,,0,3J91D,"MARKET ST","5TH ST",350.00,E,N,A,-,N,,,,,,,,,,N,4,0,1,1,A,-,"- ",,,N,H,-,A,-,H,-,A,D,0,,Y,,,Y,,L,04,0,0,1,0,0,0,1,0,0,"- ","- ",,,"SAN FRANCISCO","SAN FRANCISCO",-122.40719604492188,37.784671783447266
9468712,2023,2023-09-15,3801,2023-08-07,1725,2028,TENDE,1,5,7,3801,0,0,0,,0,3J11D,"9TH ST","MARKET ST",0.00,,Y,A,-,N,,,,,,,,,,Y,3,0,1,2,A,-,03,22350,,N,C,C,A,A,H,-,A,D,0,,,Y,,Y,,A,01,0,1,0,0,0,0,0,0,1,"- ","- ",,,"SAN FRANCISCO","SAN FRANCISCO",,
9468748,2023,2023-09-13,3801,2023-07-01,"210 ",2708,SOUTH,6,5,7,3801,0,0,0,,0,3B13E,"FOLSOM ST","7TH ST",0.00,,Y,A,-,N,,,,,,,,,,N,3,0,1,2,A,-,00,22106,A,N,-,G,A,A,H,-,C,D,0,,Y,,,Y,,A,01,0,1,0,0,0,0,1,0,0,"- ","- ",,,"SAN FRANCISCO","SAN FRANCISCO",,
9468785,2023,2023-09-12,3801,2023-07-30,"954 ",1364,NORTH,7,5,7,3801,0,0,0,,0,3E6A,"GOUGH ST","UNION ST",0.00,,Y,A,-,N,,,,,,,,,,N,2,0,1,2,A,-,11,21453,D,N,G,B,B,A,H,-,A,A,0,Y,,,,Y,,N,60,1,0,0,0,1,0,0,0,0,"- ","- ",,,"SAN FRANCISCO","SAN FRANCISCO",,
9468793,2023,2023-09-11,3801,2023-07-26,1440,82,MISSI,3,5,7,3801,0,0,0,,0,3D45C,"17TH ST","DOLORES ST",0.00,,Y,A,-,N,,,,,,,,,,N,4,0,1,2,A,-,12,21453,A,N,D,G,A,A,H,-,A,A,0,,Y,,,Y,,L,04,0,0,1,0,0,0,1,0,0,"- ","- ",,,"SAN FRANCISCO","SAN FRANCISCO",,
9468798,2023,2023-09-22,3801,2023-07-23,1045,2124,MISSI,7,5,7,3801,0,0,0,,0,3D11A,"S VAN NESS AV","13TH ST",0.00,,Y,A,-,N,,,,,,,,,,N,3,0,1,2,A,-,08,22107,,N,-,C,A,A,H,-,A,A,0,,,Y,,Y,,A,01,0,1,0,0,0,0,0,0,1,"- ","- ",,,"SAN FRANCISCO","SAN FRANCISCO",,
9468799,2023,2023-09-11,3801,2023-07-25,1514,1414,MISSI,2,5,7,3801,0,0,0,,0,3D16D,"FOLSOM ST","18TH ST",150.00,N,N,A,-,N,,,,,,,,,,N,3,0,1,2,A,-,08,22107,,N,D,C,A,A,H,-,A,D,0,,,Y,,Y,,A,01,0,1,0,0,0,0,0,0,1,"- ","- ",,,"SAN FRANCISCO","SAN FRANCISCO",-122.41503143310547,37.76251220703125
9468804,2023,2023-09-11,3801,2023-07-28,"141 ",1308,SOUTH,5,5,7,3801,0,0,0,,0,3B12E,"HOWARD RD","6TH ST",0.00,,Y,A,-,N,,,,,,,,,,N,4,0,1,2,A,-,12,21453,A,F,D,G,A,A,H,-,B,A,0,,Y,Y,,Y,,L,04,0,0,1,0,0,0,1,0,0,"- ","- ",,,"SAN FRANCISCO","SAN FRANCISCO",,
9468805,2023,2023-09-11,3801,2023-07-28,1729,2379,CENTR,5,5,7,3801,0,0,0,,0,3A12D,"KEARNY ST","POST ST",0.00,,Y,A,-,N,,,,,,,,,,N,3,0,1,2,A,-,03,22350,,F,C,C,A,A,H,-,A,A,0,,,Y,,Y,,A,01,0,1,0,0,0,0,0,0,1,"- ","- ",,,"SAN FRANCISCO","SAN FRANCISCO",,
9468806,2023,2023-09-11,3801,2023-07-24,1049,2097,BAYVI,1,5,7,3801,0,0,0,,0,3C3,"NEWHALL ST","HUDSON AV",0.00,,Y,A,-,N,,,,,,,,,,N,4,0,1,2,A,-,10,21950,A,N,G,B,B,A,H,-,A,D,0,Y,,,,Y,,A,01,0,0,1,0,1,0,0,0,0,"- ","- ",,,"SAN FRANCISCO","SAN FRANCISCO",,
9468810,2023,2023-09-11,3801,2023-07-30,1819,1215,MISSI,7,5,7,3801,0,0,0,,0,001,"VALENCIA ST","17TH ST",24.00,N,N,A,-,N,,,,,,,,,,N,4,0,1,2,A,-,17,21461,A,N,D,C,A,A,H,-,A,A,0,,,Y,,Y,,A,01,0,0,1,0,0,0,0,0,1,"- ","- ",,,"SAN FRANCISCO","SAN FRANCISCO",-122.42174530029297,37.76336669921875
9468830,2023,2023-11-27,3801,2023-07-16,1627,1371,RICHM,7,5,7,3801,0,0,0,,0,003,"CALIFORNIA ST","14TH AV",0.00,,Y,-,-,N,,,,,,,,,,N,3,0,2,2,A,-,09,21804,A,N,D,C,A,A,H,-,A,A,0,,,,,Y,,A,01,0,1,1,0,0,0,0,0,0,"- ","- ",,,"SAN FRANCISCO","SAN FRANCISCO",,
9468831,2023,2023-09-13,3801,2023-07-12,1715,2401,MISSI,3,5,7,3801,0,0,0,,0,3D45C,"SAN CARLOS ST","21ST ST",0.00,,Y,-,-,N,,,,,,,,,,N,3,0,1,2,A,-,17,21657,,F,A,G,A,-,-,-,-,-,0,,Y,Y,,Y,,C,03,0,1,0,0,0,0,1,0,0,"- ","- ",,,"SAN FRANCISCO","SAN FRANCISCO",,
9468832,2023,2023-09-13,3801,2023-07-10,1915,837,CENTR,1,5,7,3801,0,0,0,,0,3A12D,"STOCKTON ST","WASHINGTON ST",0.00,,Y,A,G,N,,,,,,,,,,N,4,0,1,2,A,-,06,21755,A,N,H,B,D,A,H,-,B,A,0,Y,,,,Y,,N,60,0,0,1,0,1,0,0,0,0,"- ","- ",,,"SAN FRANCISCO","SAN FRANCISCO",,
9468849,2023,2023-09-21,3801,2023-06-16,1944,341,NORTH,5,5,7,3801,0,0,0,,0,3E16E,BROADWAY,"LARKIN ST",0.00,,Y,A,-,N,,,,,,,,,,N,4,0,1,2,A,-,02,22400,A,N,C,C,A,A,H,-,A,A,0,,,Y,,Y,,A,01,0,0,1,0,0,0,0,0,1,"- ","- ",,,"SAN FRANCISCO","SAN FRANCISCO",,
9468851,2023,2023-09-12,3801,2023-06-01,1500,637,MISSI,4,5,7,3801,0,0,0,,0,3D15D,"SOUTH VAN NESS","13TH ST",25.00,N,N,A,-,N,,,,,,,,,,N,4,0,1,2,A,-,04,21703,,N,C,C,A,A,H,-,A,A,0,,,,,Y,,A,01,0,0,1,0,0,0,0,0,0,"- ","- ",,,"SAN FRANCISCO","SAN FRANCISCO",-122.41777038574219,37.769718170166016
9468852,2023,2023-09-12,3801,2023-06-25,"541 ",1741,SOUTH,7,5,7,3801,0,0,0,,0,901,"SOUTH VAN NESS AV","HOWARD ST",0.00,,Y,A,-,N,,,,,,,,,,N,2,0,1,2,A,-,09,21804,A,F,D,C,A,A,H,-,B,A,0,,,Y,,Y,Y,A,01,1,0,0,0,0,0,0,0,1,"- ","- ",,,"SAN FRANCISCO","SAN FRANCISCO",,
9468853,2023,2023-09-12,3801,2023-06-23,1610,2455,CENTR,5,5,7,3801,0,0,0,,0,3A15D,"THE EMBARCADERO","THE EMBARCADERO 1",0.00,,Y,A,-,N,,,,,,,,,,N,4,0,1,2,D,-,00,,,N,B,G,A,A,H,-,A,A,0,,Y,,,Y,,-,"- ",0,0,1,0,0,0,1,0,0,"- ","- ",,,"SAN FRANCISCO","SAN FRANCISCO",,
9469441,2023,2023-09-13,3801,2023-08-28,1529,364,SOUTH,1,5,7,3801,0,0,0,,0,3B12D,"4TH ST","HARRISON ST",0.00,,Y,A,-,N,,,,,,,,,,N,3,0,1,2,A,-,17,21235,G,N,D,B,F,A,H,-,A,D,0,Y,,Y,,Y,,C,03,0,1,0,0,1,0,0,0,0,"- ","- ",,,"SAN FRANCISCO","SAN FRANCISCO",,
9469442,2023,2023-09-13,3801,2023-08-28,1542,4286,RICHM,1,5,7,3801,0,0,0,,0,0G4,"FULTON ST","21ST AV",0.00,,Y,A,-,N,,,,,,,,,,N,3,0,2,2,A,-,09,21801,A,N,D,C,A,A,H,-,A,D,0,,,,,Y,,A,07,0,2,0,0,0,0,0,0,0,"- ","- ",,,"SAN FRANCISCO","SAN FRANCISCO",,
9469444,2023,2023-09-26,3801,2023-08-31,"53  ",400,SOUTH,4,5,7,3801,0,0,0,,0,,"KING ST","3RD ST",0.00,,Y,A,-,N,,,,,,,,,,Y,4,0,1,2,A,-,09,21453,C,N,D,C,A,A,H,-,C,A,0,,,,,Y,,A,01,0,0,1,0,0,0,0,0,0,"- ","- ",,,"SAN FRANCISCO","SAN FRANCISCO",,
9469445,2023,2023-09-13,3801,2023-08-29,1406,93,NORTH,2,5,7,3801,0,0,0,,0,3E76,"FRANKLIN ST","PACIFIC ST",17.00,S,N,A,-,N,,,,,,,,,,Y,4,0,1,2,A,-,12,21453,A,N,D,C,A,A,H,-,A,A,0,,,,,Y,,A,01,0,0,1,0,0,0,0,0,0,"- ","- ",,,"SAN FRANCISCO","SAN FRANCISCO",-122.42484283447266,37.794563293457031
9469447,2023,2023-09-13,3801,2023-08-26,1556,2419,RICHM,6,5,7,3801,0,0,0,,0,908,"FULTON ST","2ND AV",0.00,,Y,A,-,N,,,,,,,,,,,4,0,1,2,A,-,11,21950,B,N,G,B,B,A,H,-,A,D,0,Y,,,,Y,,N,60,0,0,1,0,1,0,0,0,0,"- ","- ",,,"SAN FRANCISCO","SAN FRANCISCO",,
9469451,2023,2023-09-13,3801,2023-08-27,1214,306,TENDE,7,5,7,3801,0,0,0,,0,3J12A,"MASON ST","OFARRELL ST",0.00,,Y,A,-,N,,,,,,,,,,N,4,0,1,2,A,-,10,21950,A,N,G,B,B,A,H,-,A,A,0,Y,,,,Y,,A,01,0,0,1,0,1,0,0,0,0,"- ","- ",,,"SAN FRANCISCO","SAN FRANCISCO",,
9469452,2023,2023-09-21,3801,2023-08-27,1350,537,PARK,7,5,7,3801,0,0,0,,0,3F00,"OAK ST","SCOTT ST",0.00,,Y,A,-,N,,,,,,,,,,N,4,0,1,2,A,-,"- ",,,N,A,G,A,A,H,-,A,D,0,,Y,,,Y,,-,"- ",0,0,1,0,0,0,1,0,0,"- ","- ",,,"SAN FRANCISCO","SAN FRANCISCO",,
9469453,2023,2023-09-13,3801,2023-08-25,1535,964,NORTH,5,5,7,3801,0,0,0,,0,3E13D,"VAN NESS AV","GROVE ST",0.00,,Y,A,-,N,,,,,,,,,,N,4,0,2,2,A,-,04,21703,,N,C,C,A,A,H,-,A,A,0,,,,,Y,,A,01,0,0,2,0,0,0,0,0,0,"- ","- ",,,"SAN FRANCISCO","SAN FRANCISCO",,
9469456,2023,2023-09-13,3801,2023-08-18,2153,1967,NORTH,5,5,7,3801,0,0,0,,0,3E12A,"MCALLISTER ST","GOUGH ST",0.00,,Y,A,-,N,,,,,,,,,,N,3,0,1,2,A,-,21,22106,,F,G,B,B,A,H,-,C,A,0,Y,,,,Y,,A,01,0,1,0,0,1,0,0,0,0,"- ","- ",,,"SAN FRANCISCO","SAN FRANCISCO",,
9469460,2023,2023-09-13,3801,2023-08-28,1337,1297,PARK,1,5,7,3801,0,0,0,,0,3F13A,"BLAKE ST","ANZA ST",0.00,,Y,A,-,N,,,,,,,,,,N,4,0,1,2,A,-,10,21950,A,N,G,B,B,A,H,-,A,D,0,Y,,,,Y,,A,01,0,0,1,0,1,0,0,0,0,"- ","- ",,,"SAN FRANCISCO","SAN FRANCISCO",,
9469522,2023,2023-10-02,3801,2023-08-28,"915 ",1457,TARAV,1,5,7,3801,0,0,0,,0,001,"DEWEY BL","LAGUNA HONDA BL",232.00,W,N,B,-,N,,,,,,,,,,N,3,0,1,2,A,-,08,22107,,N,G,B,E,A,H,-,A,D,0,Y,,,,Y,,A,01,0,1,0,0,1,0,0,0,0,"- ","- ",,,"SAN FRANCISCO","SAN FRANCISCO",-122.45976257324219,37.746826171875
9469523,2023,2023-10-02,3801,2023-08-10,2110,524,INGLE,4,5,7,3801,0,0,0,,0,3H15E,"ALEMANY BL","SICKLES AV",0.00,,Y,A,-,N,,,,,,,,,,N,4,0,1,3,A,-,12,21453,A,N,D,C,A,A,H,-,C,A,0,,,,,Y,,A,01,0,0,1,0,0,0,0,0,0,"- ","- ",,,"SAN FRANCISCO","SAN FRANCISCO",,
9469524,2023,2023-10-02,3801,2023-08-11,1512,1620,RICHM,5,5,7,3801,0,0,0,,0,,"GEARY BL","12TH AV",0.00,,Y,A,-,N,,,,,,,,,,Y,3,0,2,2,A,-,09,21801,,N,D,D,A,A,H,-,A,A,0,,,,,Y,,A,01,0,1,1,0,0,0,0,0,0,"- ","- ",,,"SAN FRANCISCO","SAN FRANCISCO",,
9469525,2023,2023-10-02,3801,2023-06-08,2327,1830,CENTR,4,5,7,3801,0,0,0,,0,3A13E,"COLUMBUS AV","NORTH POINT ST",173.00,S,N,A,-,N,,,,,,,,,,N,2,0,1,2,A,-,03,22350,,F,G,B,D,A,H,-,C,A,0,Y,,,,Y,,-,,1,0,0,0,1,0,0,0,0,"- ","- ",,,"SAN FRANCISCO","SAN FRANCISCO",-122.41790771484375,37.805675506591797
9469526,2023,2023-10-02,3801,2023-08-09,1530,1544,CENTR,3,5,7,3801,0,0,0,,0,3A90A,"BROADWAY ST","KEARNY ST",50.00,E,N,A,-,N,,,,,,,,,,Y,3,0,1,2,A,-,08,22107,,N,D,C,A,A,H,-,A,D,0,,,Y,,Y,,A,01,0,1,0,0,0,0,0,0,1,"- ","- ",,,"SAN FRANCISCO","SAN FRANCISCO",-122.40531921386719,37.798042297363281
9469528,2023,2023-10-02,3801,2023-08-26,2222,483,MISSI,6,5,7,3801,0,0,0,,0,,"VALENCIA ST","DUBOCE ST",120.00,S,N,A,-,N,,,,,,,,,,Y,4,0,1,2,A,-,03,22350,,N,C,C,A,A,H,-,C,D,0,,,,,Y,,A,01,0,0,1,0,0,0,0,0,0,"- ","- ",,,"SAN FRANCISCO","SAN FRANCISCO",-122.42233276367188,37.769542694091797
9469536,2023,2023-10-02,3801,2023-08-25,1536,2379,CENTR,5,5,7,3801,0,0,0,,0,3A12D,"PINE ST","KEARNY ST",0.00,,Y,A,-,N,,,,,,,,,,N,3,0,1,2,A,-,10,21950,A,N,A,B,B,A,H,-,A,A,0,Y,,,,Y,,A,07,0,1,0,0,1,0,0,0,0,"- ","- ",,,"SAN FRANCISCO","SAN FRANCISCO",,
9469539,2023,2023-10-02,3801,2023-08-24,1229,1633,TENDE,4,5,7,3801,0,0,0,,0,,"MCALLISTER ST","LARKIN ST",125.00,W,N,A,-,N,,,,,,,,,,N,4,0,4,2,A,-,05,21752,D,N,B,C,A,A,H,-,A,D,0,,,Y,,Y,,A,01,0,0,4,0,0,0,0,0,1,"- ","- ",,,"SAN FRANCISCO","SAN FRANCISCO",-122.41736602783203,37.780445098876953
9469540,2023,2023-10-02,3801,2023-08-24,1353,1496,TARAV,4,5,7,3801,0,0,0,,0,0I5,"BROTHERHOOD WY","LAKE MERCED BL",850.00,E,N,A,-,N,,,,,,,,,,Y,4,0,1,2,A,-,03,22350,,N,C,C,A,A,H,-,A,D,0,,,,,Y,,A,01,0,0,1,0,0,0,0,0,0,"- ","- ",,,"SAN FRANCISCO","SAN FRANCISCO",-122.48232269287109,37.714534759521484
9469541,2023,2023-10-03,3801,2023-08-23,1003,392,MISSI,3,5,7,3801,0,0,0,,0,0D1,"VALENCIA ST","15TH ST",22.00,N,N,A,-,N,,,,,,,,,,N,2,0,1,2,A,-,10,21950,A,N,G,B,B,A,H,-,A,A,0,Y,,,,Y,,A,01,1,0,0,0,1,0,0,0,0,"- ","- ",,,"SAN FRANCISCO","SAN FRANCISCO",-122.42203521728516,37.766590118408203
9469547,2023,2023-10-09,3801,2023-08-13,2344,821,SOUTH,7,5,7,3801,0,0,0,,0,0B4,"MARKET ST","VALENCIA ST",0.00,,Y,A,-,N,,,,,,,,,,Y,2,0,1,2,A,-,09,21453,C,N,D,J,A,A,H,-,C,A,0,,,,,Y,Y,M,94,1,0,0,0,0,0,0,0,0,"- ","- ",,,"SAN FRANCISCO","SAN FRANCISCO",,
9469548,2023,2023-10-03,3801,2023-08-19,1600,1909,NORTH,6,5,7,3801,0,0,0,,0,NORTHE,"MARINA BL","DIVISADERO ST",80.00,E,N,A,-,N,,,,,,,,,,N,4,0,1,1,A,-,03,22350,,N,H,-,A,A,H,-,A,D,0,,,Y,,Y,,C,02,0,0,1,0,0,0,0,0,1,"- ","- ",,,"SAN FRANCISCO","SAN FRANCISCO",-122.4437255859375,37.805618286132812
9469620,2023,2023-09-14,3801,2023-08-18,1322,2315,MISSI,5,5,7,3801,0,0,0,,0,3D15A,"17TH ST","MISSION ST",0.00,,Y,A,-,N,,,,,,,,,,Y,4,0,2,3,A,-,09,21801,,N,D,C,A,A,H,-,A,D,0,,,,,Y,,A,07,0,0,2,0,0,0,0,0,0,"- ","- ",,,"SAN FRANCISCO","SAN FRANCISCO",,
9469622,2023,2023-09-14,3801,2023-08-06,1545,1666,PARK,7,5,7,3801,0,0,0,,0,4CAR,"CASTRO ST","DUBOCE AV",0.00,,Y,A,-,N,,,,,,,,,,N,4,0,1,2,A,-,10,21950,A,N,G,B,B,A,H,-,A,A,0,Y,,,,Y,,A,01,0,0,1,0,1,0,0,0,0,"- ","- ",,,"SAN FRANCISCO","SAN FRANCISCO",,
9472003,2022,2022-07-19,3801,2022-06-06,1005,1003,INGLE,1,5,7,3801,0,0,0,,0,3CAR,"MISSION ST","SILVER AV",0.00,,Y,A,-,N,,,,,,,,,,N,3,0,1,2,A,-,10,21950,A,N,G,B,B,A,H,-,A,A,0,Y,,,,Y,Y,A,07,0,1,0,0,1,0,0,0,0,"- ","- ",,,"SAN FRANCISCO","SAN FRANCISCO",-122.43128204345703,37.728736877441406
9472004,2022,2022-07-27,3801,2022-06-05,0007,1709,INGLE,7,5,7,3801,0,0,0,,0,005,"GENEVA AV","RT 280",0.00,,Y,A,-,Y,SF,4,280,-,R,1.851,R,4,N,Y,4,0,1,2,A,-,09,21801,,N,D,C,A,A,H,-,C,A,0,,,,,Y,,A,01,0,0,1,0,0,0,0,0,0,"- ",SO,,,"SAN FRANCISCO","SAN FRANCISCO",-122.44725799560547,37.724128723144531
9472005,2022,2022-07-19,3801,2022-06-04,1614,1911,RICHM,6,5,7,3801,0,0,0,,0,0G2,"PRESIDIO AV","CALIFORNIA ST",50.00,N,N,A,-,N,,,,,,,,,,N,4,0,1,2,A,-,03,22350,,F,C,C,A,A,H,-,A,A,0,,,,,Y,,A,01,0,0,1,0,0,0,0,0,0,"- ","- ",,,"SAN FRANCISCO","SAN FRANCISCO",-122.44680786132812,37.787395477294922
9472008,2022,2022-07-19,3801,2022-06-08,0805,156,BAYVI,3,5,7,3801,0,0,0,,0,3C60,"OAKDALE AV","TOLAND AV",0.00,,Y,A,-,N,,,,,,,,,,Y,4,0,1,4,A,-,07,21658,A,N,A,E,A,A,H,-,A,D,0,,,,,Y,,A,01,0,0,1,0,0,0,0,0,0,"- ","- ",,,"SAN FRANCISCO","SAN FRANCISCO",-122.40155029296875,37.740951538085938
9472009,2022,2022-07-19,3801,2022-06-08,1722,319,CENTR,3,5,7,3801,0,0,0,,0,3A12D,"NEW MONTGOMERY ST","STEVENSON ST",44.00,W,N,A,-,N,,,,,,,,,,N,3,0,1,3,A,-,03,22350,A,N,H,B,D,A,H,-,A,D,0,Y,,,,Y,,A,01,0,1,0,0,1,0,0,0,0,"- ","- ",,,"SAN FRANCISCO","SAN FRANCISCO",-122.40161895751953,37.788383483886719
9472010,2022,2022-07-19,3801,2022-06-09,1625,2342,NORTH,4,5,7,3801,0,0,0,,0,3E14D,"LAGUNA ST","PAGE ST",0.00,,Y,A,-,N,,,,,,,,,,N,3,0,1,2,A,-,10,21950,A,N,D,B,B,A,H,-,A,D,0,Y,,,,Y,,A,01,0,1,0,0,1,0,0,0,0,"- ","- ",,,"SAN FRANCISCO","SAN FRANCISCO",-122.42569732666016,37.773658752441406
9472024,2022,2022-07-18,3801,2022-06-08,1456,1994,TAFFI,3,5,7,3801,0,0,0,,0,4B3D,"STOCKTON ST","SOUTH TUNNEL ENT",185.00,N,N,A,-,N,,,,,,,,,,Y,2,0,2,3,A,-,05,21460,A,N,B,C,A,A,H,-,A,D,0,,,Y,,Y,,C,02,1,0,1,0,0,0,0,0,1,"- ","- ",,,"SAN FRANCISCO","SAN FRANCISCO",,
9472025,2022,2022-07-25,3801,2022-06-05,1026,73,TRAFF,7,5,7,3801,0,0,0,,0,4B1B,"PERSIA AV","MISSION ST",0.00,,Y,C,-,N,,,,,,,,,,Y,4,0,3,4,A,-,12,21453,A,F,B,C,A,B,H,-,A,A,0,,,,,Y,Y,A,01,0,0,3,0,0,0,0,0,0,"- ","- ",,,"SAN FRANCISCO","SAN FRANCISCO",-122.43596649169922,37.723140716552734
9472028,2022,2022-07-18,3801,2022-06-05,1027,379,TRAFF,7,5,7,3801,0,0,0,,0,4B3H,"PERSIA AV","LONDON ST",195.00,E,N,B,C,N,,,,,,,,,,Y,3,0,4,7,A,-,17,21663,,F,G,B,F,B,H,-,A,A,0,Y,,,,Y,,A,01,0,1,3,0,1,0,0,0,0,"- ","- ",,,"SAN FRANCISCO","SAN FRANCISCO",-122.43460083007812,37.722492218017578
9472029,2022,2022-07-18,3801,2022-06-16,1214,830,MISSI,4,5,7,3801,0,0,0,,0,3D15A,"18TH ST","MISSION ST",0.00,,Y,A,-,N,,,,,,,,,,N,3,0,2,2,A,-,17,21235,G,N,H,A,A,A,H,-,A,A,0,,,,,Y,,M,94,0,1,1,0,0,0,0,0,0,"- ","- ",,,"SAN FRANCISCO","SAN FRANCISCO",-122.41936492919922,37.7618408203125
9472116,2022,2022-07-14,3801,2022-06-14,1524,2384,TARAV,2,5,7,3801,0,0,0,,0,3I15D,"SAN BENITO WY","SAN ANSELMO AV",0.00,,Y,A,-,N,,,,,,,,,,Y,4,0,1,2,A,-,21,22106,,N,D,C,A,A,-,-,A,A,0,,,,,Y,,A,01,0,0,1,0,0,0,0,0,0,"- ","- ",,,"SAN FRANCISCO","SAN FRANCISCO",-122.46730041503906,37.737098693847656
9472117,2022,2022-07-14,3801,2022-06-15,1859,309,TARAV,3,5,7,3801,0,0,0,,0,3111D,"KIRKHAM ST","10TH AV",0.00,,Y,A,-,N,,,,,,,,,,N,3,0,1,2,A,-,04,21703,,F,C,G,A,A,H,-,A,A,0,,Y,,,Y,,A,01,0,1,0,0,0,0,1,0,0,"- ","- ",,,"SAN FRANCISCO","SAN FRANCISCO",-122.46714019775391,37.760246276855469
9472120,2022,2022-07-14,3801,2022-06-12,2157,1466,SOUTH,7,5,7,3801,0,0,0,,0,0B2,"HARRISON ST","06TH ST",0.00,,Y,A,-,N,,,,,,,,,,N,3,0,1,2,A,-,12,21453,A,M,G,B,-,A,H,-,C,-,0,Y,,,,Y,,A,01,0,1,0,0,1,0,0,0,0,"- ","- ",,,"SAN FRANCISCO","SAN FRANCISCO",,
9472215,2022,2022-07-21,3801,2022-05-15,0915,179,NORTH,7,5,7,3801,0,0,0,,0,3E12A,"GEARY BL","DIVISADERO ST",0.00,,Y,A,-,N,,,,,,,,,,Y,4,0,3,2,D,-,00,,,N,D,C,A,A,H,-,A,A,0,,,,,Y,,-,"- ",0,0,3,0,0,0,0,0,0,"- ","- ",,,"SAN FRANCISCO","SAN FRANCISCO",-122.43947601318359,37.783359527587891
9472256,2022,2022-07-20,3801,2022-06-08,1420,570,MISSI,3,5,7,3801,0,0,0,,0,3D42C,"25TH ST","NOE ST",37.00,E,N,A,-,N,,,,,,,,,,N,4,0,1,2,A,-,03,22350,,F,C,C,A,A,H,-,A,D,0,,,,,Y,,A,07,0,0,1,0,0,0,0,0,0,"- ","- ",,,"SAN FRANCISCO","SAN FRANCISCO",-122.43157958984375,37.749839782714844
9472266,2022,2022-07-20,3801,2022-03-24,0645,1387,CENTR,4,5,7,3801,0,0,0,,0,3A14A,"WASHINGTON ST","EMBARCADERO N",0.00,,Y,A,-,N,,,,,,,,,,N,4,0,1,2,A,-,12,21453,A,N,G,B,B,A,H,-,A,A,0,Y,,,,Y,,A,01,0,0,1,0,1,0,0,0,0,"- ","- ",,,"SAN FRANCISCO","SAN FRANCISCO",-122.39556121826172,37.796642303466797
9472270,2022,2022-07-20,3801,2022-03-23,1445,426,NORTH,3,5,7,3801,0,0,0,,0,3E13D,"FRANKLIN ST","BUSH ST",6.00,N,N,A,-,N,,,,,,,,,,N,3,0,1,2,A,-,10,21950,A,N,G,B,B,A,H,-,A,A,0,Y,,,,Y,,A,07,0,1,0,0,1,0,0,0,0,"- ","- ",,,"SAN FRANCISCO","SAN FRANCISCO",-122.423583984375,37.788295745849609
9478135,2022,2022-08-09,3801,2022-07-12,1438,1707,NORTH,2,5,7,3801,0,0,0,,0,3E13C,"POLK ST","MYRTLE ST",0.00,,Y,A,-,N,,,,,,,,,,N,4,0,1,2,A,-,09,21801,A,N,D,J,A,A,H,-,A,A,0,,,,,Y,,D,22,0,0,1,0,0,0,0,0,0,"- ","- ",,,"SAN FRANCISCO","SAN FRANCISCO",-122.41963958740234,37.785427093505859
9478914,2022,2022-08-09,3801,2022-04-07,0941,4286,RICHM,4,5,7,3801,0,0,0,,0,0G2,"WASHINGTON ST","LAUREL ST",5.00,E,N,A,-,N,,,,,,,,,,N,3,0,1,2,A,-,10,21950,A,N,B,B,B,A,H,-,A,D,0,Y,,,,Y,,A,01,0,1,0,0,1,0,0,0,0,"- ","- ",,,"SAN FRANCISCO","SAN FRANCISCO",-122.45065307617188,37.789524078369141
9478917,2022,2022-09-08,3801,2022-04-07,1518,2134,TENDE,4,5,7,3801,0,0,0,,0,3J11D,"7TH ST","MARKET ST",0.00,,N,A,-,N,,,,,,,,,,N,4,0,1,3,A,-,17,22517,,N,H,G,A,A,H,-,A,A,0,,Y,,,Y,,-,,0,0,1,0,0,0,1,0,0,"- ","- ",,,"SAN FRANCISCO","SAN FRANCISCO",-122.41251373291016,37.780479431152344
9478919,2022,2022-08-09,3801,2022-04-14,1200,826,BAYVI,4,5,7,3801,0,0,0,,0,03C,"CESAR CHAVEZ ST","CONNECTICUT ST",25.00,W,N,B,C,N,,,,,,,,,,N,4,0,1,2,A,-,08,22107,,N,B,C,A,B,H,-,A,D,0,,,,,Y,,A,01,0,0,1,0,0,0,0,0,0,"- ","- ",,,"SAN FRANCISCO","SAN FRANCISCO",-122.39635467529297,37.749744415283203