CASE_ID,ACCIDENT_YEAR,PROC_DATE,JURIS,COLLISION_DATE,COLLISION_TIME,OFFICER_ID,REPORTING_DISTRICT,DAY_OF_WEEK,CHP_SHIFT,POPULATION,CNTY_CITY_LOC,SPECIAL_COND,BEAT_TYPE,CHP_BEAT_TYPE,CITY_DIVISION_LAPD,CHP_BEAT_CLASS,BEAT_NUMBER,PRIMARY_RD,SECONDARY_RD,DISTANCE,DIRECTION,INTERSECTION,WEATHER_1,WEATHER_2,STATE_HWY_IND,CALTRANS_COUNTY,CALTRANS_DISTRICT,STATE_ROUTE,ROUTE_SUFFIX,POSTMILE_PREFIX,POSTMILE,LOCATION_TYPE,RAMP_INTERSECTION,SIDE_OF_HWY,TOW_AWAY,COLLISION_SEVERITY,NUMBER_KILLED,NUMBER_INJURED,PARTY_COUNT,PRIMARY_COLL_FACTOR,PCF_CODE_OF_VIOL,PCF_VIOL_CATEGORY,PCF_VIOLATION,PCF_VIOL_SUBSECTION,HIT_AND_RUN,TYPE_OF_COLLISION,MVIW,PED_ACTION,ROAD_SURFACE,ROAD_COND_1,ROAD_COND_2,LIGHTING,CONTROL_DEVICE,CHP_ROAD_TYPE,PEDESTRIAN_ACCIDENT,BICYCLE_ACCIDENT,MOTORCYCLE_ACCIDENT,TRUCK_ACCIDENT,NOT_PRIVATE_PROPERTY,ALCOHOL_INVOLVED,STWD_VEHTYPE_AT_FAULT,CHP_VEHTYPE_AT_FAULT,COUNT_SEVERE_INJ,COUNT_VISIBLE_INJ,COUNT_COMPLAINT_PAIN,COUNT_PED_KILLED,COUNT_PED_INJURED,COUNT_BICYCLIST_KILLED,COUNT_BICYCLIST_INJURED,COUNT_MC_KILLED,COUNT_MC_INJURED,PRIMARY_RAMP,SECONDARY_RAMP,LATITUDE,LONGITUDE,COUNTY,CITY,POINT_X,POINT_Y
9478956,2022,2022-08-10,3801,2022-07-17,1054,1210,TARAV,7,5,7,3801,0,0,0,,0,0I5,"JUNIPERO SERRA BL","WINSTON DR",0.00,,Y,A,-,N,,,,,,,,,,Y,3,0,1,1,B,-,22,,,N,F,I,A,A,H,-,A,D,0,,,,,Y,,A,07,0,1,0,0,0,0,0,0,0,"- ","- ",,,"SAN FRANCISCO","SAN FRANCISCO",-122.47236633300781,37.726837158203125
9478960,2022,2022-08-10,3801,2022-07-12,0931,1857,RICHM,2,5,7,3801,0,0,0,,0,3G12A,"SACRAMENTO ST","LAUREL ST",0.00,,Y,B,-,N,,,,,,,,,,N,3,0,1,2,A,-,10,21950,A,N,B,B,B,B,H,-,-,A,0,Y,,,,Y,,A,01,0,1,0,0,1,0,0,0,0,"- ","- ",,,"SAN FRANCISCO","SAN FRANCISCO",-122.45032501220703,37.787742614746094
9478962,2022,2022-08-10,3801,2022-07-09,1557,796,NORTH,6,5,7,3801,0,0,0,,0,3E15D,"WEBSTER ST","UNION ST",5.00,N,N,A,-,N,,,,,,,,,,N,3,0,1,2,A,-,10,21950,A,N,G,B,B,A,H,-,A,A,0,Y,,,,Y,,A,01,0,1,0,0,1,0,0,0,0,"- ","- ",,,"SAN FRANCISCO","SAN FRANCISCO",-122.43384552001953,37.797313690185547
9478963,2022,2022-09-08,3801,2022-07-09,0208,1017,NORTH,6,5,7,3801,0,0,0,,0,3E13E,"POLK ST","PINE ST",0.00,,Y,B,-,N,,,,,,,,,,N,4,0,1,2,A,-,03,22350,,F,C,C,A,B,H,-,C,A,0,,,Y,,Y,,A,01,0,0,1,0,0,0,0,0,0,"- ","- ",,,"SAN FRANCISCO","SAN FRANCISCO",-122.42050170898438,37.789642333984375
9478966,2022,2022-09-15,3801,2022-07-14,1843,1833,NORTH,4,5,7,3801,0,0,0,,0,3E13D,"FRANKLIN ST","MYRTLE ST",40.00,N,N,A,-,N,,,,,,,,,,N,4,0,1,2,D,-,00,,,N,B,C,A,A,H,-,A,D,0,,,Y,,Y,,-,"- ",0,0,1,0,0,0,0,0,1,"- ","- ",,,"SAN FRANCISCO","SAN FRANCISCO",-122.42294311523438,37.785118103027344
9478968,2022,2022-08-10,3801,2022-07-14,1555,2210,SOUTH,4,5,7,3801,0,0,0,,0,0B4,"MISSION ST","11TH ST",0.00,,Y,A,-,N,,,,,,,,,,N,2,0,1,2,A,-,12,21453,A,N,D,B,B,A,H,-,A,A,0,Y,,,,Y,,M,94,1,0,0,0,1,0,0,0,0,"- ","- ",,,"SAN FRANCISCO","SAN FRANCISCO",-122.41709899902344,37.774330139160156
9478970,2022,2022-08-10,3801,2022-07-06,2250,933,CENTR,3,5,7,3801,0,0,0,,0,0A5,"MARKET ST","1ST ST",0.00,,Y,A,-,N,,,,,,,,,,N,3,0,1,1,A,-,07,21658,A,N,H,J,A,A,H,-,C,D,0,,,Y,,Y,Y,C,03,0,1,0,0,0,0,0,0,1,"- ","- ",,,"SAN FRANCISCO","SAN FRANCISCO",-122.39913940429688,37.791053771972656
9478971,2022,2022-08-10,3801,2022-07-08,1649,2408,RICHM,5,5,7,3801,0,0,0,,0,3A91A,"OFARRELL ST","POWELL ST",215.00,W,N,A,-,N,,,,,,,,,,N,4,0,1,2,A,-,17,21235,G,M,D,C,A,A,H,-,A,A,0,,,Y,,Y,,C,03,0,0,1,0,0,0,0,0,1,"- ","- ",,,"SAN FRANCISCO","SAN FRANCISCO",-122.40876007080078,37.786334991455078
9478974,2022,2022-08-10,3801,2022-07-11,1715,1389,BAYVI,1,5,7,3801,0,0,0,,0,3C12D,"BAY SHORE BL","JERROLD AV",0.00,,Y,B,-,N,,,,,,,,,,Y,3,0,1,1,A,-,03,22350,,N,F,J,A,A,B,-,A,D,0,,,Y,,Y,,C,02,0,1,0,0,0,0,0,0,1,"- ","- ",,,"SAN FRANCISCO","SAN FRANCISCO",-122.40361785888672,37.747386932373047
9478975,2022,2022-08-10,3801,2022-07-01,1952,1429,CENTR,5,5,7,3801,0,0,0,,0,3A13D,"PINE ST","TAYLOR ST",6.00,W,N,A,-,N,,,,,,,,,,N,3,0,1,2,A,-,10,21950,A,F,D,B,B,A,H,-,A,A,0,Y,,,,Y,Y,A,07,0,1,0,0,1,0,0,0,0,"- ","- ",,,"SAN FRANCISCO","SAN FRANCISCO",-122.41226959228516,37.790657043457031
9478977,2022,2022-08-10,3801,2022-07-02,1040,1641,SOUTH,6,5,7,3801,0,0,0,,0,3B14A,"BRYANT ST","BEALE ST",0.00,,-,B,-,N,,,,,,,,,,N,4,0,1,2,A,-,08,22107,,N,H,J,A,A,H,-,A,A,0,,,Y,,Y,,A,01,0,0,1,0,0,0,0,0,1,"- ","- ",,,"SAN FRANCISCO","SAN FRANCISCO",-122.38969421386719,37.786220550537109
9478979,2022,2022-08-10,3801,2022-07-04,0420,1336,NORTH,1,5,7,3801,0,0,0,,0,0E6,"FRANKLIN ST","PACIFIC AV",0.00,,Y,A,-,N,,,,,,,,,,N,2,0,1,2,A,-,03,22350,,F,G,B,E,A,H,-,C,A,0,Y,,,,Y,,A,07,1,0,0,0,1,0,0,0,0,"- ","- ",,,"SAN FRANCISCO","SAN FRANCISCO",-122.42485046386719,37.794609069824219
9478980,2022,2022-08-10,3801,2022-07-03,0311,4201,NORTH,7,5,7,3801,0,0,0,,0,3E13E,"LOMBARD ST","WEBSTER ST",0.00,,Y,B,E,N,,,,,,,,,,N,4,0,3,2,A,-,03,22350,,N,C,C,A,B,H,-,C,A,0,,,,,Y,,A,01,0,0,3,0,0,0,0,0,0,"- ","- ",,,"SAN FRANCISCO","SAN FRANCISCO",-122.43438720703125,37.800064086914062
9479362,2022,2022-08-18,3801,2022-07-01,2317,1402,SOUTH,5,5,7,3801,0,0,0,,0,3B12E,"HOWARD ST","3RD ST",0.00,,Y,A,-,N,,,,,,,,,,Y,4,0,1,2,A,-,04,21703,,F,C,C,A,A,H,-,C,A,0,,,,,Y,,-,99,0,0,1,0,0,0,0,0,0,"- ","- ",,,"SAN FRANCISCO","SAN FRANCISCO",-122.40049743652344,37.785007476806641
9479364,2022,2022-08-18,3801,2022-07-01,0750,504,NORTH,5,5,7,3801,0,0,0,,0,3E15A,"LOMBARD ST","DIVISADERO ST",0.00,,Y,A,-,N,,,,,,,,,,N,4,0,1,2,A,-,04,21703,,N,-,C,A,A,H,-,A,A,0,,,,,Y,,-,,0,0,1,0,0,0,0,0,0,"- ","- ",,,"SAN FRANCISCO","SAN FRANCISCO",-122.44264984130859,37.79901123046875
9481255,2022,2022-08-08,3801,2022-07-25,1807,1182,INGLE,1,5,7,3801,0,0,0,,0,3H13D,"MISSION ST","APPLETON AV",0.00,,Y,B,-,N,,,,,,,,,,Y,4,0,1,2,A,-,05,21460,A,N,A,C,A,A,H,-,A,A,0,,,,Y,Y,,A,01,0,0,1,0,0,0,0,0,0,"- ","- ",,,"SAN FRANCISCO","SAN FRANCISCO",-122.4239501953125,37.738872528076172
9481266,2022,2022-08-08,3801,2022-07-09,0815,2086,CENTR,6,5,7,3801,0,0,0,,0,3A11A,"CALIFORNIA ST","JONES ST",0.00,,Y,B,-,N,,,,,,,,,,Y,4,0,2,2,A,-,08,22107,,N,B,C,A,A,H,-,A,A,0,,,,,Y,,A,01,0,0,2,0,0,0,0,0,0,"- ","- ",,,"SAN FRANCISCO","SAN FRANCISCO",-122.41410827636719,37.791423797607422
9481360,2022,2022-08-05,3801,2022-06-01,1224,610,MISSI,3,5,7,3801,0,0,0,,0,3D11A,"MARKET ST","14TH ST",0.00,,Y,A,-,N,,,,,,,,,,N,2,0,2,2,A,-,11,21453,D,N,D,J,B,A,H,-,A,A,0,Y,,,,Y,,N,60,1,1,0,0,1,0,0,0,0,"- ","- ",,,"SAN FRANCISCO","SAN FRANCISCO",-122.4288330078125,37.767707824707031
9481461,2022,2022-11-07,3801,2022-07-23,1230,1961,INGLE,6,5,7,3801,0,0,0,,0,3H13C,"MISSION ST","RUSSIA AV",0.00,,N,A,-,N,,,,,,,,,,N,3,0,2,2,A,-,09,21804,A,F,D,C,A,A,H,-,A,D,0,,,,,Y,,-,,0,2,0,0,0,0,0,0,0,"- ","- ",,,"SAN FRANCISCO","SAN FRANCISCO",-122.43717956542969,37.721572875976562
9481462,2022,2022-08-08,3801,2022-07-22,2039,2268,INGLE,5,5,7,3801,0,0,0,,0,,"VIENNA ST","ITALY AV",0.00,,Y,A,-,N,,,,,,,,,,N,4,0,1,2,A,-,10,21950,,N,G,B,B,-,H,-,C,A,0,Y,,,,Y,,A,01,0,0,1,0,1,0,0,0,0,"- ","- ",,,"SAN FRANCISCO","SAN FRANCISCO",-122.43394470214844,37.715797424316406
9481464,2022,2022-08-08,3801,2022-07-25,1050,4265,INGLE,1,5,7,3801,0,0,0,,0,5CRA,"ALEMANY BL","NAGLEE AV",0.00,,Y,A,-,N,,,,,,,,,,N,4,0,1,2,A,-,10,21950,A,N,D,B,B,A,H,-,A,D,0,Y,,,,Y,,A,01,0,0,1,0,1,0,0,0,0,"- ","- ",,,"SAN FRANCISCO","SAN FRANCISCO",-122.44901275634766,37.713943481445312
9481466,2022,2022-08-08,3801,2022-07-27,1934,LI,BAYVI,3,5,7,3801,0,0,0,,0,3C11D,"23RD ST","DAKOTA ST",0.00,,Y,A,-,N,,,,,,,,,,Y,3,0,1,1,A,-,03,22350,,N,F,I,A,A,H,-,A,D,0,,,,,Y,,A,01,0,1,0,0,0,0,0,0,0,"- ","- ",,,"SAN FRANCISCO","SAN FRANCISCO",-122.39665222167969,37.754722595214844
9481472,2022,2022-08-22,3801,2022-07-25,1037,796,NORTH,1,5,7,3801,0,0,0,,0,3E11A,"FILBERT ST","LAGUNA ST",0.00,,Y,A,-,N,,,,,,,,,,N,3,0,1,2,A,-,09,21800,A,N,H,C,A,A,H,-,A,A,0,,,,,Y,,M,94,0,1,0,0,0,0,0,0,0,"- ","- ",,,"SAN FRANCISCO","SAN FRANCISCO",-122.43073272705078,37.798641204833984
9481474,2022,2022-08-08,3801,2022-07-24,1235,1961,INGLE,7,5,7,3801,0,0,0,,0,3H13C,"BRUNSWICK ST","CONCORD ST",0.00,,Y,A,-,N,,,,,,,,,,Y,4,0,1,2,A,-,12,22450,A,N,D,C,A,A,H,-,A,A,0,,,,,Y,,A,01,0,0,1,0,0,0,0,0,0,"- ","- ",,,"SAN FRANCISCO","SAN FRANCISCO",-122.44216156005859,37.710918426513672
9481487,2022,2022-08-08,3801,2022-07-04,2220,2143,MISSI,1,5,7,3801,0,0,0,,0,3D16D,"20TH ST","BRYANT ST",0.00,,Y,A,-,N,,,,,,,,,,N,3,0,1,2,A,-,17,21209,,F,C,B,E,A,H,-,C,D,0,Y,,,,Y,Y,A,01,0,1,0,0,1,0,0,0,0,"- ","- ",,,"SAN FRANCISCO","SAN FRANCISCO",-122.40977478027344,37.759212493896484
9481488,2022,2022-08-08,3801,2022-07-07,0900,1477,MISSI,4,5,7,3801,0,0,0,,0,,"FOLSOM ST","24TH ST",225.00,N,N,A,-,N,,,,,,,,,,N,4,0,2,2,A,-,04,21703,,N,C,C,A,A,H,-,A,D,0,,,,,Y,,A,01,0,0,2,0,0,0,0,0,0,"- ","- ",,,"SAN FRANCISCO","SAN FRANCISCO",-122.41415405273438,37.753128051757812
9481490,2022,2022-08-08,3801,2022-07-08,1215,1614,MISSI,5,5,7,3801,0,0,0,,0,MISSIO,"16TH ST","ALBION ST",0.00,,Y,A,-,N,,,,,,,,,,N,4,0,1,2,A,-,09,21801,A,N,A,C,A,A,H,-,A,D,0,,,Y,,Y,,A,01,0,0,1,0,0,0,0,0,1,"- ","- ",,,"SAN FRANCISCO","SAN FRANCISCO",-122.423095703125,37.764835357666016
9481491,2022,2022-08-08,3801,2022-07-11,1712,4001,MISSI,1,5,7,3801,0,0,0,,0,,"CAPP ST","19TH ST",35.00,S,N,A,-,N,,,,,,,,,,N,3,0,1,2,A,-,03,22350,,F,A,G,A,A,H,-,A,A,0,,Y,,,Y,,A,01,0,1,0,0,0,0,1,0,0,"- ","- ",,,"SAN FRANCISCO","SAN FRANCISCO",-122.41809844970703,37.76019287109375
9481493,2022,2022-08-08,3801,2022-07-15,2305,2425,MISSI,5,5,7,3801,0,0,0,,0,3D16D,"POTRERO AV","20TH ST",0.00,,Y,A,-,N,,,,,,,,,,Y,2,0,4,2,A,-,12,21453,A,N,A,C,A,A,H,-,C,A,0,,,,,Y,,A,01,4,0,0,0,0,0,0,0,0,"- ","- ",,,"SAN FRANCISCO","SAN FRANCISCO",-122.40694427490234,37.759372711181641
9481497,2022,2022-09-08,3801,2022-07-18,1230,LI,BAYVI,1,5,7,3801,0,0,0,,0,3C15D,"KEITH ST","SHAFTER AV",27.00,N,N,A,-,N,,,,,,,,,,N,4,0,1,2,D,-,00,,,N,B,E,A,A,H,-,A,D,0,,,,,Y,,-,"- ",0,0,1,0,0,0,0,0,0,"- ","- ",,,"SAN FRANCISCO","SAN FRANCISCO",-122.38881683349609,37.73004150390625
9481498,2022,2022-08-08,3801,2022-07-14,1655,2139,TARAV,4,5,7,3801,0,0,0,,0,901,"JUDAH ST","37TH AV",0.00,,Y,A,-,N,,,,,,,,,,Y,4,0,2,2,A,-,09,21800,A,N,D,C,A,A,H,-,A,A,0,,,,,Y,,A,01,0,0,2,0,0,0,0,0,0,"- ","- ",,,"SAN FRANCISCO","SAN FRANCISCO",-122.49630737304688,37.760841369628906
9481502,2022,2022-08-10,3801,2022-07-11,1610,2080,CENTR,1,5,7,3801,0,0,0,,0,3A15D,"SACRAMENTO ST","BATTERY ST",0.00,,Y,A,-,N,,,,,,,,,,N,4,0,1,2,A,-,12,21453,A,N,D,C,A,A,H,-,A,A,0,,,,,Y,,A,01,0,0,1,0,0,0,0,0,0,"- ","- ",,,"SAN FRANCISCO","SAN FRANCISCO",-122.40016174316406,37.794178009033203
9481504,2022,2022-08-10,3801,2022-07-01,1327,1825,SOUTH,5,5,7,3801,0,0,0,,0,3B47,"5TH ST","CLEMENTINA ST",0.00,,Y,A,-,N,,,,,,,,,,Y,3,0,1,2,A,-,09,21800,A,F,D,C,A,A,H,-,A,D,0,,,,,Y,,A,01,0,1,0,0,0,0,0,0,0,"- ","- ",,,"SAN FRANCISCO","SAN FRANCISCO",-122.40390777587891,37.780712127685547
9481506,2022,2022-08-10,3801,2022-07-20,2134,740,MISSI,3,5,7,3801,0,0,0,,0,0D4,"CESAR CHAVEZ ST","SHOTWELL ST",0.00,,Y,A,-,N,,,,,,,,,,Y,4,0,1,2,A,-,12,21453,A,F,D,C,A,A,H,-,C,A,0,,,,,Y,,A,01,0,0,1,0,0,0,0,0,0,"- ","- ",,,"SAN FRANCISCO","SAN FRANCISCO",-122.41490936279297,37.7481689453125
9481507,2022,2022-08-10,3801,2022-07-22,1920,1198,MISSI,5,5,7,3801,0,0,0,,0,,"17TH ST","CHURCH ST",0.00,,Y,A,-,N,,,,,,,,,,N,4,0,1,1,A,-,17,21209,,N,H,I,A,A,H,-,A,D,0,,Y,,,Y,Y,-,"- ",0,0,1,0,0,0,1,0,0,"- ","- ",,,"SAN FRANCISCO","SAN FRANCISCO",-122.42851257324219,37.762882232666016
9481508,2022,2022-09-08,3801,2022-07-24,2040,1352,MISSI,7,5,7,3801,0,0,0,,0,3D44C,"18TH ST","VALENCIA ST",0.00,,Y,A,-,N,,,,,,,,,,N,4,0,1,2,A,-,09,21800,A,N,D,C,A,A,H,-,C,A,0,,,Y,,Y,,C,03,0,0,1,0,0,0,0,0,1,"- ","- ",,,"SAN FRANCISCO","SAN FRANCISCO",-122.42156219482422,37.761714935302734
9481510,2022,2022-08-10,3801,2022-07-23,0944,1316,RICHM,6,5,7,3801,0,0,0,,0,3G13A,"4TH AV","CLEMENT ST",109.00,S,N,B,C,N,,,,,,,,,,N,2,0,1,2,A,-,11,21950,B,N,G,B,D,B,H,-,A,D,0,Y,,,,Y,,N,60,1,0,0,0,1,0,0,0,0,"- ","- ",,,"SAN FRANCISCO","SAN FRANCISCO",-122.46225738525391,37.782741546630859
9481515,2022,2022-08-10,3801,2022-07-20,1255,986,TARAV,3,5,7,3801,0,0,0,,0,3I14B,"WEST PORTAL AV","VICENTE ST",0.00,,Y,A,-,N,,,,,,,,,,N,4,0,1,2,D,-,00,,,N,D,C,A,A,H,-,A,A,0,,,,,Y,,-,"- ",0,0,1,0,0,0,0,0,0,"- ","- ",,,"SAN FRANCISCO","SAN FRANCISCO",-122.46701812744141,37.739734649658203
9481555,2022,2022-08-09,3801,2022-06-21,1937,1572,SOUTH,2,5,7,3801,0,0,0,,0,,"5TH ST","FOLSOM ST",0.00,,N,A,-,N,,,,,,,,,,,3,0,1,2,A,-,09,21801,,F,B,C,A,A,H,-,A,A,0,,,Y,,Y,Y,-,,0,1,0,0,0,0,0,0,1,"- ","- ",,,"SAN FRANCISCO","SAN FRANCISCO",-122.40340423583984,37.7802734375
9481558,2022,2022-08-09,3801,2022-06-18,1350,4274,RICHM,6,5,7,3801,0,0,0,,0,3G13C,"PARK PRESIDIO BL","FULTON ST",0.00,,Y,A,-,N,,,,,,,,,,Y,3,0,2,2,A,-,12,21453,A,N,D,I,A,A,H,-,A,A,0,,,,,Y,,A,01,0,1,1,0,0,0,0,0,0,"- ","- ",,,"SAN FRANCISCO","SAN FRANCISCO",-122.47177886962891,37.773124694824219
9481883,2022,2022-08-08,3801,2022-05-29,0627,624,NORTH,7,5,7,3801,0,0,0,,0,002,"STEINER ST","TURK ST",0.00,,Y,A,-,N,,,,,,,,,,Y,3,0,2,2,A,-,12,21453,A,N,D,C,A,A,-,-,A,A,0,,,Y,,Y,,C,02,0,2,0,0,0,0,0,0,1,"- ","- ",,,"SAN FRANCISCO","SAN FRANCISCO",-122.43376922607422,37.780300140380859
9481884,2022,2022-08-08,3801,2022-05-06,2034,4239,PARK,5,5,7,3801,0,0,0,,0,3F12D,"17TH ST","CLAYTON ST",0.00,,Y,C,-,N,,,,,,,,,,N,3,0,1,2,A,-,10,21950,A,N,G,B,B,B,H,-,C,A,0,Y,,,,Y,,A,01,0,1,0,0,1,0,0,0,0,"- ","- ",,,"SAN FRANCISCO","SAN FRANCISCO",-122.44676971435547,37.761775970458984
9481886,2022,2022-08-08,3801,2022-04-22,1230,1796,RICHM,5,5,7,3801,0,0,0,,0,,"CALIFORNIA ST","22ND AV",0.00,,Y,A,-,N,,,,,,,,,,N,4,0,1,2,A,-,06,21755,,N,C,C,A,A,H,-,A,D,0,,,Y,,Y,,C,02,0,0,1,0,0,0,0,0,1,"- ","- ",,,"SAN FRANCISCO","SAN FRANCISCO",-122.48180389404297,37.784015655517578
9481888,2022,2022-08-08,3801,2022-04-17,0747,392,MISSI,7,5,7,3801,0,0,0,,0,3D14A,"VALENCIA ST","22ND ST",21.00,N,N,A,-,N,,,,,,,,,,N,4,0,1,2,A,-,10,21950,A,N,G,B,B,A,H,-,A,A,0,Y,,,,Y,,A,01,0,0,1,0,1,0,0,0,0,"- ","- ",,,"SAN FRANCISCO","SAN FRANCISCO",-122.42096710205078,37.755367279052734
9481894,2022,2022-10-10,3801,2022-04-29,2243,1057,NORTH,5,5,7,3801,0,0,0,,0,,"WEBSTER ST","OFARRELL ST",0.00,,Y,A,-,N,,,,,,,,,,N,3,0,1,2,A,-,03,22350,,F,C,C,A,A,H,-,C,A,0,,,,,Y,Y,-,,0,1,0,0,0,0,0,0,0,"- ","- ",,,"SAN FRANCISCO","SAN FRANCISCO",-122.43105316162109,37.783504486083984
9481896,2022,2022-08-09,3801,2022-03-20,0212,359,CENTR,7,5,7,3801,0,0,0,,0,3A12E,"STOCKTON ST","OFARRELL ST",0.00,,Y,A,-,N,,,,,,,,,,Y,4,0,4,2,A,-,12,21453,A,N,D,C,A,A,H,-,C,A,0,,,,,Y,,A,01,0,0,4,0,0,0,0,0,0,"- ","- ",,,"SAN FRANCISCO","SAN FRANCISCO",-122.40638732910156,37.786624908447266
9483283,2022,2022-08-11,3801,2022-07-15,0434,2023,PARK,5,5,7,3801,0,0,0,,0,003,"HAIGHT ST","COLE ST",0.00,,Y,A,-,N,,,,,,,,,,Y,4,0,2,2,A,-,12,22450,A,F,D,C,A,A,H,-,C,D,0,,,,,Y,,A,01,0,0,2,0,0,0,0,0,0,"- ","- ",,,"SAN FRANCISCO","SAN FRANCISCO",-122.45072937011719,37.769508361816406
9483314,2022,2022-08-11,3801,2022-06-20,1819,2408,RICHM,1,5,7,3801,0,0,0,,0,3G13D,"FULTON ST","PARK PRESIDEO BL",0.00,,Y,A,-,N,,,,,,,,,,Y,2,0,2,3,A,-,03,22350,,N,C,C,A,A,H,-,A,A,0,,,Y,,Y,Y,A,01,1,1,0,0,0,0,0,0,1,"- ","- ",,,"SAN FRANCISCO","SAN FRANCISCO",-122.47177886962891,37.773124694824219
9483334,2022,2022-09-12,3801,2022-03-14,2220,WONG2330,TARAV,1,5,7,3801,0,0,0,,0,3I13E,"32ND AV","SANTIAGO ST",27.00,N,N,A,-,N,,,,,,,,,,N,4,0,1,5,A,-,03,22350,,N,A,E,A,A,H,-,C,D,0,,,,,Y,,A,01,0,0,1,0,0,0,0,0,0,"- ","- ",,,"SAN FRANCISCO","SAN FRANCISCO",-122.48976135253906,37.744373321533203
9483346,2022,2022-10-07,3801,2022-07-15,0156,2491,SOUTH,5,5,7,3801,0,0,0,,0,3B15E,"FOLSOM ST","HALLAM ST",0.00,,Y,A,-,N,,,,,,,,,,N,4,0,2,3,A,-,08,22107,,N,B,C,A,A,H,-,C,D,0,,,,,Y,Y,-,"- ",0,0,2,0,0,0,0,0,0,"- ","- ",,,"SAN FRANCISCO","SAN FRANCISCO",-122.40885925292969,37.775951385498047
9483433,2022,2022-08-08,3801,2022-06-23,1825,1766,TRAFF,4,5,7,3801,0,0,0,,0,4B103,"MISSION ST","COLLEGE TR",154.00,N,N,A,-,N,,,,,,,,,,N,2,0,2,2,A,-,08,22107,,N,D,J,A,A,H,-,A,A,0,,,Y,,Y,,A,01,1,0,1,0,0,0,0,0,1,"- ","- ",,,"SAN FRANCISCO","SAN FRANCISCO",-122.42546081542969,37.734611511230469
9483436,2022,2022-08-08,3801,2022-06-29,1903,1926,NORTH,3,5,7,3801,0,0,0,,0,3E13D,"GOUGH ST","GROVE ST",75.00,S,N,A,-,N,,,,,,,,,,N,4,0,1,2,A,-,04,21703,,N,C,C,A,A,H,-,A,A,0,,,,,Y,,A,07,0,0,1,0,0,0,0,0,0,"- ","- ",,,"SAN FRANCISCO","SAN FRANCISCO",-122.42311859130859,37.777606964111328
9483439,2022,2022-08-08,3801,2022-06-28,1145,1540,TARAV,2,5,7,3801,0,0,0,,0,3I11A,"19TH ST","EUCALYPTUS DR",753.00,S,N,A,-,N,,,,,,,,,,Y,4,0,1,2,A,-,03,22350,,N,-,I,A,A,H,-,A,A,0,,,,,Y,,A,01,0,0,1,0,0,0,0,0,0,"- ","- ",,,"SAN FRANCISCO","SAN FRANCISCO",-122.47467041015625,37.729026794433594
9483460,2022,2022-08-08,3801,2022-07-16,1800,1688,BAYVI,6,5,7,3801,0,0,0,,0,,"3RD ST","HUDSON AV",0.00,,Y,A,-,N,,,,,,,,,,Y,4,0,2,2,A,-,12,21453,,N,D,C,A,A,H,-,A,A,0,,,,,Y,,A,01,0,0,2,0,0,0,0,0,0,"- ","- ",,,"SAN FRANCISCO","SAN FRANCISCO",-122.38883209228516,37.740383148193359
9483461,2022,2022-08-26,3801,2022-07-16,0234,2722,CENTR,6,5,7,3801,0,0,0,,0,3A13E,"COLUMBUS AV","POWELL ST",0.00,,Y,B,-,N,,,,,,,,,,Y,4,0,2,2,A,-,07,21658,A,N,C,E,A,B,H,-,C,A,0,,,,,Y,,A,01,0,0,2,0,0,0,0,0,0,"- ","- ",,,"SAN FRANCISCO","SAN FRANCISCO",-122.41094207763672,37.800838470458984
9483463,2022,2022-08-05,3801,2022-07-14,1500,1544,CENTR,4,5,7,3801,0,0,0,,0,3A14D,"THE EMBARCADERO","BAY ST",0.00,,Y,A,-,N,,,,,,,,,,N,2,0,1,1,C,-,18,,,N,H,A,A,A,H,-,A,D,0,,,,,Y,,-,"- ",1,0,0,0,0,0,0,0,0,"- ","- ",,,"SAN FRANCISCO","SAN FRANCISCO",-122.40596771240234,37.806632995605469
9483466,2022,2022-08-05,3801,2022-07-15,1023,1118,SOUTH,5,5,7,3801,0,0,0,,0,3B12A,"MISSION ST","3RD ST",0.00,,Y,A,-,N,,,,,,,,,,N,3,0,1,2,A,-,10,21950,A,F,G,B,B,A,H,-,A,A,0,Y,,,,Y,,A,01,0,1,0,0,1,0,0,0,0,"- ","- ",,,"SAN FRANCISCO","SAN FRANCISCO",-122.40200042724609,37.786266326904297
9483469,2022,2022-08-05,3801,2022-07-16,1535,2207,CENTR,6,5,7,3801,0,0,0,,0,3A13D,"NORTH POINT ST","HYDE ST",0.00,,Y,A,-,N,,,,,,,,,,N,2,0,1,1,C,-,18,,,N,H,A,A,-,-,-,A,D,0,,,,,Y,,-,"- ",1,0,0,0,0,0,0,0,0,"- ","- ",,,"SAN FRANCISCO","SAN FRANCISCO",-122.42034912109375,37.805732727050781
9483543,2022,2022-08-08,3801,2022-07-14,2354,2491,SOUTH,4,5,7,3801,0,0,0,,0,3B14E,"11TH ST","HARRISON ST",0.00,,Y,A,-,N,,,,,,,,,,N,4,0,1,2,A,-,07,21658,A,F,B,G,A,A,H,-,C,D,0,,Y,,,Y,Y,A,07,0,0,1,0,0,0,1,0,0,"- ","- ",,,"SAN FRANCISCO","SAN FRANCISCO",-122.41246795654297,37.770633697509766
9483545,2022,2022-08-08,3801,2022-06-30,1011,1693,BAYVI,4,5,7,3801,0,0,0,,0,901,"3RD ST","EGBERT AV",97.00,S,N,A,-,N,,,,,,,,,,Y,3,0,1,1,C,-,18,,,N,E,I,A,A,H,-,A,A,0,,,,,Y,,-,"- ",0,1,0,0,0,0,0,0,0,"- ","- ",,,"SAN FRANCISCO","SAN FRANCISCO",-122.39513397216797,37.723751068115234