CASE_ID,ACCIDENT_YEAR,PROC_DATE,JURIS,COLLISION_DATE,COLLISION_TIME,OFFICER_ID,REPORTING_DISTRICT,DAY_OF_WEEK,CHP_SHIFT,POPULATION,CNTY_CITY_LOC,SPECIAL_COND,BEAT_TYPE,CHP_BEAT_TYPE,CITY_DIVISION_LAPD,CHP_BEAT_CLASS,BEAT_NUMBER,PRIMARY_RD,SECONDARY_RD,DISTANCE,DIRECTION,INTERSECTION,WEATHER_1,WEATHER_2,STATE_HWY_IND,CALTRANS_COUNTY,CALTRANS_DISTRICT,STATE_ROUTE,ROUTE_SUFFIX,POSTMILE_PREFIX,POSTMILE,LOCATION_TYPE,RAMP_INTERSECTION,SIDE_OF_HWY,TOW_AWAY,COLLISION_SEVERITY,NUMBER_KILLED,NUMBER_INJURED,PARTY_COUNT,PRIMARY_COLL_FACTOR,PCF_CODE_OF_VIOL,PCF_VIOL_CATEGORY,PCF_VIOLATION,PCF_VIOL_SUBSECTION,HIT_AND_RUN,TYPE_OF_COLLISION,MVIW,PED_ACTION,ROAD_SURFACE,ROAD_COND_1,ROAD_COND_2,LIGHTING,CONTROL_DEVICE,CHP_ROAD_TYPE,PEDESTRIAN_ACCIDENT,BICYCLE_ACCIDENT,MOTORCYCLE_ACCIDENT,TRUCK_ACCIDENT,NOT_PRIVATE_PROPERTY,ALCOHOL_INVOLVED,STWD_VEHTYPE_AT_FAULT,CHP_VEHTYPE_AT_FAULT,COUNT_SEVERE_INJ,COUNT_VISIBLE_INJ,COUNT_COMPLAINT_PAIN,COUNT_PED_KILLED,COUNT_PED_INJURED,COUNT_BICYCLIST_KILLED,COUNT_BICYCLIST_INJURED,COUNT_MC_KILLED,COUNT_MC_INJURED,PRIMARY_RAMP,SECONDARY_RAMP,LATITUDE,LONGITUDE,COUNTY,CITY,POINT_X,POINT_Y
9483549,2022,2022-08-08,3801,2022-05-13,0823,1387,CENTR,5,5,7,3801,0,0,0,,0,3A5A,"MARKET ST","1ST ST",0.00,,Y,A,-,N,,,,,,,,,,N,3,0,1,2,A,-,09,21801,A,F,D,G,A,A,H,-,A,A,0,,Y,,,Y,,A,01,0,1,0,0,0,0,1,0,0,"- ","- ",,,"SAN FRANCISCO","SAN FRANCISCO",-122.39913940429688,37.791053771972656
9483551,2022,2022-08-08,3801,2022-06-26,1626,2455,CENTR,7,5,7,3801,0,0,0,,0,3A13D,BROADWAY,"POWELL ST",0.00,,Y,A,-,N,,,,,,,,,,Y,4,0,2,5,A,-,03,22350,,F,C,C,A,A,H,-,A,A,0,,,,,Y,,A,07,0,0,2,0,0,0,0,0,0,"- ","- ",,,"SAN FRANCISCO","SAN FRANCISCO",-122.41024017333984,37.797409057617188
9483552,2022,2022-08-08,3801,2022-06-28,0745,1339,NORTH,2,5,7,3801,0,0,0,,0,,"LAGUNA ST","FULTON ST",0.00,,Y,A,-,N,,,,,,,,,,Y,4,0,2,2,A,-,12,21453,A,N,D,C,A,A,H,-,A,A,0,,,,,Y,,A,07,0,0,2,0,0,0,0,0,0,"- ","- ",,,"SAN FRANCISCO","SAN FRANCISCO",-122.42664337158203,37.778327941894531
9483553,2022,2022-08-08,3801,2022-06-26,2106,276,NORTH,7,5,7,3801,0,0,0,,0,3E13E,"BUSH ST","VAN NESS AV",0.00,,Y,A,-,N,,,,,,,,,,N,2,0,1,2,A,-,11,21955,,N,G,B,D,A,H,-,C,A,0,Y,,,,Y,,N,60,1,0,0,0,1,0,0,0,0,"- ","- ",,,"SAN FRANCISCO","SAN FRANCISCO",-122.42191314697266,37.788490295410156
9483554,2022,2022-08-08,3801,2022-07-19,1354,2323,BAYVI,2,5,7,3801,0,0,0,,0,3801,"PALOU AV","KEITH ST",0.00,,Y,A,-,N,,,,,,,,,,Y,4,0,1,2,A,-,12,22450,A,M,D,C,A,A,H,-,A,D,0,,,,,Y,Y,A,01,0,0,1,0,0,0,0,0,0,"- ","- ",,,"SAN FRANCISCO","SAN FRANCISCO",-122.38714599609375,37.731868743896484
9483556,2022,2022-08-08,3801,2022-06-25,1340,1075,SOUTH,6,5,7,3801,0,0,0,,0,3B13A,"BRANNAN ST","HARRIET ST",0.00,,Y,A,-,N,,,,,,,,,,Y,3,0,2,2,A,-,09,21800,A,N,D,C,A,A,H,-,A,D,0,,,,,Y,,A,01,0,1,1,0,0,0,0,0,0,"- ","- ",,,"SAN FRANCISCO","SAN FRANCISCO",-122.40151214599609,37.774402618408203
9483557,2022,2022-08-08,3801,2022-06-30,0124,308,RICHM,4,5,7,3801,0,0,0,,0,3G15E,"ANZA ST","23RD AV",0.00,,Y,A,-,N,,,,,,,,,,N,3,0,1,1,A,-,03,22350,,N,A,A,A,A,H,-,C,D,0,,Y,,,Y,,L,04,0,1,0,0,0,0,1,0,0,"- ","- ",,,"SAN FRANCISCO","SAN FRANCISCO",-122.48243713378906,37.778274536132812
9483563,2022,2022-08-08,3801,2022-07-05,2230,308,RICHM,2,5,7,3801,0,0,0,,0,3G12E,"MASONIC AV","GEARY BL",0.00,,Y,A,-,N,,,,,,,,,,Y,4,0,1,2,A,-,09,21801,,N,D,C,A,A,H,-,C,A,0,,,,,Y,,A,01,0,0,1,0,0,0,0,0,0,"- ","- ",,,"SAN FRANCISCO","SAN FRANCISCO",-122.44786834716797,37.782279968261719
9483565,2022,2022-08-08,3801,2022-07-10,0539,1316,RICHM,7,5,7,3801,0,0,0,,0,3G13A,"PARK PRESIDIO BYPASS","CROSSOVER DR",0.00,,Y,A,B,N,,,,,,,,,,Y,4,0,1,2,A,-,08,22107,,F,B,C,A,A,H,-,B,A,0,,,,,Y,,-,,0,0,1,0,0,0,0,0,0,"- ","- ",,,"SAN FRANCISCO","SAN FRANCISCO",-122.47945404052734,37.771183013916016
9483581,2022,2022-08-05,3801,2022-07-20,2123,2722,CENTR,3,5,7,3801,0,0,0,,0,3A15E,"CALIFORNIA ST","SPRING ST",0.00,,Y,B,-,N,,,,,,,,,,N,2,0,1,1,A,-,03,22350,,N,E,A,A,B,H,-,C,A,0,,,,,Y,,-,,1,0,0,0,0,0,0,0,0,"- ","- ",,,"SAN FRANCISCO","SAN FRANCISCO",-122.40380096435547,37.792762756347656
9483582,2022,2022-08-05,3801,2022-07-20,1337,2485,CENTR,3,5,7,3801,0,0,0,,0,1CAR,"PINE ST","LARKIN ST",0.00,,Y,A,-,N,,,,,,,,,,Y,4,0,1,3,A,-,08,22107,,N,B,E,A,A,H,-,A,D,0,,,,,Y,,A,01,0,0,1,0,0,0,0,0,0,"- ","- ",,,"SAN FRANCISCO","SAN FRANCISCO",-122.41886138916016,37.789829254150391
9483583,2022,2022-08-17,3801,2022-07-14,2223,1216,NORTH,4,5,7,3801,0,0,0,,0,3E15E,"GEARY BL","GOUGH ST",0.00,,Y,A,-,N,,,,,,,,,,N,4,0,1,2,A,-,12,21453,A,F,D,C,A,A,H,-,C,A,0,,,,,Y,,A,01,0,0,1,0,0,0,0,0,0,"- ","- ",,,"SAN FRANCISCO","SAN FRANCISCO",-122.42469024658203,37.785411834716797
9483584,2022,2022-08-05,3801,2022-07-17,1853,2379,INGLE,7,5,7,3801,0,0,0,,0,3H13D,"LONDON ST","BRAZIL AV",0.00,,Y,A,-,N,,,,,,,,,,N,4,0,1,2,A,-,07,21658,,F,B,C,A,A,H,-,A,D,0,,,,,Y,,A,01,0,0,1,0,0,0,0,0,0,"- ","- ",,,"SAN FRANCISCO","SAN FRANCISCO",-122.43402099609375,37.724319458007812
9483587,2022,2022-08-05,3801,2022-07-17,1913,4187,NORTH,7,5,7,3801,0,0,0,,0,3E15D,"BEACH ST","FILLMORE ST",0.00,,Y,A,-,N,,,,,,,,,,N,3,0,1,2,A,-,03,22350,,N,E,E,A,A,H,-,A,A,0,,,,,Y,,-,,0,1,0,0,0,0,0,0,0,"- ","- ",,,"SAN FRANCISCO","SAN FRANCISCO",-122.43716430664062,37.804519653320312
9483588,2022,2022-08-05,3801,2022-07-08,0825,2461,SOUTH,5,5,7,3801,0,0,0,,0,3B13A,"NELSON RISING LN","6TH ST",25.00,E,N,A,-,N,,,,,,,,,,N,2,0,1,2,A,-,10,21950,A,N,G,B,B,A,H,-,A,D,0,Y,,,,Y,,A,01,1,0,0,0,1,0,0,0,0,"- ","- ",,,"SAN FRANCISCO","SAN FRANCISCO",-122.39437103271484,37.769485473632812
9483591,2022,2022-08-05,3801,2022-07-21,0213,1967,NORTH,4,5,7,3801,0,0,0,,0,3E14E,"HAIGHT ST","DIVISADERO ST",0.00,,Y,C,-,N,,,,,,,,,,Y,3,0,1,2,A,-,12,21453,A,F,D,C,A,B,H,-,C,A,0,,,,,Y,,A,01,0,1,0,0,0,0,0,0,0,"- ","- ",,,"SAN FRANCISCO","SAN FRANCISCO",-122.43704223632812,37.771270751953125
9483593,2022,2022-08-05,3801,2022-07-04,1120,1003,INGLE,1,5,7,3801,0,0,0,,0,6CAR,"BAYSHORE BL","ARLETA AV",0.00,,Y,A,-,N,,,,,,,,,,N,3,0,2,2,A,-,11,21456,C,N,G,B,B,A,H,-,A,A,0,Y,,Y,,Y,,N,60,0,2,0,0,1,0,0,0,1,"- ","- ",,,"SAN FRANCISCO","SAN FRANCISCO",-122.40261077880859,37.712268829345703
9483599,2022,2022-08-05,3801,2022-07-05,1203,1183,MISSI,2,5,7,3801,0,0,0,,0,3D16C,"SOUTH VAN NESS","13TH ST",0.00,,Y,A,-,N,,,,,,,,,,Y,4,0,1,2,A,-,12,21453,A,M,D,-,A,A,H,-,A,A,0,,,,,Y,,A,08,0,0,1,0,0,0,0,0,0,"- ","- ",,,"SAN FRANCISCO","SAN FRANCISCO",-122.41777801513672,37.7696533203125
9483600,2022,2022-08-05,3801,2022-07-05,1502,2493,PARK,2,5,7,3801,0,0,0,,0,3F13A,"7TH AV","LAWTON ST",0.00,,-,A,-,N,,,,,,,,,,N,2,0,1,2,A,-,17,22517,,N,B,G,A,A,H,-,A,D,0,,Y,,,Y,,A,01,1,0,0,0,0,0,1,0,0,"- ","- ",,,"SAN FRANCISCO","SAN FRANCISCO",-122.46382904052734,37.758537292480469
9483822,2022,2022-08-12,3801,2022-07-04,0058,1851,CENTR,1,5,7,3801,0,0,0,,0,3A11E,BROADWAY,"POWELL ST",300.00,W,N,A,-,N,,,,,,,,,,Y,3,0,1,1,A,-,03,22350,,N,E,I,A,A,H,-,C,D,0,,,Y,,Y,,C,02,0,1,0,0,0,0,0,0,1,"- ","- ",,,"SAN FRANCISCO","SAN FRANCISCO",-122.41126251220703,37.797340393066406
9488618,2022,2022-08-29,3801,2022-06-14,0900,308,1,2,5,7,3801,0,0,0,,0,001,"HOLLOWAY AV","TAPIA DR",113.00,W,N,A,-,N,,,,,,,,,,N,2,0,1,1,C,-,18,,,N,H,J,A,A,A,-,A,D,0,,Y,,,Y,,-,"- ",1,0,0,0,0,0,1,0,0,"- ","- ",37.721019744873047,-122.48133850097656,"SAN FRANCISCO","SAN FRANCISCO",-122.48100280761719,37.720912933349609
9502416,2022,2022-10-07,3801,2022-08-17,0815,670,INGLE,3,5,7,3801,0,0,0,,0,3H14A,"SAN JOSE AV","SAN JUAN AV",0.00,,Y,A,-,N,,,,,,,,,,N,4,0,2,2,A,-,03,22350,,N,C,F,A,A,H,-,A,A,0,,,,,Y,,I,19,0,0,2,0,0,0,0,0,0,"- ","- ",,,"SAN FRANCISCO","SAN FRANCISCO",-122.44145202636719,37.726982116699219
9502420,2022,2022-10-07,3801,2022-08-14,1544,1994,TRAFF,7,5,7,3801,0,0,0,,0,4B3D,"DIVISADERO ST","EDDY ST",36.00,S,N,A,-,N,,,,,,,,,,Y,2,0,1,4,C,-,18,,,N,C,C,A,A,H,-,A,A,0,,,,,Y,,-,"- ",1,0,0,0,0,0,0,0,0,"- ","- ",,,"SAN FRANCISCO","SAN FRANCISCO",-122.43889617919922,37.780483245849609
9502432,2022,2022-09-26,3801,2022-08-19,1527,1052,RICHM,5,5,7,3801,0,0,0,,0,3G15D,"CLEMENT ST","19TH AV",3.00,E,N,A,-,N,,,,,,,,,,N,2,0,1,2,A,-,10,21950,A,N,G,B,B,A,H,-,A,D,0,Y,,,Y,Y,,F,27,1,0,0,0,1,0,0,0,0,"- ","- ",,,"SAN FRANCISCO","SAN FRANCISCO",-122.47846221923828,37.782299041748047
9502459,2022,2022-09-22,3801,2022-08-08,1542,309,TARAV,1,5,7,3801,0,0,0,,0,3I1B,"TARAVAL ST","23RD AV",0.00,,Y,A,-,N,,,,,,,,,,N,4,0,1,2,A,-,08,22100,B,N,D,C,A,A,H,-,A,A,0,,,,,Y,,A,01,0,0,1,0,0,0,0,0,0,"- ","- ",,,"SAN FRANCISCO","SAN FRANCISCO",-122.47999572753906,37.742851257324219
9502463,2022,2022-12-13,3801,2022-06-13,2020,1427,TENDE,1,5,7,3801,0,0,0,,0,3J11D,"MARKET ST","MCALLISTER ST",225.00,E,N,A,-,N,,,,,,,,,,N,4,0,1,2,A,-,08,22107,,N,B,G,A,A,C,-,B,-,0,,Y,,,Y,,D,22,0,0,1,0,0,0,1,0,0,"- ","- ",,,"SAN FRANCISCO","SAN FRANCISCO",-122.41108703613281,37.7816162109375
9502479,2022,2022-09-22,3801,2022-08-04,0750,1557,TARAV,4,5,7,3801,0,0,0,,0,3I16A,"OCEAN AV","APTOS AV",0.00,,Y,A,-,N,,,,,,,,,,Y,3,0,1,3,A,-,09,21800,A,N,D,C,A,A,H,-,A,A,0,,,,,Y,,I,11,0,1,0,0,0,0,0,0,0,"- ","- ",,,"SAN FRANCISCO","SAN FRANCISCO",-122.46772766113281,37.728286743164062
9502641,2022,2022-10-31,3801,2022-05-04,0800,4313,RICHM,3,5,7,3801,0,0,0,,0,0G3,"GEARY BL","3RD AV",0.00,,Y,A,-,N,,,,,,,,,,Y,4,0,1,2,A,-,17,21655,,N,D,C,A,A,H,-,A,A,0,,,,,Y,,A,01,0,0,1,0,0,0,0,0,0,"- ","- ",,,"SAN FRANCISCO","SAN FRANCISCO",-122.46106719970703,37.781227111816406
9502645,2022,2022-10-05,3801,2022-05-18,1501,2376,SOUTH,3,5,7,3801,0,0,0,,0,3B12A,"BRYANT ST","4TH ST",0.00,,Y,A,-,N,,,,,,,,,,N,3,0,2,3,A,-,10,21950,A,N,B,B,B,A,H,-,A,D,0,Y,,,,Y,,A,01,0,2,0,0,2,0,0,0,0,"- ","- ",,,"SAN FRANCISCO","SAN FRANCISCO",-122.3980712890625,37.779571533203125
9502647,2022,2022-10-05,3801,2022-05-25,2303,2463,SOUTH,3,5,7,3801,0,0,0,,0,3B11E,"THE EMBACADERO","FOLSOM ST",225.00,S,N,A,-,N,,,,,,,,,,N,3,0,1,2,A,-,00,21408,A,N,D,C,A,A,H,-,C,D,0,,,Y,,Y,,A,01,0,1,0,0,0,0,0,0,1,"- ","- ",,,"SAN FRANCISCO","SAN FRANCISCO",-122.38961029052734,37.790321350097656
9502885,2022,2022-09-27,3801,2022-08-01,1924,,RICHM,1,5,7,3801,0,0,0,,0,,"ARGUELLO BL","EDWARD ST",0.00,,Y,A,-,N,,,,,,,,,,N,4,0,1,2,A,-,09,21801,A,N,D,C,A,A,H,-,A,D,0,,,Y,,Y,,A,08,0,0,1,0,0,0,0,0,1,"- ","- ",,,"SAN FRANCISCO","SAN FRANCISCO",-122.45864105224609,37.778022766113281
9502905,2022,2022-09-27,3801,2022-07-27,1620,1994,TRAFF,3,5,7,3801,0,0,0,,0,4B3G,"MARKET ST","FRONT ST",0.00,,Y,A,-,N,,,,,,,,,,Y,3,0,3,2,A,-,12,21453,A,N,D,C,A,A,H,-,A,A,0,,,,,Y,,A,01,0,2,1,0,0,0,0,0,0,"- ","- ",,,"SAN FRANCISCO","SAN FRANCISCO",-122.39833831787109,37.791694641113281
9503045,2022,2022-10-11,3801,2022-08-17,1425,2743,SOUTH,3,5,7,3801,0,0,0,,0,3B2,"4TH ST","MISSION ST",75.00,N,N,A,-,N,,,,,,,,,,N,3,0,1,2,A,-,04,21703,,N,C,C,A,A,H,-,A,A,0,,,Y,,Y,,A,01,0,1,0,0,0,0,0,0,1,"- ","- ",,,"SAN FRANCISCO","SAN FRANCISCO",-122.40443420410156,37.784671783447266
9503047,2022,2022-09-21,3801,2022-08-16,1903,2288,INGLE,2,5,7,3801,0,0,0,,0,3H14D,"MONTEREY BL","BADEN ST",0.00,,Y,A,-,N,,,,,,,,,,N,3,0,1,2,A,-,10,21950,,N,G,B,B,A,H,-,A,D,0,Y,,,,Y,,A,07,0,1,0,0,1,0,0,0,0,"- ","- ",,,"SAN FRANCISCO","SAN FRANCISCO",-122.43972778320312,37.731609344482422
9503051,2022,2022-09-21,3801,2022-08-18,1337,1304,NORTH,4,5,7,3801,0,0,0,,0,3E5A,"FELL ST","DIVISADERO ST",118.00,E,N,A,-,N,,,,,,,,,,N,4,0,1,2,A,-,09,21801,A,N,D,G,A,A,H,-,A,D,0,,Y,,,Y,,A,01,0,0,1,0,0,0,1,0,0,"- ","- ",,,"SAN FRANCISCO","SAN FRANCISCO",-122.43719482421875,37.77410888671875
9503052,2022,2022-09-21,3801,2022-08-17,1618,1453,NORTH,3,5,7,3801,0,0,0,,0,,"WEBSTER ST","HAYES ST",0.00,,Y,A,-,N,,,,,,,,,,Y,3,0,1,2,A,-,03,22350,,N,D,C,A,A,H,-,A,A,0,,,,,Y,,A,01,0,1,0,0,0,0,0,0,0,"- ","- ",,,"SAN FRANCISCO","SAN FRANCISCO",-122.42953491210938,37.776042938232422
9503053,2022,2022-09-21,3801,2022-08-20,1456,1952,BAYVI,6,5,7,3801,0,0,0,,0,3C12D,"3RD ST","JERROLD AV",0.00,,Y,A,-,N,,,,,,,,,,Y,4,0,1,2,A,-,01,23152,A,N,C,C,A,A,H,-,A,A,0,,,,,Y,Y,A,01,0,0,1,0,0,0,0,0,0,"- ","- ",,,"SAN FRANCISCO","SAN FRANCISCO",-122.38935852050781,37.738780975341797
9503054,2022,2022-09-21,3801,2022-08-18,2024,2017,MISSI,4,5,7,3801,0,0,0,,0,3D14D,"GUERRERO ST","ELIZABETH ST",159.00,S,N,A,-,N,,,,,,,,,,Y,4,0,1,6,A,-,01,23153,A,N,C,E,A,A,H,-,C,D,0,,,,,Y,Y,A,01,0,0,1,0,0,0,0,0,0,"- ","- ",,,"SAN FRANCISCO","SAN FRANCISCO",-122.42290496826172,37.752346038818359
9503055,2022,2022-09-21,3801,2022-08-19,0929,1118,SOUTH,5,5,7,3801,0,0,0,,0,3B14A,"BRANNAN ST","6TH ST",296.00,E,N,A,-,N,,,,,,,,,,Y,2,0,6,2,A,-,08,22102,,N,D,C,A,A,H,-,A,D,0,,,,,Y,,A,01,1,0,5,0,0,0,0,0,0,"- ","- ",,,"SAN FRANCISCO","SAN FRANCISCO",-122.40026092529297,37.775424957275391
9503057,2022,2022-10-12,3801,2022-08-21,1508,2241,NORTH,7,5,7,3801,0,0,0,,0,0E5,"LOMBARD ST","PIERCE ST",0.00,,Y,A,-,N,,,,,,,,,,N,4,0,3,2,A,-,09,21801,,N,B,-,A,A,H,-,A,A,0,,,,,Y,,A,01,0,0,3,0,0,0,0,0,0,"- ","- ",,,"SAN FRANCISCO","SAN FRANCISCO",-122.43933868408203,37.799423217773438
9503061,2022,2022-09-22,3801,2022-08-05,1440,724,INGLE,5,5,7,3801,0,0,0,,0,3H13C,"ACTON ST","MISSION ST",0.00,,Y,A,-,N,,,,,,,,,,N,3,0,1,2,A,-,12,21453,A,N,D,G,A,A,H,-,A,A,0,,Y,,,Y,Y,L,04,0,1,0,0,0,0,1,0,0,"- ","- ",,,"SAN FRANCISCO","SAN FRANCISCO",-122.4527587890625,37.70880126953125
9503062,2022,2022-10-07,3801,2022-08-07,2218,4136,RICHM,7,5,7,3801,0,0,0,,0,3G2E,"CLAY ST","PRESIDIO AVE",0.00,,N,A,-,N,,,,,,,,,,N,2,0,1,1,D,-,00,,,N,E,I,A,A,C,G,C,D,0,,Y,,,Y,,-,"- ",1,0,0,0,0,0,1,0,0,"- ","- ",,,"SAN FRANCISCO","SAN FRANCISCO",-122.44715881347656,37.789073944091797
9503063,2022,2022-09-22,3801,2022-08-18,0834,1157,BAYVI,4,5,7,3801,0,0,0,,0,3C13A,"EVANS AV","RANKIN ST",0.00,,Y,A,-,N,,,,,,,,,,Y,4,0,3,2,A,-,04,21703,,N,C,C,A,A,H,-,A,A,0,,,,,Y,,A,01,0,0,3,0,0,0,0,0,0,"- ","- ",,,"SAN FRANCISCO","SAN FRANCISCO",-122.39220428466797,37.745109558105469
9503065,2022,2022-09-22,3801,2022-08-20,1224,4314,RICHM,6,5,7,3801,0,0,0,,0,0G5,"FULTON ST","LA PLAYA ST",0.00,,Y,A,-,N,,,,,,,,,,N,3,0,2,2,A,-,09,21801,,N,-,C,A,A,H,-,A,A,0,,,Y,,Y,,A,01,0,2,0,0,0,0,0,0,2,"- ","- ",,,"SAN FRANCISCO","SAN FRANCISCO",-122.50991821289062,37.771389007568359
9503066,2022,2022-09-22,3801,2022-08-19,0920,1857,TENDE,5,5,7,3801,0,0,0,,0,3J12A,"JONES ST","TURK ST",121.00,S,N,A,-,N,,,,,,,,,,N,4,0,1,2,A,-,03,22350,,N,G,B,F,A,H,-,A,D,0,Y,,,,Y,,A,01,0,0,1,0,1,0,0,0,0,"- ","- ",,,"SAN FRANCISCO","SAN FRANCISCO",-122.41234588623047,37.782672882080078
9503069,2022,2022-10-07,3801,2022-08-22,1540,1826,CENTR,1,5,7,3801,0,0,0,,0,3A13C,"BEACH ST","POLK ST",0.00,,-,A,-,N,,,,,,,,,,N,4,0,2,2,C,-,18,,,N,B,E,A,A,H,-,A,D,0,,,Y,,Y,,-,"- ",0,0,2,0,0,0,0,0,2,"- ","- ",,,"SAN FRANCISCO","SAN FRANCISCO",-122.42381286621094,37.806217193603516
9503071,2022,2022-09-22,3801,2022-08-06,1438,1352,MISSI,6,5,7,3801,0,0,0,,0,3D6C,"SOUTH VAN NESS AV","13TH ST",0.00,,Y,A,-,N,,,,,,,,,,N,4,0,2,2,A,-,09,21801,A,N,D,C,A,A,H,-,A,A,0,,,,,Y,,A,01,0,0,2,0,0,0,0,0,0,"- ","- ",,,"SAN FRANCISCO","SAN FRANCISCO",-122.41777801513672,37.7696533203125
9503072,2022,2022-09-23,3801,2022-08-22,1013,1949,CENTR,1,5,7,3801,0,0,0,,0,3A11A,"THE EMBARCADERO",LOMBARD,0.00,,Y,A,-,N,,,,,,,,,,N,4,0,1,2,A,-,17,22517,,N,H,G,A,A,-,-,A,A,0,,Y,,,Y,,A,01,0,0,1,0,0,0,1,0,0,"- ","- ",,,"SAN FRANCISCO","SAN FRANCISCO",-122.40220642089844,37.804168701171875
9503074,2022,2022-10-05,3801,2022-08-07,1728,2008,MISSI,7,5,7,3801,0,0,0,,0,3D15D,"MISSION ST","15TH ST",0.00,,Y,A,-,N,,,,,,,,,,N,3,0,1,2,A,-,11,21954,A,N,G,B,D,A,H,-,A,A,0,Y,,,,Y,,-,"- ",0,1,0,0,1,0,0,0,0,"- ","- ",,,"SAN FRANCISCO","SAN FRANCISCO",-122.41981506347656,37.766674041748047
9503077,2022,2022-09-22,3801,2022-08-23,2100,101,INGLE,2,5,7,3801,0,0,0,,0,3H15E,"MISSION ST","POPE ST",0.00,,-,A,-,N,,,,,,,,,,Y,3,0,1,2,A,-,03,22350,,F,B,E,A,A,H,-,C,D,0,,,,,Y,Y,-,,0,1,0,0,0,0,0,0,0,"- ","- ",,,"SAN FRANCISCO","SAN FRANCISCO",-122.44183349609375,37.715427398681641
9503080,2022,2022-10-10,3801,2022-08-23,1644,893,INGLE,2,5,7,3801,0,0,0,,0,3H15D,"TRUMBULL ST","CONGDON ST",0.00,,Y,A,-,N,,,,,,,,,,Y,3,0,2,2,A,-,09,21802,A,N,D,C,A,A,H,-,A,A,0,,,,,Y,,A,01,0,2,0,0,0,0,0,0,0,"- ","- ",,,"SAN FRANCISCO","SAN FRANCISCO",-122.42615509033203,37.730899810791016
9503082,2022,2022-09-21,3801,2022-08-11,1602,539,MISSI,4,5,7,3801,0,0,0,,0,MISSIO,"GUERRERO ST","18TH ST",0.00,,Y,A,-,N,,,,,,,,,,N,3,0,1,1,A,-,03,22350,,N,F,J,A,A,H,-,A,A,0,,,Y,,Y,,C,02,0,1,0,0,0,0,0,0,1,"- ","- ",,,"SAN FRANCISCO","SAN FRANCISCO",-122.42379760742188,37.761577606201172
9503085,2022,2022-09-21,3801,2022-08-12,2051,1680,MISSI,5,5,7,3801,0,0,0,,0,3D13D,"22ND ST","GUERRERO ST",0.00,,Y,A,-,N,,,,,,,,,,N,4,0,1,2,A,-,10,21950,A,N,G,B,B,A,H,-,C,A,0,Y,,,,Y,,A,01,0,0,1,0,1,0,0,0,0,"- ","- ",,,"SAN FRANCISCO","SAN FRANCISCO",-122.42317962646484,37.755180358886719
9503087,2022,2022-09-21,3801,2022-08-16,1016,728,TARAV,2,5,7,3801,0,0,0,,0,3I13A,"UPPER GREAT HWY","JUDAH ST",6.00,N,N,A,-,N,,,,,,,,,,N,3,0,2,2,A,-,04,21703,,N,B,D,A,A,G,-,A,A,0,,,Y,,Y,,C,02,0,1,1,0,0,0,0,0,2,"- ","- ",,,"SAN FRANCISCO","SAN FRANCISCO",-122.50994110107422,37.760265350341797
9503090,2022,2022-09-21,3801,2022-08-15,0809,670,INGLE,1,5,7,3801,0,0,0,,0,3H14A,"ALEMANY BL","TINGLEY ST",0.00,,Y,A,-,N,,,,,,,,,,Y,4,0,1,2,A,-,09,21800,A,N,D,C,A,A,H,-,A,A,0,,,Y,,Y,,A,01,0,0,1,0,0,0,0,0,1,"- ","- ",,,"SAN FRANCISCO","SAN FRANCISCO",-122.43402099609375,37.729358673095703
9503098,2022,2022-09-21,3801,2022-08-05,1750,4274,RICHM,5,5,7,3801,0,0,0,,0,3G13C,"MARTIN LUTHER KING JR DR","CROSSOVER DR",108.00,E,N,A,-,N,,,,,,,,,,N,3,0,1,2,D,-,00,,,N,B,G,A,A,H,-,A,D,0,,,,,Y,,-,"- ",0,1,0,0,0,0,0,0,0,"- ","- ",,,"SAN FRANCISCO","SAN FRANCISCO",-122.47701263427734,37.766101837158203
9503100,2022,2022-09-21,3801,2022-08-06,0302,1713,NORTH,6,5,7,3801,0,0,0,,0,004,"BUSH ST","STEINER ST",0.00,,Y,A,-,N,,,,,,,,,,N,4,0,1,3,A,-,12,21453,A,F,D,C,A,A,H,-,C,A,0,,,,,Y,,A,01,0,0,1,0,0,0,0,0,0,"- ","- ",,,"SAN FRANCISCO","SAN FRANCISCO",-122.43511199951172,37.786823272705078
9503102,2022,2022-09-21,3801,2022-08-08,0658,1316,RICHM,1,5,7,3801,0,0,0,,0,3G14A,"FULTON ST","12TH AV",100.00,W,N,A,-,N,,,,,,,,,,Y,4,0,1,2,A,-,08,22103,,F,C,C,A,A,H,-,A,A,0,,,,,Y,,A,01,0,0,1,0,0,0,0,0,0,"- ","- ",,,"SAN FRANCISCO","SAN FRANCISCO",-122.47051239013672,37.773189544677734
9503105,2022,2022-11-03,3801,2022-08-09,1755,1644,TENDE,2,5,7,3801,0,0,0,,0,3J12D,"6TH ST","6TH ST 88",0.00,,N,A,-,N,,,,,,,,,,N,3,0,1,2,D,-,00,,,N,B,C,A,A,H,-,A,A,0,,,Y,,Y,,-,"- ",0,1,0,0,0,0,0,0,1,"- ","- ",,,"SAN FRANCISCO","SAN FRANCISCO",,