CASE_ID,ACCIDENT_YEAR,PROC_DATE,JURIS,COLLISION_DATE,COLLISION_TIME,OFFICER_ID,REPORTING_DISTRICT,DAY_OF_WEEK,CHP_SHIFT,POPULATION,CNTY_CITY_LOC,SPECIAL_COND,BEAT_TYPE,CHP_BEAT_TYPE,CITY_DIVISION_LAPD,CHP_BEAT_CLASS,BEAT_NUMBER,PRIMARY_RD,SECONDARY_RD,DISTANCE,DIRECTION,INTERSECTION,WEATHER_1,WEATHER_2,STATE_HWY_IND,CALTRANS_COUNTY,CALTRANS_DISTRICT,STATE_ROUTE,ROUTE_SUFFIX,POSTMILE_PREFIX,POSTMILE,LOCATION_TYPE,RAMP_INTERSECTION,SIDE_OF_HWY,TOW_AWAY,COLLISION_SEVERITY,NUMBER_KILLED,NUMBER_INJURED,PARTY_COUNT,PRIMARY_COLL_FACTOR,PCF_CODE_OF_VIOL,PCF_VIOL_CATEGORY,PCF_VIOLATION,PCF_VIOL_SUBSECTION,HIT_AND_RUN,TYPE_OF_COLLISION,MVIW,PED_ACTION,ROAD_SURFACE,ROAD_COND_1,ROAD_COND_2,LIGHTING,CONTROL_DEVICE,CHP_ROAD_TYPE,PEDESTRIAN_ACCIDENT,BICYCLE_ACCIDENT,MOTORCYCLE_ACCIDENT,TRUCK_ACCIDENT,NOT_PRIVATE_PROPERTY,ALCOHOL_INVOLVED,STWD_VEHTYPE_AT_FAULT,CHP_VEHTYPE_AT_FAULT,COUNT_SEVERE_INJ,COUNT_VISIBLE_INJ,COUNT_COMPLAINT_PAIN,COUNT_PED_KILLED,COUNT_PED_INJURED,COUNT_BICYCLIST_KILLED,COUNT_BICYCLIST_INJURED,COUNT_MC_KILLED,COUNT_MC_INJURED,PRIMARY_RAMP,SECONDARY_RAMP,LATITUDE,LONGITUDE,COUNTY,CITY,POINT_X,POINT_Y
9503109,2022,2022-09-21,3801,2022-08-12,2046,2328,BAYVI,5,5,7,3801,0,0,0,,0,901,"CARGO WY","JENNINGS ST",0.00,,Y,A,-,N,,,,,,,,,,Y,2,0,1,1,A,-,03,22350,,N,E,I,A,A,H,-,C,A,0,,,,,Y,,A,01,1,0,0,0,0,0,0,0,0,"- ","- ",,,"SAN FRANCISCO","SAN FRANCISCO",-122.37690734863281,37.740230560302734
9503110,2022,2022-09-21,3801,2022-08-14,0225,1641,SOUTH,7,5,7,3801,0,0,0,,0,3B12E,"NEW MONTGOMERY ST","MISSION ST",0.00,,Y,A,-,N,,,,,,,,,,Y,4,0,8,3,A,-,12,21453,A,N,D,C,A,A,H,-,C,A,0,,,,,Y,,A,01,0,0,8,0,0,0,0,0,0,"- ","- ",,,"SAN FRANCISCO","SAN FRANCISCO",-122.40049743652344,37.787452697753906
9503115,2022,2022-09-21,3801,2022-08-15,0806,118,PARK,1,5,7,3801,0,0,0,,0,3F11A,"LINCOLN WY","KEZAR DR",0.00,,Y,A,-,N,,,,,,,,,,Y,4,0,1,4,A,-,03,22350,,N,A,C,A,A,H,-,A,D,0,,,,,Y,,A,01,0,0,1,0,0,0,0,0,0,"- ","- ",,,"SAN FRANCISCO","SAN FRANCISCO",-122.4605712890625,37.766178131103516
9503116,2022,2022-09-21,3801,2022-08-15,0849,621,CENTR,1,5,7,3801,0,0,0,,0,3A13A,"KEARNY ST","VER MEHR PL",18.00,S,N,A,-,N,,,,,,,,,,N,4,0,1,2,A,-,06,21755,,N,B,G,A,A,H,-,A,D,0,,Y,,,Y,,A,01,0,0,1,0,0,0,1,0,0,"- ","- ",,,"SAN FRANCISCO","SAN FRANCISCO",-122.40373992919922,37.789291381835938
9503119,2022,2022-09-21,3801,2022-08-11,1745,1148,MISSI,4,5,7,3801,0,0,0,,0,3D15D,"MISSION ST","15TH ST",76.00,N,N,A,-,N,,,,,,,,,,N,4,0,1,2,A,-,05,21460,A,N,D,G,A,A,H,-,A,D,0,,Y,,,Y,,A,01,0,0,1,0,0,0,1,0,0,"- ","- ",,,"SAN FRANCISCO","SAN FRANCISCO",-122.41983795166016,37.766880035400391
9503125,2022,2022-09-21,3801,2022-07-30,0129,1574,INGLE,6,5,7,3801,0,0,0,,0,3H15E,"SAN JOSE AV","SENECA AV",0.00,,Y,A,-,N,,,,,,,,,,,3,0,1,1,A,-,03,22350,,M,E,I,A,B,H,-,C,A,0,,,,,Y,,A,01,0,1,0,0,0,0,0,0,0,"- ","- ",,,"SAN FRANCISCO","SAN FRANCISCO",-122.44585418701172,37.721637725830078
9503141,2022,2022-09-19,3801,2022-07-31,1944,4178,NORTH,7,5,7,3801,0,0,0,,0,4B3A,"WEBSTER ST","HAYES ST",0.00,,Y,A,-,N,,,,,,,,,,N,2,0,1,2,A,-,12,21453,A,N,D,G,A,A,H,-,B,A,0,,Y,,,Y,,L,04,1,0,0,0,0,0,1,0,0,"- ","- ",,,"SAN FRANCISCO","SAN FRANCISCO",-122.42953491210938,37.776042938232422
9503142,2022,2022-09-28,3801,2022-07-10,0745,2020,SOUTH,7,5,7,3801,0,0,0,,0,3B4A,"MARKET ST","GOUGH ST",0.00,,Y,A,-,N,,,,,,,,,,Y,3,0,2,2,A,-,03,22350,,N,D,C,A,A,H,-,A,A,0,,,,,Y,,-,,0,1,1,0,0,0,0,0,0,"- ","- ",,,"SAN FRANCISCO","SAN FRANCISCO",-122.42221069335938,37.772872924804688
9503144,2022,2022-09-19,3801,2022-07-28,2219,1994,TRAFF,4,5,7,3801,0,0,0,,0,4B3D,"GOLDEN GATE AV","LEAVENWORTH ST",18.00,E,N,B,-,N,,,,,,,,,,Y,2,0,1,1,A,-,03,22350,,N,A,I,A,A,H,-,C,A,0,,,Y,,Y,,C,03,1,0,0,0,0,0,0,0,1,"- ","- ",,,"SAN FRANCISCO","SAN FRANCISCO",-122.41379547119141,37.781879425048828
9503146,2022,2022-10-12,3801,2022-07-29,0903,1641,SOUTH,5,5,7,3801,0,0,0,,0,,"OCTAVIA ST","MARKET ST",0.00,,Y,B,-,N,,,,,,,,,,N,4,0,1,2,A,-,04,21703,,N,C,C,A,B,H,-,A,A,0,,,,,Y,,A,01,0,0,1,0,0,0,0,0,0,"- ","- ",,,"SAN FRANCISCO","SAN FRANCISCO",-122.42359161376953,37.771774291992188
9503148,2022,2022-09-19,3801,2022-07-29,0333,2722,CENTR,5,5,7,3801,0,0,0,,0,3A13E,"BUSH ST","HYDE ST",0.00,,Y,A,-,N,,,,,,,,,,N,3,0,1,2,A,-,11,21950,B,N,A,B,D,B,H,-,C,D,0,Y,,Y,,Y,,N,60,0,1,0,0,1,0,0,0,0,"- ","- ",,,"SAN FRANCISCO","SAN FRANCISCO",-122.41700744628906,37.789119720458984
9503150,2022,2022-09-19,3801,2022-07-29,2116,4039,CENTR,5,5,7,3801,0,0,0,,0,3A5,"THE EMBARCADERO","WASHINGTON ST",153.00,N,N,B,C,N,,,,,,,,,,,4,0,1,2,A,-,11,21955,,N,G,B,D,B,H,-,C,A,0,Y,,,,Y,,N,60,0,0,1,0,1,0,0,0,0,"- ","- ",,,"SAN FRANCISCO","SAN FRANCISCO",-122.39585876464844,37.796989440917969
9503153,2022,2022-09-19,3801,2022-07-28,1609,2342,NORTH,4,5,7,3801,0,0,0,,0,3E14D,"PINE ST","VAN NESS AV",0.00,,Y,A,-,N,,,,,,,,,,Y,4,0,1,2,A,-,08,22107,,N,B,C,A,A,H,-,A,D,0,,,,,Y,,A,01,0,0,1,0,0,0,0,0,0,"- ","- ",,,"SAN FRANCISCO","SAN FRANCISCO",-122.42209625244141,37.789417266845703
9503155,2022,2022-09-28,3801,2022-07-30,0157,2722,CENTR,6,5,7,3801,0,0,0,,0,3A2E,"ESSEX ST","HARRISON ST",0.00,,Y,B,-,N,,,,,,,,,,,4,0,1,1,A,-,03,22350,,N,B,I,A,B,H,-,C,A,0,,,,,Y,,A,01,0,0,1,0,0,0,0,0,0,"- ","- ",,,"SAN FRANCISCO","SAN FRANCISCO",-122.39405822753906,37.785213470458984
9503157,2022,2022-09-19,3801,2022-07-28,2250,1300,PARK,4,5,7,3801,0,0,0,,0,3F13E,"OAK ST",CENTRAL,230.00,W,N,B,F,N,,,,,,,,,,N,4,0,1,1,A,-,03,22350,,N,H,A,A,B,H,-,C,D,0,,,Y,,Y,,C,03,0,0,1,0,0,0,0,0,1,"- ","- ",,,"SAN FRANCISCO","SAN FRANCISCO",-122.44483947753906,37.772193908691406
9503160,2022,2022-09-28,3801,2022-07-22,1818,4239,PARK,5,5,7,3801,0,0,0,,0,3F12D,"KEZAR DR","WALLER ST",360.00,W,N,A,-,N,,,,,,,,,,N,3,0,1,2,A,-,04,21703,,N,B,C,A,A,H,-,A,D,0,,,Y,,Y,,C,02,0,1,0,0,0,0,0,0,1,"- ","- ",,,"SAN FRANCISCO","SAN FRANCISCO",-122.45632934570312,37.767906188964844
9503162,2022,2022-09-20,3801,2022-07-29,2050,359,TARAV,5,5,7,3801,0,0,0,,0,312D,"MORAGA ST","33RD AV",0.00,,Y,E,-,N,,,,,,,,,,Y,4,0,1,2,A,-,09,21800,A,N,D,C,A,B,H,-,C,A,0,,,,,Y,,A,01,0,0,1,0,0,0,0,0,0,"- ","- ",,,"SAN FRANCISCO","SAN FRANCISCO",-122.49160766601562,37.755451202392578
9503166,2022,2022-09-28,3801,2022-07-11,1252,2405,TENDE,1,5,7,3801,0,0,0,,0,,"ELLIS ST","POWELL ST",35.00,,N,A,-,N,,,,,,,,,,N,4,0,2,2,A,-,04,21703,,N,C,C,A,A,-,-,A,D,0,,,,,Y,,-,"- ",0,0,2,0,0,0,0,0,0,"- ","- ",,,"SAN FRANCISCO","SAN FRANCISCO",-122.40782928466797,37.785499572753906
9503167,2022,2022-09-20,3801,2022-07-29,1523,801,SOUTH,5,5,7,3801,0,0,0,,0,0B2,"5TH ST","CLARA ST",10.00,S,N,A,-,N,,,,,,,,,,N,4,0,2,2,A,-,03,22350,,N,D,C,A,A,H,-,A,D,0,,,,,Y,,A,01,0,0,2,0,0,0,0,0,0,"- ","- ",,,"SAN FRANCISCO","SAN FRANCISCO",-122.40235137939453,37.779430389404297
9503169,2022,2022-09-19,3801,2022-07-01,2039,1544,CENTR,5,5,7,3801,0,0,0,,0,3A14D,BATTERY,BROADWAY,30.00,N,N,A,-,N,,,,,,,,,,N,4,0,1,2,A,-,03,22350,A,F,C,C,A,A,H,-,B,A,0,,,,,Y,Y,A,01,0,0,1,0,0,0,0,0,0,"- ","- ",,,"SAN FRANCISCO","SAN FRANCISCO",-122.40105438232422,37.798683166503906
9503181,2022,2022-09-21,3801,2022-08-25,1613,2407,MISSI,4,5,7,3801,0,0,0,,0,3D2D,"CLIPPER ST","CHURCH ST",408.00,W,N,A,-,N,,,,,,,,,,N,4,0,1,2,A,-,10,21954,B,N,B,B,E,A,H,-,A,A,0,Y,,,,Y,,A,07,0,0,1,0,1,0,0,0,0,"- ","- ",,,"SAN FRANCISCO","SAN FRANCISCO",-122.42863464355469,37.749210357666016
9503183,2022,2022-09-21,3801,2022-08-25,0050,2354,TARAV,4,5,7,3801,0,0,0,,0,3CAR,"GREAT HWY","JUDAH ST",0.00,,Y,E,-,N,,,,,,,,,,N,4,0,1,2,A,-,03,22350,,F,G,B,B,B,H,-,C,D,0,Y,,,,Y,,A,07,0,0,1,0,1,0,0,0,0,"- ","- ",,,"SAN FRANCISCO","SAN FRANCISCO",-122.50994110107422,37.760246276855469
9503187,2022,2022-09-21,3801,2022-08-28,1641,1133,CENTR,7,5,7,3801,0,0,0,,0,0A4,"THE EMBARCADERO",BROADWAY,0.00,,Y,A,-,N,,,,,,,,,,N,3,0,1,2,A,-,12,21453,A,F,D,C,A,A,H,-,A,A,0,,Y,Y,,Y,,L,04,0,1,0,0,0,0,0,0,1,"- ","- ",,,"SAN FRANCISCO","SAN FRANCISCO",-122.39775848388672,37.799182891845703
9503188,2022,2023-04-24,3801,2022-08-28,1859,2435,BAYVI,7,5,7,3801,0,0,0,,0,003,"INGALLS ST","HUDSON CT",0.00,,Y,A,-,N,,,,,,,,,,N,4,0,2,2,A,-,12,22450,A,M,D,D,A,A,H,-,B,A,0,,,,,Y,,A,07,0,0,2,0,0,0,0,0,0,"- ","- ",,,"SAN FRANCISCO","SAN FRANCISCO",-122.37961578369141,37.73248291015625
9503190,2022,2022-09-21,3801,2022-08-27,1427,2328,BAYVI,6,5,7,3801,0,0,0,,0,901,"3RD ST","PALOU AV",0.00,,Y,A,-,N,,,,,,,,,,Y,3,0,2,2,A,-,08,22107,,F,B,C,A,A,H,-,A,A,0,,,,,Y,,-,99,0,1,1,0,0,0,0,0,0,"- ","- ",,,"SAN FRANCISCO","SAN FRANCISCO",-122.39105987548828,37.734039306640625
9503195,2022,2022-09-21,3801,2022-08-22,1654,LI,BAYVI,1,5,7,3801,0,0,0,,0,3C2D,"OAKDALE AV","DUNSHEE ST",15.00,E,N,A,-,N,,,,,,,,,,N,4,0,1,2,A,-,09,21801,A,N,A,C,A,A,H,-,A,D,0,,,,,Y,,A,01,0,0,1,0,0,0,0,0,0,"- ","- ",,,"SAN FRANCISCO","SAN FRANCISCO",-122.39508819580078,37.737297058105469
9503197,2022,2022-09-21,3801,2022-08-20,2115,2479,BAYVI,6,5,7,3801,0,0,0,,0,3C13E,"3RD ST","KIRKWOOD AV",0.00,,Y,A,-,N,,,,,,,,,,N,4,0,1,1,A,-,03,22350,,N,E,I,A,A,H,-,C,A,0,,Y,,,Y,,L,04,0,0,1,0,0,0,1,0,0,"- ","- ",,,"SAN FRANCISCO","SAN FRANCISCO",-122.38967895507812,37.737998962402344
9503200,2022,2022-09-21,3801,2022-08-01,1903,34,TRAFF,1,5,7,3801,0,0,0,,0,4B4C,"OFARRELL ST","HYDE ST",42.00,E,N,A,-,N,,,,,,,,,,N,2,0,1,2,A,-,03,22350,A,N,D,J,A,A,H,-,A,A,0,,,,,Y,,-,,1,0,0,0,0,0,0,0,0,"- ","- ",,,"SAN FRANCISCO","SAN FRANCISCO",-122.41611480712891,37.785408020019531
9503226,2022,2022-09-21,3801,2022-08-22,2148,679,NORTH,1,5,7,3801,0,0,0,,0,0E3,"TURK ST","GOUGH ST",0.00,,Y,A,-,N,,,,,,,,,,N,3,0,1,2,A,-,12,21453,A,N,D,C,A,A,H,-,C,A,0,,Y,,,Y,,L,04,0,1,0,0,0,0,1,0,0,"- ","- ",,,"SAN FRANCISCO","SAN FRANCISCO",-122.42391967773438,37.781532287597656
9503228,2022,2022-10-11,3801,2022-08-14,0222,1769,MISSI,7,5,7,3801,0,0,0,,0,3D11E,"15TH ST","15TH ST 1959",0.00,,Y,A,-,N,,,,,,,,,,N,3,0,1,2,A,-,07,21658,A,N,B,E,A,A,H,-,C,A,0,,,,,Y,,A,01,0,1,0,0,0,0,0,0,0,"- ","- ",,,"SAN FRANCISCO","SAN FRANCISCO",-122.47441864013672,37.7869873046875
9503229,2022,2022-09-21,3801,2022-08-02,0546,390,PARK,2,5,7,3801,0,0,0,,0,001,"KEZAR DR","JOHN F KENNEDY DR",142.00,S,N,A,-,N,,,,,,,,,,N,4,0,1,2,D,-,00,,,N,D,G,A,A,H,-,C,A,0,,Y,,,Y,,-,"- ",0,0,1,0,0,0,1,0,0,"- ","- ",,,"SAN FRANCISCO","SAN FRANCISCO",-122.45545959472656,37.770488739013672
9503232,2022,2022-09-21,3801,2022-08-02,0706,892,SOUTH,2,5,7,3801,0,0,0,,0,0B5,"17TH ST","VERMONT ST",0.00,,Y,A,-,N,,,,,,,,,,N,4,0,1,2,A,-,12,22450,A,N,D,C,A,A,H,-,A,A,0,,,,,Y,,M,94,0,0,1,0,0,0,0,0,0,"- ","- ",,,"SAN FRANCISCO","SAN FRANCISCO",-122.40448760986328,37.764682769775391
9503234,2022,2022-09-21,3801,2022-08-04,1240,1952,BAYVI,4,5,7,3801,0,0,0,,0,3C12D,"VENUS ST","THORNTON AV",214.00,E,N,A,-,N,,,,,,,,,,N,4,0,1,2,A,-,08,22108,,N,G,B,E,A,H,-,A,D,0,Y,,,,Y,,A,01,0,0,1,0,1,0,0,0,0,"- ","- ",,,"SAN FRANCISCO","SAN FRANCISCO",-122.39714813232422,37.731792449951172
9503235,2022,2022-10-11,3801,2022-08-31,0536,2249,PARK,3,5,7,3801,0,0,0,,0,3F13E,"OAK ST","CENTRAL AVE",0.00,E,N,A,-,N,,,,,,,,,,N,2,0,1,2,A,-,11,21955,,N,G,B,D,A,H,-,C,D,0,Y,,,,Y,,N,60,1,0,0,0,1,0,0,0,0,"- ","- ",,,"SAN FRANCISCO","SAN FRANCISCO",-122.44405364990234,37.772289276123047
9503237,2022,2022-09-21,3801,2022-08-29,1447,796,NORTH,1,5,7,3801,0,0,0,,0,3E11A,"DIVISADERO ST","HAYES ST",64.00,N,N,A,-,N,,,,,,,,,,N,3,0,1,2,A,-,06,21750,A,N,C,C,A,A,H,-,A,D,0,,,,,Y,,A,01,0,1,0,0,0,0,0,0,0,"- ","- ",,,"SAN FRANCISCO","SAN FRANCISCO",-122.43782806396484,37.775154113769531
9503240,2022,2022-09-21,3801,2022-08-27,1551,2046,NORTH,6,5,7,3801,0,0,0,,0,,"DIVISADERO ST","PACIFIC ST",0.00,,Y,A,-,N,,,,,,,,,,N,4,0,1,2,A,-,09,21800,A,N,D,C,A,A,H,-,A,A,0,,,,,Y,,A,01,0,0,1,0,0,0,0,0,0,"- ","- ",,,"SAN FRANCISCO","SAN FRANCISCO",-122.44134521484375,37.792503356933594
9503242,2022,2022-09-22,3801,2022-08-07,0205,2467,BAYVI,7,5,7,3801,0,0,0,,0,3C11E,"BAYSHORE BL","BAYSHORE BL 175",0.00,,-,A,-,N,,,,,,,,,,Y,3,0,1,1,D,-,00,,,N,F,A,A,A,H,-,C,A,0,,,,,Y,,-,"- ",0,1,0,0,0,0,0,0,0,"- ","- ",,,"SAN FRANCISCO","SAN FRANCISCO",-122.40431213378906,37.745937347412109
9503248,2022,2022-09-21,3801,2022-08-10,0531,1078,NORTH,3,5,7,3801,0,0,0,,0,3E12E,"OCTAVIA BL","OAK ST",0.00,,Y,A,-,N,,,,,,,,,,Y,4,0,1,2,A,-,12,21453,A,F,D,C,A,A,H,-,A,A,0,,,Y,,Y,,A,01,0,0,1,0,0,0,0,0,1,"- ","- ",,,"SAN FRANCISCO","SAN FRANCISCO",-122.42430114746094,37.774799346923828
9503251,2022,2022-09-21,3801,2022-08-07,2107,2249,PARK,7,5,7,3801,0,0,0,,0,3F13E,"STANYAN BL","OAK ST",0.00,,Y,A,-,N,,,,,,,,,,N,4,0,1,2,A,-,08,22107,,N,D,C,A,A,H,-,C,A,0,,,,,Y,,A,01,0,0,1,0,0,0,0,0,0,"- ","- ",,,"SAN FRANCISCO","SAN FRANCISCO",-122.45395660400391,37.771354675292969
9503253,2022,2022-09-21,3801,2022-08-12,1900,4039,CENTR,5,5,7,3801,0,0,0,,0,3A3,"BAY ST","LARKIN ST",0.00,,Y,F,-,N,,,,,,,,,,N,3,0,1,2,A,-,10,21950,A,F,G,B,B,-,G,-,A,A,0,Y,,,,Y,,A,01,0,1,0,0,1,0,0,0,0,"- ","- ",,,"SAN FRANCISCO","SAN FRANCISCO",-122.42179870605469,37.804573059082031
9503254,2022,2022-09-21,3801,2022-08-17,0805,728,TARAV,3,5,7,3801,0,0,0,,0,3I13A,"38TH AV","RIVERA ST",0.00,,Y,E,-,N,,,,,,,,,,Y,4,0,1,2,-,-,"- ",,,N,D,C,A,A,-,-,A,D,0,,,,,Y,,-,"- ",0,0,1,0,0,0,0,0,0,"- ","- ",,,"SAN FRANCISCO","SAN FRANCISCO",-122.49631500244141,37.745872497558594
9503255,2022,2022-10-07,3801,2022-08-16,0403,1803,RICHM,2,5,7,3801,0,0,0,,0,3G15E,"MARTIN LUTHER KING JR DR","CROSSOVER DR",0.00,,Y,A,-,N,,,,,,,,,,N,4,0,2,2,A,-,12,21453,,M,C,C,A,A,H,-,C,A,0,,,,,Y,,-,,0,0,2,0,0,0,0,0,0,"- ","- ",,,"SAN FRANCISCO","SAN FRANCISCO",-122.47737884521484,37.766044616699219
9503260,2022,2022-10-05,3801,2022-08-02,1624,104,TRAFF,2,5,7,3801,0,0,0,,0,104,"TERRY A FRANCOIS BL","3RD ST",98.00,E,N,A,-,N,,,,,,,,,,N,3,0,2,2,A,-,03,22350,,N,A,-,A,A,H,-,A,D,0,,Y,,,Y,,-,"- ",0,2,0,0,0,0,1,0,0,"- ","- ",,,"SAN FRANCISCO","SAN FRANCISCO",-122.38990020751953,37.776298522949219
9503266,2022,2022-09-21,3801,2022-08-14,0836,707,TRAFF,7,5,7,3801,0,0,0,,0,901,"EDDY ST","EDDY ST 265",0.00,,-,A,-,N,,,,,,,,,,N,3,0,1,2,A,-,11,21955,,F,G,B,D,A,H,-,A,D,0,Y,,,,Y,,N,60,0,1,0,0,1,0,0,0,0,"- ","- ",,,"SAN FRANCISCO","SAN FRANCISCO",,
9503268,2022,2022-09-21,3801,2022-08-27,0037,2457,SOUTH,6,5,7,3801,0,0,0,,0,3B2E,"FOLSOM ST","7TH ST",0.00,,Y,A,-,N,,,,,,,,,,Y,2,0,1,2,A,-,03,22350,,N,C,E,A,A,H,-,C,A,0,,,Y,,Y,,C,02,1,0,0,0,0,0,0,0,1,"- ","- ",,,"SAN FRANCISCO","SAN FRANCISCO",-122.40784454345703,37.776771545410156
9503269,2022,2022-09-21,3801,2022-08-28,2225,2708,SOUTH,7,5,7,3801,0,0,0,,0,3B12E,"MISSION ST","5TH ST",0.00,,Y,A,-,N,,,,,,,,,,Y,4,0,2,2,A,-,12,21453,A,N,B,C,A,A,H,-,C,A,0,,,,,Y,,A,01,0,0,2,0,0,0,0,0,0,"- ","- ",,,"SAN FRANCISCO","SAN FRANCISCO",-122.40648651123047,37.782737731933594
9503270,2022,2022-09-21,3801,2022-08-26,0150,2457,SOUTH,5,5,7,3801,0,0,0,,0,3B11E,"NATOMA ST","5TH ST",0.00,,Y,A,-,N,,,,,,,,,,N,3,0,1,1,A,-,03,22350,,N,H,J,A,A,H,-,C,D,0,,,,,Y,,M,94,0,1,0,0,0,0,0,0,0,"- ","- ",,,"SAN FRANCISCO","SAN FRANCISCO",-122.40545654296875,37.781944274902344
9503273,2022,2022-09-21,3801,2022-08-26,1635,1385,SOUTH,5,5,7,3801,0,0,0,,0,3B13C,"FOLSOM ST","5TH ST",0.00,,-,A,-,N,,,,,,,,,,N,4,0,1,2,A,-,21,22106,,N,H,C,A,A,H,-,-,A,0,,,,,Y,,A,01,0,0,1,0,0,0,0,0,0,"- ","- ",,,"SAN FRANCISCO","SAN FRANCISCO",-122.40340423583984,37.7802734375
9503275,2022,2022-09-21,3801,2022-08-23,1700,1787,NORTH,2,5,7,3801,0,0,0,,0,01D,"HAYES ST","WEBSTER ST",0.00,,Y,A,-,N,,,,,,,,,,N,3,0,1,2,A,-,11,21453,D,F,A,B,B,A,H,-,A,A,0,Y,,,,Y,,N,60,0,1,0,0,1,0,0,0,0,"- ","- ",,,"SAN FRANCISCO","SAN FRANCISCO",-122.42953491210938,37.776042938232422
9503276,2022,2022-09-21,3801,2022-08-26,1300,2325,SOUTH,5,5,7,3801,0,0,0,,0,3B13C,"5TH ST","MISSION ST",0.00,,Y,A,-,N,,,,,,,,,,N,3,0,1,2,A,-,09,21800,A,F,D,J,A,A,H,-,A,A,0,,,Y,,Y,,A,01,0,1,0,0,0,0,0,0,1,"- ","- ",,,"SAN FRANCISCO","SAN FRANCISCO",-122.40648651123047,37.782737731933594
9503278,2022,2022-09-21,3801,2022-08-28,1506,2359,TARAV,7,5,7,3801,0,0,0,,0,0I6,"MINERVA ST","PLYMOUTH AV",345.00,E,N,A,-,N,,,,,,,,,,N,3,0,1,2,A,-,03,22350,,F,G,B,F,A,H,-,A,D,0,Y,,,,Y,,A,01,0,1,0,0,1,0,0,0,0,"- ","- ",,,"SAN FRANCISCO","SAN FRANCISCO",-122.45493316650391,37.715824127197266
9503279,2022,2022-09-21,3801,2022-08-26,0948,1900,TARAV,5,5,7,3801,0,0,0,,0,TARAVA,"19TH AV","LINCOLN BL",0.00,,Y,B,-,N,,,,,,,,,,N,4,0,1,2,A,-,10,21950,A,N,G,B,B,A,H,-,A,A,0,Y,,,,Y,,A,07,0,0,1,0,1,0,0,0,0,"- ","- ",,,"SAN FRANCISCO","SAN FRANCISCO",-122.47732543945312,37.76544189453125
9503280,2022,2022-10-04,3801,2022-08-27,2252,4347,TARAV,6,5,7,3801,0,0,0,,0,3I11E,"TARAVAL ST","18TH AV",0.00,,Y,A,-,N,,,,,,,,,,N,4,0,1,3,A,-,12,22450,A,F,D,C,A,A,D,-,C,A,0,,,,,Y,,A,01,0,0,1,0,0,0,0,0,0,"- ","- ",,,"SAN FRANCISCO","SAN FRANCISCO",-122.47462463378906,37.74310302734375
9503319,2022,2022-09-22,3801,2022-07-22,1320,1993,SOUTH,5,5,7,3801,0,0,0,,0,3B106,"LARKIN ST","TURK ST",0.00,,Y,A,-,N,,,,,,,,,,N,4,0,1,2,A,-,04,21703,,N,C,D,A,A,H,-,A,D,0,,,,,Y,,A,01,0,0,1,0,0,0,0,0,0,"- ","- ",,,"SAN FRANCISCO","SAN FRANCISCO",-122.41733551025391,37.782379150390625
9503321,2022,2022-09-22,3801,2022-07-27,2307,979,TENDE,3,5,7,3801,0,0,0,,0,3J13E,"MCALLISTER ST","HYDE ST",0.00,,Y,B,-,N,,,,,,,,,,N,2,0,1,2,A,-,12,21453,A,N,D,J,A,A,H,-,C,A,0,,,,,Y,,-,,1,0,0,0,0,0,0,0,0,"- ","- ",,,"SAN FRANCISCO","SAN FRANCISCO",-122.41532135009766,37.780738830566406
9503363,2022,2022-09-22,3801,2022-08-06,1517,2215,NORTH,6,5,7,3801,0,0,0,,0,3E15D,"RICHARDSON ST","BAKER ST",15.00,S,N,A,-,N,,,,,,,,,,N,4,0,3,2,A,-,03,22350,,N,C,C,A,A,H,-,A,A,0,,,,,Y,,A,01,0,0,3,0,0,0,0,0,0,"- ","- ",,,"SAN FRANCISCO","SAN FRANCISCO",-122.44654083251953,37.799961090087891
9503364,2022,2022-09-22,3801,2022-08-07,1524,540,TARAV,7,5,7,3801,0,0,0,,0,0I5,"SLOAT BL","SKYLINE BL",0.00,,Y,A,-,N,,,,,,,,,,Y,4,0,1,2,A,-,12,22450,A,N,D,C,A,A,H,-,A,D,0,,,,,Y,,A,01,0,0,1,0,0,0,0,0,0,"- ","- ",,,"SAN FRANCISCO","SAN FRANCISCO",-122.49598693847656,37.733707427978516
9503365,2022,2022-09-22,3801,2022-08-08,1716,1182,INGLE,1,5,7,3801,0,0,0,,0,3H11D,"ALEMANY BL","THERESA ST",0.00,,Y,A,-,N,,,,,,,,,,Y,4,0,3,2,A,-,09,21801,A,N,D,C,A,A,H,-,A,D,0,,,,,Y,,A,01,0,0,3,0,0,0,0,0,0,"- ","- ",,,"SAN FRANCISCO","SAN FRANCISCO",-122.43453216552734,37.728790283203125
9503368,2022,2022-09-22,3801,2022-08-08,2134,4222,INGLE,1,5,7,3801,0,0,0,,0,WH15E,"MISSION ST","POPE ST",0.00,,Y,A,-,N,,,,,,,,,,N,4,0,1,2,A,-,09,21801,,N,D,C,A,A,H,-,C,A,0,,,Y,,Y,,A,01,0,0,1,0,0,0,0,0,1,"- ","- ",,,"SAN FRANCISCO","SAN FRANCISCO",-122.44183349609375,37.715427398681641
9503389,2022,2022-09-23,3801,2022-08-29,1537,1637,SOUTH,1,5,7,3801,0,0,0,,0,3B12D,"BYANT ST","OAK GROVE ST",0.00,,Y,A,-,N,,,,,,,,,,Y,4,0,1,2,A,-,08,22107,,N,-,C,A,A,-,-,A,A,0,,,,,Y,,-,,0,0,1,0,0,0,0,0,0,"- ","- ",,,"SAN FRANCISCO","SAN FRANCISCO",-122.40140533447266,37.776931762695312