CASE_ID,ACCIDENT_YEAR,PROC_DATE,JURIS,COLLISION_DATE,COLLISION_TIME,OFFICER_ID,REPORTING_DISTRICT,DAY_OF_WEEK,CHP_SHIFT,POPULATION,CNTY_CITY_LOC,SPECIAL_COND,BEAT_TYPE,CHP_BEAT_TYPE,CITY_DIVISION_LAPD,CHP_BEAT_CLASS,BEAT_NUMBER,PRIMARY_RD,SECONDARY_RD,DISTANCE,DIRECTION,INTERSECTION,WEATHER_1,WEATHER_2,STATE_HWY_IND,CALTRANS_COUNTY,CALTRANS_DISTRICT,STATE_ROUTE,ROUTE_SUFFIX,POSTMILE_PREFIX,POSTMILE,LOCATION_TYPE,RAMP_INTERSECTION,SIDE_OF_HWY,TOW_AWAY,COLLISION_SEVERITY,NUMBER_KILLED,NUMBER_INJURED,PARTY_COUNT,PRIMARY_COLL_FACTOR,PCF_CODE_OF_VIOL,PCF_VIOL_CATEGORY,PCF_VIOLATION,PCF_VIOL_SUBSECTION,HIT_AND_RUN,TYPE_OF_COLLISION,MVIW,PED_ACTION,ROAD_SURFACE,ROAD_COND_1,ROAD_COND_2,LIGHTING,CONTROL_DEVICE,CHP_ROAD_TYPE,PEDESTRIAN_ACCIDENT,BICYCLE_ACCIDENT,MOTORCYCLE_ACCIDENT,TRUCK_ACCIDENT,NOT_PRIVATE_PROPERTY,ALCOHOL_INVOLVED,STWD_VEHTYPE_AT_FAULT,CHP_VEHTYPE_AT_FAULT,COUNT_SEVERE_INJ,COUNT_VISIBLE_INJ,COUNT_COMPLAINT_PAIN,COUNT_PED_KILLED,COUNT_PED_INJURED,COUNT_BICYCLIST_KILLED,COUNT_BICYCLIST_INJURED,COUNT_MC_KILLED,COUNT_MC_INJURED,PRIMARY_RAMP,SECONDARY_RAMP,LATITUDE,LONGITUDE,COUNTY,CITY,POINT_X,POINT_Y
9503427,2022,2022-09-23,3801,2022-06-26,1209,1394,MISSI,7,5,7,3801,0,0,0,,0,,"DUBOCE AV","MISSION ST",0.00,,Y,A,-,N,,,,,,,,,,Y,4,0,3,2,A,-,02,22526,A,N,D,C,A,A,H,-,A,A,0,,,,,Y,,A,01,0,0,3,0,0,0,0,0,0,"- ","- ",,,"SAN FRANCISCO","SAN FRANCISCO",-122.42018127441406,37.769992828369141
9503429,2022,2022-09-23,3801,2022-06-23,0133,2749,TENDE,4,5,7,3801,0,0,0,,0,3J15E,"ELLIS ST","LEAVENWORTH ST",0.00,,Y,A,-,N,,,,,,,,,,N,4,0,1,3,A,-,17,22517,,M,D,C,A,A,H,-,C,D,0,,,,,Y,Y,-,,0,0,1,0,0,0,0,0,0,"- ","- ",,,"SAN FRANCISCO","SAN FRANCISCO",-122.41442108154297,37.784671783447266
9503431,2022,2022-09-23,3801,2022-06-30,1735,1680,MISSI,4,5,7,3801,0,0,0,,0,3D13D,"FLORIDA ST","23RD ST",25.00,N,N,A,-,N,,,,,,,,,,N,4,0,1,2,A,-,11,21954,A,N,G,B,E,A,H,-,A,D,0,Y,,,,Y,,N,60,0,0,1,0,1,0,0,0,0,"- ","- ",,,"SAN FRANCISCO","SAN FRANCISCO",-122.41020965576172,37.754398345947266
9503432,2022,2022-09-23,3801,2022-06-15,2200,2237,TEBDE,3,5,7,3801,0,0,0,,0,2J15E,OFARRELL,"HYDE ST",0.00,,Y,A,-,N,,,,,,,,,,Y,3,0,2,2,A,-,12,21453,A,N,D,C,A,A,H,-,C,A,0,,,,,Y,,A,08,0,1,1,0,0,0,0,0,0,"- ","- ",,,"SAN FRANCISCO","SAN FRANCISCO",-122.416259765625,37.785392761230469
9503434,2022,2022-09-23,3801,2022-06-07,2010,4084,TRAFF,2,5,7,3801,0,0,0,,0,4B4B,"23RD ST","FOLSOM ST",0.00,,Y,A,-,N,,,,,,,,,,Y,3,0,1,3,A,-,06,21750,A,N,B,C,A,A,H,-,A,A,0,,,Y,,Y,,C,02,0,1,0,0,0,0,0,0,1,"- ","- ",,,"SAN FRANCISCO","SAN FRANCISCO",-122.41425323486328,37.754119873046875
9503435,2022,2022-09-23,3801,2022-06-25,1728,4023,MISSI,6,5,7,3801,0,0,0,,0,,"18TH ST","LEXINGTON ST",71.00,S,N,A,-,N,,,,,,,,,,Y,4,0,2,3,A,-,04,21703,,N,C,C,A,A,H,-,A,D,0,,,,,Y,,A,01,0,0,2,0,0,0,0,0,0,"- ","- ",,,"SAN FRANCISCO","SAN FRANCISCO",-122.4207763671875,37.761749267578125
9503436,2022,2022-09-23,3801,2022-06-29,1514,1195,SOUTH,3,5,7,3801,0,0,0,,0,,"HOWARD ST","MAIN ST",105.00,E,N,A,-,N,,,,,,,,,,N,4,0,1,2,A,-,08,22107,,N,B,J,A,A,H,-,A,A,0,,,,,Y,,I,09,0,0,1,0,0,0,0,0,0,"- ","- ",,,"SAN FRANCISCO","SAN FRANCISCO",-122.39315032958984,37.790828704833984
9503437,2022,2022-09-23,3801,2022-06-28,2041,1435,NORTH,2,5,7,3801,0,0,0,,0,4B4G,"HAIGHT ST","FILLMORE ST",193.00,W,N,A,-,N,,,,,,,,,,N,2,0,1,2,A,-,11,21954,A,N,G,B,E,A,H,-,B,A,0,Y,,,,Y,Y,N,60,1,0,0,0,1,0,0,0,0,"- ","- ",,,"SAN FRANCISCO","SAN FRANCISCO",-122.43110656738281,37.772026062011719
9503613,2022,2022-09-26,3801,2022-08-22,2030,4187,NORTH,1,5,7,3801,0,0,0,,0,3E14D,"UNION ST","BUCHANAN ST",78.00,W,N,A,-,N,,,,,,,,,,N,4,0,1,2,A,-,11,21954,A,N,G,B,D,A,H,-,C,D,0,Y,,,,Y,,N,60,0,0,1,0,1,0,0,0,0,"- ","- ",,,"SAN FRANCISCO","SAN FRANCISCO",-122.43246459960938,37.797477722167969
9503615,2022,2022-09-26,3801,2022-08-22,0811,670,INGLE,1,5,7,3801,0,0,0,,0,3H15A,"ALEMANY BL","ROUSSEAU ST",0.00,,Y,A,-,N,,,,,,,,,,N,3,0,1,2,A,-,10,21950,,N,G,B,B,A,H,-,A,A,0,Y,,,,Y,,A,01,0,1,0,0,1,0,0,0,0,"- ","- ",,,"SAN FRANCISCO","SAN FRANCISCO",-122.42961120605469,37.731040954589844
9503689,2022,2022-09-23,3801,2022-02-13,2020,2457,SOUTH,7,5,7,3801,0,0,0,,0,3B11E,"THE EMBARCADERO","TOWNSEND ST",100.00,N,N,A,-,N,,,,,,,,,,N,4,0,1,2,A,-,11,21954,A,N,G,B,D,A,H,-,C,D,0,Y,,Y,,Y,,N,60,0,0,1,0,1,0,0,0,0,"- ","- ",,,"SAN FRANCISCO","SAN FRANCISCO",-122.38838958740234,37.782085418701172
9503694,2022,2022-09-23,3801,2022-04-30,1434,327,MISSI,6,5,7,3801,0,0,0,,0,3D12C,"17TH ST","CHURCH ST",287.00,E,N,A,-,N,,,,,,,,,,N,3,0,1,2,A,-,06,21750,A,N,B,C,A,A,H,-,A,D,0,,,Y,,Y,,C,02,0,1,0,0,0,0,0,0,1,"- ","- ",,,"SAN FRANCISCO","SAN FRANCISCO",-122.42752075195312,37.762935638427734
9503749,2022,2022-09-27,3801,2022-05-16,1253,621,CENTR,1,5,7,3801,0,0,0,,0,3A13A,"POWELL ST","FRANCISCO ST",0.00,,Y,A,-,N,,,,,,,,,,Y,3,0,1,2,D,-,00,,,N,D,C,A,A,H,-,A,A,0,,,,,Y,,-,"- ",0,1,0,0,0,0,0,0,0,"- ","- ",,,"SAN FRANCISCO","SAN FRANCISCO",-122.41177368164062,37.804897308349609
9504389,2022,2022-10-18,3801,2022-09-24,1152,1605,NORTH,6,5,7,3801,0,0,0,,0,3E11A,"LOMBARD ST","OCTAVIA ST",0.00,,Y,A,-,Y,SF,4,101,-,-,6.976,I,5,S,Y,4,0,2,2,A,-,09,21801,A,N,D,E,A,-,H,-,A,A,0,,,,,Y,,A,07,0,0,2,0,0,0,0,0,0,"- ","- ",,,"SAN FRANCISCO","SAN FRANCISCO",-122.42948913574219,37.8006591796875
9504393,2022,2022-10-11,3801,2022-09-03,0701,4286,RICHM,6,5,7,3801,0,0,0,,0,0G2,"GEARY BL","PARKER AV",40.00,W,N,A,-,N,,,,,,,,,,Y,3,0,1,2,A,-,04,21703,,N,C,C,A,A,H,-,A,A,0,,,,,Y,,A,07,0,1,0,0,0,0,0,0,0,"- ","- ",,,"SAN FRANCISCO","SAN FRANCISCO",-122.45429992675781,37.781642913818359
9505121,2022,2022-10-10,3801,2022-06-14,2233,CATO250,NORTH,2,5,7,3801,0,0,0,,0,3E13E,"POLK ST","GROVE ST",0.00,,Y,A,-,N,,,,,,,,,,N,2,0,1,2,A,-,10,21950,A,N,G,B,B,A,H,-,C,A,0,Y,,,,Y,,A,01,1,0,0,0,1,0,0,0,0,"- ","- ",,,"SAN FRANCISCO","SAN FRANCISCO",-122.41822052001953,37.778480529785156
9505123,2022,2022-12-29,3801,2022-06-04,0834,1819,NORTH,6,5,7,3801,0,0,0,,0,1CAR,"FELL ST","BUCHANAN ST",0.00,,Y,A,-,N,,,,,,,,,,Y,4,0,1,2,A,-,03,22350,,N,C,C,A,A,H,-,A,A,0,,,,,Y,,A,01,0,0,1,0,0,0,0,0,0,"- ","- ",,,"SAN FRANCISCO","SAN FRANCISCO",-122.42771148681641,37.77532958984375
9505124,2022,2022-10-19,3801,2022-06-01,1035,1609,CENTR,3,5,7,3801,0,0,0,,0,3A54C,"KEARNY ST","PACIFIC AV",0.00,,Y,A,-,N,,,,,,,,,,N,4,0,1,2,D,-,00,,,N,D,J,A,A,H,-,A,A,0,,,,,Y,,-,"- ",0,0,1,0,0,0,0,0,0,"- ","- ",,,"SAN FRANCISCO","SAN FRANCISCO",-122.40538787841797,37.79705810546875
9505215,2022,2022-10-11,3801,2022-04-15,0815,2151,PARK,5,5,7,3801,0,0,0,,0,3F13A,"TURK ST","PARKER AV",0.00,,Y,A,-,N,,,,,,,,,,N,4,0,1,2,D,-,00,,,N,G,B,B,A,H,-,A,A,0,Y,,,,Y,,-,"- ",0,0,1,0,1,0,0,0,0,"- ","- ",,,"SAN FRANCISCO","SAN FRANCISCO",-122.45338439941406,37.777805328369141
9505217,2022,2022-10-11,3801,2022-04-07,1737,1173,RICHM,4,5,7,3801,0,0,0,,0,901,"GREAT HWY","JOHN KENNEDY DR",0.00,,Y,A,-,N,,,,,,,,,,N,3,0,1,2,A,-,09,21801,A,N,D,G,A,A,H,-,A,D,0,,Y,,,Y,,A,01,0,1,0,0,0,0,1,0,0,"- ","- ",,,"SAN FRANCISCO","SAN FRANCISCO",-122.51103973388672,37.770481109619141
9505225,2022,2022-10-11,3801,2022-05-05,1430,4274,RICHM,4,5,7,3801,0,0,0,,0,3G15C,"FULTON ST","STANYAN ST",50.00,W,N,A,-,N,,,,,,,,,,N,4,0,2,3,A,-,04,21703,,N,C,C,A,A,H,-,A,A,0,,,,,Y,,A,01,0,0,2,0,0,0,0,0,0,"- ","- ",,,"SAN FRANCISCO","SAN FRANCISCO",-122.454833984375,37.774726867675781
9505226,2022,2022-10-11,3801,2022-05-05,0314,1207,TENDE,4,5,7,3801,0,0,0,,0,0J5,"ELLIS ST","JONES ST",25.00,W,N,A,-,N,,,,,,,,,,N,3,0,1,2,A,-,11,21954,A,N,D,B,D,A,H,-,D,D,0,Y,,,,Y,,N,60,0,1,0,0,1,0,0,0,0,"- ","- ",,,"SAN FRANCISCO","SAN FRANCISCO",-122.41286468505859,37.784889221191406
9505229,2022,2022-10-11,3801,2022-05-06,1005,2093,NORTH,5,5,7,3801,0,0,0,,0,3E14A,"BEACH ST","RETIRO WY",0.00,,Y,A,-,N,,,,,,,,,,N,4,0,1,2,C,-,18,,,N,G,B,D,A,H,-,A,D,0,Y,,,,Y,,-,"- ",0,0,1,0,1,0,0,0,0,"- ","- ",,,"SAN FRANCISCO","SAN FRANCISCO",-122.43799591064453,37.804229736328125
9505231,2022,2022-10-11,3801,2022-05-11,1036,1347,PARK,3,5,7,3801,0,0,0,,0,004,"WALLER ST","FILLMORE ST",0.00,,Y,A,-,N,,,,,,,,,,N,3,0,1,2,A,-,12,22450,A,N,D,G,A,A,H,-,A,A,0,,Y,,,Y,,L,04,0,1,0,0,0,0,1,0,0,"- ","- ",,,"SAN FRANCISCO","SAN FRANCISCO",-122.43023681640625,37.771190643310547
9505234,2022,2022-10-11,3801,2022-08-28,1230,917,TRAFF,7,5,7,3801,0,0,0,,0,3G94,"GEARY BL","BRODERICK ST",165.00,W,N,A,-,N,,,,,,,,,,Y,3,0,3,4,A,-,07,21658,A,N,B,C,A,A,H,-,A,D,0,,,,,Y,,A,01,0,1,2,0,0,0,0,0,0,"- ","- ",,,"SAN FRANCISCO","SAN FRANCISCO",-122.44169616699219,37.7830810546875
9505235,2022,2022-10-11,3801,2022-08-05,2212,4201,NORTH,5,5,7,3801,0,0,0,,0,3E13E,"ELLIS ST","DIVISADERO ST",20.00,E,N,A,-,N,,,,,,,,,,N,2,0,1,2,A,-,08,22102,,N,D,J,A,A,H,-,C,A,0,,,,,Y,,A,01,1,0,0,0,0,0,0,0,0,"- ","- ",,,"SAN FRANCISCO","SAN FRANCISCO",-122.43904113769531,37.781528472900391
9505237,2022,2022-10-11,3801,2022-08-28,0120,1386,SOUTH,7,5,7,3801,0,0,0,,0,004,"FOLSOM ST","12TH ST",0.00,,Y,A,-,N,,,,,,,,,,Y,4,0,1,2,A,-,08,22107,,N,B,D,A,A,H,-,C,A,0,,,,,Y,,A,08,0,0,1,0,0,0,0,0,0,"- ","- ",,,"SAN FRANCISCO","SAN FRANCISCO",-122.41500091552734,37.770904541015625
9505607,2022,2022-11-17,3801,2022-10-26,2210,2330,TARVA,3,5,7,3801,0,0,0,,0,3I13E,"TARAVAL ST","41ST AV",0.00,,Y,A,-,N,,,,,,,,,,N,2,0,1,2,A,-,17,21200,,N,D,G,A,A,H,-,C,A,0,,Y,,,Y,,L,04,1,0,0,0,0,0,1,0,0,"- ","- ",,,"SAN FRANCISCO","SAN FRANCISCO",-122.49925994873047,37.742012023925781
9505623,2022,2022-11-16,3801,2022-10-21,1554,4201,NORTH,5,5,7,3801,0,0,0,,0,3E13D,"VAN NESS AV","ELLIS ST",0.00,,Y,A,-,N,,,,,,,,,,N,4,0,5,2,A,-,08,22107,,N,B,D,A,A,H,-,A,A,0,,,,,Y,,A,01,0,0,5,0,0,0,0,0,0,"- ","- ",,,"SAN FRANCISCO","SAN FRANCISCO",-122.42095184326172,37.783828735351562
9505627,2022,2022-11-16,3801,2022-10-07,1700,4187,NORTH,5,5,7,3801,0,0,0,,0,3E15D,"LOMBARD ST","SCOTT ST",130.00,W,N,A,-,N,,,,,,,,,,N,3,0,2,2,A,-,17,22517,,F,B,C,A,A,H,-,A,D,0,,,,,Y,,A,01,0,1,1,0,0,0,0,0,0,"- ","- ",,,"SAN FRANCISCO","SAN FRANCISCO",-122.44144439697266,37.799160003662109
9505631,2022,2022-11-17,3801,2022-10-10,1430,812,BAYVI,1,5,7,3801,0,0,0,,0,,"BARNEVELD AV","JERROLD AV",548.00,S,N,A,-,N,,,,,,,,,,N,4,0,1,2,A,-,08,22102,,N,D,C,A,A,H,-,A,D,0,,,,,Y,,D,22,0,0,1,0,0,0,0,0,0,"- ","- ",,,"SAN FRANCISCO","SAN FRANCISCO",-122.40296936035156,37.744865417480469
9505635,2022,2022-11-16,3801,2022-10-06,2220,1350,BAYVI,4,5,7,3801,0,0,0,,0,3C15E,"GILMAN AV","JENNINGS ST",0.00,,Y,A,-,N,,,,,,,,,,Y,3,0,1,4,A,-,06,21750,A,F,D,C,A,A,H,-,C,A,0,,,,,Y,,A,01,0,1,0,0,0,0,0,0,0,"- ","- ",,,"SAN FRANCISCO","SAN FRANCISCO",-122.39375305175781,37.721393585205078
9505651,2022,2022-11-17,3801,2022-10-15,1322,1514,MISSI,6,5,7,3801,0,0,0,,0,3D2A,"CESAR CHAVEZ ST","FOLSOM ST",0.00,,Y,B,-,N,,,,,,,,,,N,3,0,1,2,A,-,06,21750,,N,D,C,A,A,H,-,A,A,0,,,Y,,Y,,C,02,0,1,0,0,0,0,0,0,1,"- ","- ",,,"SAN FRANCISCO","SAN FRANCISCO",-122.41368103027344,37.748313903808594
9505658,2022,2022-11-14,3801,2022-08-08,2328,382,NORTH,1,5,7,3801,0,0,0,,0,3E15E,"MCALLISTER ST","FRANKLIN ST",0.00,,Y,A,-,N,,,,,,,,,,Y,4,0,1,2,A,-,12,21453,A,N,D,C,A,A,H,-,C,A,0,,,,,Y,,A,08,0,0,1,0,0,0,0,0,0,"- ","- ",,,"SAN FRANCISCO","SAN FRANCISCO",-122.42189025878906,37.779876708984375
9505667,2022,2022-11-30,3801,2022-10-07,1453,1620,RICHM,5,5,7,3801,0,0,0,,0,3G13C,"CROSSOVER DR","PARK PRESIDIO BYPASS",340.00,S,N,A,-,N,,,,,,,,,,N,3,0,1,2,A,-,07,21658,A,N,B,C,A,A,H,-,A,A,0,,,,,Y,,-,,0,1,0,0,0,0,0,0,0,"- ","- ",,,"SAN FRANCISCO","SAN FRANCISCO",-122.47898864746094,37.770320892333984
9505771,2022,2022-11-14,3801,2022-09-15,0712,1182,INGLE,4,5,7,3801,0,0,0,,0,3H15A,"CAYUGA AV","SHAWNEE AV",2.00,S,N,A,-,N,,,,,,,,,,N,3,0,1,2,A,-,09,21804,A,N,D,C,A,A,H,-,A,A,0,,,Y,,Y,,A,01,0,1,0,0,0,0,0,0,1,"- ","- ",,,"SAN FRANCISCO","SAN FRANCISCO",-122.44527435302734,37.717525482177734
9505776,2022,2022-11-14,3801,2022-09-05,1818,104,TRAFF,1,5,7,3801,0,0,0,,0,104,"CAPP ST","21ST ST",245.00,S,N,A,-,N,,,,,,,,,,N,3,0,1,1,A,-,03,22350,,N,H,-,A,A,H,-,A,D,0,,,,,Y,,-,,0,1,0,0,0,0,0,0,0,"- ","- ",,,"SAN FRANCISCO","SAN FRANCISCO",-122.41773986816406,37.75640869140625
9505777,2022,2022-11-22,3801,2022-09-09,0734,1851,CENTR,5,5,7,3801,0,0,0,,0,3A15A,"CALIFORNIA ST","DRUMM ST",0.00,,Y,A,-,N,,,,,,,,,,N,2,0,1,2,A,-,10,21950,A,N,A,B,B,A,H,-,A,A,0,Y,,,,Y,,A,01,1,0,0,0,1,0,0,0,0,"- ","- ",,,"SAN FRANCISCO","SAN FRANCISCO",-122.39640808105469,37.793663024902344
9505778,2022,2022-11-14,3801,2022-09-29,1036,2310,BAYVI,4,5,7,3801,0,0,0,,0,3C15A,"3RD ST","HOLLISTER AV",125.00,S,N,A,-,N,,,,,,,,,,N,4,0,1,2,A,-,11,21954,A,N,G,B,E,A,H,-,A,A,0,Y,,,,Y,,N,60,0,0,1,0,1,0,0,0,0,"- ","- ",,,"SAN FRANCISCO","SAN FRANCISCO",-122.39618682861328,37.721405029296875
9505780,2022,2022-11-14,3801,2022-09-30,1645,2118,SOUTH,5,5,7,3801,0,0,0,,0,3B12D,"MISSION ST","6TH ST",320.00,E,N,A,-,N,,,,,,,,,,N,3,0,1,2,A,-,08,22107,,N,B,C,A,A,H,-,A,D,0,,,Y,,Y,,A,01,0,1,0,0,0,0,0,0,1,"- ","- ",,,"SAN FRANCISCO","SAN FRANCISCO",-122.40790557861328,37.781600952148438
9505782,2022,2022-11-22,3801,2022-09-27,2339,979,TENDE,2,5,7,3801,0,0,0,,0,3J13E,"MCALLISTER ST","LEAVENWORTH ST",0.00,,Y,A,-,N,,,,,,,,,,N,4,0,1,2,A,-,03,22350,,F,B,B,B,A,H,-,C,A,0,Y,,,,Y,,A,01,0,0,1,0,1,0,0,0,0,"- ","- ",,,"SAN FRANCISCO","SAN FRANCISCO",-122.41368865966797,37.780929565429688
9505784,2022,2022-11-08,3801,2022-09-23,0137,679,NORTH,5,5,7,3801,0,0,0,,0,0E6,"GOUGH ST","FILBERT ST",0.00,,Y,A,-,N,,,,,,,,,,N,4,0,1,2,A,-,12,22450,A,N,D,C,A,A,H,-,C,A,0,,,,,Y,Y,A,01,0,0,1,0,0,0,0,0,0,"- ","- ",,,"SAN FRANCISCO","SAN FRANCISCO",-122.42745971679688,37.799072265625
9505785,2022,2022-11-08,3801,2022-09-30,2115,1544,CENTR,5,5,7,3801,0,0,0,,0,,"MARKET ST",SUTTER,39.00,W,N,A,-,N,,,,,,,,,,N,2,0,1,1,C,-,18,,,N,E,J,A,A,A,-,C,A,0,,Y,,,Y,,-,"- ",1,0,0,0,0,0,1,0,0,"- ","- ",,,"SAN FRANCISCO","SAN FRANCISCO",-122.40023803710938,37.79022216796875
9505786,2022,2022-11-22,3801,2022-09-30,2219,367,CENTR,5,5,7,3801,0,0,0,,0,3A11E,"BUSH ST","TAYLOR ST",0.00,,Y,A,-,N,,,,,,,,,,N,3,0,1,2,A,-,11,21954,A,N,G,B,E,A,H,-,C,D,0,Y,,,,Y,Y,N,60,0,1,0,0,1,0,0,0,0,"- ","- ",,,"SAN FRANCISCO","SAN FRANCISCO",-122.41207122802734,37.789756774902344
9505788,2022,2022-11-21,3801,2022-09-30,2000,713,CENTR,5,5,7,3801,0,0,0,,0,3A13D,"LARKIN ST","NORTH POINT",81.00,S,N,A,-,N,,,,,,,,,,N,2,0,1,1,A,-,03,22350,,N,H,A,A,A,H,-,C,D,0,,,,,Y,,M,94,1,0,0,0,0,0,0,0,0,"- ","- ",,,"SAN FRANCISCO","SAN FRANCISCO",-122.42195129394531,37.805290222167969
9505789,2022,2022-11-08,3801,2022-09-30,1746,1680,MISSI,5,5,7,3801,0,0,0,,0,3D13D,"MISSION ST","25TH ST",0.00,,Y,A,-,N,,,,,,,,,,N,3,0,1,2,A,-,08,22100,B,N,H,G,A,A,H,-,A,A,0,,Y,Y,,Y,,L,04,0,1,0,0,0,0,1,0,0,"- ","- ",,,"SAN FRANCISCO","SAN FRANCISCO",-122.41830444335938,37.750663757324219
9505791,2022,2022-11-08,3801,2022-09-26,0626,1967,NORTH,1,5,7,3801,0,0,0,,0,3E13A,"VAN NESS AV","GEARY ST",0.00,,Y,A,-,N,,,,,,,,,,N,4,0,1,2,A,-,10,21950,A,F,G,B,B,A,H,-,B,A,0,Y,,,,Y,,A,01,0,0,1,0,1,0,0,0,0,"- ","- ",,,"SAN FRANCISCO","SAN FRANCISCO",-122.42131805419922,37.785697937011719
9505793,2022,2022-11-08,3801,2022-09-29,1544,1833,NORTH,4,5,7,3801,0,0,0,,0,3E12D,"PIERCE ST","GOLDEN GATE AV",0.00,,Y,A,-,N,,,,,,,,,,N,3,0,1,2,A,-,11,21453,D,N,G,B,B,A,H,-,A,A,0,Y,,,,Y,,N,60,0,1,0,0,1,0,0,0,0,"- ","- ",,,"SAN FRANCISCO","SAN FRANCISCO",-122.43523406982422,37.779148101806641
9505800,2022,2022-11-17,3801,2022-10-01,0750,432,MISSI,6,5,7,3801,0,0,0,,0,3D41A,"HARRISON ST","25TH ST",16.00,N,N,A,-,N,,,,,,,,,,N,3,0,1,2,A,-,09,21804,A,N,B,C,A,A,H,-,A,D,0,,,Y,,Y,,A,01,0,1,0,0,0,0,0,0,0,"- ","- ",,,"SAN FRANCISCO","SAN FRANCISCO",-122.41178131103516,37.751094818115234
9505802,2022,2022-11-16,3801,2022-10-24,0713,1825,SOUTH,1,5,7,3801,0,0,0,,0,3B14A,"7TH ST","BRANNAN ST",0.00,,Y,A,-,N,,,,,,,,,,Y,4,0,1,2,A,-,03,22350,,N,D,C,A,A,H,-,A,A,0,,,,,Y,,A,01,0,0,1,0,0,0,0,0,0,"- ","- ",,,"SAN FRANCISCO","SAN FRANCISCO",-122.40320587158203,37.773052215576172
9505806,2022,2022-11-15,3801,2022-10-21,1904,1480,MISSI,5,5,7,3801,0,0,0,,0,3D15E,"POTRERO AV","17TH ST",150.00,S,N,A,-,N,,,,,,,,,,N,4,0,1,2,A,-,03,22350,,F,D,G,A,A,H,-,C,D,0,,Y,,,Y,,-,,0,0,1,0,0,0,1,0,0,"- ","- ",,,"SAN FRANCISCO","SAN FRANCISCO",-122.40740203857422,37.764080047607422
9505809,2022,2022-11-16,3801,2022-10-24,1540,2139,TARAV,1,5,7,3801,0,0,0,,0,901,"23RD AV","LINCOLN WY",0.00,,Y,A,-,N,,,,,,,,,,N,3,0,1,2,A,-,09,21800,A,N,B,G,A,A,H,-,A,A,0,,Y,,,Y,,A,01,0,1,0,0,0,0,1,0,0,"- ","- ",,,"SAN FRANCISCO","SAN FRANCISCO",-122.48155975341797,37.765251159667969
9505811,2022,2022-11-28,3801,2022-10-22,2015,964,NORTH,6,5,7,3801,0,0,0,,0,3A14D,"FILLMORE ST","CALIFORNIA ST",8.00,S,N,A,-,N,,,,,,,,,,N,2,0,1,2,A,-,10,21950,A,N,G,B,B,A,H,-,C,A,0,Y,,,,Y,,A,01,1,0,0,0,1,0,0,0,0,"- ","- ",,,"SAN FRANCISCO","SAN FRANCISCO",-122.43381500244141,37.788887023925781
9505815,2022,2022-11-16,3801,2022-10-21,1207,668,NORTH,5,5,7,3801,0,0,0,,0,3E13A,"POLK ST","HAYES ST",0.00,,Y,A,-,N,,,,,,,,,,N,4,0,1,2,A,-,08,22107,,N,B,G,A,A,H,-,A,A,0,,Y,,,Y,,-,,0,0,1,0,0,0,1,0,0,"- ","- ",,,"SAN FRANCISCO","SAN FRANCISCO",-122.41803741455078,37.777507781982422
9505817,2022,2022-11-22,3801,2022-10-24,1131,1423,TENDE,1,5,7,3801,0,0,0,,0,3J11A,"EDDY ST","LEAVENWORTH ST",0.00,,Y,A,-,N,,,,,,,,,,N,3,0,1,2,A,-,08,22107,,F,D,C,A,A,H,-,A,A,0,,,,,Y,Y,-,,0,1,0,0,0,0,0,0,0,"- ","- ",,,"SAN FRANCISCO","SAN FRANCISCO",-122.41423797607422,37.783729553222656
9505818,2022,2022-11-16,3801,2022-10-20,0832,8,NORTH,4,5,7,3801,0,0,0,,0,3E1A,"FELL ST","BUCHANAN ST",0.00,,Y,A,-,N,,,,,,,,,,Y,3,0,1,2,A,-,12,21453,A,N,-,C,A,-,H,-,A,A,0,,,,,Y,,A,01,0,1,0,0,0,0,0,0,0,"- ","- ",,,"SAN FRANCISCO","SAN FRANCISCO",-122.42771148681641,37.77532958984375
9505820,2022,2022-11-16,3801,2022-10-25,1138,1263,BAYVI,2,5,7,3801,0,0,0,,0,0C1,"MARIPOSA ST","INDIANA ST",0.00,,Y,A,-,N,,,,,,,,,,Y,3,0,2,2,A,-,09,21800,A,N,D,C,A,A,H,-,A,D,0,,,,,Y,,A,01,0,1,1,0,0,0,0,0,0,"- ","- ",,,"SAN FRANCISCO","SAN FRANCISCO",-122.39177703857422,37.764152526855469
9505821,2022,2022-11-22,3801,2022-10-05,1222,1352,MISSI,3,5,7,3801,0,0,0,,0,3D44C,"CESAR CHAVEZ ST","BAYSHORE BL",0.00,,Y,A,-,N,,,,,,,,,,Y,3,0,1,1,A,-,08,22107,,N,A,J,A,A,H,-,A,A,0,,,,,Y,,A,01,0,1,0,0,0,0,0,0,0,"- ","- ",,,"SAN FRANCISCO","SAN FRANCISCO",-122.40558624267578,37.748996734619141
9505828,2022,2022-11-21,3801,2022-10-16,2241,2315,MISSI,7,5,7,3801,0,0,0,,0,3D15E,"17TH ST","CAPP ST",0.00,,Y,A,-,N,,,,,,,,,,Y,4,0,1,2,A,-,12,22450,A,F,D,G,A,A,H,-,C,D,0,,Y,,,Y,Y,A,01,0,0,1,0,0,0,1,0,0,"- ","- ",,,"SAN FRANCISCO","SAN FRANCISCO",-122.41853332519531,37.763477325439453
9505829,2022,2022-11-16,3801,2022-10-03,0802,2088,INGLE,1,5,7,3801,0,0,0,,0,3H15A,"GENEVA AV","ATHENS ST",0.00,,Y,A,-,N,,,,,,,,,,Y,4,0,1,2,A,-,08,22107,,N,D,C,A,A,H,-,A,D,0,,,,,Y,,A,01,0,0,1,0,0,0,0,0,0,"- ","- ",,,"SAN FRANCISCO","SAN FRANCISCO",-122.43453979492188,37.713474273681641