CASE_ID,ACCIDENT_YEAR,PROC_DATE,JURIS,COLLISION_DATE,COLLISION_TIME,OFFICER_ID,REPORTING_DISTRICT,DAY_OF_WEEK,CHP_SHIFT,POPULATION,CNTY_CITY_LOC,SPECIAL_COND,BEAT_TYPE,CHP_BEAT_TYPE,CITY_DIVISION_LAPD,CHP_BEAT_CLASS,BEAT_NUMBER,PRIMARY_RD,SECONDARY_RD,DISTANCE,DIRECTION,INTERSECTION,WEATHER_1,WEATHER_2,STATE_HWY_IND,CALTRANS_COUNTY,CALTRANS_DISTRICT,STATE_ROUTE,ROUTE_SUFFIX,POSTMILE_PREFIX,POSTMILE,LOCATION_TYPE,RAMP_INTERSECTION,SIDE_OF_HWY,TOW_AWAY,COLLISION_SEVERITY,NUMBER_KILLED,NUMBER_INJURED,PARTY_COUNT,PRIMARY_COLL_FACTOR,PCF_CODE_OF_VIOL,PCF_VIOL_CATEGORY,PCF_VIOLATION,PCF_VIOL_SUBSECTION,HIT_AND_RUN,TYPE_OF_COLLISION,MVIW,PED_ACTION,ROAD_SURFACE,ROAD_COND_1,ROAD_COND_2,LIGHTING,CONTROL_DEVICE,CHP_ROAD_TYPE,PEDESTRIAN_ACCIDENT,BICYCLE_ACCIDENT,MOTORCYCLE_ACCIDENT,TRUCK_ACCIDENT,NOT_PRIVATE_PROPERTY,ALCOHOL_INVOLVED,STWD_VEHTYPE_AT_FAULT,CHP_VEHTYPE_AT_FAULT,COUNT_SEVERE_INJ,COUNT_VISIBLE_INJ,COUNT_COMPLAINT_PAIN,COUNT_PED_KILLED,COUNT_PED_INJURED,COUNT_BICYCLIST_KILLED,COUNT_BICYCLIST_INJURED,COUNT_MC_KILLED,COUNT_MC_INJURED,PRIMARY_RAMP,SECONDARY_RAMP,LATITUDE,LONGITUDE,COUNTY,CITY,POINT_X,POINT_Y
9505831,2022,2022-11-16,3801,2022-10-15,1240,2088,INGLE,6,5,7,3801,0,0,0,,0,3H15A,"MISSION ST","NAGLEE AV",0.00,,Y,A,-,N,,,,,,,,,,N,3,0,1,3,A,-,08,22107,,N,A,C,A,A,H,-,A,A,0,,,Y,,Y,,A,01,0,1,0,0,0,0,0,0,1,"- ","- ",,,"SAN FRANCISCO","SAN FRANCISCO",-122.44612884521484,37.711601257324219
9505833,2022,2022-11-16,3801,2022-10-17,0657,4259,RICHM,1,5,7,3801,0,0,0,,0,3G13A,"PARK PRESIDIO BL","CLEMENT ST",38.00,N,N,A,-,N,,,,,,,,,,N,4,0,1,2,A,-,08,22100,,N,C,C,A,A,H,-,B,A,0,,,Y,,Y,,A,01,0,0,1,0,0,0,0,0,1,"- ","- ",,,"SAN FRANCISCO","SAN FRANCISCO",-122.47248077392578,37.782684326171875
9505839,2022,2022-11-16,3801,2022-10-26,0725,1892,BAYVI,3,5,7,3801,0,0,0,,0,3C13A,"INNES AV","DONAHUE ST",54.00,N,N,A,-,N,,,,,,,,,,N,4,0,1,2,A,-,12,22450,A,N,G,B,B,A,H,-,B,D,0,Y,,,,Y,,A,01,0,0,1,0,1,0,0,0,0,"- ","- ",,,"SAN FRANCISCO","SAN FRANCISCO",-122.37029266357422,37.728916168212891
9505921,2022,2022-11-14,3801,2022-10-06,0405,101,INGLE,4,5,7,3801,0,0,0,,0,3HI2E,"GENEVA AV","MISSION ST",140.00,W,N,E,-,N,,,,,,,,,,Y,2,0,1,2,A,-,03,22350,,N,B,I,A,A,H,-,C,A,0,,,,,Y,,-,,1,0,0,0,0,0,0,0,0,"- ","- ",,,"SAN FRANCISCO","SAN FRANCISCO",-122.44120788574219,37.716739654541016
9505922,2022,2022-11-14,3801,2022-10-03,2204,2341,INGLE,1,5,7,3801,0,0,0,,0,3HI5E,"ALEMANY BL","SENECA AV",0.00,N,N,A,-,N,,,,,,,,,,N,3,0,1,1,A,-,01,23152,A,N,E,I,A,A,H,-,C,D,0,,,,,Y,Y,A,01,0,1,0,0,0,0,0,0,0,"- ","- ",,,"SAN FRANCISCO","SAN FRANCISCO",-122.44136047363281,37.718658447265625
9505923,2022,2022-11-14,3801,2022-10-08,0234,1442,NORTH,6,5,7,3801,0,0,0,,0,3E13E,"FRANKLIN ST","PINE ST",0.00,,Y,A,-,N,,,,,,,,,,Y,2,0,2,2,A,-,12,21453,,N,D,D,A,A,H,-,C,A,0,,,,,Y,Y,A,01,2,0,0,0,0,0,0,0,0,"- ","- ",,,"SAN FRANCISCO","SAN FRANCISCO",-122.42377471923828,37.789207458496094
9505926,2022,2022-11-14,3801,2022-10-07,1830,221,RICHM,5,5,7,3801,0,0,0,,0,3G13D,"FULTON ST","2ND AV",0.00,,Y,E,-,N,,,,,,,,,,Y,4,0,4,3,A,-,03,22350,,N,C,C,A,A,H,-,B,A,0,,,,,Y,,A,01,0,0,4,0,0,0,0,0,0,"- ","- ",,,"SAN FRANCISCO","SAN FRANCISCO",-122.45948791503906,37.774169921875
9505927,2022,2022-11-14,3801,2022-10-08,2236,1068,NORTH,6,5,7,3801,0,0,0,,0,,"FELL ST","STEINER ST",0.00,,Y,E,-,N,,,,,,,,,,Y,4,0,3,2,A,-,09,21801,A,N,A,C,A,A,H,-,C,A,0,,,,,Y,,A,01,0,0,3,0,0,0,0,0,0,"- ","- ",,,"SAN FRANCISCO","SAN FRANCISCO",-122.43265533447266,37.774684906005859
9505929,2022,2022-11-22,3801,2022-10-10,1628,1637,SOUTH,1,5,7,3801,0,0,0,,0,3B14D,"10TH ST","BRYANT ST",0.00,,Y,A,-,N,,,,,,,,,,N,4,0,1,2,A,-,05,21650,1,N,A,G,A,A,-,-,A,A,0,,Y,,,Y,,L,04,0,0,1,0,0,0,1,0,0,"- ","- ",,,"SAN FRANCISCO","SAN FRANCISCO",-122.40973663330078,37.770336151123047
9505930,2022,2023-01-20,3801,2022-10-06,0615,1572,SOUTH,4,5,7,3801,0,0,0,,0,3B1A,"7TH ST","NATOMA ST",0.00,,Y,A,-,N,,,,,,,,,,N,3,0,1,2,A,-,08,22107,,N,B,-,A,A,H,-,C,D,0,,,,,Y,,A,01,0,1,0,0,0,0,0,0,0,"- ","- ",,,"SAN FRANCISCO","SAN FRANCISCO",-122.40989685058594,37.778400421142578
9505940,2022,2022-11-14,3801,2022-10-17,0723,54,TARAV,1,5,7,3801,0,0,0,,0,3I11A,"SANTIAGO ST","19TH AV",7.00,E,N,A,-,N,,,,,,,,,,N,3,0,1,2,A,-,05,21650,1,N,D,G,A,A,H,-,A,A,0,,Y,,,Y,,L,04,0,1,0,0,0,0,1,0,0,"- ","- ",,,"SAN FRANCISCO","SAN FRANCISCO",-122.47577667236328,37.744899749755859
9505944,2022,2022-11-22,3801,2022-10-15,1443,54,TARAV,6,5,7,3801,0,0,0,,0,3I16A,"OCEAN AV","HAROLD AV",0.00,,Y,A,-,N,,,,,,,,,,Y,4,0,1,2,A,-,09,21800,A,N,D,C,A,A,H,-,A,A,0,,,,,Y,,A,01,0,0,1,0,0,0,0,0,0,"- ","- ",,,"SAN FRANCISCO","SAN FRANCISCO",-122.45313262939453,37.7232666015625
9505945,2022,2022-11-10,3801,2022-10-14,2057,2357,TARAV,5,5,7,3801,0,0,0,,0,3I16E,"19TH AV",LAWTON,26.00,N,N,A,-,N,,,,,,,,,,N,4,0,1,2,A,-,11,21954,A,N,B,B,D,B,H,-,C,A,0,Y,,,,Y,,N,60,0,0,1,0,1,0,0,0,0,"- ","- ",,,"SAN FRANCISCO","SAN FRANCISCO",-122.47670745849609,37.758010864257812
9505949,2022,2022-11-22,3801,2022-10-14,1416,1157,BAYVI,5,5,7,3801,0,0,0,,0,3C11A,"SILVER AV","HAMILTON ST",0.00,,Y,A,-,N,,,,,,,,,,N,4,0,1,2,A,-,09,21802,A,N,B,C,A,A,H,-,A,A,0,,,,,Y,,A,01,0,0,1,0,0,0,0,0,0,"- ","- ",,,"SAN FRANCISCO","SAN FRANCISCO",-122.411376953125,37.730617523193359
9505954,2022,2022-11-10,3801,2022-10-02,2040,2315,MISSI,7,5,7,3801,0,0,0,,0,3D15E,"DUBOCE AV","MISSION ST",0.00,,Y,A,-,N,,,,,,,,,,Y,4,0,2,2,A,-,08,22101,D,N,D,C,A,A,H,-,C,A,0,,,,,Y,,A,01,0,0,2,0,0,0,0,0,0,"- ","- ",,,"SAN FRANCISCO","SAN FRANCISCO",-122.42018127441406,37.769992828369141
9505960,2022,2022-11-30,3801,2022-10-15,1210,1364,NORTH,6,5,7,3801,0,0,0,,0,,"VAN NESS AV","PACIFIC AV",96.00,S,N,A,-,Y,SF,4,101,-,-,6.280,H,-,N,Y,3,0,1,2,A,-,03,22350,A,N,C,I,A,A,H,-,A,A,0,,,,,Y,,A,01,0,1,0,0,0,0,0,0,0,"- ","- ",,,"SAN FRANCISCO","SAN FRANCISCO",-122.42322540283203,37.795230865478516
9505962,2022,2022-11-10,3801,2022-10-10,1602,307,NORTH,1,5,7,3801,0,0,0,,0,3E13D,"TURK ST","VAN NESS AV",150.00,W,N,A,-,N,,,,,,,,,,N,4,0,1,2,A,-,"- ",,,F,D,G,A,A,H,-,A,A,0,,Y,,,Y,,L,04,0,0,1,0,0,0,1,0,0,"- ","- ",,,"SAN FRANCISCO","SAN FRANCISCO",-122.42109680175781,37.781879425048828
9505964,2022,2022-11-10,3801,2022-10-12,0730,610,MISSI,3,5,7,3801,0,0,0,,0,3D11A,"15TH ST","RAMONA AV",9.00,S,N,A,-,N,,,,,,,,,,N,4,0,1,3,A,-,08,22107,,N,A,C,A,A,H,-,A,D,0,,,,,Y,,A,01,0,0,1,0,0,0,0,0,0,"- ","- ",,,"SAN FRANCISCO","SAN FRANCISCO",-122.42517852783203,37.766349792480469
9505965,2022,2022-11-10,3801,2022-10-11,1814,375,BAYVI,2,5,7,3801,0,0,0,,0,3C11D,"3RD ST","CESAR CHAVEZ ST",0.00,,Y,A,-,N,,,,,,,,,,Y,3,0,3,3,A,-,09,21803,A,N,D,C,A,A,H,-,A,A,0,,,,,Y,,A,01,0,1,2,0,0,0,0,0,0,"- ","- ",,,"SAN FRANCISCO","SAN FRANCISCO",-122.38768768310547,37.750228881835938
9505967,2022,2022-11-10,3801,2022-10-06,1230,1396,SOUTH,4,5,7,3801,0,0,0,,0,3B13A,"HOWARD ST","3RD ST",105.00,E,N,A,-,N,,,,,,,,,,N,3,0,1,2,A,-,08,22100,B,N,H,A,A,A,H,-,A,D,0,,,Y,,Y,,A,01,0,1,0,0,0,0,0,0,0,"- ","- ",,,"SAN FRANCISCO","SAN FRANCISCO",-122.40023803710938,37.785213470458984
9505971,2022,2022-11-14,3801,2022-10-16,0253,317,CENTR,7,5,7,3801,0,0,0,,0,SECTOR,"WASHINGTON ST","WAVERLY PL",6.00,E,N,A,-,N,,,,,,,,,,Y,3,0,1,2,A,-,03,22350,,F,B,E,A,A,H,-,C,D,0,,,Y,,Y,,C,03,0,1,0,0,0,0,0,0,1,"- ","- ",,,"SAN FRANCISCO","SAN FRANCISCO",-122.40696716308594,37.795101165771484
9505973,2022,2022-11-17,3801,2022-10-12,0931,1952,BAYVI,3,5,7,3801,0,0,0,,0,901,"3RD ST","LE CONTE AV",0.00,,Y,A,-,N,,,,,,,,,,Y,4,0,3,2,-,-,"- ",,A,N,D,C,A,A,H,-,A,A,0,,,,,Y,,-,"- ",0,0,3,0,0,0,0,0,0,"- ","- ",,,"SAN FRANCISCO","SAN FRANCISCO",-122.39756774902344,37.718875885009766
9505976,2022,2022-11-16,3801,2022-10-19,0127,2486,TENDE,3,5,7,3801,0,0,0,,0,3J14E,"ELLIS ST","HYDE ST",118.00,W,N,A,-,N,,,,,,,,,,N,4,0,1,1,A,-,03,22350,,N,H,I,A,A,H,-,C,A,0,,,Y,,Y,,C,03,0,0,1,0,0,0,0,0,1,"- ","- ",,,"SAN FRANCISCO","SAN FRANCISCO",-122.41646575927734,37.784400939941406
9505977,2022,2022-11-22,3801,2022-10-24,1935,1810,MISSI,1,5,7,3801,0,0,0,,0,3D13D,"GUERRERO ST","22ND ST",0.00,,Y,A,-,N,,,,,,,,,,N,3,0,1,2,A,-,10,21950,,N,G,B,B,A,H,-,C,A,0,Y,,,,Y,,A,01,0,1,0,0,1,0,0,0,0,"- ","- ",,,"SAN FRANCISCO","SAN FRANCISCO",-122.42317962646484,37.755180358886719
9505978,2022,2022-11-14,3801,2022-10-25,1118,1657,BAYVI,2,5,7,3801,0,0,0,,0,3801,"HUDSON AV","BERTHA LN",68.00,W,N,A,-,N,,,,,,,,,,Y,3,0,1,3,A,-,03,22350,,N,C,E,A,A,H,-,A,D,0,,,Y,,Y,,C,02,0,1,0,0,0,0,0,0,1,"- ","- ",,,"SAN FRANCISCO","SAN FRANCISCO",-122.38037109375,37.732463836669922
9505983,2022,2022-11-10,3801,2022-10-22,1231,2495,RICHM,6,5,7,3801,0,0,0,,0,3G12A,"GEARY BL","LYON ST",100.00,E,N,A,-,N,,,,,,,,,,,3,0,1,4,A,-,03,22350,,N,C,C,A,A,H,-,A,A,0,,,,,Y,,A,01,0,1,0,0,0,0,0,0,0,"- ","- ",,,"SAN FRANCISCO","SAN FRANCISCO",-122.44412994384766,37.782817840576172
9505986,2022,2022-11-10,3801,2022-10-22,1956,,RICHM,6,5,7,3801,0,0,0,,0,,"PARK PRESIDIO BYPASS DR","CROSSOVER DR",300.00,N,N,A,-,N,,,,,,,,,,Y,2,0,1,1,A,-,03,22350,,N,E,I,A,A,H,-,C,D,0,,,,,Y,Y,A,01,1,0,0,0,0,0,0,0,0,"- ","- ",,,"SAN FRANCISCO","SAN FRANCISCO",-122.47927093505859,37.771968841552734
9505988,2022,2022-11-10,3801,2022-10-22,0556,2262,BAYVI,6,5,7,3801,0,0,0,,0,3C11A,"INDIANA ST","TULARE ST",37.00,N,N,F,-,N,,,,,,,,,,N,2,0,1,2,A,-,17,21663,,N,G,B,F,B,H,-,C,A,0,Y,,,,Y,Y,A,07,1,0,0,0,1,0,0,0,0,"- ","- ",,,"SAN FRANCISCO","SAN FRANCISCO",,
9505990,2022,2022-11-21,3801,2022-10-22,0218,1888,RICHM,6,5,7,3801,0,0,0,,0,3CAR,"FULTON ST","15TH AV",0.00,,Y,C,-,N,,,,,,,,,,Y,3,0,1,3,A,-,03,22350,,N,C,E,A,B,H,-,C,D,0,,,,,Y,Y,A,08,0,1,0,0,0,0,0,0,0,"- ","- ",,,"SAN FRANCISCO","SAN FRANCISCO",-122.47344207763672,37.773063659667969
9505993,2022,2022-11-10,3801,2022-10-20,0650,A22028,CENTR,4,5,7,3801,0,0,0,,0,,"HYDE ST","SUTTER ST",0.00,,Y,A,-,N,,,,,,,,,,N,3,0,1,2,A,-,10,21950,A,F,G,B,B,A,H,-,C,A,0,Y,,,,Y,,A,01,0,1,0,0,1,0,0,0,0,"- ","- ",,,"SAN FRANCISCO","SAN FRANCISCO",-122.41680908203125,37.788181304931641
9505996,2022,2022-11-10,3801,2022-10-21,2020,1512,SOUTH,5,5,7,3801,0,0,0,,0,0B5,"TERRY A FRANCOIS BL","16TH ST",220.00,N,N,A,-,N,,,,,,,,,,N,4,0,1,2,A,-,21,22106,,N,G,B,D,A,H,-,C,D,0,Y,,,,Y,,A,01,0,0,1,0,1,0,0,0,0,"- ","- ",,,"SAN FRANCISCO","SAN FRANCISCO",-122.38618469238281,37.767642974853516
9506000,2022,2022-11-10,3801,2022-10-07,2154,709,BAYVI,5,5,7,3801,0,0,0,,0,3C15E,"LANE ST","REVERE AV",0.00,,Y,A,-,N,,,,,,,,,,N,3,0,1,2,A,-,12,22450,A,F,D,J,A,A,H,-,C,A,0,,,,,Y,,A,08,0,1,0,0,0,0,0,0,0,"- ","- ",,,"SAN FRANCISCO","SAN FRANCISCO",-122.39018249511719,37.731670379638672
9506041,2022,2022-11-10,3801,2022-10-12,1550,1605,NORTH,3,5,7,3801,0,0,0,,0,3E1A,"LAGUNA ST","MCALLISTER ST",100.00,N,N,A,-,N,,,,,,,,,,N,4,0,1,2,A,-,03,22350,,F,D,C,A,A,H,-,A,-,0,,,Y,,Y,,C,03,0,0,1,0,0,0,0,0,0,"- ","- ",,,"SAN FRANCISCO","SAN FRANCISCO",-122.4268798828125,37.779529571533203
9506043,2022,2022-11-10,3801,2022-10-15,2333,2398,NORTH,6,5,7,3801,0,0,0,,0,01E,"VAN NESS AV","FELL ST",34.00,N,N,A,-,N,,,,,,,,,,Y,4,0,1,2,A,-,03,22350,,N,C,E,A,A,H,-,C,A,0,,,,,Y,,A,01,0,0,1,0,0,0,0,0,0,"- ","- ",,,"SAN FRANCISCO","SAN FRANCISCO",-122.41951751708984,37.776473999023438
9506044,2022,2022-11-10,3801,2022-10-07,1223,1833,NORTH,5,5,7,3801,0,0,0,,0,3E13C,"GOUGH ST","GROVE ST",0.00,,Y,A,-,N,,,,,,,,,,N,3,0,1,2,D,-,00,,,N,G,B,B,A,H,-,A,A,0,Y,,,,Y,,-,"- ",0,1,0,0,1,0,0,0,0,"- ","- ",,,"SAN FRANCISCO","SAN FRANCISCO",-122.42316436767578,37.777805328369141
9506046,2022,2022-11-10,3801,2022-10-16,0624,624,NORTH,7,5,7,3801,0,0,0,,0,002,"EDDY ST","STEINER ST",0.00,,Y,A,-,N,,,,,,,,,,Y,4,0,1,6,A,-,12,22450,,F,D,C,A,A,H,-,C,A,0,,,,,Y,,A,01,0,0,1,0,0,0,0,0,0,"- ","- ",,,"SAN FRANCISCO","SAN FRANCISCO",-122.4339599609375,37.781208038330078
9506049,2022,2022-11-10,3801,2022-10-02,1837,2038,PARK,7,5,7,3801,0,0,0,,0,3F13D,"OAK ST","BAKER ST",165.00,E,N,A,-,N,,,,,,,,,,N,4,0,1,3,A,-,04,21703,,N,C,C,A,A,H,-,B,D,0,,,,,Y,,A,01,0,0,1,0,0,0,0,0,0,"- ","- ",,,"SAN FRANCISCO","SAN FRANCISCO",-122.44019317626953,37.772769927978516
9506051,2022,2022-11-10,3801,2022-10-03,1752,307,NORTH,1,5,7,3801,0,0,0,,0,3E13D,"MCALLISTER ST","GOUGH ST",0.00,,Y,A,-,N,,,,,,,,,,N,3,0,1,2,A,-,09,21801,A,N,D,G,A,A,H,-,A,A,0,,Y,,,Y,,A,01,0,1,0,0,0,0,1,0,0,"- ","- ",,,"SAN FRANCISCO","SAN FRANCISCO",-122.42353820800781,37.779670715332031
9506053,2022,2022-11-10,3801,2022-10-02,1127,796,NORTH,7,5,7,3801,0,0,0,,0,3E4A,"SACRAMENTO ST","WEBSTER ST",0.00,,Y,A,-,N,,,,,,,,,,Y,4,0,1,2,A,-,12,22450,A,N,D,C,A,A,H,-,A,A,0,,,,,Y,,A,01,0,0,1,0,0,0,0,0,0,"- ","- ",,,"SAN FRANCISCO","SAN FRANCISCO",-122.43238067626953,37.790027618408203
9506054,2022,2022-11-10,3801,2022-10-03,0703,2039,TARAV,1,5,7,3801,0,0,0,,0,005,"JUNIPERO SERRA BL","HOLLOWAY AV",0.00,,Y,A,-,N,,,,,,,,,,Y,4,0,1,2,A,-,03,22350,,N,C,C,A,A,H,-,A,A,0,,,,,Y,,A,01,0,0,1,0,0,0,0,0,0,"- ","- ",,,"SAN FRANCISCO","SAN FRANCISCO",-122.47267150878906,37.721572875976562
9506056,2022,2022-11-10,3801,2022-10-30,1307,1917,TARAV,7,5,7,3801,0,0,0,,0,3I16A,"32ND AV","ULLOA ST",193.00,N,N,A,-,N,,,,,,,,,,Y,4,0,1,2,A,-,08,22107,,N,A,E,A,A,H,-,A,D,0,,,,,Y,,A,01,0,0,1,0,0,0,0,0,0,"- ","- ",,,"SAN FRANCISCO","SAN FRANCISCO",-122.48951721191406,37.741107940673828
9506059,2022,2022-11-10,3801,2022-10-02,2200,2427,SOUTH,7,5,7,3801,0,0,0,,0,001,"HARRISON ST","1ST ST",0.00,,Y,A,-,N,,,,,,,,,,N,4,0,1,2,A,-,08,22107,,N,C,C,A,A,H,-,C,A,0,,,,,Y,,A,01,0,0,1,0,0,0,0,0,0,"- ","- ",,,"SAN FRANCISCO","SAN FRANCISCO",-122.39295959472656,37.786087036132812
9506061,2022,2022-11-10,3801,2022-10-05,1511,2487,BAYVI,3,5,7,3801,0,0,0,,0,3C4,"SAN BRUNO AV","SILVER AV",0.00,,Y,A,-,N,,,,,,,,,,N,4,0,1,2,A,-,10,21950,A,F,D,C,A,A,H,-,A,A,0,,,,,Y,,A,01,0,0,1,0,0,0,0,0,0,"- ","- ",,,"SAN FRANCISCO","SAN FRANCISCO",-122.40561676025391,37.732444763183594
9506062,2022,2022-11-10,3801,2022-10-03,1034,1693,BAYVI,1,5,7,3801,0,0,0,,0,901,"SILVER AV","LEDYARD ST",0.00,,Y,A,-,N,,,,,,,,,,N,4,0,2,2,A,-,00,21751,A,F,C,C,A,A,H,-,A,D,0,,,,,Y,,A,01,0,0,2,0,0,0,0,0,0,"- ","- ",,,"SAN FRANCISCO","SAN FRANCISCO",-122.40287780761719,37.734066009521484
9506063,2022,2022-11-10,3801,2022-10-04,1542,1371,NORTH,2,5,7,3801,0,0,0,,0,002,"FULTON ST","OCTAVIA ST",38.00,W,N,A,-,N,,,,,,,,,,N,4,0,1,2,A,-,04,21703,,N,C,G,A,A,D,-,A,A,0,,Y,,,Y,,L,04,0,0,1,0,0,0,1,0,0,"- ","- ",,,"SAN FRANCISCO","SAN FRANCISCO",-122.42511749267578,37.778522491455078
9506064,2022,2022-11-10,3801,2022-10-05,1922,1414,MISSI,3,5,7,3801,0,0,0,,0,3D16D,"15TH ST","UTAH ST",50.00,E,N,A,-,N,,,,,,,,,,N,4,0,1,1,A,-,03,22350,,N,H,-,A,A,H,-,C,D,0,,,,,Y,,-,,0,0,1,0,0,0,0,0,0,"- ","- ",,,"SAN FRANCISCO","SAN FRANCISCO",-122.40648651123047,37.767162322998047
9506065,2022,2022-11-10,3801,2022-10-03,0841,1819,RICHM,1,5,7,3801,0,0,0,,0,,"CALIFORNIA ST","12TH AV",0.00,,Y,A,-,N,,,,,,,,,,N,4,0,1,2,A,-,17,21235,G,N,B,C,A,A,H,-,A,A,0,,,,,Y,,M,94,0,0,1,0,0,0,0,0,0,"- ","- ",,,"SAN FRANCISCO","SAN FRANCISCO",-122.47097778320312,37.784519195556641
9506066,2022,2022-11-10,3801,2022-10-05,1021,618,TARAV,3,5,7,3801,0,0,0,,0,3I13A,"45TH AV","SLOAT BL",0.00,,Y,A,-,N,,,,,,,,,,N,4,0,1,2,A,-,10,21950,A,N,G,B,B,A,H,-,A,A,0,Y,,,,Y,,-,,0,0,1,0,1,0,0,0,0,"- ","- ",,,"SAN FRANCISCO","SAN FRANCISCO",-122.50308990478516,37.735542297363281
9506068,2022,2022-11-10,3801,2022-10-04,1300,4335,RICHM,2,5,7,3801,0,0,0,,0,901,"CLEMENT ST","21ST AV",28.00,E,N,A,-,N,,,,,,,,,,N,3,0,1,2,A,-,03,22350,,N,D,G,A,A,H,-,A,D,0,,Y,,,Y,,L,04,0,1,0,0,0,0,1,0,0,"- ","- ",,,"SAN FRANCISCO","SAN FRANCISCO",-122.48049163818359,37.782203674316406
9506069,2022,2022-11-10,3801,2022-10-11,2020,790,RICHM,2,5,7,3801,0,0,0,,0,004,"GEARY BL","25TH AV",0.00,,Y,A,-,N,,,,,,,,,,N,3,0,1,1,A,-,03,22350,,N,-,I,A,A,H,-,C,A,0,,,,,Y,,-,,0,1,0,0,0,0,0,0,0,"- ","- ",,,"SAN FRANCISCO","SAN FRANCISCO",-122.4847412109375,37.780162811279297
9506071,2022,2022-11-10,3801,2022-10-07,2003,2441,INGLE,5,5,7,3801,0,0,0,,0,3H13D,"GENEVA AV","MISSION ST",0.00,,Y,A,-,N,,,,,,,,,,N,3,0,1,2,A,-,10,21950,A,N,G,B,B,A,H,-,C,A,0,Y,,,,Y,,-,,0,1,0,0,1,0,0,0,0,"- ","- ",,,"SAN FRANCISCO","SAN FRANCISCO",-122.44100189208984,37.716388702392578
9506072,2022,2022-11-10,3801,2022-10-08,1704,2239,INGLE,6,5,7,3801,0,0,0,,0,1704,"GENEVA AV","RT 280",6.00,E,N,B,-,N,,,,,,,,,,Y,4,0,1,2,A,-,12,21453,A,N,D,D,A,A,H,-,A,A,0,,,,,Y,,A,01,0,0,1,0,0,0,0,0,0,"- ","- ",,,"SAN FRANCISCO","SAN FRANCISCO",-122.44798278808594,37.721263885498047
9506073,2022,2022-11-18,3801,2022-10-10,0543,311,PARK,1,5,7,3801,0,0,0,,0,3F91,"FELL ST","MASONIC AV",0.00,,Y,E,-,N,,,,,,,,,,Y,4,0,1,2,A,-,00,23453,,N,D,D,A,B,H,-,C,A,0,,,,,Y,,A,01,0,0,1,0,0,0,0,0,0,"- ","- ",,,"SAN FRANCISCO","SAN FRANCISCO",-122.44591522216797,37.772983551025391
9506074,2022,2022-11-10,3801,2022-10-11,1745,539,NORTH,2,5,7,3801,0,0,0,,0,NORTHE,"MCALLISTER ST","WEBSTER ST",0.00,,Y,B,-,N,,,,,,,,,,N,3,0,1,2,A,-,12,21453,A,N,D,G,A,A,H,-,A,A,0,,Y,,,Y,,L,04,0,1,0,0,0,0,1,0,0,CN,"- ",,,"SAN FRANCISCO","SAN FRANCISCO",-122.43010711669922,37.778839111328125
9506075,2022,2022-11-10,3801,2022-10-10,1535,1371,NORTH,1,5,7,3801,0,0,0,,0,002,"GEARY BL","DIVISADERO ST",109.00,E,N,A,-,N,,,,,,,,,,N,3,0,1,2,A,-,03,22350,,N,G,B,F,A,H,-,A,A,0,Y,,,,Y,,M,94,0,1,0,0,1,0,0,0,0,"- ","- ",,,"SAN FRANCISCO","SAN FRANCISCO",-122.43910980224609,37.783424377441406
9506076,2022,2022-11-14,3801,2022-10-10,1948,2398,NORTH,1,5,7,3801,0,0,0,,0,04E,"POST ST","WEBSTER ST",150.00,W,N,A,-,N,,,,,,,,,,N,4,0,1,2,A,-,08,22102,,N,D,C,A,A,H,-,C,D,0,,,,,Y,,A,01,0,0,1,0,0,0,0,0,0,"- ","- ",,,"SAN FRANCISCO","SAN FRANCISCO",-122.43197631835938,37.785297393798828
9506080,2022,2022-11-10,3801,2022-10-06,2215,2307,NORTH,4,5,7,3801,0,0,0,,0,3E13E,"POLK ST","FERN ST",0.00,,Y,A,-,N,,,,,,,,,,N,4,0,1,2,A,-,12,22450,,F,D,C,A,A,H,-,C,A,0,,,,,Y,,A,01,0,0,1,0,0,0,0,0,0,"- ","- ",,,"SAN FRANCISCO","SAN FRANCISCO",-122.42018890380859,37.788211822509766
9506229,2022,2022-10-20,3801,2022-09-16,1700,1848,PARK,5,5,7,3801,0,0,0,,0,01D,"17TH ST","CHURCH ST",0.00,,Y,A,-,N,,,,,,,,,,N,3,0,1,2,A,-,09,21801,A,N,H,G,A,A,H,-,A,A,0,,Y,,,Y,,A,01,0,1,0,0,0,0,1,0,0,"- ","- ",,,"SAN FRANCISCO","SAN FRANCISCO",-122.42851257324219,37.762882232666016
9506236,2022,2022-10-20,3801,2022-09-17,1640,,CENTR,6,5,7,3801,0,0,0,,0,3A13D,"MASON ST","BAY ST",0.00,,Y,A,-,N,,,,,,,,,,N,4,0,1,2,A,-,"- ",,,N,D,C,A,A,-,-,A,D,0,,,,,Y,,A,01,0,0,1,0,0,0,0,0,0,"- ","- ",,,"SAN FRANCISCO","SAN FRANCISCO",-122.41358947753906,37.805633544921875