CASE_ID,ACCIDENT_YEAR,PROC_DATE,JURIS,COLLISION_DATE,COLLISION_TIME,OFFICER_ID,REPORTING_DISTRICT,DAY_OF_WEEK,CHP_SHIFT,POPULATION,CNTY_CITY_LOC,SPECIAL_COND,BEAT_TYPE,CHP_BEAT_TYPE,CITY_DIVISION_LAPD,CHP_BEAT_CLASS,BEAT_NUMBER,PRIMARY_RD,SECONDARY_RD,DISTANCE,DIRECTION,INTERSECTION,WEATHER_1,WEATHER_2,STATE_HWY_IND,CALTRANS_COUNTY,CALTRANS_DISTRICT,STATE_ROUTE,ROUTE_SUFFIX,POSTMILE_PREFIX,POSTMILE,LOCATION_TYPE,RAMP_INTERSECTION,SIDE_OF_HWY,TOW_AWAY,COLLISION_SEVERITY,NUMBER_KILLED,NUMBER_INJURED,PARTY_COUNT,PRIMARY_COLL_FACTOR,PCF_CODE_OF_VIOL,PCF_VIOL_CATEGORY,PCF_VIOLATION,PCF_VIOL_SUBSECTION,HIT_AND_RUN,TYPE_OF_COLLISION,MVIW,PED_ACTION,ROAD_SURFACE,ROAD_COND_1,ROAD_COND_2,LIGHTING,CONTROL_DEVICE,CHP_ROAD_TYPE,PEDESTRIAN_ACCIDENT,BICYCLE_ACCIDENT,MOTORCYCLE_ACCIDENT,TRUCK_ACCIDENT,NOT_PRIVATE_PROPERTY,ALCOHOL_INVOLVED,STWD_VEHTYPE_AT_FAULT,CHP_VEHTYPE_AT_FAULT,COUNT_SEVERE_INJ,COUNT_VISIBLE_INJ,COUNT_COMPLAINT_PAIN,COUNT_PED_KILLED,COUNT_PED_INJURED,COUNT_BICYCLIST_KILLED,COUNT_BICYCLIST_INJURED,COUNT_MC_KILLED,COUNT_MC_INJURED,PRIMARY_RAMP,SECONDARY_RAMP,LATITUDE,LONGITUDE,COUNTY,CITY,POINT_X,POINT_Y
9506240,2022,2022-10-31,3801,2022-06-05,2050,1660,SOUTH,7,5,7,3801,0,0,0,,0,3B12E,"5TH ST","BRYANT ST",0.00,,Y,A,-,N,,,,,,,,,,N,3,0,1,2,A,-,08,22107,,F,D,C,A,A,H,-,C,A,0,,,,,Y,Y,A,01,0,1,0,0,0,0,0,0,0,"- ","- ",,,"SAN FRANCISCO","SAN FRANCISCO",-122.40029144287109,37.777797698974609
9506275,2022,2022-10-07,3801,2022-08-30,2209,1237,CENTR,2,5,7,3801,0,0,0,,0,3A13E,BROADWAY,"LARKIN ST",0.00,,Y,A,-,N,,,,,,,,,,Y,4,0,2,2,A,-,12,21453,A,N,D,C,A,A,H,-,C,A,0,,,,,Y,,A,01,0,0,2,0,0,0,0,0,0,"- ","- ",,,"SAN FRANCISCO","SAN FRANCISCO",-122.42012786865234,37.796218872070312
9506323,2022,2022-10-12,3801,2022-09-18,2314,4222,INGLE,7,5,7,3801,0,0,0,,0,3H11E,"MISSION ST","APPLETON ST",300.00,S,N,C,-,N,,,,,,,,,,Y,4,0,1,4,A,-,01,23152,A,N,B,E,A,B,H,-,C,D,0,,,Y,,Y,Y,A,01,0,0,1,0,0,0,0,0,0,"- ","- ",,,"SAN FRANCISCO","SAN FRANCISCO",-122.42399597167969,37.738048553466797
9506329,2022,2022-10-12,3801,2022-09-14,1054,2093,NORTH,3,5,7,3801,0,0,0,,0,3E14A,"DIVISADERO ST","GEARY BL",0.00,,Y,A,-,N,,,,,,,,,,Y,4,0,1,2,A,-,21,22106,,N,C,C,A,A,H,-,A,A,0,,,,,Y,,A,07,0,0,1,0,0,0,0,0,0,"- ","- ",,,"SAN FRANCISCO","SAN FRANCISCO",-122.43947601318359,37.783359527587891
9506334,2022,2022-10-10,3801,2022-09-16,2346,1718,BAYVI,5,5,7,3801,0,0,0,,0,3C15E,"JAMESTOWN AV","3RD ST",920.00,W,N,A,-,N,,,,,,,,,,Y,4,0,2,2,A,-,07,21658,A,F,B,C,A,A,H,-,C,D,0,,,,,Y,,-,99,0,0,2,0,0,0,0,0,0,"- ","- ",,,"SAN FRANCISCO","SAN FRANCISCO",-122.39833068847656,37.721141815185547
9506335,2022,2022-10-10,3801,2022-09-22,0623,1892,BAYVI,4,5,7,3801,0,0,0,,0,3C12A,"BAYSHORE BL","JERROLD AV",0.00,,Y,A,-,N,,,,,,,,,,N,4,0,1,1,C,-,18,,,N,H,-,A,A,A,-,C,A,0,,,Y,,Y,,-,"- ",0,0,1,0,0,0,0,0,1,"- ","- ",,,"SAN FRANCISCO","SAN FRANCISCO",-122.40361785888672,37.747386932373047
9506336,2022,2022-10-10,3801,2022-09-14,2101,1951,PARK,3,5,7,3801,0,0,0,,0,0F3,"STANYAN ST","OAK ST",0.00,,Y,A,-,N,,,,,,,,,,Y,4,0,2,2,A,-,09,21801,,N,D,D,A,A,H,-,C,A,0,,,,,Y,,A,01,0,0,2,0,0,0,0,0,0,"- ","- ",,,"SAN FRANCISCO","SAN FRANCISCO",-122.45395660400391,37.771354675292969
9506337,2022,2022-10-31,3801,2022-09-16,0019,2457,SOUTH,5,5,7,3801,0,0,0,,0,3B14E,"MARKET ST","VAN NESS AV",0.00,,Y,A,-,N,,,,,,,,,,N,4,0,1,2,A,-,12,21453,A,N,D,C,A,A,H,-,C,A,0,,,,,Y,,M,94,0,0,1,0,0,0,0,0,0,"- ","- ",,,"SAN FRANCISCO","SAN FRANCISCO",-122.41925811767578,37.775169372558594
9506338,2022,2022-10-10,3801,2022-09-22,0200,2727,INGLE,4,5,7,3801,0,0,0,,0,3H11E,"MISSION ST","RANDALL ST",0.00,,Y,A,-,N,,,,,,,,,,Y,4,0,1,2,A,-,12,22450,A,N,A,C,A,A,H,-,C,A,0,,,Y,,Y,,A,01,0,0,1,0,0,0,0,0,1,"- ","- ",,,"SAN FRANCISCO","SAN FRANCISCO",-122.42362213134766,37.739799499511719
9506342,2022,2022-11-09,3801,2022-09-03,1855,382,NORTH,6,5,7,3801,0,0,0,,0,3E15E,"BAY ST","BAKER ST",42.00,W,N,A,-,N,,,,,,,,,,N,4,0,1,2,A,-,03,22350,,N,B,E,A,A,H,-,C,A,0,,,,,Y,,A,01,0,0,1,0,0,0,0,0,0,"- ","- ",,,"SAN FRANCISCO","SAN FRANCISCO",-122.44676971435547,37.801761627197266
9506344,2022,2022-10-11,3801,2022-09-03,0324,1961,INGLE,6,5,7,3801,0,0,0,,0,3H16E,"ALEMANY BL","ROUSSEAU ST",188.00,N,N,A,-,N,,,,,,,,,,Y,3,0,1,2,A,-,05,21651,B,F,A,C,A,A,H,-,C,D,0,,,,,Y,,A,01,0,1,0,0,0,0,0,0,0,"- ","- ",,,"SAN FRANCISCO","SAN FRANCISCO",-122.42900085449219,37.731227874755859
9506345,2022,2022-10-11,3801,2022-09-02,2110,1660,SOUTH,5,5,7,3801,0,0,0,,0,3B13E,EMBARCADERO,"MISSION ST",0.00,,Y,A,-,N,,,,,,,,,,N,4,0,1,2,A,-,03,22350,A,F,B,B,F,A,H,-,C,D,0,Y,Y,,,Y,Y,L,04,0,0,1,0,1,0,0,0,0,"- ","- ",,,"SAN FRANCISCO","SAN FRANCISCO",-122.39263153076172,37.793708801269531
9506346,2022,2022-10-11,3801,2022-09-02,2342,1017,NORTH,5,5,7,3801,0,0,0,,0,3E15E,"LOMBARD ST","LAGUNA ST",0.00,,Y,A,-,N,,,,,,,,,,N,3,0,1,2,A,-,03,22350,,F,H,B,B,A,H,-,C,D,0,Y,,,,Y,,-,,0,1,0,0,1,0,0,0,0,"- ","- ",,,"SAN FRANCISCO","SAN FRANCISCO",-122.43110656738281,37.80047607421875
9506347,2022,2022-10-11,3801,2022-09-02,1654,1707,NORTH,5,5,7,3801,0,0,0,,0,3E15D,"TURK ST","GOUGH ST",25.00,E,N,A,-,N,,,,,,,,,,N,4,0,2,2,A,-,08,22107,,N,B,C,A,A,H,-,A,A,0,,,,,Y,,A,01,0,0,2,0,0,0,0,0,0,"- ","- ",,,"SAN FRANCISCO","SAN FRANCISCO",-122.42383575439453,37.781539916992188
9506348,2022,2022-10-11,3801,2022-09-02,1815,2441,INGLE,5,5,7,3801,0,0,0,,0,3H15D,"ALEMANY BL","ONONDAGA AV",0.00,,Y,A,-,N,,,,,,,,,,N,2,0,1,2,A,-,10,21950,A,N,G,B,B,A,H,-,A,A,0,Y,,,,Y,,A,01,1,0,0,0,1,0,0,0,0,"- ","- ",,,"SAN FRANCISCO","SAN FRANCISCO",-122.43870544433594,37.721645355224609
9506352,2022,2022-10-11,3801,2022-09-01,2223,246,TARAV,4,5,7,3801,0,0,0,,0,2CAR,"TARAVAL ST","21ST AV",0.00,,Y,B,E,N,,,,,,,,,,N,3,0,1,2,A,-,10,21950,A,N,A,B,B,A,H,-,C,A,0,Y,,,,Y,,A,01,0,1,0,0,1,0,0,0,0,"- ","- ",,,"SAN FRANCISCO","SAN FRANCISCO",-122.47782897949219,37.742950439453125
9506354,2022,2023-02-02,3801,2022-09-01,1823,2046,NORTH,4,5,7,3801,0,0,0,,0,,"VALLEJO ST","POLK ST",0.00,,Y,A,-,N,,,,,,,,,,N,1,1,0,2,A,-,10,21950,A,N,G,B,B,A,H,-,A,A,0,Y,,,,Y,,A,01,0,0,0,1,0,0,0,0,0,"- ","- ",,,"SAN FRANCISCO","SAN FRANCISCO",-122.42195892333984,37.796886444091797
9506355,2022,2022-10-11,3801,2022-09-12,1517,2732,CENTR,1,5,7,3801,0,0,0,,0,3A11D,"LARKIN ST","CEDAR ST",34.00,S,N,A,-,N,,,,,,,,,,N,4,0,2,2,A,-,11,21954,A,N,G,B,D,A,H,-,A,A,0,Y,Y,,,Y,,N,60,0,0,2,0,1,0,1,0,0,"- ","- ",,,"SAN FRANCISCO","SAN FRANCISCO",-122.41817474365234,37.786476135253906
9506356,2022,2022-11-02,3801,2022-09-04,2308,1952,BAYVI,7,5,7,3801,0,0,0,,0,3C15D,"SAN BRUNO AV","SILLIMAN ST",0.00,,Y,A,-,Y,SF,4,101,-,-,1.763,R,4,S,Y,3,0,2,3,A,-,12,21453,A,N,D,C,A,A,H,-,C,A,0,,,,,Y,,-,"- ",0,1,1,0,0,0,0,0,0,"- ","- ",,,"SAN FRANCISCO","SAN FRANCISCO",-122.40525054931641,37.732463836669922
9506357,2022,2022-11-09,3801,2022-09-03,2315,1602,MISSI,6,5,7,3801,0,0,0,,0,SECTOR,"18TH ST","SOUTH VAN NESS AV",0.00,,Y,A,-,N,,,,,,,,,,Y,3,0,5,4,A,-,12,21453,A,F,A,C,A,A,H,-,C,A,0,,,,,Y,,A,01,0,3,2,0,0,0,0,0,0,"- ","- ",,,"SAN FRANCISCO","SAN FRANCISCO",-122.41719818115234,37.761947631835938
9506358,2022,2022-11-01,3801,2022-09-02,1651,2100,MISSI,5,5,7,3801,0,0,0,,0,3D14D,"26TH ST","SOUTH VAN NESS AV",0.00,,Y,A,-,N,,,,,,,,,,N,4,0,1,2,A,-,04,21703,,N,C,C,A,A,H,-,A,A,0,,,,,Y,,A,01,0,0,1,0,0,0,0,0,0,"- ","- ",,,"SAN FRANCISCO","SAN FRANCISCO",-122.41600036621094,37.749168395996094
9506368,2022,2022-10-14,3801,2022-09-10,2500,1100,TENDE,6,5,7,3801,0,0,0,,0,3J4D,"MASON ST","GEARY ST",0.00,,Y,-,-,N,,,,,,,,,,N,2,0,1,2,A,-,10,21950,A,F,G,-,B,A,-,-,C,A,0,Y,,,,Y,Y,-,99,1,0,0,0,1,0,0,0,0,"- ","- ",,,"SAN FRANCISCO","SAN FRANCISCO",-122.40985870361328,37.787166595458984
9506372,2022,2022-10-14,3801,2022-09-24,0123,1113,PARK,6,5,7,3801,0,0,0,,0,3F13E,"CHURCH ST","DUBOCE AV",206.00,S,N,A,-,N,,,,,,,,,,Y,4,0,1,1,A,-,03,22350,,N,E,I,A,A,H,-,C,-,0,,,,,Y,,A,01,0,0,1,0,0,0,0,0,0,"- ","- ",,,"SAN FRANCISCO","SAN FRANCISCO",-122.42906951904297,37.768894195556641
9506381,2022,2022-12-06,3801,2022-09-16,1305,A21165,NORTH,5,5,7,3801,0,0,0,,0,3E15C,"FRANKLIN ST","GEARY ST",0.00,,Y,A,-,N,,,,,,,,,,N,3,0,1,2,A,-,06,21750,A,N,B,C,A,A,H,-,A,A,0,,,Y,,Y,,C,03,0,1,0,0,0,0,0,0,1,"- ","- ",,,"SAN FRANCISCO","SAN FRANCISCO",-122.42301940917969,37.785484313964844
9506389,2022,2022-11-18,3801,2022-09-18,0038,2175,BAYVI,7,5,7,3801,0,0,0,,0,3C13E,"PALOU AV","SILVER AV",0.00,,N,A,-,N,,,,,,,,,,Y,4,0,2,3,A,-,03,22350,,N,B,E,A,A,H,-,C,D,0,,,,,Y,,A,08,0,0,2,0,0,0,0,0,0,"- ","- ",,,"SAN FRANCISCO","SAN FRANCISCO",-122.39650726318359,37.737205505371094
9506392,2022,2022-10-11,3801,2022-09-16,2206,1350,BAYVI,5,5,7,3801,0,0,0,,0,3C13E,"3RD ST","NEWCOMB AV",0.00,,Y,A,-,N,,,,,,,,,,Y,4,0,1,2,A,-,12,21453,A,F,D,G,A,A,H,-,C,A,0,,Y,,,Y,,-,99,0,0,1,0,0,0,1,0,0,"- ","- ",,,"SAN FRANCISCO","SAN FRANCISCO",-122.39049530029297,37.735633850097656
9506394,2022,2022-10-11,3801,2022-09-16,2025,1198,MISSI,5,5,7,3801,0,0,0,,0,,"VALENCIA ST","HILL ST",0.00,,Y,A,-,N,,,,,,,,,,N,4,0,1,2,A,-,08,22107,,N,B,G,A,A,H,-,C,D,0,,Y,,,Y,,A,01,0,0,1,0,0,0,1,0,0,"- ","- ",,,"SAN FRANCISCO","SAN FRANCISCO",-122.42104339599609,37.756099700927734
9506395,2022,2022-10-11,3801,2022-09-01,0729,298,PARK,4,5,7,3801,0,0,0,,0,3F60,"CLAYTON ST","CORBETT AV",0.00,,Y,A,-,N,,,,,,,,,,N,3,0,1,2,A,-,10,21950,A,N,G,B,B,A,H,-,A,A,0,Y,,,,Y,,A,01,0,1,0,0,1,0,0,0,0,"- ","- ",,,"SAN FRANCISCO","SAN FRANCISCO",-122.44596862792969,37.758724212646484
9506397,2022,2022-12-06,3801,2022-09-04,1003,1438,INGLE,7,5,7,3801,0,0,0,,0,3CAR,"MISSION ST","TRUMBULL AV",0.00,,Y,A,-,N,,,,,,,,,,Y,2,0,1,3,A,-,08,22107,,N,C,E,A,A,H,-,A,D,0,,,,,Y,,A,07,1,0,0,0,0,0,0,0,0,"- ","- ",,,"SAN FRANCISCO","SAN FRANCISCO",-122.42925262451172,37.730781555175781
9506398,2022,2022-10-11,3801,2022-09-04,1346,310,SOUTH,7,5,7,3801,0,0,0,,0,3B4A,"7TH ST","HARRISON ST",365.00,S,N,A,-,N,,,,,,,,,,N,3,0,1,2,A,-,10,21950,A,N,G,B,B,A,H,-,A,A,0,Y,,,,Y,,A,07,0,1,0,0,0,0,0,0,0,"- ","- ",,,"SAN FRANCISCO","SAN FRANCISCO",-122.40541076660156,37.774814605712891
9506408,2022,2022-10-14,3801,2022-09-12,1919,1160,SOUTH,1,5,7,3801,0,0,0,,0,0B2,"NATOMA ST","MARY ST",60.00,E,N,A,-,N,,,,,,,,,,Y,4,0,1,2,A,-,03,22350,,N,B,E,A,A,H,-,A,D,0,,,,,Y,,A,01,0,0,1,0,0,0,0,0,0,"- ","- ",,,"SAN FRANCISCO","SAN FRANCISCO",-122.40609741210938,37.781429290771484
9506418,2022,2022-10-14,3801,2022-09-22,1008,2154,TENDE,4,5,7,3801,0,0,0,,0,3S13H,"4TH ST","JESSIE ST",0.00,,Y,A,-,N,,,,,,,,,,N,3,0,1,3,A,-,11,21954,A,N,-,G,D,A,H,-,A,A,0,Y,Y,,,Y,,N,60,0,1,0,0,0,0,1,0,0,"- ","- ",,,"SAN FRANCISCO","SAN FRANCISCO",-122.40476989746094,37.784942626953125
9506440,2022,2022-10-11,3801,2022-09-07,2215,1769,BAYVI,3,5,7,3801,0,0,0,,0,3C14E,"RICKARD ST","SAN BRUNO AV",0.00,,Y,A,-,N,,,,,,,,,,N,3,0,1,2,A,-,10,21950,A,N,G,B,B,A,H,-,C,D,0,Y,,,,Y,,A,01,0,1,0,0,1,0,0,0,0,"- ","- ",,,"SAN FRANCISCO","SAN FRANCISCO",-122.40682983398438,37.734516143798828
9506476,2022,2022-10-10,3801,2022-09-21,0910,4370,INGLE,3,5,7,3801,0,0,0,,0,3H11A,"GUERRERO ST","DUNCAN ST",10.00,N,N,B,-,N,,,,,,,,,,N,4,0,1,2,A,-,03,22350,,N,C,C,A,B,H,-,A,A,0,,,,,Y,,A,01,0,0,1,0,0,0,0,0,0,"- ","- ",,,"SAN FRANCISCO","SAN FRANCISCO",-122.42239379882812,37.746406555175781
9506482,2022,2022-10-18,3801,2022-09-12,1422,1987,TENDE,1,5,7,3801,0,0,0,,0,3J92D,"MISSION ST","8TH ST",0.00,,Y,A,-,N,,,,,,,,,,N,4,0,1,2,A,-,"- ",,,N,B,C,A,A,H,-,A,A,0,,Y,,,Y,,L,04,0,0,1,0,0,0,1,0,0,"- ","- ",,,"SAN FRANCISCO","SAN FRANCISCO",-122.41315460205078,37.7774658203125
9506483,2022,2022-10-10,3801,2022-09-01,1728,2735,MISSI,4,5,7,3801,0,0,0,,0,3D11D,"POTRERO AV","ALAMEDA ST",0.00,,Y,A,-,N,,,,,,,,,,Y,4,0,1,2,A,-,09,21801,A,N,A,C,A,A,H,-,A,A,0,,,,,Y,,A,01,0,0,1,0,0,0,0,0,0,"- ","- ",,,"SAN FRANCISCO","SAN FRANCISCO",-122.40779113769531,37.768383026123047
9506485,2022,2022-10-10,3801,2022-09-20,0626,2161,MISSI,2,5,7,3801,0,0,0,,0,3D13A,"21ST ST","LEXINGTON ST",0.00,,Y,A,-,N,,,,,,,,,,Y,4,0,1,2,A,-,09,21800,A,N,D,C,A,A,H,-,C,D,0,,,Y,,Y,,C,02,0,0,1,0,0,0,0,0,1,"- ","- ",,,"SAN FRANCISCO","SAN FRANCISCO",-122.42033386230469,37.756954193115234
9506492,2022,2022-10-10,3801,2022-09-06,1140,4314,RICHM,2,5,7,3801,0,0,0,,0,0G2,"CALIFORNIA ST","COMMONWEALTH AV",2.00,W,N,A,-,N,,,,,,,,,,N,4,0,1,2,A,-,08,22100,A,N,D,C,A,A,H,-,A,D,0,,,,,Y,,A,01,0,0,1,0,0,0,0,0,0,"- ","- ",,,"SAN FRANCISCO","SAN FRANCISCO",-122.45592498779297,37.786090850830078
9506494,2022,2022-10-18,3801,2022-09-06,0851,310,SOUTH,2,5,7,3801,0,0,0,,0,3B12A,"6TH ST","HOWARD ST",0.00,,Y,A,-,N,,,,,,,,,,N,3,0,1,2,A,-,08,22107,,N,B,C,A,A,D,-,A,A,0,,,,,Y,,M,94,0,1,0,0,0,0,0,0,0,"- ","- ",,,"SAN FRANCISCO","SAN FRANCISCO",-122.40714263916016,37.779750823974609
9506495,2022,2022-11-03,3801,2022-09-05,2118,2237,TARAV,1,5,7,3801,0,0,0,,0,00I,"ALEMANY BL","SAGAMORE ST",0.00,,Y,A,-,N,,,,,,,,,,Y,4,0,2,1,A,-,03,22350,,N,E,I,A,A,H,-,C,A,0,,,,,Y,,A,01,0,0,2,0,0,0,0,0,0,"- ","- ",,,"SAN FRANCISCO","SAN FRANCISCO",-122.46316528320312,37.711448669433594
9506497,2022,2022-10-10,3801,2022-09-05,1848,172,RICHM,1,5,7,3801,0,0,0,,0,003,"GEARY BL","15TH AV",84.00,W,N,A,-,N,,,,,,,,,,Y,4,0,2,3,A,-,03,22350,,F,C,C,A,A,H,-,A,A,0,,,,,Y,,A,01,0,0,2,0,0,0,0,0,0,"- ","- ",,,"SAN FRANCISCO","SAN FRANCISCO",-122.47428131103516,37.780616760253906
9506498,2022,2022-10-10,3801,2022-09-05,1937,301,INGLE,1,5,7,3801,0,0,0,,0,3H15D,"GENEVA AV","PRAGUE ST",382.00,E,N,A,-,N,,,,,,,,,,Y,3,0,2,3,A,-,03,22350,,N,C,E,A,A,H,-,B,D,0,,,,,Y,,A,01,0,1,1,0,0,0,0,0,0,"- ","- ",,,"SAN FRANCISCO","SAN FRANCISCO",-122.43068695068359,37.712516784667969
9506500,2022,2022-10-10,3801,2022-09-05,0905,4286,RICHM,1,5,7,3801,0,0,0,,0,0G2,"CLAY ST","BRODERICK ST",180.00,W,N,A,-,N,,,,,,,,,,N,3,0,1,2,A,-,09,21801,A,N,D,G,A,A,H,-,A,D,0,,Y,,,Y,,A,01,0,1,0,0,0,0,1,0,0,"- ","- ",,,"SAN FRANCISCO","SAN FRANCISCO",-122.44309997558594,37.789577484130859
9506506,2022,2022-10-11,3801,2022-09-17,0013,1207,TENDE,6,5,7,3801,0,0,0,,0,0J5,"POLK ST","OFARRELL ST",0.00,,Y,A,-,N,,,,,,,,,,N,4,0,1,2,A,-,09,21801,,M,D,C,A,A,H,-,C,A,0,,,Y,,Y,,A,01,0,0,1,0,0,0,0,0,1,"- ","- ",,,"SAN FRANCISCO","SAN FRANCISCO",-122.41954803466797,37.784969329833984
9506510,2022,2022-10-11,3801,2022-09-15,0549,1068,NORTH,4,5,7,3801,0,0,0,,0,3E11A,"DIVISADERO ST","BROADWAY ST",0.00,,Y,A,-,N,,,,,,,,,,Y,4,0,1,2,A,-,09,21800,A,N,D,C,A,A,H,-,C,D,0,,,,,Y,,A,01,0,0,1,0,0,0,0,0,0,"- ","- ",,,"SAN FRANCISCO","SAN FRANCISCO",-122.4415283203125,37.793430328369141
9506511,2022,2022-10-11,3801,2022-09-16,2236,2730,BAYVI,5,5,7,3801,0,0,0,,0,3C12E,"PALOU AV","NEWHALL ST",0.00,,Y,A,-,N,,,,,,,,,,Y,4,0,1,2,A,-,12,22450,A,F,D,C,A,A,H,-,C,A,0,,,,,Y,,A,01,0,0,1,0,0,0,0,0,0,"- ","- ",,,"SAN FRANCISCO","SAN FRANCISCO",-122.39278411865234,37.735027313232422
9506513,2022,2022-10-11,3801,2022-09-16,2306,1017,NORTH,5,5,7,3801,0,0,0,,0,3E6E,"FRANKLIN ST","BROADWAY ST",0.00,,Y,A,-,N,,,,,,,,,,Y,2,0,1,3,A,-,03,22350,,N,C,C,A,A,H,-,C,A,0,,,,,Y,,A,01,1,0,0,0,0,0,0,0,0,"- ","- ",,,"SAN FRANCISCO","SAN FRANCISCO",-122.42502593994141,37.795528411865234
9506519,2022,2022-10-11,3801,2022-09-16,1152,1598,RICHM,5,5,7,3801,0,0,0,,0,001,"CROSSOVER DR","PARK PRESIDIO BL",0.00,,Y,A,-,N,,,,,,,,,,Y,4,0,1,3,A,-,07,21658,A,N,C,C,A,A,H,-,-,D,0,,,,,Y,,A,07,0,0,1,0,0,0,0,0,0,"- ","- ",,,"SAN FRANCISCO","SAN FRANCISCO",-122.47945404052734,37.771183013916016
9506521,2022,2022-10-11,3801,2022-09-21,1452,4102,SOUTH,3,5,7,3801,0,0,0,,0,3B47,"TOWNSEND ST","STANFORD ST",20.00,W,N,A,-,N,,,,,,,,,,N,4,0,1,2,A,-,08,22102,,N,D,G,A,-,H,-,A,D,0,,Y,,,Y,,A,01,0,0,1,0,0,0,1,0,0,"- ","- ",,,"SAN FRANCISCO","SAN FRANCISCO",-122.39112854003906,37.780162811279297
9506523,2022,2022-10-31,3801,2022-09-22,2206,4039,CENTR,4,5,7,3801,0,0,0,,0,3A3,"THE EMBARCADERO","JEFFERSON ST",0.00,,Y,A,-,N,,,,,,,,,,,3,0,1,1,A,-,03,22350,,N,E,I,A,A,H,-,C,A,0,,,,,Y,,-,,0,1,0,0,0,0,0,0,0,"- ","- ",,,"SAN FRANCISCO","SAN FRANCISCO",-122.41249847412109,37.808578491210938
9506525,2022,2022-10-11,3801,2022-09-26,0822,1339,NORTH,1,5,7,3801,0,0,0,,0,,"GEARY BL","WEBSTER ST",0.00,,Y,B,-,N,,,,,,,,,,Y,3,0,2,2,A,-,08,22101,D,N,D,C,A,A,H,-,A,A,0,,,,,Y,,A,01,0,2,0,0,0,0,0,0,0,"- ","- ",,,"SAN FRANCISCO","SAN FRANCISCO",-122.43130493164062,37.784725189208984
9506529,2022,2022-10-11,3801,2022-09-16,2004,499,PARK,5,5,7,3801,0,0,0,,0,3F11D,"7TH AV","LAWTON ST",0.00,,N,A,-,N,,,,,,,,,,Y,2,0,1,2,A,-,17,23109,C,N,D,C,A,A,-,-,C,D,0,,,Y,,Y,,C,02,1,0,0,0,0,0,0,0,1,"- ","- ",,,"SAN FRANCISCO","SAN FRANCISCO",-122.46382904052734,37.758537292480469
9506530,2022,2022-10-11,3801,2022-09-22,1611,1833,NORTH,4,5,7,3801,0,0,0,,0,3E15C,"TURK ST","FILLMORE ST",0.00,,Y,A,-,N,,,,,,,,,,N,4,0,2,2,A,-,08,22100,B,N,B,C,A,A,H,-,A,A,0,,,,,Y,,A,01,0,0,2,0,0,0,0,0,0,"- ","- ",,,"SAN FRANCISCO","SAN FRANCISCO",-122.43212890625,37.780487060546875
9506532,2022,2022-11-18,3801,2022-09-28,1349,1572,SOUTH,3,5,7,3801,0,0,0,,0,3B12A,"MISSION ST","5TH STREET",0.00,,N,A,-,N,,,,,,,,,,N,4,0,1,2,A,-,04,21703,,N,B,C,A,A,H,-,A,A,0,,,,,Y,,A,01,0,0,1,0,0,0,0,0,0,"- ","- ",,,"SAN FRANCISCO","SAN FRANCISCO",-122.40648651123047,37.782737731933594
9506536,2022,2022-11-04,3801,2022-09-05,2319,1741,SOUTH,1,5,7,3801,0,0,0,,0,901,"MISSION ST","9TH ST",0.00,,Y,A,-,N,,,,,,,,,,,4,0,1,2,A,-,12,21453,A,F,D,C,A,A,H,-,C,A,0,,,,,Y,,A,01,0,0,1,0,0,0,0,0,0,"- ","- ",,,"SAN FRANCISCO","SAN FRANCISCO",-122.41471862792969,37.776241302490234
9506537,2022,2022-10-11,3801,2022-09-20,1741,2433,SOUTH,2,5,7,3801,0,0,0,,0,3B3D,"4TH ST","FOLSOM ST",25.00,W,N,A,-,N,,,,,,,,,,N,4,0,1,2,A,-,03,22350,,N,B,G,A,A,H,-,A,A,0,,Y,,,Y,,L,04,0,0,1,0,0,0,1,0,0,"- ","- ",,,"SAN FRANCISCO","SAN FRANCISCO",-122.40122222900391,37.782085418701172
9506541,2022,2022-12-07,3801,2022-09-30,0228,317,CENTR,5,5,7,3801,0,0,0,,0,SECTOR,"POST ST","GRANT AV",0.00,,Y,A,-,N,,,,,,,,,,N,3,0,1,2,A,-,07,21658,A,N,B,-,A,A,H,-,C,A,0,,,,,Y,,M,94,0,1,0,0,0,0,0,0,0,"- ","- ",,,"SAN FRANCISCO","SAN FRANCISCO",-122.40522003173828,37.7886962890625
9506543,2022,2022-10-10,3801,2022-09-24,1809,2017,MISSI,6,5,7,3801,0,0,0,,0,3D11D,"20TH ST","CHURCH ST",0.00,,Y,A,-,N,,,,,,,,,,,4,0,1,2,A,-,04,21703,,F,C,C,A,A,H,-,A,A,0,,,,,Y,,A,01,0,0,1,0,0,0,0,0,0,"- ","- ",,,"SAN FRANCISCO","SAN FRANCISCO",-122.42804718017578,37.758060455322266
9506545,2022,2022-10-10,3801,2022-09-26,1805,4041,TARAV,1,5,7,3801,0,0,0,,0,3I13D,"44TH AV","IRVING ST",0.00,,Y,A,-,N,,,,,,,,,,Y,2,0,1,2,A,-,09,21802,,N,D,-,A,A,H,-,A,A,0,,,Y,,Y,,A,01,1,0,0,0,0,0,0,0,1,"- ","- ",,,"SAN FRANCISCO","SAN FRANCISCO",-122.50392150878906,37.762378692626953
9506551,2022,2022-10-10,3801,2022-09-25,0645,1605,NORTH,7,5,7,3801,0,0,0,,0,3E13A,"GOUGH ST","GOLDEN GATE AV",0.00,,Y,A,-,N,,,,,,,,,,N,3,0,1,2,A,-,11,21456,B,N,G,B,B,A,H,-,B,A,0,Y,,,,Y,,N,60,0,1,0,0,1,0,0,0,0,"- ","- ",,,"SAN FRANCISCO","SAN FRANCISCO",-122.42372894287109,37.780612945556641