CASE_ID,ACCIDENT_YEAR,PROC_DATE,JURIS,COLLISION_DATE,COLLISION_TIME,OFFICER_ID,REPORTING_DISTRICT,DAY_OF_WEEK,CHP_SHIFT,POPULATION,CNTY_CITY_LOC,SPECIAL_COND,BEAT_TYPE,CHP_BEAT_TYPE,CITY_DIVISION_LAPD,CHP_BEAT_CLASS,BEAT_NUMBER,PRIMARY_RD,SECONDARY_RD,DISTANCE,DIRECTION,INTERSECTION,WEATHER_1,WEATHER_2,STATE_HWY_IND,CALTRANS_COUNTY,CALTRANS_DISTRICT,STATE_ROUTE,ROUTE_SUFFIX,POSTMILE_PREFIX,POSTMILE,LOCATION_TYPE,RAMP_INTERSECTION,SIDE_OF_HWY,TOW_AWAY,COLLISION_SEVERITY,NUMBER_KILLED,NUMBER_INJURED,PARTY_COUNT,PRIMARY_COLL_FACTOR,PCF_CODE_OF_VIOL,PCF_VIOL_CATEGORY,PCF_VIOLATION,PCF_VIOL_SUBSECTION,HIT_AND_RUN,TYPE_OF_COLLISION,MVIW,PED_ACTION,ROAD_SURFACE,ROAD_COND_1,ROAD_COND_2,LIGHTING,CONTROL_DEVICE,CHP_ROAD_TYPE,PEDESTRIAN_ACCIDENT,BICYCLE_ACCIDENT,MOTORCYCLE_ACCIDENT,TRUCK_ACCIDENT,NOT_PRIVATE_PROPERTY,ALCOHOL_INVOLVED,STWD_VEHTYPE_AT_FAULT,CHP_VEHTYPE_AT_FAULT,COUNT_SEVERE_INJ,COUNT_VISIBLE_INJ,COUNT_COMPLAINT_PAIN,COUNT_PED_KILLED,COUNT_PED_INJURED,COUNT_BICYCLIST_KILLED,COUNT_BICYCLIST_INJURED,COUNT_MC_KILLED,COUNT_MC_INJURED,PRIMARY_RAMP,SECONDARY_RAMP,LATITUDE,LONGITUDE,COUNTY,CITY,POINT_X,POINT_Y
9506553,2022,2022-10-10,3801,2022-09-21,1154,392,MISSI,3,5,7,3801,0,0,0,,0,3D14A,"GUERRERO ST","15TH ST",0.00,,Y,A,-,N,,,,,,,,,,N,3,0,1,2,A,-,03,22350,,N,D,C,A,A,H,-,A,A,0,,,,,Y,,M,94,0,1,0,0,0,0,0,0,0,"- ","- ",,,"SAN FRANCISCO","SAN FRANCISCO",-122.42424011230469,37.766403198242188
9506555,2022,2022-10-10,3801,2022-09-22,1237,4102,SOUTH,4,5,7,3801,0,0,0,,0,3B47,"16TH ST","ILLINOIS ST",60.00,W,N,-,-,N,,,,,,,,,,N,2,0,1,2,A,-,09,21804,A,N,D,C,A,A,H,-,A,D,0,,,Y,,Y,,A,07,1,0,0,0,0,0,0,0,1,"- ","- ",,,"SAN FRANCISCO","SAN FRANCISCO",-122.38837432861328,37.766956329345703
9506559,2022,2022-10-10,3801,2022-09-24,1052,1513,RICHM,6,5,7,3801,0,0,0,,0,3G13A,"GEARY BL","BAKER ST",0.00,,Y,A,-,N,,,,,,,,,,N,4,0,1,2,A,-,12,22450,A,N,D,D,A,A,-,-,A,A,0,,,,,Y,,A,01,0,0,1,0,0,0,0,0,0,"- ","- ",,,"SAN FRANCISCO","SAN FRANCISCO",-122.44281005859375,37.782955169677734
9506560,2022,2022-10-10,3801,2022-09-21,0155,1881,RICHM,3,5,7,3801,0,0,0,,0,RICHM,"MASONIC AV","GEARY BL",0.00,,Y,-,-,N,,,,,,,,,,N,3,0,1,1,A,-,03,22350,,N,H,A,E,B,H,-,C,-,0,Y,,,,Y,Y,N,60,0,1,0,0,1,0,0,0,0,"- ","- ",,,"SAN FRANCISCO","SAN FRANCISCO",-122.44786834716797,37.782279968261719
9506561,2022,2022-10-10,3801,2022-08-19,2000,319,CENTR,5,5,7,3801,0,0,0,,0,3A12D,"3RD ST","STEVENSON ST",0.00,,Y,A,-,N,,,,,,,,,,N,3,0,1,2,A,-,03,22350,A,N,B,C,A,A,H,-,A,A,0,,,Y,,Y,,C,02,0,1,0,0,0,0,0,0,1,"- ","- ",,,"SAN FRANCISCO","SAN FRANCISCO",-122.40297698974609,37.787040710449219
9506563,2022,2022-11-09,3801,2022-08-17,1650,2743,SOUTH,3,5,7,3801,0,0,0,,0,3B2,"4TH ST","BLUXOME ST",95.00,S,N,A,-,N,,,,,,,,,,N,4,0,1,2,A,-,03,22350,,N,D,-,A,A,H,-,A,D,0,,,,,Y,,M,94,0,0,1,0,0,0,0,0,0,"- ","- ",,,"SAN FRANCISCO","SAN FRANCISCO",-122.39554595947266,37.777538299560547
9506565,2022,2022-11-01,3801,2022-08-09,1224,1352,MISSI,2,5,7,3801,0,0,0,,0,3D44C,"MISSION ST","26TH ST",0.00,,Y,A,-,N,,,,,,,,,,N,2,0,1,2,A,-,10,21950,,N,G,-,B,A,H,-,A,A,0,Y,,,,Y,,A,01,1,0,0,0,1,0,0,0,0,"- ","- ",,,"SAN FRANCISCO","SAN FRANCISCO",-122.41813659667969,37.749061584472656
9506569,2022,2022-11-07,3801,2022-08-31,1444,,TRAFF,3,5,7,3801,0,0,0,,0,4B3G,"POLK ST","EDDY ST",16.00,S,N,A,-,N,,,,,,,,,,N,3,0,1,2,A,-,12,21453,A,F,A,C,A,A,H,-,A,A,0,,,,,Y,,M,94,0,1,0,0,0,0,0,0,0,"- ","- ",,,"SAN FRANCISCO","SAN FRANCISCO",-122.41917419433594,37.783035278320312
9506570,2022,2022-10-17,3801,2022-08-31,1819,1631,SOUTH,3,5,7,3801,0,0,0,,0,3B14D,"MARKET ST","GOUGH ST",0.00,,Y,A,-,N,,,,,,,,,,N,2,0,3,2,A,-,08,22107,,N,D,C,A,A,H,-,A,A,0,,,,,Y,,A,07,1,0,2,0,0,0,0,0,0,"- ","- ",,,"SAN FRANCISCO","SAN FRANCISCO",-122.42221069335938,37.772872924804688
9506576,2022,2022-10-10,3801,2022-08-29,1809,2215,NORTH,1,5,7,3801,0,0,0,,0,3E12D,"TURK ST","FILLMORE ST",0.00,,Y,A,-,N,,,,,,,,,,Y,4,0,2,2,A,-,12,21453,A,N,D,C,A,A,H,-,B,A,0,,,,,Y,,A,01,0,0,2,0,0,0,0,0,0,"- ","- ",,,"SAN FRANCISCO","SAN FRANCISCO",-122.43212890625,37.780487060546875
9506577,2022,2022-10-10,3801,2022-08-31,1938,4046,INGLE,3,5,7,3801,0,0,0,,0,3H61,"JARBOE AV","PUTNAM ST",0.00,,Y,A,-,N,,,,,,,,,,N,3,0,1,2,A,-,09,21802,A,N,D,C,A,A,H,-,A,A,0,,Y,,,Y,,L,04,0,1,0,0,0,0,1,0,0,"- ","- ",,,"SAN FRANCISCO","SAN FRANCISCO",-122.41088104248047,37.738170623779297
9506578,2022,2022-10-17,3801,2022-08-25,1608,1878,SOUTH,4,5,7,3801,0,0,0,,0,0B1,"2ND ST","CLEMENTINA ST",0.00,,Y,A,-,N,,,,,,,,,,N,4,0,1,2,A,-,09,21801,A,N,A,C,A,A,H,-,A,D,0,,,Y,,Y,,A,01,0,0,1,0,0,0,0,0,1,"- ","- ",,,"SAN FRANCISCO","SAN FRANCISCO",-122.39724731445312,37.785995483398438
9506583,2022,2022-10-12,3801,2022-09-10,0217,1857,NORTH,6,5,7,3801,0,0,0,,0,3E16E,"LOMBARD ST","GOUGH ST",0.00,,Y,B,-,N,,,,,,,,,,N,3,0,1,2,A,-,01,23152,B,N,D,C,A,A,H,-,C,A,0,,,Y,,Y,Y,C,02,0,1,0,0,0,0,0,0,1,"- ","- ",,,"SAN FRANCISCO","SAN FRANCISCO",-122.42781829833984,37.800899505615234
9506584,2022,2022-10-11,3801,2022-09-10,1419,4006,TARAV,6,5,7,3801,0,0,0,,0,3I2B,"31ST AV","KIRKHAM ST",0.00,,Y,A,-,N,,,,,,,,,,N,4,0,1,2,A,-,09,21800,C,N,D,G,A,A,H,-,A,A,0,,Y,,,Y,,L,04,0,0,1,0,0,0,1,0,0,"- ","- ",,,"SAN FRANCISCO","SAN FRANCISCO",-122.48972320556641,37.759258270263672
9506585,2022,2022-10-11,3801,2022-09-11,2338,1184,MISSI,7,5,7,3801,0,0,0,,0,3D11E,"VALENCIA ST","15TH ST",81.00,S,N,A,-,N,,,,,,,,,,N,4,0,2,2,A,-,22,23123,A,N,C,C,A,A,H,-,C,A,0,,,,,Y,,-,,0,0,2,0,0,0,0,0,0,"- ","- ",,,"SAN FRANCISCO","SAN FRANCISCO",-122.42200469970703,37.766307830810547
9506588,2022,2022-10-11,3801,2022-09-09,2130,1184,MISSI,5,5,7,3801,0,0,0,,0,3D15E,"13TH ST","MISSION ST",15.00,E,N,A,-,N,,,,,,,,,,N,2,0,1,2,A,-,12,21453,A,N,D,G,A,A,H,-,C,A,0,,Y,,,Y,,L,04,1,0,0,0,0,0,1,0,0,"- ","- ",,,"SAN FRANCISCO","SAN FRANCISCO",-122.41986846923828,37.769977569580078
9506590,2022,2022-11-03,3801,2022-09-08,0719,2402,TARAV,4,5,7,3801,0,0,0,,0,3I13A,"ULLOA ST","36TH AV",0.00,,Y,A,-,N,,,,,,,,,,N,3,0,1,2,A,-,"- ",,,N,G,B,B,A,H,-,A,D,0,Y,,,,Y,,A,01,0,1,0,0,1,0,0,0,0,"- ","- ",,,"SAN FRANCISCO","SAN FRANCISCO",-122.49378967285156,37.740383148193359
9506592,2022,2022-10-11,3801,2022-09-06,0945,2039,TARAV,2,5,7,3801,0,0,0,,0,005,"WINSTON DR","19TH AV",0.00,,Y,A,-,N,,,,,,,,,,Y,4,0,2,2,A,-,09,21801,,N,A,C,A,A,H,-,A,A,0,,,,,Y,,A,01,0,0,2,0,0,0,0,0,0,"- ","- ",,,"SAN FRANCISCO","SAN FRANCISCO",-122.47492218017578,37.728935241699219
9506600,2022,2022-10-11,3801,2022-09-12,1014,1949,CENTR,1,5,7,3801,0,0,0,,0,3A11A,"SHANNON ST","GEARY ST",0.00,,Y,A,-,N,,,,,,,,,,N,3,0,1,2,A,-,11,21955,,N,G,B,F,A,H,-,A,D,0,Y,,,,Y,Y,N,60,0,1,0,0,1,0,0,0,0,"- ","- ",,,"SAN FRANCISCO","SAN FRANCISCO",-122.41233062744141,37.786849975585938
9506605,2022,2022-10-10,3801,2022-09-07,0740,1503,BAYVI,3,5,7,3801,0,0,0,,0,3A11C,"CORAL RD","CAROLINA ST",22.00,W,N,A,-,N,,,,,,,,,,N,4,0,1,2,A,-,11,21954,A,N,A,B,E,A,H,-,A,D,0,Y,,,,Y,,N,60,0,0,1,0,1,0,0,0,0,"- ","- ",,,"SAN FRANCISCO","SAN FRANCISCO",-122.39952850341797,37.753890991210938
9506606,2022,2022-10-10,3801,2022-09-19,0841,1952,BAYVI,1,5,7,3801,0,0,0,,0,901,"GIRARD ST","BACON ST",0.00,,Y,A,-,N,,,,,,,,,,N,3,0,2,3,A,-,10,21950,A,N,G,B,B,A,H,-,A,A,0,Y,,,,Y,,A,01,0,1,1,0,2,0,0,0,0,"- ","- ",,,"SAN FRANCISCO","SAN FRANCISCO",-122.40458679199219,37.727378845214844
9506609,2022,2022-10-10,3801,2022-09-18,2028,1244,SOUTH,7,5,7,3801,0,0,0,,0,3801,"ELGIN PARK","DUBOCE AV",50.00,N,N,B,-,N,,,,,,,,,,N,3,0,1,2,A,-,08,22107,,N,C,E,A,B,H,-,C,D,0,,Y,,,Y,,L,04,0,1,0,0,0,0,1,0,0,"- ","- ",,,"SAN FRANCISCO","SAN FRANCISCO",-122.42316436767578,37.769966125488281
9506615,2022,2022-10-10,3801,2022-09-15,1116,1819,NORTH,4,5,7,3801,0,0,0,,0,"6 CAR","GREEN ST","POLK ST",0.00,,Y,A,-,N,,,,,,,,,,Y,3,0,1,2,A,-,12,22450,A,N,G,B,B,A,H,-,A,A,0,Y,,,,Y,,A,01,0,1,0,0,1,0,0,0,0,SO,"- ",,,"SAN FRANCISCO","SAN FRANCISCO",-122.42214202880859,37.797832489013672
9506617,2022,2022-10-10,3801,2022-09-17,1712,1961,INGLE,6,5,7,3801,0,0,0,,0,3H13D,"MISSION ST","TRUMBULL ST",0.00,,Y,B,-,N,,,,,,,,,,Y,4,0,4,2,A,-,09,21801,A,N,A,C,A,A,H,-,A,A,0,,,,,Y,,A,01,0,0,4,0,0,0,0,0,0,"- ","- ",,,"SAN FRANCISCO","SAN FRANCISCO",-122.42925262451172,37.730781555175781
9506619,2022,2022-10-10,3801,2022-09-23,2130,1068,NORTH,5,5,7,3801,0,0,0,,0,3E12E,"DIVISADERO ST","BROADWAY ST",0.00,,Y,A,-,N,,,,,,,,,,Y,3,0,1,3,A,-,12,22450,A,N,D,C,A,A,H,-,C,D,0,,,,,Y,,A,01,0,1,0,0,0,0,0,0,0,"- ","- ",,,"SAN FRANCISCO","SAN FRANCISCO",-122.4415283203125,37.793430328369141
9506620,2022,2022-10-10,3801,2022-09-18,0033,1372,INGLE,7,5,7,3801,0,0,0,,0,3H13E,"ALEMANY BL","LYELL ST",0.00,,Y,A,-,N,,,,,,,,,,Y,4,0,2,2,A,-,12,21453,A,F,-,C,A,A,H,-,C,A,0,,,,,Y,,A,01,0,0,2,0,0,0,0,0,0,"- ","- ",,,"SAN FRANCISCO","SAN FRANCISCO",-122.43122863769531,37.730609893798828
9506625,2022,2022-10-10,3801,2022-09-08,0039,1926,NORTH,4,5,7,3801,0,0,0,,0,3E12E,"LAGUNA ST","TURK ST",0.00,,Y,A,-,N,,,,,,,,,,N,2,0,1,2,A,-,12,21453,A,N,D,G,A,A,H,-,C,A,0,,Y,,,Y,,L,04,1,0,0,0,0,0,1,0,0,"- ","- ",,,"SAN FRANCISCO","SAN FRANCISCO",-122.42720031738281,37.781116485595703
9506626,2022,2022-10-10,3801,2022-09-08,0405,2412,SOUTH,4,5,7,3801,0,0,0,,0,0B4,"OCTAVIA ST","MARKET ST",0.00,,Y,A,-,N,,,,,,,,,,Y,2,0,2,2,A,-,12,21453,A,F,D,C,A,A,H,-,C,A,0,,,,,Y,,A,01,1,0,1,0,0,0,0,0,0,"- ","- ",,,"SAN FRANCISCO","SAN FRANCISCO",-122.42359161376953,37.771774291992188
9506628,2022,2022-10-10,3801,2022-09-07,1729,2407,MISSI,3,5,7,3801,0,0,0,,0,3D15D,"15TH ST","JULIAN ST",0.00,,Y,A,-,N,,,,,,,,,,N,4,0,1,2,A,-,10,21950,A,N,G,B,B,A,H,-,A,A,0,Y,,,,Y,,A,01,0,0,1,0,1,0,0,0,0,"- ","- ",,,"SAN FRANCISCO","SAN FRANCISCO",-122.4210205078125,37.766609191894531
9506630,2022,2022-10-10,3801,2022-09-05,1518,1371,NORTH,1,5,7,3801,0,0,0,,0,001,"OAK ST","SCOTT ST",151.00,W,N,A,-,N,,,,,,,,,,N,2,0,1,1,A,-,03,22350,,N,H,J,A,A,H,-,A,A,0,,Y,,,Y,,L,04,1,0,0,0,0,0,1,0,0,"- ","- ",,,"SAN FRANCISCO","SAN FRANCISCO",-122.43628692626953,37.773269653320312
9506635,2022,2022-10-10,3801,2022-09-24,0218,2730,BAYVI,6,5,7,3801,0,0,0,,0,3C13E,"3RD ST","OAKDALE AV",0.00,,Y,A,-,N,,,,,,,,,,N,2,0,1,1,B,-,22,,,N,H,A,A,A,H,-,C,A,0,,,,,Y,,M,94,1,0,0,0,0,0,0,0,0,"- ","- ",,,"SAN FRANCISCO","SAN FRANCISCO",-122.39076995849609,37.734832763671875
9506637,2022,2022-10-10,3801,2022-09-23,1840,2705,BAYVI,5,5,7,3801,0,0,0,,0,3C11D,"25TH ST","PENNSYLVANIA AV",0.00,,Y,A,-,N,,,,,,,,,,N,4,0,1,2,A,-,12,22450,A,F,D,C,A,A,H,-,A,A,0,,,,,Y,,-,99,0,0,1,0,0,0,0,0,0,"- ","- ",,,"SAN FRANCISCO","SAN FRANCISCO",-122.39266204833984,37.752544403076172
9506691,2022,2022-10-14,3801,2022-09-12,1524,2740,TARAV,1,5,7,3801,0,0,0,,0,0I2,"TARAVAL ST","21ST AV",261.00,W,N,B,-,N,,,,,,,,,,Y,2,0,2,5,A,-,08,22107,,N,G,B,F,A,H,-,A,A,0,Y,,,,Y,,A,01,2,0,0,0,1,0,0,0,0,"- ","- ",,,"SAN FRANCISCO","SAN FRANCISCO",-122.47872924804688,37.742916107177734
9507604,2022,2022-10-11,3801,2022-05-31,0844,2445,CENTR,2,5,7,3801,0,0,0,,0,3A11A,"SACRAMENTO ST","TAYLOR ST",0.00,,Y,A,-,N,,,,,,,,,,N,4,0,1,2,A,-,15,26451,B,N,E,C,A,A,H,-,A,A,0,,,,,Y,,M,44,0,0,1,0,0,0,0,0,0,"- ","- ",,,"SAN FRANCISCO","SAN FRANCISCO",-122.41264343261719,37.792549133300781
9507616,2022,2022-11-09,3801,2022-09-14,2218,2463,SOUTH,3,5,7,3801,0,0,0,,0,3B14E,"MISSION ST","11TH ST",120.00,W,N,A,-,N,,,,,,,,,,N,4,0,1,2,D,-,00,,,N,G,-,-,A,D,-,C,D,0,Y,,,,Y,,-,"- ",0,0,1,0,0,0,0,0,0,"- ","- ",,,"SAN FRANCISCO","SAN FRANCISCO",-122.41738891601562,37.774089813232422
9507636,2022,2022-10-12,3801,2022-09-07,1520,1909,NORTH,3,5,7,3801,0,0,0,,0,NORTHE,"BAY ST","NORTH POINT ST",0.00,,Y,A,-,N,,,,,,,,,,N,4,0,1,2,A,-,03,22350,,N,C,C,A,A,H,-,A,D,0,,,,,Y,,D,22,0,0,1,0,0,0,0,0,0,"- ","- ",,,"SAN FRANCISCO","SAN FRANCISCO",,
9507639,2022,2022-10-24,3801,2022-07-14,0453,835,NORTH,4,5,7,3801,0,0,0,,0,,"VAN NESS AV","EDDY ST",0.00,,Y,A,-,N,,,,,,,,,,Y,4,0,1,2,A,-,03,22350,,F,B,C,A,A,H,-,C,A,0,,,,,Y,,A,01,0,0,1,0,0,0,0,0,0,"- ","- ",,,"SAN FRANCISCO","SAN FRANCISCO",-122.42076110839844,37.782890319824219
9507640,2022,2022-10-19,3801,2022-09-21,0008,628,RICHM,3,5,7,3801,0,0,0,,0,0G4,"FULTON ST","27TH AV",65.00,E,N,A,-,N,,,,,,,,,,N,3,0,1,2,A,-,11,21954,A,N,A,B,D,A,H,-,C,D,0,Y,,,,Y,Y,N,60,0,1,0,0,1,0,0,0,0,"- ","- ",,,"SAN FRANCISCO","SAN FRANCISCO",-122.48610687255859,37.772480010986328
9507643,2022,2022-11-17,3801,2022-08-11,1027,891,PARK,4,5,7,3801,0,0,0,,0,,"WALLER ST","LAGUNA ST",0.00,,N,A,-,N,,,,,,,,,,N,4,0,1,2,A,-,21,22106,,N,H,C,A,A,H,-,A,D,0,,,,,Y,,D,22,0,0,1,0,0,0,0,0,0,"- ","- ",,,"SAN FRANCISCO","SAN FRANCISCO",-122.42530822753906,37.771793365478516
9507644,2022,2022-10-12,3801,2022-09-24,2240,623,BAYVI,6,5,7,3801,0,0,0,,0,3C11E,"CONNECTICUT ST","25TH ST",0.00,,Y,A,-,N,,,,,,,,,,Y,3,0,1,2,A,-,03,22350,,N,D,E,A,A,H,-,C,A,0,,,Y,,Y,,C,03,0,1,0,0,0,0,0,0,1,"- ","- ",,,"SAN FRANCISCO","SAN FRANCISCO",-122.39650726318359,37.7523193359375
9507656,2022,2022-10-25,3801,2022-09-27,1721,539,NORTH,2,5,7,3801,0,0,0,,0,,"VAN NESS AV","POST ST",45.00,S,N,A,-,Y,SF,4,101,-,-,5.650,H,-,S,,4,0,1,2,A,-,11,21955,,N,A,B,D,A,H,-,A,A,0,Y,,,,Y,,N,60,0,0,1,0,1,0,0,0,0,"- ","- ",,,"SAN FRANCISCO","SAN FRANCISCO",-122.42160797119141,37.786281585693359
9509942,2022,2022-12-15,3801,2022-11-01,0656,555,MISSI,2,5,7,3801,0,0,0,,0,3D13A,"16TH ST","POTRERO AV",132.00,W,N,C,-,N,,,,,,,,,,N,3,0,1,2,B,-,22,,,N,D,G,A,B,H,-,C,D,0,,Y,,,Y,,L,04,0,1,0,0,0,0,1,0,0,"- ","- ",,,"SAN FRANCISCO","SAN FRANCISCO",-122.40801239013672,37.765735626220703
9509944,2022,2022-12-15,3801,2022-11-04,1943,1406,TENDE,5,5,7,3801,0,0,0,,0,3J4,"EDDY ST","JONES ST",110.00,W,N,A,-,N,,,,,,,,,,N,2,0,1,2,A,-,11,21955,,N,G,B,D,B,H,-,C,D,0,Y,,Y,,Y,,N,60,1,0,0,0,1,0,0,0,0,"- ","- ",,,"SAN FRANCISCO","SAN FRANCISCO",-122.4129638671875,37.783889770507812
9509945,2022,2022-12-15,3801,2022-11-03,2500,1406,TENDE,4,5,7,3801,0,0,0,,0,3J5,"ELLIS ST","HYDE ST",5.00,W,N,A,-,N,,,,,,,,,,N,4,0,1,2,A,-,10,21950,A,N,G,B,B,A,H,-,A,A,0,Y,,,,Y,,A,01,0,0,1,0,1,0,0,0,0,"- ","- ",,,"SAN FRANCISCO","SAN FRANCISCO",-122.41607666015625,37.784446716308594
9509949,2022,2022-12-15,3801,2022-11-11,1129,1388,TARAV,5,5,7,3801,0,0,0,,0,3I5A,"27TH AV","KIRKHAM ST",0.00,,Y,A,-,N,,,,,,,,,,Y,4,0,1,2,A,-,12,22450,A,N,B,C,A,A,H,-,A,A,0,,,,,Y,,A,07,0,0,1,0,0,0,0,0,0,"- ","- ",,,"SAN FRANCISCO","SAN FRANCISCO",-122.48542785644531,37.759464263916016
9509952,2022,2022-12-30,3801,2022-11-10,0945,1819,NORTH,4,5,7,3801,0,0,0,,0,"6 CAR","POLK ST","LOMBARD ST",0.00,,Y,A,-,N,,,,,,,,,,N,4,0,1,2,A,-,12,22450,A,N,D,J,A,A,H,-,-,A,0,,,,,Y,,-,"- ",0,0,1,0,0,0,0,0,0,"- ","- ",,,"SAN FRANCISCO","SAN FRANCISCO",-122.42288970947266,37.801540374755859
9509954,2022,2022-12-30,3801,2022-11-10,0804,748,CENTR,4,5,7,3801,0,0,0,,0,3A44,"STOCKTON ST","CLAY ST",0.00,,Y,A,-,N,,,,,,,,,,N,2,0,1,2,A,-,12,21453,A,N,H,-,B,A,H,-,A,A,0,Y,Y,,,Y,,L,04,1,0,0,0,1,0,0,0,0,"- ","- ",,,"SAN FRANCISCO","SAN FRANCISCO",-122.40784454345703,37.7940673828125
9509955,2022,2022-12-22,3801,2022-11-10,1539,1133,CENTR,4,5,7,3801,0,0,0,,0,02A,"STOCKTON TUNL","SACRAMENTO ST",530.00,S,N,A,-,N,,,,,,,,,,N,4,0,1,2,A,-,03,22350,,N,C,C,A,A,G,-,A,D,0,,,,,Y,Y,A,01,0,0,1,0,0,0,0,0,0,"- ","- ",,,"SAN FRANCISCO","SAN FRANCISCO",-122.40765380859375,37.792781829833984
9509961,2022,2022-12-16,3801,2022-11-12,2155,2421,PARK,6,5,7,3801,0,0,0,,0,3F2,"WOODSIDE AV","LAGUNA HONDA BL",0.00,,Y,A,-,N,,,,,,,,,,Y,4,0,2,2,A,-,12,21453,A,N,A,C,A,A,H,-,C,A,0,,,,,Y,,A,01,0,0,2,0,0,0,0,0,0,"- ","- ",,,"SAN FRANCISCO","SAN FRANCISCO",-122.45873260498047,37.746818542480469
9509962,2022,2022-12-16,3801,2022-11-13,0829,563,TARAV,7,5,7,3801,0,0,0,,0,005,"LAKE MERCED BL","FONT BL",836.00,S,N,A,-,N,,,,,,,,,,Y,3,0,4,3,A,-,03,22350,,N,F,C,A,A,H,-,A,D,0,,,,,Y,,A,01,0,1,3,0,0,0,0,0,0,"- ","- ",,,"SAN FRANCISCO","SAN FRANCISCO",-122.48513793945312,37.721874237060547
9509964,2022,2022-12-16,3801,2022-11-06,1941,319,CENTR,7,5,7,3801,0,0,0,,0,3A12D,"LEAVENWORTH ST","POST ST",105.00,S,N,A,-,N,,,,,,,,,,N,3,0,1,1,A,-,03,22350,A,N,H,A,A,A,H,-,B,D,0,,,Y,,Y,,C,02,0,1,0,0,0,0,0,0,1,"- ","- ",,,"SAN FRANCISCO","SAN FRANCISCO",-122.41493225097656,37.787166595458984
9509965,2022,2022-12-16,3801,2022-11-07,1010,1500,CENTR,1,5,7,3801,0,0,0,,0,3A14A,"STOCKTON ST","FILBERT ST",40.00,N,N,A,-,N,,,,,,,,,,N,4,0,1,2,A,-,09,21804,A,N,B,G,A,A,H,-,A,D,0,,Y,,,Y,,L,04,0,0,1,0,0,0,1,0,0,"- ","- ",,,"SAN FRANCISCO","SAN FRANCISCO",-122.40937805175781,37.801479339599609
9509967,2022,2022-12-16,3801,2022-11-07,0749,257,RICHM,1,5,7,3801,0,0,0,,0,3G4A,"21ST AV","CLEMENT ST",0.00,,Y,A,-,N,,,,,,,,,,N,4,0,1,2,A,-,08,22107,,N,D,G,A,B,H,-,A,D,0,,Y,,,Y,,A,01,0,0,1,0,0,0,1,0,0,"- ","- ",,,"SAN FRANCISCO","SAN FRANCISCO",-122.4805908203125,37.782199859619141
9509969,2022,2022-12-16,3801,2022-11-05,0051,2157,RICHM,6,5,7,3801,0,0,0,,0,004,"CLEMENT ST","20TH AV",0.00,,Y,A,-,N,,,,,,,,,,N,3,0,1,1,D,-,00,,,N,H,A,A,A,H,-,C,D,0,,,,,Y,Y,-,"- ",0,1,0,0,0,0,0,0,0,"- ","- ",,,"SAN FRANCISCO","SAN FRANCISCO",-122.47952270507812,37.782241821289062
9509970,2022,2022-12-16,3801,2022-11-04,1630,1620,RICHM,5,5,7,3801,0,0,0,,0,3G5C,"39TH AV","BALBOA ST",299.00,S,N,A,-,N,,,,,,,,,,N,4,0,1,2,A,-,21,22106,,N,D,C,A,A,H,-,A,D,0,,,,,Y,,A,01,0,0,1,0,0,0,0,0,0,"- ","- ",,,"SAN FRANCISCO","SAN FRANCISCO",-122.49940490722656,37.774803161621094
9509973,2022,2022-12-16,3801,2022-11-07,1644,1371,NORTH,1,5,7,3801,0,0,0,,0,002,"WEBSTER ST","TURK ST",18.00,S,N,A,-,N,,,,,,,,,,N,4,0,1,2,A,-,10,21950,A,N,G,B,B,A,H,-,A,A,0,Y,,,,Y,,A,01,0,0,1,0,1,0,0,0,0,"- ","- ",,,"SAN FRANCISCO","SAN FRANCISCO",-122.43048095703125,37.7806396484375
9509981,2022,2022-12-16,3801,2022-11-25,1910,4115,CENTR,5,5,7,3801,0,0,0,,0,3A11D,"BROADWAY ST","POWELL ST",50.00,W,N,A,-,N,,,,,,,,,,Y,2,0,2,3,A,-,03,22350,,F,C,C,A,A,H,-,C,A,0,,,,,Y,,A,01,1,0,1,0,0,0,0,0,0,"- ","- ",,,"SAN FRANCISCO","SAN FRANCISCO",-122.41040802001953,37.797382354736328
9509983,2022,2022-12-16,3801,2022-11-08,1705,2390,TENDE,2,5,7,3801,0,0,0,,0,3J13D,"HYDE ST","GOLDEN GATE AV",0.00,,Y,B,C,N,,,,,,,,,,N,4,0,1,2,A,-,03,22350,,N,D,J,A,B,H,-,A,A,0,,,,,Y,Y,M,94,0,0,1,0,0,0,0,0,0,"- ","- ",,,"SAN FRANCISCO","SAN FRANCISCO",-122.41549682617188,37.781650543212891
9509986,2022,2022-12-16,3801,2022-11-12,2348,1260,BAYVI,6,5,7,3801,0,0,0,,0,3C12A,"BAYSHORE BL","JERROLD AV",18.00,S,N,A,-,N,,,,,,,,,,N,4,0,1,2,A,-,04,21703,,F,C,C,A,A,H,-,C,A,0,,,,,Y,,A,01,0,0,1,0,0,0,0,0,0,"- ","- ",,,"SAN FRANCISCO","SAN FRANCISCO",-122.40362548828125,37.747341156005859
9509987,2022,2022-12-16,3801,2022-11-28,0935,2362,PARK,1,5,7,3801,0,0,0,,0,3F1A,"7TH AV","7TH AV 1279",0.00,,-,A,-,N,,,,,,,,,,N,4,0,1,2,A,-,21,22106,,N,D,C,A,A,H,-,A,D,0,,,,,Y,,A,01,0,0,1,0,0,0,0,0,0,"- ","- ",,,"SAN FRANCISCO","SAN FRANCISCO",-120.41591644287109,37.953502655029297