CASE_ID,ACCIDENT_YEAR,PROC_DATE,JURIS,COLLISION_DATE,COLLISION_TIME,OFFICER_ID,REPORTING_DISTRICT,DAY_OF_WEEK,CHP_SHIFT,POPULATION,CNTY_CITY_LOC,SPECIAL_COND,BEAT_TYPE,CHP_BEAT_TYPE,CITY_DIVISION_LAPD,CHP_BEAT_CLASS,BEAT_NUMBER,PRIMARY_RD,SECONDARY_RD,DISTANCE,DIRECTION,INTERSECTION,WEATHER_1,WEATHER_2,STATE_HWY_IND,CALTRANS_COUNTY,CALTRANS_DISTRICT,STATE_ROUTE,ROUTE_SUFFIX,POSTMILE_PREFIX,POSTMILE,LOCATION_TYPE,RAMP_INTERSECTION,SIDE_OF_HWY,TOW_AWAY,COLLISION_SEVERITY,NUMBER_KILLED,NUMBER_INJURED,PARTY_COUNT,PRIMARY_COLL_FACTOR,PCF_CODE_OF_VIOL,PCF_VIOL_CATEGORY,PCF_VIOLATION,PCF_VIOL_SUBSECTION,HIT_AND_RUN,TYPE_OF_COLLISION,MVIW,PED_ACTION,ROAD_SURFACE,ROAD_COND_1,ROAD_COND_2,LIGHTING,CONTROL_DEVICE,CHP_ROAD_TYPE,PEDESTRIAN_ACCIDENT,BICYCLE_ACCIDENT,MOTORCYCLE_ACCIDENT,TRUCK_ACCIDENT,NOT_PRIVATE_PROPERTY,ALCOHOL_INVOLVED,STWD_VEHTYPE_AT_FAULT,CHP_VEHTYPE_AT_FAULT,COUNT_SEVERE_INJ,COUNT_VISIBLE_INJ,COUNT_COMPLAINT_PAIN,COUNT_PED_KILLED,COUNT_PED_INJURED,COUNT_BICYCLIST_KILLED,COUNT_BICYCLIST_INJURED,COUNT_MC_KILLED,COUNT_MC_INJURED,PRIMARY_RAMP,SECONDARY_RAMP,LATITUDE,LONGITUDE,COUNTY,CITY,POINT_X,POINT_Y
9509988,2022,2022-12-16,3801,2022-11-27,2017,2740,TRAVA,7,5,7,3801,0,0,0,,0,0I5,"WINSTON DR","LAKE MERCED BL",210.00,E,N,-,-,N,,,,,,,,,,N,3,0,1,2,A,-,05,21460,,F,D,G,A,A,-,-,C,D,0,,Y,,,Y,,A,01,0,1,0,0,0,0,1,0,0,"- ","- ",,,"SAN FRANCISCO","SAN FRANCISCO",-122.48324584960938,37.727043151855469
9509990,2022,2022-12-16,3801,2022-11-29,1141,1952,BAYVI,2,5,7,3801,0,0,0,,0,901,"FELTON ST","COLBY ST",0.00,,Y,A,-,N,,,,,,,,,,N,3,0,1,2,A,-,13,22515,A,N,C,E,A,A,-,-,A,D,0,,,,,Y,,-,,0,1,0,0,0,0,0,0,0,"- ","- ",,,"SAN FRANCISCO","SAN FRANCISCO",-122.41348266601562,37.72772216796875
9509994,2022,2022-12-16,3801,2022-11-16,0000,1897,INGLE,3,5,7,3801,0,0,0,,0,3H15D,"SAN JOSE AV","ROUSSEAU ST",0.00,,Y,A,-,N,,,,,,,,,,Y,3,0,1,2,A,-,03,22350,A,N,C,C,A,A,H,-,C,D,0,,,Y,,Y,,C,02,0,1,0,0,0,0,0,0,1,"- ","- ",,,"SAN FRANCISCO","SAN FRANCISCO",-122.43045043945312,37.733905792236328
9510000,2022,2022-12-16,3801,2022-11-16,1123,2097,BAYVI,3,5,7,3801,0,0,0,,0,3C11A,"MISSOURI ST","18TH ST",20.00,S,N,A,-,N,,,,,,,,,,N,3,0,1,3,A,-,08,22107,,N,B,E,A,A,H,-,A,D,0,,,,,Y,,A,01,0,1,0,0,0,0,0,0,0,"- ","- ",,,"SAN FRANCISCO","SAN FRANCISCO",-122.39652252197266,37.762523651123047
9510006,2022,2022-12-20,3801,2022-11-17,1603,334,BAYVI,4,5,7,3801,0,0,0,,0,0C4,"WOOLSEY ST","GIRARD ST",0.00,,Y,A,-,N,,,,,,,,,,N,3,0,1,2,A,-,11,21954,A,N,D,B,D,A,H,-,A,A,0,Y,,,,Y,,N,60,0,1,0,0,1,0,0,0,0,"- ","- ",,,"SAN FRANCISCO","SAN FRANCISCO",-122.40360260009766,37.724967956542969
9510009,2022,2022-12-20,3801,2022-11-16,1739,1806,NORTH,3,5,7,3801,0,0,0,,0,3E11D,"MCALLISTER ST","VAN NESS AV",0.00,,Y,A,-,N,,,,,,,,,,N,4,0,1,2,A,-,12,21453,A,N,G,B,B,A,H,-,B,A,0,Y,,,,Y,,A,01,0,0,1,0,1,0,0,0,0,"- ","- ",,,"SAN FRANCISCO","SAN FRANCISCO",-122.42020416259766,37.780055999755859
9510066,2022,2022-12-08,3801,2022-10-30,0247,2494,MISSI,7,5,7,3801,0,0,0,,0,3D13E,"22ND ST","S VAN NESS AV",0.00,,Y,A,-,N,,,,,,,,,,N,4,0,4,2,A,-,03,22350,,F,C,C,A,A,H,-,C,A,0,,,Y,,Y,,C,06,0,0,4,0,0,0,0,0,0,"- ","- ",,,"SAN FRANCISCO","SAN FRANCISCO",-122.41658782958984,37.755565643310547
9510067,2022,2022-12-08,3801,2022-10-29,1851,4047,MISSI,6,5,7,3801,0,0,0,,0,3D16D,"GUERRERO ST","17TH ST",0.00,,Y,A,-,N,,,,,,,,,,N,4,0,1,2,A,-,09,21801,,N,-,G,A,A,H,-,C,A,0,,Y,,,Y,,A,01,0,0,1,0,0,0,1,0,0,"- ","- ",,,"SAN FRANCISCO","SAN FRANCISCO",-122.42392730712891,37.763172149658203
9510069,2022,2022-12-08,3801,2022-10-29,2041,1414,MISSI,6,5,7,3801,0,0,0,,0,3D16D,"POTRERO AV","24TH ST",0.00,,Y,A,-,N,,,,,,,,,,N,4,0,2,2,A,-,03,22350,,N,A,B,B,A,H,-,C,A,0,Y,,,,Y,,-,,0,0,2,0,1,0,0,0,0,"- ","- ",,,"SAN FRANCISCO","SAN FRANCISCO",-122.40631866455078,37.752994537353516
9510070,2022,2022-12-08,3801,2022-10-29,0305,1184,MISSI,6,5,7,3801,0,0,0,,0,3D11E,"15TH ST","VALENCIA ST",0.00,,Y,A,-,N,,,,,,,,,,N,3,0,1,2,A,-,12,21453,A,N,D,C,A,-,H,-,C,A,0,,,Y,,Y,,C,03,0,1,0,0,0,0,0,0,1,"- ","- ",,,"SAN FRANCISCO","SAN FRANCISCO",-122.42203521728516,37.766529083251953
9510071,2022,2022-12-16,3801,2022-10-27,2213,740,MISSI,4,5,7,3801,0,0,0,,0,0D4,"POTRERO AV","RT 101",0.00,,Y,A,-,Y,SF,4,101,-,-,2.972,R,1,S,Y,4,0,1,1,A,-,01,23152,A,N,F,I,A,A,H,-,C,D,0,,,,,Y,Y,A,01,0,0,1,0,0,0,0,0,0,"- ",SO,,,"SAN FRANCISCO","SAN FRANCISCO",-122.40395355224609,37.748935699462891
9510072,2022,2022-12-19,3801,2022-10-25,1715,2143,MISSI,2,5,7,3801,0,0,0,,0,3D15D,"16TH ST","CALEDONIA ST",0.00,,N,A,-,N,,,,,,,,,,N,3,0,1,2,A,-,17,21229,A,N,D,C,A,A,H,-,A,D,0,,,,,Y,Y,M,94,0,1,0,0,0,0,0,0,0,"- ","- ",,,"SAN FRANCISCO","SAN FRANCISCO",-122.42134857177734,37.764934539794922
9510073,2022,2022-12-15,3801,2022-10-10,1629,2433,SOUTH,1,5,7,3801,0,0,0,,0,3B13D,"1ST ST","NATOMA ST",0.00,,Y,B,-,N,,,,,,,,,,N,4,0,1,2,A,-,11,21456,C,N,G,B,B,A,H,-,A,A,0,Y,,,,Y,,N,60,0,0,1,0,1,0,0,0,0,"- ","- ",,,"SAN FRANCISCO","SAN FRANCISCO",-122.39656066894531,37.788982391357422
9510074,2022,2022-12-08,3801,2022-10-19,2351,196,CENTR,3,5,7,3801,0,0,0,,0,3A11E,"7TH ST","FOLSOM ST",0.00,,Y,F,-,N,,,,,,,,,,N,4,0,1,2,A,-,04,21703,,F,-,-,A,-,G,-,-,-,0,,,,,Y,,A,01,0,0,1,0,0,0,0,0,0,"- ","- ",,,"SAN FRANCISCO","SAN FRANCISCO",-122.40784454345703,37.776771545410156
9510077,2022,2022-12-08,3801,2022-10-25,1615,4175,TRAFF,2,5,7,3801,0,0,0,,0,4B4D,"ANZA ST","STANYAN ST",0.00,,Y,A,-,N,,,,,,,,,,N,4,0,1,2,A,-,09,21801,A,N,D,G,A,A,H,-,A,A,0,,Y,,,Y,,A,01,0,0,1,0,0,0,1,0,0,"- ","- ",,,"SAN FRANCISCO","SAN FRANCISCO",-122.45619201660156,37.779811859130859
9510078,2022,2022-12-08,3801,2022-10-21,0559,812,BAYVI,5,5,7,3801,0,0,0,,0,002,"WILLIAMS AV","APOLLO ST",50.00,S,N,A,-,N,,,,,,,,,,Y,4,0,1,3,A,-,06,21750,,F,-,C,A,A,H,-,C,D,0,,,,,Y,,A,01,0,0,1,0,0,0,0,0,0,"- ","- ",,,"SAN FRANCISCO","SAN FRANCISCO",-122.39881134033203,37.730144500732422
9510301,2022,2022-12-08,3801,2022-09-13,0841,1730,INGLE,2,5,7,3801,0,0,0,,0,3H60,"SENECA AV","CAYUGA AV",0.00,,Y,A,B,N,,,,,,,,,,N,4,0,1,2,A,-,11,21950,B,N,G,B,B,A,H,-,A,D,0,Y,,,,Y,,N,60,0,0,1,0,1,0,0,0,0,"- ","- ",,,"SAN FRANCISCO","SAN FRANCISCO",-122.44249725341797,37.719631195068359
9510364,2022,2022-12-09,3801,2022-10-28,1336,1994,TRAFF,5,5,7,3801,0,0,0,,0,4B3D,"18TH ST","ARKANSAS ST",0.00,,Y,A,-,N,,,,,,,,,,Y,4,0,1,2,A,-,12,22450,,F,D,C,A,A,H,-,A,A,0,,,,,Y,,A,01,0,0,1,0,0,0,0,0,0,"- ","- ",,,"SAN FRANCISCO","SAN FRANCISCO",-122.39846038818359,37.762451171875
9510368,2022,2022-12-21,3801,2022-11-04,1335,1503,BAYVI,5,5,7,3801,0,0,0,,0,3C15A,"ARELIOUS WALKER DR","GILMAN AV",0.00,,Y,A,-,N,,,,,,,,,,Y,4,0,1,3,A,-,06,21750,A,F,D,C,A,A,H,-,A,D,0,,,,,Y,,A,01,0,0,1,0,0,0,0,0,0,"- ","- ",,,"SAN FRANCISCO","SAN FRANCISCO",-122.38626861572266,37.7171630859375
9510380,2022,2022-12-21,3801,2022-11-01,1102,2748,MISSI,2,5,7,3801,0,0,0,,0,,"POTRERO AV","25TH ST",0.00,,Y,C,-,N,,,,,,,,,,N,4,0,3,4,A,-,12,21453,A,N,G,B,B,B,H,-,A,A,0,Y,,,,Y,,D,22,0,0,3,0,3,0,0,0,0,"- ","- ",,,"SAN FRANCISCO","SAN FRANCISCO",-122.40620422363281,37.751743316650391
9511320,2022,2022-12-13,3801,2022-08-26,0700,2196,MISSI,5,5,7,3801,0,0,0,,0,3D13A,"24TH ST","HARRISON ST",0.00,,Y,A,B,N,,,,,,,,,,Y,4,0,2,2,A,-,12,21453,A,F,B,C,A,A,H,-,A,A,0,,,,,Y,,A,01,0,0,2,0,0,0,0,0,0,"- ","- ",,,"SAN FRANCISCO","SAN FRANCISCO",-122.41188812255859,37.752651214599609
9511322,2022,2022-12-20,3801,2022-08-14,0825,1304,NORTH,7,5,7,3801,0,0,0,,0,3E2A,"EDDY ST","GOUGH ST",298.00,W,N,A,-,N,,,,,,,,,,Y,4,0,2,2,A,-,09,21804,,N,B,C,A,A,H,-,A,D,0,,,,,Y,,A,01,0,0,2,0,0,0,0,0,0,"- ","- ",,,"SAN FRANCISCO","SAN FRANCISCO",-122.42514038085938,37.782341003417969
9511333,2022,2022-12-12,3801,2022-03-20,1343,837,CENTR,7,5,7,3801,0,0,0,,0,3A2C,"THE EMBARCADERO NORTH","POLE #E258 ON THE EMBARCADERO",10.00,E,N,A,-,N,,,,,,,,,,N,4,0,1,3,A,-,03,22350,,N,C,C,A,A,H,-,A,A,0,,,,,Y,,A,01,0,0,1,0,0,0,0,0,0,"- ","- ",,,"SAN FRANCISCO","SAN FRANCISCO",,
9511339,2022,2022-12-12,3801,2022-06-30,1740,417,TARAV,4,5,7,3801,0,0,0,,0,3I15D,"JUNIPERO SERRA BL","WINSTON DR",0.00,,Y,B,-,N,,,,,,,,,,N,4,0,2,2,A,-,09,21800,A,N,D,C,A,A,H,-,A,A,0,,,,,Y,,A,07,0,0,2,0,0,0,0,0,0,"- ","- ",,,"SAN FRANCISCO","SAN FRANCISCO",-122.47236633300781,37.726837158203125
9514146,2023,2023-02-22,3801,2023-01-17,"910 ",1825,SOUTH,2,5,7,3801,0,0,0,,0,3B14A,"S VAN NESS AV","12TH ST",0.00,,Y,A,-,Y,SF,4,101,-,T,4.706,I,5,S,Y,2,0,1,2,A,-,09,21801,A,N,D,C,A,A,H,-,A,D,0,,,Y,,Y,,C,02,1,0,0,0,0,0,0,0,1,"- ","- ",,,"SAN FRANCISCO","SAN FRANCISCO",-122.41862487792969,37.773017883300781
9516461,2022,2022-12-22,3801,2022-11-29,1219,2038,PARK,2,5,7,3801,0,0,0,,0,3F44,"MASONIC AV","PAGE ST",0.00,,Y,A,-,N,,,,,,,,,,Y,3,0,2,2,A,-,09,21801,A,N,A,C,A,A,H,-,A,A,0,,,,,Y,,A,01,0,1,1,0,0,0,0,0,0,"- ","- ",,,"SAN FRANCISCO","SAN FRANCISCO",-122.44554138183594,37.771137237548828
9516462,2022,2022-12-22,3801,2022-11-17,1335,2202,INGLE,4,5,7,3801,0,0,0,,0,PARKDI,"PORTOLA DR","TWIN PEAKS BL",0.00,,Y,A,-,N,,,,,,,,,,N,4,0,1,2,A,-,08,22107,,N,D,G,A,A,H,-,A,A,0,,Y,,,Y,,A,01,0,0,1,0,0,0,1,0,0,"- ","- ",,,"SAN FRANCISCO","SAN FRANCISCO",-122.45082855224609,37.74591064453125
9520246,2022,2023-01-18,3801,2022-10-31,2314,4119,TRAFF,1,5,7,3801,0,0,0,,0,4B3K,"MARKET ST","SANCHEZ ST",50.00,W,N,A,-,N,,,,,,,,,,Y,1,1,0,1,A,-,03,22350,,N,E,I,A,A,H,-,C,A,0,,,Y,,Y,,C,02,0,0,0,0,0,0,0,1,0,"- ","- ",,,"SAN FRANCISCO","SAN FRANCISCO",-122.43112182617188,37.765876770019531
9520251,2022,2023-01-18,3801,2022-12-06,2219,4175,TRAFF,2,5,7,3801,0,0,0,,0,4B4D,"GENEVA AV","NAPLES ST",22.00,E,N,A,-,N,,,,,,,,,,N,1,1,0,2,A,-,11,21954,A,N,G,B,B,A,H,-,C,A,0,Y,,,,Y,Y,N,60,0,0,0,1,0,0,0,0,0,"- ","- ",,,"SAN FRANCISCO","SAN FRANCISCO",-122.43612670898438,37.714179992675781
9520422,2022,2023-02-15,3801,2022-10-19,1104,4130,INGLE,3,5,7,3801,0,0,0,,0,5Z103,"JOHN F SHELLEY DR","MANSELL ST",115.00,N,N,A,-,N,,,,,,,,,,N,1,1,0,1,C,-,18,,,N,H,J,A,A,H,-,A,D,0,,Y,,,Y,,-,"- ",0,0,0,0,0,1,0,0,0,"- ","- ",,,"SAN FRANCISCO","SAN FRANCISCO",-122.41849517822266,37.719039916992188
9520434,2022,2023-02-22,3801,2022-12-07,1933,4119,TRAFF,3,5,7,3801,0,0,0,,0,4B103,"GENEVA AV","PRAGUE ST",486.00,E,N,A,-,N,,,,,,,,,,Y,1,1,0,3,A,-,11,21955,,F,G,B,D,A,H,-,C,D,0,Y,,,,Y,,N,60,0,0,0,1,0,0,0,0,0,"- ","- ",,,"SAN FRANCISCO","SAN FRANCISCO",-122.43033599853516,37.712448120117188
9520738,2023,2023-07-24,3801,2023-05-23,"105 ",917,TRAFF,2,5,7,3801,0,0,0,,0,4B2E,RT-101,"DIVISADERO ST",0.00,,Y,A,-,Y,SF,4,101,-,-,7.696,I,5,N,Y,1,1,0,2,A,-,01,23152,A,F,G,B,D,A,H,-,C,A,0,Y,,,,Y,Y,D,22,0,0,0,1,0,0,0,0,0,"- ","- ",,,"SAN FRANCISCO","SAN FRANCISCO",-122.44266510009766,37.799060821533203
9520739,2023,2023-07-19,3801,2023-05-23,1021,4036,TRAFF,2,5,7,3801,0,0,0,,0,4B2C,"16TH ST","POTRERO AV",0.00,,Y,A,-,N,,,,,,,,,,Y,1,1,4,5,A,-,12,21453,A,N,D,C,F,A,H,-,A,A,0,Y,,,,Y,,D,22,1,0,3,1,2,0,0,0,0,"- ","- ",,,"SAN FRANCISCO","SAN FRANCISCO",,
9522321,2022,2023-01-24,3801,2022-11-20,0115,481,CENTR,7,5,7,3801,0,0,0,,0,3A12E,"KEARNY ST","POST ST",0.00,,Y,A,-,N,,,,,,,,,,N,3,0,1,1,A,-,03,22350,,N,-,I,A,A,H,-,E,A,0,,,,,Y,,M,94,0,1,0,0,0,0,0,0,0,"- ","- ",,,"SAN FRANCISCO","SAN FRANCISCO",-122.40365600585938,37.788902282714844
9522323,2022,2022-12-20,3801,2022-11-19,1333,2151,PARK,6,5,7,3801,0,0,0,,0,,"GOLDEN GATE AV","ROSELYN TER",0.00,,Y,A,-,N,,,,,,,,,,N,4,0,1,2,A,-,03,22350,,N,D,G,A,A,H,-,A,D,0,,Y,,,Y,,L,04,0,0,1,0,0,0,1,0,0,"- ","- ",,,"SAN FRANCISCO","SAN FRANCISCO",-122.44957733154297,37.777320861816406
9522324,2022,2022-12-20,3801,2022-11-19,1305,2401,MISSI,6,5,7,3801,0,0,0,,0,3D15A,"S VAN NESS AV","16TH ST",0.00,,Y,A,-,N,,,,,,,,,,Y,4,0,1,2,A,-,09,21804,,N,D,C,A,A,H,-,A,A,0,,,,,Y,,A,01,0,0,1,0,0,0,0,0,0,"- ","- ",,,"SAN FRANCISCO","SAN FRANCISCO",-122.41748809814453,37.765178680419922
9522325,2022,2022-12-20,3801,2022-11-18,1030,1477,MISSI,5,5,7,3801,0,0,0,,0,3D13A,"20TH ST","HARRISON ST",0.00,,Y,A,-,N,,,,,,,,,,Y,4,0,2,2,A,-,12,22450,A,N,D,C,A,A,H,-,A,A,0,,,,,Y,,A,01,0,0,2,0,0,0,0,0,0,"- ","- ",,,"SAN FRANCISCO","SAN FRANCISCO",-122.41255187988281,37.759033203125
9522328,2022,2022-12-19,3801,2022-11-19,1806,1166,INGLE,6,5,7,3801,0,0,0,,0,3H16D,"SUNNYDALE AV","HAHN ST",0.00,,Y,A,-,N,,,,,,,,,,N,4,0,1,2,A,-,12,22450,A,F,G,B,B,A,H,-,C,D,0,Y,,,,Y,,A,07,0,0,1,0,1,0,0,0,0,"- ","- ",,,"SAN FRANCISCO","SAN FRANCISCO",-122.41603088378906,37.711925506591797
9522329,2022,2023-01-24,3801,2022-11-19,1424,801,SOUTH,6,5,7,3801,0,0,0,,0,,"NATOMA ST","8TH ST",280.00,E,N,A,-,N,,,,,,,,,,N,4,0,1,2,B,-,22,,,N,G,J,F,A,H,-,A,D,0,Y,,,,Y,,N,60,0,0,1,0,1,0,0,0,0,"- ","- ",,,"SAN FRANCISCO","SAN FRANCISCO",-122.41143798828125,37.777198791503906
9522332,2022,2022-12-20,3801,2022-11-04,1940,282,TARAV,5,5,7,3801,0,0,0,,0,NORTHE,"FILLMORE ST","JACKSON ST",0.00,,Y,F,-,N,,,,,,,,,,N,4,0,2,3,A,-,10,21950,A,M,G,B,B,-,G,-,-,D,0,Y,,,,Y,,A,01,0,0,2,0,2,0,0,0,0,"- ","- ",,,"SAN FRANCISCO","SAN FRANCISCO",-122.43454742431641,37.792465209960938
9522336,2022,2023-01-10,3801,2022-11-20,1422,1157,BAYVI,7,5,7,3801,0,0,0,,0,3C11A,"GIANTS DR","DONNER AV",0.00,,Y,A,-,N,,,,,,,,,,N,4,0,1,2,A,-,03,22350,,F,B,C,A,A,H,-,A,D,0,,,,,Y,,A,01,0,0,1,0,0,0,0,0,0,"- ","- ",,,"SAN FRANCISCO","SAN FRANCISCO",-122.38558959960938,37.719638824462891
9522337,2022,2022-12-20,3801,2022-10-08,1915,577,TARAV,6,5,7,3801,0,0,0,,0,0I6,"GENEVA AV","HOWTH ST",0.00,,Y,C,-,N,,,,,,,,,,Y,3,0,2,2,A,-,09,21801,A,N,D,C,A,B,H,-,C,A,0,,,,,Y,,A,01,0,1,1,0,0,0,0,0,0,"- ","- ",,,"SAN FRANCISCO","SAN FRANCISCO",-122.45011901855469,37.722076416015625
9522338,2022,2023-01-10,3801,2022-11-09,0500,1124,TENDE,3,5,7,3801,0,0,0,,0,TEND2,"MARKET ST","4TH ST",0.00,,Y,B,-,N,,,,,,,,,,N,3,0,1,1,A,-,03,22350,,N,H,A,A,B,G,-,C,A,0,,Y,,,Y,,L,04,0,1,0,0,0,0,1,0,0,"- ","- ",,,"SAN FRANCISCO","SAN FRANCISCO",-122.40589141845703,37.785697937011719
9522342,2022,2023-01-03,3801,2022-11-21,1126,2161,MISSI,1,5,7,3801,0,0,0,,0,3D11A,"17TH ST","CHURCH ST",320.00,W,N,A,-,N,,,,,,,,,,N,4,0,1,1,A,-,03,22350,,N,H,J,A,A,H,-,A,D,0,,,Y,,Y,,C,03,0,0,1,0,0,0,0,0,1,"- ","- ",,,"SAN FRANCISCO","SAN FRANCISCO",-122.42961120605469,37.762821197509766
9522346,2022,2022-12-29,3801,2022-11-14,0800,4265,INGLE,1,5,7,3801,0,0,0,,0,3H13A,"NAPLES ST","TWIN OAKS AV",0.00,,N,A,-,N,,,,,,,,,,Y,4,0,2,4,A,-,21,22106,,N,D,E,A,A,H,-,A,D,0,,,,,Y,,A,01,0,0,2,0,0,0,0,0,0,"- ","- ",,,"SAN FRANCISCO","SAN FRANCISCO",,
9522349,2022,2022-12-19,3801,2022-11-12,2037,1496,INGL,6,5,7,3801,0,0,0,,0,3H13D,"SICKLES AV","HURON AV",0.00,,Y,A,-,N,,,,,,,,,,Y,3,0,1,2,A,-,12,22450,A,F,D,C,A,A,H,-,C,D,0,,,,,Y,,A,01,0,1,0,0,0,0,0,0,0,"- ","- ",,,"SAN FRANCISCO","SAN FRANCISCO",-122.45323944091797,37.709182739257812
9522350,2022,2022-12-19,3801,2022-11-21,0719,4294,NORTH,1,5,7,3801,0,0,0,,0,0E3,"GOLDEN GATE AV","GOUGH ST",0.00,,Y,A,-,N,,,,,,,,,,Y,4,0,1,2,A,-,12,21453,,F,D,C,A,A,H,-,A,A,0,,,,,Y,,A,01,0,0,1,0,0,0,0,0,0,"- ","- ",,,"SAN FRANCISCO","SAN FRANCISCO",-122.42372894287109,37.780612945556641
9522351,2022,2022-12-19,3801,2022-11-15,1509,1897,INGLE,2,5,7,3801,0,0,0,,0,3H117,"MISSION ST","NORTON ST",0.00,,Y,A,-,N,,,,,,,,,,N,4,0,1,2,A,-,10,21950,C,N,G,B,B,A,H,-,A,A,0,Y,,,,Y,,A,01,0,0,1,0,1,0,0,0,0,"- ","- ",37.724590301513672,-122.43492889404297,"SAN FRANCISCO","SAN FRANCISCO",-122.43489837646484,37.724597930908203
9522353,2022,2022-12-19,3801,2022-11-26,0924,1260,BAYVI,6,5,7,3801,0,0,0,,0,3C107,"3RD ST","MARIN ST",0.00,,Y,A,-,N,,,,,,,,,,N,4,0,2,2,A,-,08,22101,D,N,D,C,A,A,H,-,A,A,0,,,,,Y,,A,01,0,0,2,0,0,0,0,0,0,"- ","- ",,,"SAN FRANCISCO","SAN FRANCISCO",-122.38759613037109,37.749004364013672
9522359,2022,2022-12-19,3801,2022-11-04,2212,246,TARAV,5,5,7,3801,0,0,0,,0,6CAR,"ALEMANY BL","SAN JOSE BL",0.00,,Y,A,-,N,,,,,,,,,,Y,4,0,1,1,A,-,03,22350,,N,E,I,A,A,H,-,C,A,0,,,,,Y,,A,01,0,0,1,0,0,0,0,0,0,"- ","- ",,,"SAN FRANCISCO","SAN FRANCISCO",-122.45709991455078,37.710071563720703
9522363,2022,2022-12-19,3801,2022-11-03,2022,2022,TARAV,4,5,7,3801,0,0,0,,0,"5 CAR","LAKE MERCED BL","BROTHERHOOD WY",0.00,,Y,A,-,N,,,,,,,,,,N,3,0,1,2,A,-,11,21954,A,N,-,B,D,A,H,-,C,A,0,Y,,,,Y,Y,N,60,0,1,0,0,1,0,0,0,0,"- ","- ",,,"SAN FRANCISCO","SAN FRANCISCO",-122.48523712158203,37.714717864990234
9522369,2022,2022-12-19,3801,2022-11-22,1716,837,CENTR,2,5,7,3801,0,0,0,,0,3A12D,"POWELL ST","BUSH ST",0.00,,Y,A,-,N,,,,,,,,,,Y,4,0,2,2,A,-,12,21453,A,N,D,C,A,A,H,-,B,A,0,,,,,Y,,A,01,0,0,2,0,0,0,0,0,0,"- ","- ",,,"SAN FRANCISCO","SAN FRANCISCO",-122.40879058837891,37.790172576904297
9522370,2022,2022-12-28,3801,2022-11-24,0000,1660,SOUTH,4,5,7,3801,0,0,0,,0,3B12E,"MISSION ST","WASHBURN ST",0.00,,Y,A,-,N,,,,,,,,,,N,4,0,1,2,A,-,11,21954,A,N,G,B,D,B,H,-,C,A,0,Y,,,,Y,,N,60,0,0,1,0,1,0,0,0,0,"- ","- ",,,"SAN FRANCISCO","SAN FRANCISCO",-122.41513824462891,37.775890350341797
9522371,2022,2022-12-19,3801,2022-11-19,1248,310,SOUTH,6,5,7,3801,0,0,0,,0,3B12A,"BAYSHORE BL","HESTER AV",103.00,S,N,A,-,N,,,,,,,,,,N,3,0,2,2,A,-,03,22350,A,F,C,C,A,A,H,-,A,D,0,,,,,Y,,A,07,0,2,0,0,0,0,0,0,0,"- ","- ",,,"SAN FRANCISCO","SAN FRANCISCO",-122.40023040771484,37.713397979736328
9522379,2022,2022-12-19,3801,2022-11-27,1540,1371,NORTH,7,5,7,3801,0,0,0,,0,002,"PIERCE ST","OFARRELL ST",26.00,S,N,A,-,N,,,,,,,,,,Y,3,0,1,1,A,-,05,21650,,N,E,I,A,A,H,-,A,A,0,,,,,Y,,A,01,0,1,0,0,0,0,0,0,0,"- ","- ",,,"SAN FRANCISCO","SAN FRANCISCO",-122.43597412109375,37.782791137695312
9522380,2022,2022-12-19,3801,2022-11-27,0031,2391,NORTH,7,5,7,3801,0,0,0,,0,3E12E,"POLK ST","GREENWICH ST",45.00,N,N,A,-,N,,,,,,,,,,Y,3,0,1,2,A,-,01,23152,F,M,E,E,A,A,H,-,C,D,0,,,,,Y,,A,01,0,1,0,0,0,0,0,0,0,"- ","- ",,,"SAN FRANCISCO","SAN FRANCISCO",-122.42274475097656,37.800743103027344
9522381,2022,2022-12-12,3801,2022-10-27,1430,2001,INGLE,4,5,7,3801,0,0,0,,0,0H5,"ALEMANY BL","OTTOWA ST",128.00,N,N,A,-,N,,,,,,,,,,Y,3,0,1,1,D,-,00,,,N,E,I,A,A,H,-,A,D,0,,,,,Y,,-,"- ",0,1,0,0,0,0,0,0,0,"- ","- ",,,"SAN FRANCISCO","SAN FRANCISCO",-122.44549560546875,37.715499877929688
9522383,2022,2022-12-12,3801,2022-10-27,1703,1534,INGLE,4,5,7,3801,0,0,0,,0,3H13D,"MISSION ST","FRANCE ST",0.00,,Y,A,-,N,,,,,,,,,,N,4,0,1,2,A,-,03,22350,,N,C,C,A,A,H,-,A,D,0,,,,,Y,,A,01,0,0,1,0,0,0,0,0,0,"- ","- ",,,"SAN FRANCISCO","SAN FRANCISCO",-122.43834686279297,37.720054626464844
9522389,2022,2022-12-12,3801,2022-10-16,0028,1372,INGLE,7,5,7,3801,0,0,0,,0,3H13E,"MISSION ST","MURRAY ST",0.00,,Y,A,-,N,,,,,,,,,,N,2,0,1,2,A,-,10,21950,A,F,G,B,B,A,H,-,C,A,0,Y,,,,Y,,A,01,1,0,0,0,1,0,0,0,0,"- ","- ",,,"SAN FRANCISCO","SAN FRANCISCO",-122.42644500732422,37.733669281005859