CASE_ID,ACCIDENT_YEAR,PROC_DATE,JURIS,COLLISION_DATE,COLLISION_TIME,OFFICER_ID,REPORTING_DISTRICT,DAY_OF_WEEK,CHP_SHIFT,POPULATION,CNTY_CITY_LOC,SPECIAL_COND,BEAT_TYPE,CHP_BEAT_TYPE,CITY_DIVISION_LAPD,CHP_BEAT_CLASS,BEAT_NUMBER,PRIMARY_RD,SECONDARY_RD,DISTANCE,DIRECTION,INTERSECTION,WEATHER_1,WEATHER_2,STATE_HWY_IND,CALTRANS_COUNTY,CALTRANS_DISTRICT,STATE_ROUTE,ROUTE_SUFFIX,POSTMILE_PREFIX,POSTMILE,LOCATION_TYPE,RAMP_INTERSECTION,SIDE_OF_HWY,TOW_AWAY,COLLISION_SEVERITY,NUMBER_KILLED,NUMBER_INJURED,PARTY_COUNT,PRIMARY_COLL_FACTOR,PCF_CODE_OF_VIOL,PCF_VIOL_CATEGORY,PCF_VIOLATION,PCF_VIOL_SUBSECTION,HIT_AND_RUN,TYPE_OF_COLLISION,MVIW,PED_ACTION,ROAD_SURFACE,ROAD_COND_1,ROAD_COND_2,LIGHTING,CONTROL_DEVICE,CHP_ROAD_TYPE,PEDESTRIAN_ACCIDENT,BICYCLE_ACCIDENT,MOTORCYCLE_ACCIDENT,TRUCK_ACCIDENT,NOT_PRIVATE_PROPERTY,ALCOHOL_INVOLVED,STWD_VEHTYPE_AT_FAULT,CHP_VEHTYPE_AT_FAULT,COUNT_SEVERE_INJ,COUNT_VISIBLE_INJ,COUNT_COMPLAINT_PAIN,COUNT_PED_KILLED,COUNT_PED_INJURED,COUNT_BICYCLIST_KILLED,COUNT_BICYCLIST_INJURED,COUNT_MC_KILLED,COUNT_MC_INJURED,PRIMARY_RAMP,SECONDARY_RAMP,LATITUDE,LONGITUDE,COUNTY,CITY,POINT_X,POINT_Y
9522391,2022,2022-12-12,3801,2022-10-08,1037,2262,BAYVI,6,5,7,3801,0,0,0,,0,3C11A,"3RD ST","PAUL AV",0.00,,Y,A,-,N,,,,,,,,,,Y,4,0,3,2,A,-,12,21453,A,F,D,C,A,A,H,-,A,A,0,,,,,Y,,A,08,0,0,3,0,0,0,0,0,0,"- ","- ",,,"SAN FRANCISCO","SAN FRANCISCO",-122.395751953125,37.722412109375
9522393,2022,2022-12-12,3801,2022-10-30,1006,2746,RICHM,7,5,7,3801,0,0,0,,0,3G14A,"GEARY RD","2ND AV",0.00,,Y,A,-,N,,,,,,,,,,N,4,0,1,2,A,-,08,22107,,N,B,C,A,A,H,-,A,A,0,,,,,Y,,-,"- ",0,0,1,0,0,0,0,0,0,"- ","- ",,,"SAN FRANCISCO","SAN FRANCISCO",-122.46002197265625,37.781280517578125
9522394,2022,2022-12-12,3801,2022-10-27,1829,4102,SOUTH,4,5,7,3801,0,0,0,,0,3B47,"3RD ST","VARNEY PL",15.00,N,N,A,-,N,,,,,,,,,,N,3,0,1,2,A,-,08,22107,,F,B,G,A,A,H,-,C,D,0,,Y,,,Y,,A,07,0,1,0,0,0,0,1,0,0,"- ","- ",,,"SAN FRANCISCO","SAN FRANCISCO",-122.39466857910156,37.780387878417969
9522398,2022,2022-12-12,3801,2022-10-30,1232,327,MISSI,7,5,7,3801,0,0,0,,0,3D12C,"16TH ST","VALENCIA ST",101.00,W,N,A,-,N,,,,,,,,,,N,4,0,1,2,A,-,03,22350,,N,H,-,A,A,H,-,A,D,0,,,Y,,Y,,C,02,0,0,1,0,0,0,0,0,1,"- ","- ",,,"SAN FRANCISCO","SAN FRANCISCO",-122.4222412109375,37.764888763427734
9522400,2022,2022-12-12,3801,2022-10-29,2237,1783,MISSI,6,5,7,3801,0,0,0,,0,3D15E,"POTRERO AV","16TH ST",0.00,,Y,A,-,N,,,,,,,,,,N,4,0,1,2,A,-,09,21804,,N,D,D,A,A,H,-,C,A,0,,,,,Y,Y,A,07,0,0,1,0,0,0,0,0,0,"- ","- ",,,"SAN FRANCISCO","SAN FRANCISCO",-122.40756225585938,37.765773773193359
9522562,2022,2022-12-22,3801,2022-11-01,0110,2461,MISSI,2,5,7,3801,0,0,0,,0,3D11E,"MARKET ST","DIAMOND ST",15.00,W,N,B,-,N,,,,,,,,,,Y,4,0,1,1,A,-,03,22350,,N,E,I,A,B,H,-,C,A,0,,,,,Y,,A,01,0,0,1,0,0,0,0,0,0,"- ","- ",,,"SAN FRANCISCO","SAN FRANCISCO",-122.43734741210938,37.761890411376953
9522564,2022,2022-12-09,3801,2022-08-15,2115,2386,INGLE,1,5,7,3801,0,0,0,,0,3H15,"CAYUGA AV","GENEVA AV",0.00,,Y,A,-,N,,,,,,,,,,N,2,0,1,2,A,-,10,21950,A,F,G,B,B,A,H,-,C,A,0,Y,,,,Y,,-,,1,0,0,0,1,0,0,0,0,"- ","- ",,,"SAN FRANCISCO","SAN FRANCISCO",-122.44367980957031,37.718917846679688
9522567,2022,2022-12-22,3801,2022-08-25,2314,1833,NORTH,4,5,7,3801,0,0,0,,0,3E12E,"WEBSTER ST","FULTON ST",0.00,,Y,A,-,N,,,,,,,,,,N,2,0,1,1,A,-,03,22350,,N,F,A,A,A,A,-,C,A,0,,Y,,,Y,,L,04,1,0,0,0,0,0,1,0,0,"- ","- ",,,"SAN FRANCISCO","SAN FRANCISCO",-122.42990875244141,37.777912139892578
9522568,2022,2022-12-21,3801,2022-08-12,1645,1250,SOUTH,5,5,7,3801,0,0,0,,0,3B14D,"9TH ST","HARRISON ST",0.00,,Y,A,-,N,,,,,,,,,,N,3,0,1,2,A,-,11,21954,A,N,G,B,D,A,H,-,A,D,0,Y,,,,Y,,N,60,0,1,0,0,1,0,0,0,0,"- ","- ",,,"SAN FRANCISCO","SAN FRANCISCO",-122.41004943847656,37.772533416748047
9522614,2022,2023-01-17,3801,2022-11-03,2359,1406,TNDER,4,5,7,3801,0,0,0,,0,3J5,"ELLIS ST","HYDE ST",5.00,W,N,A,-,N,,,,,,,,,,N,4,0,1,2,A,-,10,21950,A,N,G,B,B,A,H,-,A,A,0,Y,,,,Y,,A,01,0,0,1,0,1,0,0,0,0,"- ","- ",,,"SAN FRANCISCO","SAN FRANCISCO",-122.41607666015625,37.784446716308594
9531012,2022,2023-01-12,3801,2022-11-19,1221,713,CENTR,6,5,7,3801,0,0,0,,0,3A15D,"NORTHPOINT ST","POLK ST",0.00,,Y,A,-,N,,,,,,,,,,Y,2,0,2,2,A,-,12,21453,A,N,D,C,A,A,H,-,A,A,0,,,Y,,Y,,C,03,2,0,0,0,0,0,0,0,2,"- ","- ",,,"SAN FRANCISCO","SAN FRANCISCO",-122.42363739013672,37.805301666259766
9531020,2022,2022-12-21,3801,2022-11-12,0544,488,INGLE,6,5,7,3801,0,0,0,,0,3H11E,"FOLSOM ST","OGDEN AV",97.00,N,N,A,-,N,,,,,,,,,,Y,4,0,1,4,A,-,03,22350,,N,B,E,A,B,H,-,C,D,0,,,,,Y,,D,22,0,0,1,0,0,0,0,0,0,"- ","- ",,,"SAN FRANCISCO","SAN FRANCISCO",-122.41356658935547,37.73614501953125
9531023,2022,2022-12-08,3801,2022-10-31,1520,233,MISSI,1,5,7,3801,0,0,0,,0,03D,"VALENCIA ST","24TH ST",138.00,N,N,A,-,N,,,,,,,,,,N,4,0,1,2,A,-,13,22500,,N,H,E,A,A,H,-,A,D,0,,,,,Y,,I,11,0,0,1,0,0,0,0,0,0,"- ","- ",,,"SAN FRANCISCO","SAN FRANCISCO",-122.42068481445312,37.752487182617188
9531027,2022,2022-12-21,3801,2022-11-03,1935,887,,4,5,7,3801,0,0,0,,0,3E15E,"FILLMORE ST","EDDY ST",0.00,,Y,A,-,N,,,,,,,,,,Y,4,0,1,2,A,-,12,21453,A,F,D,D,A,A,-,-,C,A,0,,,,,Y,,D,23,0,0,1,0,0,0,0,0,0,"- ","- ",,,"SAN FRANCISCO","SAN FRANCISCO",-122.43231964111328,37.781425476074219
9531032,2022,2022-12-21,3801,2022-11-21,0156,740,MISSI,1,5,7,3801,0,0,0,,0,0D5,"MISSION ST","14TH ST",275.00,S,N,A,-,N,,,,,,,,,,Y,2,0,2,2,A,-,01,23153,A,N,C,E,A,A,H,-,C,D,0,,,,Y,Y,Y,A,07,1,1,0,0,0,0,0,0,0,"- ","- ",,,"SAN FRANCISCO","SAN FRANCISCO",-122.41989898681641,37.767536163330078
9531035,2022,2022-12-12,3801,2022-09-20,1606,2286,TRAFF,2,5,7,3801,0,0,0,,0,4B4E,"OCEAN AV","WESTGATE DR",46.00,W,N,A,-,N,,,,,,,,,,N,3,0,1,2,A,-,11,21954,A,N,G,B,D,A,H,-,A,A,0,Y,,,,Y,,N,60,0,1,0,0,1,0,0,0,0,"- ","- ",,,"SAN FRANCISCO","SAN FRANCISCO",-122.46677398681641,37.727294921875
9531181,2022,2022-12-13,3801,2022-09-02,1530,1771,TENDE,5,5,7,3801,0,0,0,,0,3J12D,"EDDY ST","LARKIN ST",0.00,,Y,A,-,N,,,,,,,,,,N,4,0,1,2,A,-,08,22107,,F,A,C,A,A,A,-,A,A,0,,,,,Y,,A,01,0,0,1,0,0,0,0,0,0,"- ","- ",37.783351898193359,-122.41757202148438,"SAN FRANCISCO","SAN FRANCISCO",-122.41751861572266,37.783294677734375
9531183,2022,2022-12-13,3801,2022-09-12,0011,2457,SOUTH,1,5,7,3801,0,0,0,,0,3B13E,"MISSION ST","1ST ST",0.00,,Y,A,-,N,,,,,,,,,,Y,4,0,1,2,A,-,12,21453,A,N,D,C,A,A,H,-,C,A,0,,,Y,,Y,,C,02,0,0,1,0,0,0,0,0,1,"- ","- ",,,"SAN FRANCISCO","SAN FRANCISCO",-122.39756774902344,37.789775848388672
9531189,2022,2022-12-22,3801,2022-11-27,0001,318,INGLE,7,5,7,3801,0,0,0,,0,002,"SAN JOSE AV","30TH ST",0.00,,Y,A,-,N,,,,,,,,,,Y,3,0,1,3,A,-,12,21453,A,N,D,C,A,A,H,-,-,A,0,,,,,Y,,A,07,0,1,0,0,0,0,0,0,0,"- ","- ",,,"SAN FRANCISCO","SAN FRANCISCO",-122.42333984375,37.742301940917969
9531190,2022,2022-12-22,3801,2022-11-26,0036,1574,INGLE,6,5,7,3801,0,0,0,,0,3H15E,"SAN JOSE AV","BADEN ST",0.00,,Y,A,-,N,,,,,,,,,,N,3,0,1,2,A,-,08,22107,,N,E,E,A,A,H,-,C,D,0,,Y,,,Y,Y,L,04,0,1,0,0,0,0,1,0,0,"- ","- ",,,"SAN FRANCISCO","SAN FRANCISCO",-122.43900299072266,37.729621887207031
9531192,2022,2022-12-22,3801,2022-11-20,2034,158,NORTH,7,5,7,3801,0,0,0,,0,3E14D,"GOUGH ST","OAK ST",0.00,,Y,A,-,N,,,,,,,,,,Y,4,0,2,2,A,-,12,21453,A,N,D,C,A,A,H,-,C,A,0,,,,,Y,,A,01,0,0,2,0,0,0,0,0,0,"- ","- ",,,"SAN FRANCISCO","SAN FRANCISCO",-122.42259216308594,37.775016784667969
9531196,2022,2022-12-22,3801,2022-11-05,1841,2355,TARAV,6,5,7,3801,0,0,0,,0,0I3,"32ND AV","JUDAH ST",0.00,,Y,F,-,N,,,,,,,,,,Y,4,0,1,3,A,-,09,21800,A,N,D,C,A,B,H,-,C,A,0,,,,,Y,,A,01,0,0,1,0,0,0,0,0,0,"- ","- ",,,"SAN FRANCISCO","SAN FRANCISCO",-122.49092102050781,37.761085510253906
9531225,2022,2022-12-20,3801,2022-11-20,0149,2708,SOUTH,7,5,7,3801,0,0,0,,0,3B12E,"FOLSOM ST","11TH ST",0.00,,Y,A,-,N,,,,,,,,,,N,4,0,1,2,A,-,01,23152,A,N,B,D,A,A,H,-,C,D,0,,,,,Y,,A,01,0,0,1,0,0,0,0,0,0,"- ","- ",,,"SAN FRANCISCO","SAN FRANCISCO",-122.41400909423828,37.771884918212891
9531229,2022,2022-12-20,3801,2022-11-26,0919,624,NORTH,6,5,7,3801,0,0,0,,0,002,"GEARY BL","SCOTT ST",0.00,,Y,A,-,N,,,,,,,,,,N,3,0,1,2,A,-,12,21453,A,N,D,G,A,A,H,-,A,A,0,,Y,,,Y,,L,04,0,1,0,0,0,0,1,0,0,"- ","- ",,,"SAN FRANCISCO","SAN FRANCISCO",-122.43785095214844,37.783790588378906
9531233,2022,2022-12-20,3801,2022-11-25,1623,654,PARK,5,5,7,3801,0,0,0,,0,3F13D,"HAIGHT ST","BAKER ST",0.00,,Y,A,-,N,,,,,,,,,,N,4,0,2,2,A,-,09,21801,A,N,D,C,A,A,H,-,A,A,0,,,,,Y,,A,01,0,0,2,0,0,0,0,0,0,"- ","- ",,,"SAN FRANCISCO","SAN FRANCISCO",-122.44032287597656,37.770847320556641
9531341,2022,2022-12-19,3801,2022-11-08,1915,577,TARAV,2,5,7,3801,0,0,0,,0,0I6,"GENEVA AV","HOWTH ST",0.00,,Y,C,-,N,,,,,,,,,,Y,3,0,2,2,A,-,09,21801,A,N,D,C,A,B,H,-,C,A,0,,,,,Y,,A,01,0,1,1,0,0,0,0,0,0,"- ","- ",,,"SAN FRANCISCO","SAN FRANCISCO",-122.45011901855469,37.722076416015625
9531343,2022,2022-12-29,3801,2022-11-09,1558,4047,MISSI,3,5,7,3801,0,0,0,,0,3D16D,"DIVISION ST","BRANNAN ST",0.00,,Y,A,-,N,,,,,,,,,,Y,4,0,1,2,-,-,"- ",,,N,D,C,A,A,H,-,A,A,0,,,,,Y,,-,"- ",0,0,1,0,0,0,0,0,0,"- ","- ",,,"SAN FRANCISCO","SAN FRANCISCO",-122.40788269042969,37.769218444824219
9531347,2022,2022-12-19,3801,2022-11-11,1535,2433,SOUTH,5,5,7,3801,0,0,0,,0,3B5D,"2ND ST","STEVENSON ST",0.00,,Y,A,-,N,,,,,,,,,,N,3,0,1,2,A,-,08,22107,,F,G,B,E,A,H,-,A,A,0,Y,,,,Y,,A,07,0,1,0,0,1,0,0,0,0,"- ","- ",,,"SAN FRANCISCO","SAN FRANCISCO",-122.40084075927734,37.788803100585938
9531350,2022,2022-12-19,3801,2022-11-15,1548,4212,PARK,2,5,7,3801,0,0,0,,0,3F12D,"PARNASSUS AV","4TH AV",0.00,,Y,A,-,N,,,,,,,,,,N,3,0,1,2,A,-,10,21950,A,N,G,B,B,A,H,-,A,D,0,Y,,,,Y,,A,01,0,1,0,0,1,0,0,0,0,"- ","- ",,,"SAN FRANCISCO","SAN FRANCISCO",-122.46089935302734,37.762649536132812
9531355,2022,2022-12-19,3801,2022-11-02,2052,1454,NORTH,3,5,7,3801,0,0,0,,0,3E14D,"POLK ST","GEARY ST",0.00,,Y,A,-,N,,,,,,,,,,N,3,0,1,2,A,-,10,21950,A,M,G,B,B,A,H,-,C,A,0,Y,,,,Y,,A,01,0,1,0,0,1,0,0,0,0,"- ","- ",,,"SAN FRANCISCO","SAN FRANCISCO",-122.41973876953125,37.785896301269531
9531358,2022,2022-12-28,3801,2022-11-24,2242,421,CENTR,4,5,7,3801,0,0,0,,0,001,"LEAVENWORT ST","POST ST",0.00,,N,A,-,N,,,,,,,,,,N,3,0,1,2,A,-,10,21950,,F,G,B,B,A,H,-,C,A,0,Y,,,,Y,,A,01,0,1,0,0,1,0,0,0,0,"- ","- ",,,"SAN FRANCISCO","SAN FRANCISCO",-122.41499328613281,37.787452697753906
9531359,2022,2022-12-19,3801,2022-11-25,2126,2089,TENDE,5,5,7,3801,0,0,0,,0,COJ2CA,"CYRIL MAGNIN ST","EDDY ST",0.00,,Y,A,-,N,,,,,,,,,,N,2,0,1,2,A,-,11,21955,,F,G,B,D,A,H,-,C,A,0,Y,,,,Y,,N,60,1,0,0,0,1,0,0,0,0,"- ","- ",,,"SAN FRANCISCO","SAN FRANCISCO",-122.40851593017578,37.784500122070312
9531443,2022,2022-11-21,3801,2022-10-29,0240,1660,SOUTH,6,5,7,3801,0,0,0,,0,3B14E,"3RD ST","BRYANT ST",0.00,,Y,A,-,N,,,,,,,,,,Y,4,0,1,2,A,-,12,21453,A,F,F,C,A,A,H,-,C,A,0,,,,,Y,,A,01,0,0,1,0,0,0,0,0,0,"- ","- ",,,"SAN FRANCISCO","SAN FRANCISCO",-122.39585113525391,37.781307220458984
9531445,2022,2022-11-22,3801,2022-10-28,1915,4115,CENTR,5,5,7,3801,0,0,0,,0,3A15D,"BAY ST","LEAVENWORTH ST",0.00,,Y,A,-,N,,,,,,,,,,N,3,0,1,2,A,-,08,22101,D,N,A,C,A,A,H,-,C,A,0,,,Y,,Y,,A,01,0,1,0,0,0,0,0,0,1,"- ","- ",,,"SAN FRANCISCO","SAN FRANCISCO",-122.41855621337891,37.805030822753906
9531449,2022,2022-11-10,3801,2022-10-28,2020,1389,BAYVI,5,5,7,3801,0,0,0,,0,3C13D,"MENDELL ST","HUDSON AV",0.00,,Y,A,-,N,,,,,,,,,,Y,4,0,4,2,A,-,12,22450,A,N,D,C,A,A,H,-,C,A,0,,,,,Y,,A,01,0,0,4,0,0,0,0,0,0,"- ","- ",,,"SAN FRANCISCO","SAN FRANCISCO",-122.38639831542969,37.738971710205078
9531450,2022,2022-11-14,3801,2022-10-29,0954,4267,TARAV,6,5,7,3801,0,0,0,,0,3I11A,"NORIEGA ST","25TH AV",0.00,,Y,A,-,N,,,,,,,,,,N,3,0,1,2,A,-,10,21950,A,N,G,B,B,-,H,-,A,D,0,Y,,,,Y,,A,01,0,1,0,0,1,0,0,0,0,"- ","- ",,,"SAN FRANCISCO","SAN FRANCISCO",-122.48291778564453,37.753974914550781
9531451,2022,2022-11-16,3801,2022-10-02,1300,4286,RICHM,7,5,7,3801,0,0,0,,0,0G1,"PARK PRESIDIO BL","FULTON ST",15.00,S,N,A,-,N,,,,,,,,,,N,4,0,2,2,A,-,01,23153,A,N,C,C,A,A,H,-,A,A,0,,,,,Y,Y,A,01,0,0,2,0,0,0,0,0,0,"- ","- ",,,"SAN FRANCISCO","SAN FRANCISCO",-122.47177886962891,37.773128509521484
9531452,2022,2022-11-18,3801,2022-10-01,1219,4286,RICHM,6,5,7,3801,0,0,0,,0,0G4,"CALIFORNIA ST","26TH AV",0.00,,Y,A,-,N,,,,,,,,,,N,3,0,1,2,A,-,12,22450,A,N,D,J,A,A,H,-,A,D,0,,,,,Y,,A,01,0,1,0,0,0,0,0,0,0,"- ","- ",,,"SAN FRANCISCO","SAN FRANCISCO",-122.486083984375,37.783828735351562
9531453,2022,2022-11-10,3801,2022-10-04,1044,624,NORTH,2,5,7,3801,0,0,0,,0,002,"DIVISADERO ST","FULTON ST",0.00,,Y,B,-,N,,,,,,,,,,Y,4,0,1,2,A,-,09,21801,A,N,D,C,A,A,H,-,A,A,0,,,Y,,Y,,A,01,0,0,1,0,0,0,0,0,0,"- ","- ",,,"SAN FRANCISCO","SAN FRANCISCO",-122.43816375732422,37.776859283447266
9531457,2022,2022-11-22,3801,2022-10-04,1737,1039,MISSI,2,5,7,3801,0,0,0,,0,003,VALENCIA,"18TH ST",250.00,S,N,A,-,N,,,,,,,,,,N,3,0,1,2,A,-,08,22107,,N,C,G,A,A,H,-,A,D,0,,Y,,,Y,,A,01,0,1,0,0,0,0,1,0,0,"- ","- ",,,"SAN FRANCISCO","SAN FRANCISCO",-122.42149353027344,37.761024475097656
9531459,2022,2022-11-21,3801,2022-10-04,1209,1825,SOUTH,2,5,7,3801,0,0,0,,0,3B2A,"2ND ST","FEDERAL ST",0.00,,Y,A,-,N,,,,,,,,,,N,3,0,2,2,A,-,03,22350,,N,D,B,C,A,H,-,A,D,0,Y,Y,,,Y,,L,04,0,2,0,0,1,0,1,0,0,"- ","- ",,,"SAN FRANCISCO","SAN FRANCISCO",-122.39308166503906,37.782646179199219
9531521,2022,2022-11-22,3801,2022-07-20,1830,1810,MISSI,3,5,7,3801,0,0,0,,0,3D14D,"21ST ST","MISSION ST",0.00,,Y,F,-,N,,,,,,,,,,N,2,0,1,2,A,-,17,22517,,N,H,G,A,-,G,-,-,-,0,,Y,,,Y,,A,07,1,0,0,0,0,0,1,0,0,"- ","- ",,,"SAN FRANCISCO","SAN FRANCISCO",-122.41891479492188,37.757015228271484
9531526,2022,2022-11-22,3801,2022-07-26,1830,469,MISSI,2,5,7,3801,0,0,0,,0,3D14D,"CESAR CHAVEZ","BRYANT ST",0.00,,Y,A,-,N,,,,,,,,,,N,3,0,1,2,A,-,08,22107,,N,B,G,A,A,H,-,A,A,0,,Y,,,Y,,A,01,0,1,0,0,0,0,1,0,0,"- ","- ",,,"SAN FRANCISCO","SAN FRANCISCO",-122.40872192382812,37.748401641845703
9531541,2022,2022-11-17,3801,2022-10-23,0836,1388,TARAV,7,5,7,3801,0,0,0,,0,3I15A,"VICENTE ST","14TH AV",0.00,,Y,A,-,N,,,,,,,,,,,4,0,1,2,A,-,09,21800,A,N,-,C,A,A,H,-,A,A,0,,,,,Y,,A,01,0,0,1,0,0,0,0,0,0,"- ","- ",,,"SAN FRANCISCO","SAN FRANCISCO",-122.46997833251953,37.739536285400391
9531543,2022,2022-11-07,3801,2022-08-07,1457,1355,TARAV,7,5,7,3801,0,0,0,,0,3I13B,"SKYLINE BL","LAKE MERCED BL",0.00,,Y,A,-,N,,,,,,,,,,Y,2,0,2,3,A,-,09,21801,A,N,D,C,A,A,H,-,A,D,0,,,,,Y,,A,01,1,0,1,0,0,0,0,0,0,"- ","- ",,,"SAN FRANCISCO","SAN FRANCISCO",-122.49894714355469,37.731536865234375
9531546,2022,2022-11-21,3801,2022-08-04,0115,2237,TENDE,4,5,7,3801,0,0,0,,0,3J12E,"MARKET ST","CYRIL MAGNIN ST",0.00,,Y,A,-,N,,,,,,,,,,N,3,0,3,4,A,-,08,22107,,N,D,J,A,A,H,-,C,A,0,,,,,Y,,A,01,0,2,1,0,0,0,0,0,0,"- ","- ",,,"SAN FRANCISCO","SAN FRANCISCO",-122.40805816650391,37.78399658203125
9531551,2022,2022-11-07,3801,2022-08-08,1552,1427,TENDE,1,5,7,3801,0,0,0,,0,3J11D,"8TH ST","STEVENSON ALLEY",15.00,E,N,A,-,N,,,,,,,,,,N,4,0,1,2,A,-,11,21950,B,N,A,B,D,A,H,-,A,D,0,Y,,,,Y,,N,60,0,0,1,0,1,0,0,0,0,"- ","- ",,,"SAN FRANCISCO","SAN FRANCISCO",-122.41411590576172,37.778221130371094
9531558,2022,2022-11-15,3801,2022-06-20,0927,4277,BAYVI,1,5,7,3801,0,0,0,,0,3C00,"25TH ST","MINNESOTA ST",0.00,,Y,A,-,N,,,,,,,,,,N,4,0,1,2,A,-,12,22450,A,N,D,C,A,A,H,-,A,A,0,,,,,Y,,A,01,0,0,1,0,0,0,0,0,0,"- ","- ",,,"SAN FRANCISCO","SAN FRANCISCO",-122.38973999023438,37.752731323242188
9531652,2022,2022-11-21,3801,2022-10-12,0307,2188,BAYVI,3,5,7,3801,0,0,0,,0,3C11E,"PENNSYLVANIA AV","CESAR CHAVEZ ST",3.00,N,N,A,-,N,,,,,,,,,,Y,4,0,4,2,A,-,00,22530,,F,C,C,A,A,H,-,C,-,0,,,,,Y,Y,-,99,0,0,4,0,0,0,0,0,0,"- ","- ",,,"SAN FRANCISCO","SAN FRANCISCO",-122.39241790771484,37.750057220458984
9531769,2022,2022-11-14,3801,2022-10-18,1709,1520,BAYVI,2,5,7,3801,0,0,0,,0,,"CARROLL AV","PHELPS ST",0.00,,Y,A,-,N,,,,,,,,,,Y,4,0,1,2,A,-,12,22450,A,N,D,C,A,A,H,-,A,A,0,,,,,Y,,A,01,0,0,1,0,0,0,0,0,0,"- ","- ",,,"SAN FRANCISCO","SAN FRANCISCO",-122.40085601806641,37.72918701171875
9531773,2022,2022-11-14,3801,2022-10-22,1601,312,TARAV,6,5,7,3801,0,0,0,,0,6CAR,"ST CHARLENS ST","BELLE AV",0.00,,Y,A,-,N,,,,,,,,,,Y,3,0,2,2,A,-,03,22350,,N,A,I,F,A,H,-,A,D,0,Y,,,,Y,,A,01,0,1,1,0,1,0,0,0,0,"- ","- ",,,"SAN FRANCISCO","SAN FRANCISCO",-122.46929168701172,37.708667755126953
9531775,2022,2022-11-10,3801,2022-10-23,2058,1133,CENTR,7,5,7,3801,0,0,0,,0,0A3,"UNION ST","MASON ST",0.00,,Y,A,-,N,,,,,,,,,,N,3,0,1,1,A,-,03,22350,,F,F,A,A,A,-,-,C,A,0,,,Y,,Y,,C,03,0,1,0,0,0,0,0,0,1,"- ","- ",,,"SAN FRANCISCO","SAN FRANCISCO",-122.41246795654297,37.800018310546875
9531778,2022,2022-11-30,3801,2022-10-21,1342,A20952,INGLE,5,5,7,3801,0,0,0,,0,2CAR,"30TH ST","SANCHEZ ST",0.00,,Y,B,-,N,,,,,,,,,,N,4,0,1,2,A,-,17,21235,G,N,B,C,A,A,H,-,A,A,0,,,,,Y,Y,M,94,0,0,1,0,0,0,0,0,0,"- ","- ",,,"SAN FRANCISCO","SAN FRANCISCO",-122.42888641357422,37.741939544677734
9531869,2022,2022-11-16,3801,2022-06-22,1440,2485,CENTR,3,5,7,3801,0,0,0,,0,SOUTHE,"BRYANT ST","5TH ST",0.00,,Y,A,-,N,,,,,,,,,,N,3,0,1,2,A,-,11,21954,A,M,G,B,E,A,H,-,A,A,0,Y,,,,Y,,N,60,0,1,0,0,1,0,0,0,0,"- ","- ",,,"SAN FRANCISCO","SAN FRANCISCO",-122.40029144287109,37.777797698974609
9531875,2022,2022-11-16,3801,2022-06-24,0900,1273,CENTR,5,5,7,3801,0,0,0,,0,3A11A,"TAYLOR ST","POST ST",0.00,,Y,A,-,N,,,,,,,,,,N,4,0,1,2,A,-,10,21950,A,N,G,B,B,A,H,-,A,A,0,Y,,,,Y,,A,01,0,0,1,0,1,0,0,0,0,"- ","- ",,,"SAN FRANCISCO","SAN FRANCISCO",-122.41169738769531,37.787860870361328
9531895,2022,2022-11-21,3801,2022-09-27,1710,790,RICHM,2,5,7,3801,0,0,0,,0,004,"CLEMENT ST","29TH AV",0.00,,Y,A,-,N,,,,,,,,,,N,4,0,1,2,A,-,10,21950,,N,G,B,B,-,H,-,A,A,0,Y,,,,Y,,A,07,0,0,1,0,1,0,0,0,0,"- ","- ",,,"SAN FRANCISCO","SAN FRANCISCO",-122.48914337158203,37.781810760498047
9531969,2022,2022-11-30,3801,2022-10-03,0949,2202,INGLE,1,5,7,3801,0,0,0,,0,3H14A,"MISSION ST","PERSIA AV",0.00,,Y,A,-,N,,,,,,,,,,N,3,0,1,2,A,-,11,21453,D,N,G,B,B,A,H,-,A,A,0,Y,,,Y,Y,,N,60,0,1,0,0,1,0,0,0,0,"- ","- ",,,"SAN FRANCISCO","SAN FRANCISCO",-122.43596649169922,37.723140716552734
9532079,2022,2022-11-17,3801,2022-10-25,0859,796,NORTH,2,5,7,3801,0,0,0,,0,3E15A,"DIVISADERO ST","GREENWICH ST",0.00,,Y,A,-,N,,,,,,,,,,N,4,0,1,2,A,-,09,21800,A,N,D,G,A,A,H,-,A,A,0,,Y,,,Y,,A,01,0,0,1,0,0,0,1,0,0,"- ","- ",,,"SAN FRANCISCO","SAN FRANCISCO",-122.44245910644531,37.798110961914062
9532087,2022,2022-11-22,3801,2022-10-21,1945,1848,PARK,5,5,7,3801,0,0,0,,0,03F,"ANZA ST","COLLINS ST",0.00,,Y,A,-,N,,,,,,,,,,N,4,0,1,2,A,-,06,21750,A,N,B,C,A,A,H,-,C,A,0,,,Y,,Y,,C,02,0,0,1,0,0,0,0,0,1,"- ","- ",,,"SAN FRANCISCO","SAN FRANCISCO",-122.44981384277344,37.780757904052734
9532089,2022,2022-11-22,3801,2022-10-03,1050,2202,INGLE,1,5,7,3801,0,0,0,,0,3F14A,"GENEVA AV","NAPLES ST",0.00,,Y,A,-,N,,,,,,,,,,N,4,0,1,2,A,-,03,22350,,N,D,G,A,A,H,-,A,A,0,,Y,,,Y,,L,04,0,0,1,0,0,0,1,0,0,"- ","- ",,,"SAN FRANCISCO","SAN FRANCISCO",-122.43618774414062,37.714210510253906