CASE_ID,ACCIDENT_YEAR,PROC_DATE,JURIS,COLLISION_DATE,COLLISION_TIME,OFFICER_ID,REPORTING_DISTRICT,DAY_OF_WEEK,CHP_SHIFT,POPULATION,CNTY_CITY_LOC,SPECIAL_COND,BEAT_TYPE,CHP_BEAT_TYPE,CITY_DIVISION_LAPD,CHP_BEAT_CLASS,BEAT_NUMBER,PRIMARY_RD,SECONDARY_RD,DISTANCE,DIRECTION,INTERSECTION,WEATHER_1,WEATHER_2,STATE_HWY_IND,CALTRANS_COUNTY,CALTRANS_DISTRICT,STATE_ROUTE,ROUTE_SUFFIX,POSTMILE_PREFIX,POSTMILE,LOCATION_TYPE,RAMP_INTERSECTION,SIDE_OF_HWY,TOW_AWAY,COLLISION_SEVERITY,NUMBER_KILLED,NUMBER_INJURED,PARTY_COUNT,PRIMARY_COLL_FACTOR,PCF_CODE_OF_VIOL,PCF_VIOL_CATEGORY,PCF_VIOLATION,PCF_VIOL_SUBSECTION,HIT_AND_RUN,TYPE_OF_COLLISION,MVIW,PED_ACTION,ROAD_SURFACE,ROAD_COND_1,ROAD_COND_2,LIGHTING,CONTROL_DEVICE,CHP_ROAD_TYPE,PEDESTRIAN_ACCIDENT,BICYCLE_ACCIDENT,MOTORCYCLE_ACCIDENT,TRUCK_ACCIDENT,NOT_PRIVATE_PROPERTY,ALCOHOL_INVOLVED,STWD_VEHTYPE_AT_FAULT,CHP_VEHTYPE_AT_FAULT,COUNT_SEVERE_INJ,COUNT_VISIBLE_INJ,COUNT_COMPLAINT_PAIN,COUNT_PED_KILLED,COUNT_PED_INJURED,COUNT_BICYCLIST_KILLED,COUNT_BICYCLIST_INJURED,COUNT_MC_KILLED,COUNT_MC_INJURED,PRIMARY_RAMP,SECONDARY_RAMP,LATITUDE,LONGITUDE,COUNTY,CITY,POINT_X,POINT_Y
9532107,2022,2022-11-21,3801,2022-05-17,0841,1325,TENDE,2,5,7,3801,0,0,0,,0,3J90A,"7TH ST","MARKET ST",0.00,,Y,A,-,N,,,,,,,,,,N,3,0,1,3,A,-,17,22517,,N,B,G,A,A,H,-,A,D,0,,Y,,,Y,,A,01,0,1,0,0,0,0,1,0,0,"- ","- ",,,"SAN FRANCISCO","SAN FRANCISCO",-122.41251373291016,37.780479431152344
9532108,2022,2022-11-15,3801,2022-05-17,0104,2303,PARK,2,5,7,3801,0,0,0,,0,1CAR,"LINCOLN WY","3RD AV",0.00,,Y,A,-,N,,,,,,,,,,Y,2,0,1,1,A,-,03,22350,,N,A,I,A,A,H,-,C,D,0,,,,,Y,,A,01,1,0,0,0,0,0,0,0,0,"- ","- ",,,"SAN FRANCISCO","SAN FRANCISCO",-122.45993041992188,37.766170501708984
9532111,2022,2022-11-22,3801,2022-05-06,0718,2713,TARAV,5,5,7,3801,0,0,0,,0,6CAR,"GENEVA AV","RT 280",0.00,,Y,B,-,Y,SF,4,280,-,R,1.557,R,4,S,N,4,0,1,2,A,-,10,21950,C,F,G,B,B,A,H,-,A,A,0,Y,,,,Y,,A,01,0,0,1,0,1,0,0,0,0,"- ","- ",,,"SAN FRANCISCO","SAN FRANCISCO",-122.44840240478516,37.719928741455078
9532112,2022,2022-11-22,3801,2022-05-15,1336,837,CENTR,7,5,7,3801,0,0,0,,0,3A13C,"KEARNY ST","SACRAMENTO ST",0.00,,Y,A,-,N,,,,,,,,,,N,4,0,1,2,A,-,08,22100,B,N,D,C,A,A,H,-,A,A,0,,,,,Y,,A,01,0,0,1,0,0,0,0,0,0,"- ","- ",,,"SAN FRANCISCO","SAN FRANCISCO",-122.40458679199219,37.793601989746094
9534806,2022,2023-02-01,3801,2022-12-08,0843,1296,INGLE,4,5,7,3801,0,0,0,,0,2H16A,"VISITACION AV","HAHN ST",27.00,E,N,A,-,N,,,,,,,,,,Y,4,0,1,2,A,-,03,22350,,N,C,D,A,A,H,-,A,D,0,,,,,Y,,A,07,0,0,1,0,0,0,0,0,0,"- ","- ",,,"SAN FRANCISCO","SAN FRANCISCO",-122.41522216796875,37.713497161865234
9535001,2022,2023-01-17,3801,2022-11-12,1033,1653,INGLE,6,5,7,3801,0,0,0,,0,3H15A,"GENEVA AV","PRAGUE ST",0.00,,Y,A,-,N,,,,,,,,,,Y,3,0,2,2,A,-,12,21453,A,N,A,C,A,A,H,-,A,A,0,,,,,Y,,A,01,0,1,1,0,0,0,0,0,0,"- ","- ",,,"SAN FRANCISCO","SAN FRANCISCO",-122.43196105957031,37.712779998779297
9536057,2022,2022-12-28,3801,2022-11-13,1604,1420,INGLE,7,5,7,3801,0,0,0,,0,3H11D,"MISSION ST","ADMIRAL AV",0.00,,Y,A,-,N,,,,,,,,,,Y,2,0,2,2,A,-,09,21801,A,N,D,C,A,A,H,-,A,D,0,,,,,Y,Y,A,01,1,0,1,0,0,0,0,0,0,"- ","- ",,,"SAN FRANCISCO","SAN FRANCISCO",-122.43015289306641,37.729862213134766
9538608,2022,2023-01-04,3801,2022-06-20,2101,1602,MISSI,1,5,7,3801,0,0,0,,0,901,"MARKET ST","ROMAIN ST",108.00,N,N,A,-,N,,,,,,,,,,Y,4,0,4,3,A,-,03,22350,,N,C,E,A,A,H,-,B,A,0,,,,,Y,,A,01,0,0,4,0,0,0,0,0,0,"- ","- ",,,"SAN FRANCISCO","SAN FRANCISCO",-122.44129180908203,37.756435394287109
9538649,2022,2023-01-10,3801,2022-07-26,1405,1325,TENDE,2,5,7,3801,0,0,0,,0,3J90C,"JONES ST","ELLIS ST",0.00,,Y,A,-,N,,,,,,,,,,N,3,0,1,2,A,-,09,21801,,N,D,J,A,A,H,-,A,A,0,,,,,Y,,M,95,0,1,0,0,0,0,0,0,0,"- ","- ",,,"SAN FRANCISCO","SAN FRANCISCO",-122.41278076171875,37.784896850585938
9538654,2022,2023-01-24,3801,2022-07-05,2110,4103,MISSI,2,5,7,3801,0,0,0,,0,901,"FOLSOM ST","NORTHEAST CORNER OF 25TH ST",0.00,,N,A,-,N,,,,,,,,,,N,4,0,1,2,A,-,08,22102,,N,B,-,A,A,-,-,C,D,0,,,Y,,Y,,-,,0,0,1,0,0,0,0,0,1,"- ","- ",,,"SAN FRANCISCO","SAN FRANCISCO",-122.4139404296875,37.750923156738281
9542760,2022,2023-02-27,3801,2022-12-16,0700,1418,TARAV,5,5,7,3801,0,0,0,,0,,"LINCOLN WY","25TH AV",42.00,E,N,A,-,N,,,,,,,,,,N,4,0,2,2,A,-,03,22350,,M,C,C,A,A,H,-,C,A,0,,,,,Y,,D,22,0,0,2,0,0,0,0,0,0,"- ","- ",,,"SAN FRANCISCO","SAN FRANCISCO",-122.48352813720703,37.765167236328125
9543018,2022,2023-01-10,3801,2022-09-26,1626,A09968,PARK,1,5,7,3801,0,0,0,,0,3F13D,"HAYES ST","BAKER ST",0.00,,Y,A,-,N,,,,,,,,,,N,3,0,1,2,A,-,10,21950,A,N,-,B,B,A,H,-,A,A,0,Y,,,,Y,,A,01,0,1,0,0,1,0,0,0,0,"- ","- ",,,"SAN FRANCISCO","SAN FRANCISCO",-122.44110870361328,37.774555206298828
9543083,2022,2023-02-08,3801,2022-12-27,0933,2039,TARAV,2,5,7,3801,0,0,0,,0,005,"JUNIPERO SERRA BL","OCEAN AV",0.00,,Y,C,-,N,,,,,,,,,,Y,4,0,5,3,A,-,09,21453,C,N,D,C,A,B,H,-,A,A,0,,,,,Y,,A,01,0,0,5,0,0,0,0,0,0,"- ","- ",,,"SAN FRANCISCO","SAN FRANCISCO",-122.47213745117188,37.731204986572266
9543084,2022,2023-02-08,3801,2022-12-27,1310,1917,TARAV,2,5,7,3801,0,0,0,,0,3I16A,"OCEAN AV","PLYMOUTH AV",25.00,E,N,C,-,N,,,,,,,,,,N,4,0,1,2,A,-,03,22350,,N,C,C,A,B,H,-,A,A,0,,,,,Y,,A,01,0,0,1,0,0,0,0,0,0,"- ","- ",,,"SAN FRANCISCO","SAN FRANCISCO",-122.45645904541016,37.723960876464844
9543086,2022,2023-02-08,3801,2022-12-29,1654,2342,NORTH,4,5,7,3801,0,0,0,,0,3E4D,"POLK ST","MCALLISTER ST",0.00,,Y,C,-,N,,,,,,,,,,N,4,0,1,2,A,-,10,21950,A,N,D,B,B,B,H,-,C,D,0,Y,,,,Y,,A,01,0,0,1,0,1,0,0,0,0,"- ","- ",,,"SAN FRANCISCO","SAN FRANCISCO",-122.41860198974609,37.7802734375
9543090,2022,2023-02-09,3801,2022-12-25,1917,539,NORTH,7,5,7,3801,0,0,0,,0,,"FRANKLIN ST","OAK ST",38.00,S,N,A,-,N,,,,,,,,,,N,4,0,1,2,A,-,04,21703,,N,C,C,A,-,H,-,C,B,0,,,,,Y,,A,01,0,0,1,0,0,0,0,0,0,"- ","- ",,,"SAN FRANCISCO","SAN FRANCISCO",-122.42092895507812,37.775108337402344
9543095,2022,2023-02-07,3801,2022-12-19,0744,1003,INGLE,1,5,7,3801,0,0,0,,0,3CAR,"ALEMANY BL","CONGDON ST",0.00,,Y,A,-,N,,,,,,,,,,Y,3,0,1,3,A,-,09,21801,A,N,D,C,A,A,H,-,A,A,0,,,Y,,Y,,A,01,0,1,0,0,0,0,0,0,1,"- ","- ",,,"SAN FRANCISCO","SAN FRANCISCO",-122.42619323730469,37.731166839599609
9543097,2022,2023-02-07,3801,2022-12-22,1602,1845,TARAV,4,5,7,3801,0,0,0,,0,03I,"PORTOLA DR","SANTA ANA AV",0.00,,Y,A,-,N,,,,,,,,,,N,3,0,1,2,A,-,09,21801,A,N,D,C,A,A,H,-,A,A,0,,,,,Y,,A,01,0,1,0,0,0,0,0,0,0,"- ","- ",,,"SAN FRANCISCO","SAN FRANCISCO",-122.46833038330078,37.737415313720703
9543098,2022,2023-02-07,3801,2022-12-21,1547,1897,INGLE,3,5,7,3801,0,0,0,,0,3H15D,"HEARST AV","HEARST AV 30",0.00,,-,A,-,N,,,,,,,,,,Y,3,0,1,1,A,-,01,23152,A,N,E,I,A,A,H,-,A,D,0,,,,,Y,Y,A,01,0,1,0,0,0,0,0,0,0,"- ","- ",,,"SAN FRANCISCO","SAN FRANCISCO",,
9543100,2022,2023-02-07,3801,2022-12-14,1715,2143,MISSI,3,5,7,3801,0,0,0,,0,3D11D,"18TH ST","18TH ST 3320",0.00,,-,A,-,N,,,,,,,,,,N,3,0,2,1,C,-,18,,,N,H,A,A,-,H,-,B,D,0,,Y,,,Y,Y,-,"- ",0,1,1,0,0,0,2,0,0,"- ","- ",,,"SAN FRANCISCO","SAN FRANCISCO",,
9543101,2022,2023-02-07,3801,2022-12-17,1613,1183,MISSI,6,5,7,3801,0,0,0,,0,3D114,"18TH ST","S VAN NESS AV",0.00,,Y,A,-,N,,,,,,,,,,N,4,0,1,2,A,-,10,21950,A,F,G,B,B,A,H,-,A,A,0,Y,,,,Y,,A,01,0,0,1,0,1,0,0,0,0,"- ","- ",,,"SAN FRANCISCO","SAN FRANCISCO",-122.41719818115234,37.761947631835938
9543102,2022,2023-02-07,3801,2022-12-17,2500,2035,MISSI,6,5,7,3801,0,0,0,,0,3D16E,"MARKET ST","ROMAIN ST",34.00,N,N,A,-,N,,,,,,,,,,Y,2,0,1,1,A,-,03,22350,,N,-,I,A,A,H,-,C,D,0,,,,,Y,,A,07,1,0,0,0,0,0,0,0,0,"- ","- ",,,"SAN FRANCISCO","SAN FRANCISCO",-122.44112396240234,37.756282806396484
9543106,2022,2023-02-07,3801,2022-12-23,1316,830,MISSI,5,5,7,3801,0,0,0,,0,3D2C,"CLIPPER ST","CASTRO ST",0.00,,Y,A,-,N,,,,,,,,,,N,4,0,1,2,A,-,09,21800,B,N,D,C,A,A,H,-,A,A,0,,,,,Y,,A,01,0,0,1,0,0,0,0,0,0,"- ","- ",,,"SAN FRANCISCO","SAN FRANCISCO",-122.433837890625,37.748897552490234
9543108,2022,2023-02-07,3801,2022-12-25,1603,327,MISSI,7,5,7,3801,0,0,0,,0,3D14C,"24TH ST","SHOTWELL ST",0.00,,Y,A,-,N,,,,,,,,,,N,3,0,1,2,A,-,01,21200,5,F,B,C,A,A,H,-,A,A,0,,Y,,,Y,Y,L,04,0,1,0,0,0,0,1,0,0,"- ","- ",,,"SAN FRANCISCO","SAN FRANCISCO",-122.41517639160156,37.752452850341797
9543109,2022,2023-02-07,3801,2022-12-19,2257,1602,MISSI,1,5,7,3801,0,0,0,,0,SECTOR,"VALENCIA ST","DUBOCE AV",0.00,,Y,A,-,N,,,,,,,,,,N,3,0,1,2,A,-,12,21453,A,N,D,C,A,A,H,-,C,A,0,,,,,Y,,-,,0,1,0,0,0,0,0,0,0,"- ","- ",,,"SAN FRANCISCO","SAN FRANCISCO",-122.42236328125,37.769866943359375
9543110,2022,2023-02-07,3801,2022-12-25,2200,610,MISSI,7,5,7,3801,0,0,0,,0,3D41A,"24TH ST","TREAT AV",0.00,,Y,A,-,N,,,,,,,,,,N,4,0,2,2,A,-,12,22450,A,F,A,C,A,A,H,-,C,A,0,,,,,Y,,A,01,0,0,2,0,0,0,0,0,0,"- ","- ",,,"SAN FRANCISCO","SAN FRANCISCO",-122.41299438476562,37.752571105957031
9543111,2022,2023-02-07,3801,2022-12-21,1439,327,MISSI,3,5,7,3801,0,0,0,,0,3D15C,"POTRERO AV","17TH ST",64.00,N,N,A,-,N,,,,,,,,,,N,4,0,1,2,A,-,11,21955,,N,A,B,D,A,H,-,A,D,0,Y,,,,Y,,N,60,0,0,1,0,1,0,0,0,0,"- ","- ",,,"SAN FRANCISCO","SAN FRANCISCO",-122.40744781494141,37.764663696289062
9543112,2022,2023-02-07,3801,2022-12-21,1620,2390,MISSI,3,5,7,3801,0,0,0,,0,3D14D,"18TH ST","LEXINGTON ST",86.00,E,N,A,-,N,,,,,,,,,,N,3,0,1,2,A,-,17,22517,,N,H,G,A,A,H,-,A,D,0,,Y,,,Y,,A,01,0,1,0,0,0,0,1,0,0,"- ","- ",,,"SAN FRANCISCO","SAN FRANCISCO",-122.42048645019531,37.761768341064453
9543116,2022,2023-02-07,3801,2022-12-28,2122,1104,CENTR,3,5,7,3801,0,0,0,,0,3A11E,"LARKIN ST","SUTTER ST",0.00,,Y,B,-,N,,,,,,,,,,N,4,0,1,2,D,-,00,,,N,D,B,B,A,H,-,C,A,0,Y,,,,Y,,-,"- ",0,0,1,0,1,0,0,0,0,"- ","- ",,,"SAN FRANCISCO","SAN FRANCISCO",-122.41846466064453,37.787967681884766
9543120,2022,2023-02-07,3801,2022-12-21,1532,1637,SOUTH,3,5,7,3801,0,0,0,,0,3B12D,"BRADFORD ST","STERLING ST",0.00,,Y,A,-,N,,,,,,,,,,N,4,0,1,2,A,-,08,22107,,N,C,C,A,A,H,-,A,A,0,,,,,Y,,-,,0,0,1,0,0,0,0,0,0,"- ","- ",,,"SAN FRANCISCO","SAN FRANCISCO",,
9543121,2022,2023-02-14,3801,2022-12-11,2500,,INGLE,7,5,7,3801,0,0,0,,0,3H15D,"MISSION ST","SICKLES ST",0.00,,Y,C,-,N,,,,,,,,,,Y,4,0,4,2,A,-,08,22107,,N,B,C,A,B,H,-,C,A,0,,,,,Y,Y,A,01,0,0,4,0,0,0,0,0,0,"- ","- ",,,"SAN FRANCISCO","SAN FRANCISCO",-122.4527587890625,37.70880126953125
9543143,2022,2023-02-08,3801,2022-12-10,0413,2457,SOUTH,6,5,7,3801,0,0,0,,0,3B11E,"1ST ST",MISSION,0.00,,Y,A,-,N,,,,,,,,,,Y,4,0,3,2,A,-,12,21453,A,N,D,C,A,B,H,-,C,A,0,,,,,Y,,A,01,0,0,3,0,0,0,0,0,0,"- ","- ",,,"SAN FRANCISCO","SAN FRANCISCO",-122.39756774902344,37.789775848388672
9543144,2022,2023-02-08,3801,2022-12-09,1738,2149,SOUTH,5,5,7,3801,0,0,0,,0,,"7TH ST","HOWARD ST",200.00,S,N,A,-,N,,,,,,,,,,N,3,0,1,2,A,-,11,21954,A,N,G,B,D,A,H,-,C,D,0,Y,,,,Y,,N,60,0,1,0,0,1,0,0,0,0,"- ","- ",,,"SAN FRANCISCO","SAN FRANCISCO",-122.40890502929688,37.777595520019531
9543145,2022,2023-02-08,3801,2022-12-07,2304,2035,MISSI,3,5,7,3801,0,0,0,,0,,"HARRISON ST","MARIPOSA ST",104.00,S,N,A,-,N,,,,,,,,,,N,2,0,1,2,A,-,09,21804,,N,D,G,A,A,H,-,C,D,0,,Y,,,Y,,L,04,1,0,0,0,0,0,1,0,0,"- ","- ",,,"SAN FRANCISCO","SAN FRANCISCO",-122.41287231445312,37.762615203857422
9543147,2022,2023-02-08,3801,2022-12-10,2040,1527,NORTH,6,5,7,3801,0,0,0,,0,0E5,"FILBERT ST","GOUGH ST",0.00,,Y,C,-,N,,,,,,,,,,N,4,0,2,3,A,-,10,21950,A,N,G,B,B,B,H,-,C,A,0,Y,,,,Y,Y,A,01,0,0,2,0,2,0,0,0,0,"- ","- ",,,"SAN FRANCISCO","SAN FRANCISCO",-122.42745971679688,37.799072265625
9543150,2022,2023-02-08,3801,2022-12-04,1239,2196,MISSI,7,5,7,3801,0,0,0,,0,3D1A,"CASTRO ST","18TH ST",240.00,N,N,A,-,N,,,,,,,,,,N,4,0,1,2,A,-,03,22350,,N,H,C,A,A,H,-,A,D,0,,,Y,,Y,,C,03,0,0,1,0,0,0,0,0,1,"- ","- ",,,"SAN FRANCISCO","SAN FRANCISCO",-122.43506622314453,37.761547088623047
9543151,2022,2023-02-08,3801,2022-12-09,2000,2268,INGLE,5,5,7,3801,0,0,0,,0,3H14C,"SUTTER ST","SUTTER ST 840",0.00,,N,C,-,N,,,,,,,,,,N,3,0,1,2,A,-,08,22107,,F,B,C,A,B,H,-,C,D,0,,,Y,,Y,,A,01,0,1,0,0,0,0,0,0,1,"- ","- ",,,"SAN FRANCISCO","SAN FRANCISCO",-116.98536682128906,34.421840667724609
9543156,2022,2023-02-08,3801,2022-12-13,2500,746,INGLE,2,5,7,3801,0,0,0,,0,3H61,"MISSION ST","GENEVA AV",0.00,,Y,A,-,N,,,,,,,,,,Y,3,0,2,2,A,-,09,21801,,N,-,C,A,A,H,-,C,A,0,,,Y,,Y,,A,07,0,1,1,0,0,0,0,0,2,"- ","- ",,,"SAN FRANCISCO","SAN FRANCISCO",-122.44100189208984,37.716388702392578
9543158,2022,2023-02-08,3801,2022-12-13,0718,1003,INGLE,2,5,7,3801,0,0,0,,0,3CAR,"MISSION ST","MISSION ST 4071",0.00,,-,A,-,N,,,,,,,,,,Y,4,0,1,2,A,-,05,21460,A,N,D,C,A,A,H,-,A,D,0,,,,,Y,,A,01,0,0,1,0,0,0,0,0,0,"- ","- ",,,"SAN FRANCISCO","SAN FRANCISCO",-122.41979217529297,37.7705078125
9543163,2022,2023-02-02,3801,2022-12-03,0007,1857,NORTH,6,5,7,3801,0,0,0,,0,3E12E,"LAGUNA ST","OAK ST",0.00,,Y,A,-,N,,,,,,,,,,Y,3,0,2,3,A,-,12,21453,A,N,D,C,A,A,H,-,C,A,0,,,,,Y,,-,"- ",0,1,1,0,0,0,0,0,0,"- ","- ",,,"SAN FRANCISCO","SAN FRANCISCO",-122.42588043212891,37.774600982666016
9543164,2022,2023-02-02,3801,2022-12-06,1755,1160,SOUTH,2,5,7,3801,0,0,0,,0,0B1,"MISSION ST","STEUART ST",105.00,W,N,A,-,N,,,,,,,,,,Y,4,0,1,2,A,-,08,22102,,N,B,C,A,A,H,-,C,D,0,,,Y,,Y,,A,01,0,0,1,0,0,0,0,0,1,"- ","- ",,,"SAN FRANCISCO","SAN FRANCISCO",-122.39344787597656,37.793045043945312
9543165,2022,2023-02-02,3801,2022-12-07,2230,1466,SOUTH,3,5,7,3801,0,0,0,,0,0B5,"CONNECTICUT ST","17TH ST",0.00,,Y,A,-,N,,,,,,,,,,N,4,0,1,2,D,-,00,,,N,G,B,B,A,H,-,C,A,0,Y,,,,Y,Y,-,"- ",0,0,1,0,1,0,0,0,0,"- ","- ",,,"SAN FRANCISCO","SAN FRANCISCO",-122.39775085449219,37.765071868896484
9543173,2022,2023-02-02,3801,2022-12-05,0935,1339,NORTH,1,5,7,3801,0,0,0,,0,,"LAGUNA ST","ELLIS ST",0.00,,Y,A,-,N,,,,,,,,,,N,4,0,2,4,A,-,10,21950,A,F,A,B,B,A,H,-,A,A,0,Y,,,,Y,,A,01,0,0,2,0,2,0,0,0,0,"- ","- ",,,"SAN FRANCISCO","SAN FRANCISCO",-122.42758178710938,37.782981872558594
9543174,2022,2023-02-02,3801,2022-12-05,2308,488,INGLE,1,5,7,3801,0,0,0,,0,3H15E,"S HILL BL","PRAGUE ST",0.00,,Y,C,-,N,,,,,,,,,,N,2,0,1,2,A,-,10,21950,A,N,G,B,B,B,H,-,C,A,0,Y,,,,Y,Y,A,01,1,0,0,0,1,0,0,0,0,"- ","- ",,,"SAN FRANCISCO","SAN FRANCISCO",-122.43231201171875,37.712230682373047
9543175,2022,2023-02-02,3801,2022-12-02,0800,1015,PARK,5,5,7,3801,0,0,0,,0,2CAR,"17TH ST","MARS ST",0.00,,Y,A,-,N,,,,,,,,,,N,4,0,1,2,A,-,09,21804,A,N,D,G,A,B,H,-,A,A,0,,Y,,,Y,,A,01,0,0,1,0,0,0,1,0,0,"- ","- ",,,"SAN FRANCISCO","SAN FRANCISCO",-122.44429779052734,37.761928558349609
9543177,2022,2023-02-02,3801,2022-12-11,2003,260,SOUTH,7,5,7,3801,0,0,0,,0,3B13D,"BRYANT ST","9TH ST",0.00,,Y,B,C,N,,,,,,,,,,N,4,0,1,2,A,-,08,22100,B,N,D,C,A,B,H,-,C,A,0,,,,,Y,,A,07,0,0,1,0,0,0,0,0,0,"- ","- ",,,"SAN FRANCISCO","SAN FRANCISCO",-122.40853118896484,37.771289825439453
9543183,2022,2023-02-04,3801,2022-12-03,1851,1858,BAYVI,6,5,7,3801,0,0,0,,0,3C13D,"INGALLS ST","ARMSTRONG AV",52.00,S,N,C,-,N,,,,,,,,,,Y,4,0,1,1,A,-,03,22350,,N,C,E,A,B,-,-,D,D,0,,,,,Y,,A,01,0,0,1,0,0,0,0,0,0,"- ","- ",,,"SAN FRANCISCO","SAN FRANCISCO",-122.38857269287109,37.724002838134766
9543184,2022,2023-02-04,3801,2022-12-01,1755,1897,INGLE,4,5,7,3801,0,0,0,,0,3H16D,"FLOOD AV","GENNESSEE ST",25.00,S,N,A,-,N,,,,,,,,,,Y,4,0,1,3,A,-,03,22350,,N,F,E,A,A,H,-,C,A,0,,,,,Y,,A,01,0,0,1,0,0,0,0,0,0,"- ","- ",37.729850769042969,-122.45105743408203,"SAN FRANCISCO","SAN FRANCISCO",-122.45111846923828,37.7298583984375
9543185,2022,2023-02-04,3801,2022-12-04,0115,4095,INGLE,7,5,7,3801,0,0,0,,0,0H4,"OSHAUGHNESSY BL","BOSWORTH ST",0.00,,N,C,-,N,,,,,,,,,,Y,4,0,1,1,A,-,03,22350,,N,E,I,A,B,H,-,D,D,0,,,,,Y,,A,01,0,0,1,0,0,0,0,0,0,"- ","- ",37.735828399658203,-122.44264221191406,"SAN FRANCISCO","SAN FRANCISCO",-122.44190979003906,37.735984802246094
9543191,2022,2023-02-04,3801,2022-12-02,1512,1406,SOUTH,5,5,7,3801,0,0,0,,0,3CAR,"HARRISON ST","07TH ST",10.00,E,N,A,-,N,,,,,,,,,,Y,4,0,1,4,A,-,08,22107,,N,B,C,A,A,H,-,A,A,0,,,,,Y,,A,01,0,0,1,0,0,0,0,0,0,"- ","- ",,,"SAN FRANCISCO","SAN FRANCISCO",,
9543192,2022,2023-02-04,3801,2022-12-04,0016,118,PARK,7,5,7,3801,0,0,0,,0,EF13E,"STANYAN ST","FELL ST",0.00,,Y,B,-,N,,,,,,,,,,Y,4,0,1,2,A,-,09,21801,A,N,D,-,A,B,H,-,C,A,0,,,,,Y,,A,01,0,0,1,0,0,0,0,0,0,"- ","- ",,,"SAN FRANCISCO","SAN FRANCISCO",-122.45407104492188,37.77197265625
9543198,2022,2023-02-04,3801,2022-12-05,0239,2139,TARAV,1,5,7,3801,0,0,0,,0,901,"GREAT HWY","IRVING ST",189.00,N,N,C,-,N,,,,,,,,,,N,4,0,1,2,A,-,08,22107,,N,B,E,A,B,H,-,C,D,0,,,,,Y,,A,01,0,0,1,0,0,0,0,0,0,"- ","- ",,,"SAN FRANCISCO","SAN FRANCISCO",-122.50968933105469,37.762638092041016
9543200,2022,2023-02-04,3801,2022-12-05,1603,1860,TARAV,1,5,7,3801,0,0,0,,0,3I11D,"SANTIAGO ST","24TH AV",312.00,,N,A,-,N,,,,,,,,,,N,4,0,1,2,A,-,21,22106,,N,D,C,A,A,H,-,A,D,0,,,,,Y,,A,07,0,0,1,0,0,0,0,0,0,"- ","- ",,,"SAN FRANCISCO","SAN FRANCISCO",-122.481201171875,37.744659423828125
9543214,2022,2023-01-23,3801,2022-10-22,1823,1133,CENTR,6,5,7,3801,0,0,0,,0,0A2,"BUSH ST","KEARNY ST",0.00,,Y,A,-,N,,,,,,,,,,N,4,0,1,2,-,-,"- ",,,N,G,B,B,A,H,-,C,A,0,Y,,,,Y,,-,"- ",0,0,1,0,1,0,0,0,0,"- ","- ",,,"SAN FRANCISCO","SAN FRANCISCO",-122.40402984619141,37.790767669677734
9543218,2022,2023-01-10,3801,2022-10-05,2039,1194,TENDE,3,5,7,3801,0,0,0,,0,0J5,"OFARRELL ST","LARKIN ST",110.00,E,N,A,-,N,,,,,,,,,,N,4,0,1,2,A,-,07,21658,A,N,C,E,A,A,-,-,C,D,0,,,,,Y,,A,08,0,0,1,0,0,0,0,0,0,"- ","- ",,,"SAN FRANCISCO","SAN FRANCISCO",-122.41752624511719,37.785221099853516
9543220,2022,2023-01-10,3801,2022-10-31,1345,4375,TRAFF,1,5,7,3801,0,0,0,,0,4B1F,"STOCKTON ST","SUTTER ST",276.00,N,N,A,-,N,,,,,,,,,,N,3,0,1,2,A,-,17,21235,G,F,G,B,F,A,H,-,A,-,0,Y,,,,Y,,-,99,0,1,0,0,1,0,0,0,0,"- ","- ",,,"SAN FRANCISCO","SAN FRANCISCO",-122.40708923339844,37.790168762207031
9543221,2022,2023-02-16,3801,2022-12-16,1729,375,INGLE,5,5,7,3801,0,0,0,,0,3801,"CAYUGA AV","VALERTON CT",107.00,S,N,A,-,N,,,,,,,,,,N,4,0,1,2,A,-,07,21658,A,N,B,E,A,A,H,-,D,D,0,,,,,Y,,A,01,0,0,1,0,0,0,0,0,0,"- ","- ",,,"SAN FRANCISCO","SAN FRANCISCO",-122.43952178955078,37.722465515136719
9543222,2022,2023-02-16,3801,2022-12-19,0330,2167,INGLE,1,5,7,3801,0,0,0,,0,3H16E,"SAN JOSE AV","GENEVA AV",0.00,,Y,A,-,N,,,,,,,,,,N,4,0,1,2,A,-,12,21453,A,F,D,G,A,A,H,-,C,A,0,,Y,,,Y,,A,01,0,0,1,0,0,0,1,0,0,"- ","- ",,,"SAN FRANCISCO","SAN FRANCISCO",-122.44663238525391,37.720729827880859
9543226,2022,2023-02-16,3801,2022-12-15,2316,524,INGLE,4,5,7,3801,0,0,0,,0,3H13E,"FORESTER ST","TERESITA BL",0.00,,Y,A,-,N,,,,,,,,,,N,2,0,1,2,A,-,11,21954,A,F,G,B,E,A,H,-,D,A,0,Y,,,,Y,,N,60,1,0,0,0,1,0,0,0,0,"- ","- ",,,"SAN FRANCISCO","SAN FRANCISCO",-122.44889068603516,37.734272003173828
9543227,2022,2023-02-21,3801,2022-12-18,0834,1605,NORTH,7,5,7,3801,0,0,0,,0,3E5A,"AVILA ST","CAPRA ST",0.00,,Y,A,-,N,,,,,,,,,,N,3,0,1,2,A,-,22,23123,,N,D,C,A,A,H,-,A,A,0,,,,,Y,,M,94,0,1,0,0,0,0,0,0,0,"- ","- ",,,"SAN FRANCISCO","SAN FRANCISCO",-122.44078063964844,37.802608489990234