CASE_ID,ACCIDENT_YEAR,PROC_DATE,JURIS,COLLISION_DATE,COLLISION_TIME,OFFICER_ID,REPORTING_DISTRICT,DAY_OF_WEEK,CHP_SHIFT,POPULATION,CNTY_CITY_LOC,SPECIAL_COND,BEAT_TYPE,CHP_BEAT_TYPE,CITY_DIVISION_LAPD,CHP_BEAT_CLASS,BEAT_NUMBER,PRIMARY_RD,SECONDARY_RD,DISTANCE,DIRECTION,INTERSECTION,WEATHER_1,WEATHER_2,STATE_HWY_IND,CALTRANS_COUNTY,CALTRANS_DISTRICT,STATE_ROUTE,ROUTE_SUFFIX,POSTMILE_PREFIX,POSTMILE,LOCATION_TYPE,RAMP_INTERSECTION,SIDE_OF_HWY,TOW_AWAY,COLLISION_SEVERITY,NUMBER_KILLED,NUMBER_INJURED,PARTY_COUNT,PRIMARY_COLL_FACTOR,PCF_CODE_OF_VIOL,PCF_VIOL_CATEGORY,PCF_VIOLATION,PCF_VIOL_SUBSECTION,HIT_AND_RUN,TYPE_OF_COLLISION,MVIW,PED_ACTION,ROAD_SURFACE,ROAD_COND_1,ROAD_COND_2,LIGHTING,CONTROL_DEVICE,CHP_ROAD_TYPE,PEDESTRIAN_ACCIDENT,BICYCLE_ACCIDENT,MOTORCYCLE_ACCIDENT,TRUCK_ACCIDENT,NOT_PRIVATE_PROPERTY,ALCOHOL_INVOLVED,STWD_VEHTYPE_AT_FAULT,CHP_VEHTYPE_AT_FAULT,COUNT_SEVERE_INJ,COUNT_VISIBLE_INJ,COUNT_COMPLAINT_PAIN,COUNT_PED_KILLED,COUNT_PED_INJURED,COUNT_BICYCLIST_KILLED,COUNT_BICYCLIST_INJURED,COUNT_MC_KILLED,COUNT_MC_INJURED,PRIMARY_RAMP,SECONDARY_RAMP,LATITUDE,LONGITUDE,COUNTY,CITY,POINT_X,POINT_Y
9543233,2022,2023-02-16,3801,2022-12-14,1355,34,TRAFF,3,5,7,3801,0,0,0,,0,4B4A,"GEARY BL","LARKIN ST",0.00,,Y,A,-,N,,,,,,,,,,Y,3,0,4,5,A,-,12,21453,A,F,D,C,A,A,H,-,A,A,0,,,Y,,Y,,A,01,0,1,3,0,0,0,0,0,0,"- ","- ",,,"SAN FRANCISCO","SAN FRANCISCO",-122.41810607910156,37.786113739013672
9543234,2022,2023-02-16,3801,2022-12-20,0850,00054,TARAV,2,5,7,3801,0,0,0,,0,3I16A,"RANDOLPH ST","VERNON ST",6.00,E,N,A,-,N,,,,,,,,,,N,2,0,1,2,A,-,10,21950,A,N,G,B,D,A,H,-,A,A,0,Y,,,,Y,,A,01,1,0,0,0,1,0,0,0,0,"- ","- ",,,"SAN FRANCISCO","SAN FRANCISCO",-122.46798706054688,37.714271545410156
9543236,2022,2023-02-16,3801,2022-12-19,1246,1061,SOUTH,1,5,7,3801,0,0,0,,0,3B12A,"4TH ST","HARRISON ST",0.00,,Y,A,-,N,,,,,,,,,,Y,4,0,1,2,A,-,07,21658,A,N,B,D,A,A,H,-,A,A,0,,,Y,,Y,,C,03,0,0,1,0,0,0,0,0,1,"- ","- ",,,"SAN FRANCISCO","SAN FRANCISCO",-122.39962768554688,37.780776977539062
9543238,2022,2023-02-16,3801,2022-12-21,1219,4115,CENTR,3,5,7,3801,0,0,0,,0,3A11C,"BAY ST","MASON ST",0.00,,Y,A,-,N,,,,,,,,,,N,3,0,1,2,A,-,10,21950,A,F,G,B,B,A,H,-,A,A,0,Y,,,,Y,,A,01,0,1,0,0,1,0,0,0,0,"- ","- ",,,"SAN FRANCISCO","SAN FRANCISCO",-122.41358947753906,37.805633544921875
9543241,2022,2023-02-07,3801,2022-12-14,1320,1358,SOUTH,3,5,7,3801,0,0,0,,0,3B12A,"16TH ST","OWENS ST",0.00,,Y,A,-,N,,,,,,,,,,Y,3,0,1,2,A,-,12,21453,A,N,D,C,A,A,H,-,A,D,0,,,,,Y,,A,01,0,1,0,0,0,0,0,0,0,"- ","- ",,,"SAN FRANCISCO","SAN FRANCISCO",-122.3927001953125,37.766708374023438
9543242,2022,2023-02-07,3801,2022-12-23,1634,2407,MISSI,5,5,7,3801,0,0,0,,0,3D11D,"GUERRERO ST","23RD ST",0.00,,Y,A,-,N,,,,,,,,,,Y,2,0,1,2,A,-,09,21801,A,N,D,C,A,A,H,-,A,A,0,,,Y,,Y,,A,01,1,0,0,0,0,0,0,0,1,"- ","- ",,,"SAN FRANCISCO","SAN FRANCISCO",-122.42303466796875,37.753559112548828
9543245,2022,2023-02-07,3801,2022-12-03,2238,2722,CENTR,6,5,7,3801,0,0,0,,0,3A2E,"PINE ST","TAYLOR ST",0.00,,Y,C,-,N,,,,,,,,,,N,4,0,1,2,A,-,08,22107,,N,G,B,B,B,H,-,C,A,0,Y,,,,Y,,A,01,0,0,1,0,1,0,0,0,0,"- ","- ",,,"SAN FRANCISCO","SAN FRANCISCO",-122.41224670410156,37.790657043457031
9543247,2022,2023-02-06,3801,2022-12-04,1833,1238,MISSI,7,5,7,3801,0,0,0,,0,3D44C,"24TH ST","MISSION ST",30.00,S,N,C,-,N,,,,,,,,,,Y,4,0,1,2,A,-,04,21703,,N,C,C,A,B,-,-,C,A,0,,,,,Y,,A,01,0,0,1,0,0,0,0,0,0,"- ","- ",,,"SAN FRANCISCO","SAN FRANCISCO",-122.41859436035156,37.752250671386719
9543249,2022,2023-02-06,3801,2022-12-22,0949,1565,TENDE,4,5,7,3801,0,0,0,,0,3J90C,"MCALLISTER ST","LARKIN ST",0.00,,Y,A,-,N,,,,,,,,,,Y,3,0,3,2,A,-,08,22107,,N,A,C,A,A,H,-,A,A,0,,,,,Y,,A,01,0,1,2,0,0,0,0,0,0,"- ","- ",,,"SAN FRANCISCO","SAN FRANCISCO",-122.41693878173828,37.780498504638672
9543258,2022,2023-02-06,3801,2022-12-07,1205,1540,TARAV,3,5,7,3801,0,0,0,,0,3I11A,"TARAVAL ST","18TH AV",75.00,W,N,A,-,N,,,,,,,,,,Y,4,0,1,1,A,-,08,22107,,N,-,I,A,A,H,-,A,D,0,,,,,Y,,A,01,0,0,1,0,0,0,0,0,0,"- ","- ",,,"SAN FRANCISCO","SAN FRANCISCO",-122.47488403320312,37.743141174316406
9543259,2022,2023-02-06,3801,2022-12-12,0950,563,TARAV,1,5,7,3801,0,0,0,,0,002,"20TH AV","ORTEGA ST",0.00,,Y,A,-,N,,,,,,,,,,Y,4,0,1,2,A,-,12,22450,A,N,D,C,A,A,H,-,A,A,0,,,,,Y,,A,01,0,0,1,0,0,0,0,0,0,"- ","- ",,,"SAN FRANCISCO","SAN FRANCISCO",-122.4774169921875,37.752300262451172
9543260,2022,2023-02-06,3801,2022-12-09,0750,2402,TARAV,5,5,7,3801,0,0,0,,0,3I13A,"TARAVAL ST","46TH AV",0.00,,Y,A,-,N,,,,,,,,,,Y,4,0,1,2,A,-,09,21802,A,N,D,C,A,A,H,-,A,A,0,,,,,Y,,A,01,0,0,1,0,0,0,0,0,0,"- ","- ",,,"SAN FRANCISCO","SAN FRANCISCO",-122.50463104248047,37.741771697998047
9543262,2022,2023-01-18,3801,2022-11-23,0936,2122,TENDE,3,5,7,3801,0,0,0,,0,3J12A,"MISSION ST","6TH ST",5.00,W,N,A,-,N,,,,,,,,,,N,4,0,1,2,A,-,10,21950,A,F,D,B,B,A,H,-,A,A,0,Y,,,,Y,,A,01,0,0,1,0,1,0,0,0,0,"- ","- ",,,"SAN FRANCISCO","SAN FRANCISCO",-122.40869903564453,37.780971527099609
9543266,2022,2023-01-18,3801,2022-11-08,1600,1214,CENTR,2,5,7,3801,0,0,0,,0,3A42C,"UNION ST","STOCKTON ST",0.00,,Y,A,-,N,,,,,,,,,,N,4,0,1,2,A,-,10,21950,A,N,A,B,B,A,H,-,A,A,0,Y,,,,Y,,A,01,0,0,1,0,1,0,0,0,0,"- ","- ",,,"SAN FRANCISCO","SAN FRANCISCO",-122.40917205810547,37.800430297851562
9543267,2022,2023-01-20,3801,2022-11-28,1246,1061,SOUTH,1,5,7,3801,0,0,0,,0,3B12A,"FOLSOM ST 944","FOLSOM ST",0.00,,Y,A,-,N,,,,,,,,,,N,4,0,1,2,A,-,11,21955,,N,G,B,D,A,H,-,A,D,0,Y,,,,Y,,N,60,0,0,1,0,1,0,0,0,0,"- ","- ",,,"SAN FRANCISCO","SAN FRANCISCO",,
9543273,2022,2023-01-18,3801,2022-11-20,2128,1021,TENDE,7,5,7,3801,0,0,0,,0,3J12E,"MISSION ST","5TH ST",46.00,E,N,A,-,N,,,,,,,,,,N,4,0,1,2,A,-,04,21703,,N,C,C,A,A,H,-,C,A,0,,,,,Y,,A,01,0,0,1,0,0,0,0,0,0,"- ","- ",,,"SAN FRANCISCO","SAN FRANCISCO",-122.4063720703125,37.782825469970703
9543274,2022,2023-01-18,3801,2022-11-29,0412,2241,NORTH,2,5,7,3801,0,0,0,,0,0E3,"VAN NESS AV","TURK ST",0.00,,Y,A,-,N,,,,,,,,,,Y,4,0,1,3,A,-,17,21657,,M,D,C,A,A,H,-,C,A,0,,,,,Y,Y,A,01,0,0,1,0,0,0,0,0,0,"- ","- ",,,"SAN FRANCISCO","SAN FRANCISCO",-122.42057800292969,37.781936645507812
9543361,2022,2023-01-31,3801,2022-11-29,1539,2433,SOUTH,2,5,7,3801,0,0,0,,0,3B4D,"MISSION ST","MISSION ST 1235",0.00,,N,A,-,N,,,,,,,,,,N,4,0,1,2,A,-,11,21955,,N,G,B,D,A,H,-,A,A,0,Y,,,,Y,,N,60,0,0,1,0,1,0,0,0,0,"- ","- ",,,"SAN FRANCISCO","SAN FRANCISCO",-122.41979217529297,37.7705078125
9543362,2022,2023-02-08,3801,2022-12-02,0730,504,NORTH,5,5,7,3801,0,0,0,,0,3E15A,"LOMBARD ST","BUCHANAN ST",0.00,,Y,A,-,N,,,,,,,,,,Y,3,0,3,2,A,-,03,22350,,N,C,C,A,A,H,-,A,A,0,,,,,Y,,A,08,0,1,2,0,0,0,0,0,0,"- ","- ",,,"SAN FRANCISCO","SAN FRANCISCO",-122.43276214599609,37.800262451171875
9543378,2022,2023-01-24,3801,2022-11-18,1517,379,TRAFF,5,5,7,3801,0,0,0,,0,4B3H,"RT 35","OLYMPIC COUNTRY CLUB RD",0.00,,Y,A,-,Y,SF,4,35,-,-,0.120,I,5,N,Y,4,0,2,3,A,-,09,21801,A,N,D,C,A,A,H,-,A,D,0,,,,,Y,,A,08,0,0,2,0,0,0,0,0,0,"- ","- ",,,"SAN FRANCISCO","SAN FRANCISCO",-122.49796295166016,37.709941864013672
9543397,2022,2023-01-30,3801,2022-11-04,0618,4375,TRAFF,5,5,7,3801,0,0,0,,0,4B1F,"EDDY ST","POLK ST",0.00,,Y,A,-,N,,,,,,,,,,N,3,0,1,2,A,-,10,21950,A,N,G,B,B,A,H,-,C,A,0,Y,,,,Y,,D,72,0,1,0,0,1,0,0,0,0,"- ","- ",,,"SAN FRANCISCO","SAN FRANCISCO",-122.41918182373047,37.7830810546875
9543417,2022,2023-02-01,3801,2022-12-08,1225,1015,PARK,4,5,7,3801,0,0,0,,0,4CAR,"DUBOCE AV","CASTRO ST",0.00,,Y,A,-,N,,,,,,,,,,Y,4,0,1,2,A,-,04,21703,,N,-,C,A,A,H,-,A,A,0,,,,,Y,,A,01,0,0,1,0,0,0,0,0,0,"- ","- ",,,"SAN FRANCISCO","SAN FRANCISCO",-122.43582153320312,37.769050598144531
9543521,2022,2023-02-03,3801,2022-12-17,2251,367,CENTR,6,5,7,3801,0,0,0,,0,3A13E,BROADWAY,"LARKIN ST",0.00,,Y,A,-,N,,,,,,,,,,N,4,0,2,2,A,-,17,21461,A,N,B,C,A,A,H,-,C,A,0,,,,,Y,,A,01,0,0,2,0,0,0,0,0,0,"- ","- ",,,"SAN FRANCISCO","SAN FRANCISCO",-122.42012786865234,37.796218872070312
9543531,2022,2023-01-11,3801,2022-10-26,1342,1849,TENDE,3,5,7,3801,0,0,0,,0,,"3RD ST","MARKET ST",0.00,,Y,A,-,N,,,,,,,,,,N,4,0,2,3,A,-,21,22106,,N,G,B,B,A,H,-,A,A,0,Y,,,,Y,,A,01,0,0,2,0,2,0,0,0,0,"- ","- ",,,"SAN FRANCISCO","SAN FRANCISCO",-122.40345764160156,37.787662506103516
9543536,2022,2023-01-11,3801,2022-10-09,1111,1796,RICHM,7,5,7,3801,0,0,0,,0,3G14A,"CABRILLO ST","25TH AV",0.00,,Y,A,-,N,,,,,,,,,,N,4,0,1,2,A,-,08,22107,,N,B,G,A,A,H,-,A,A,0,,Y,,,Y,,-,,0,0,1,0,0,0,1,0,0,"- ","- ",,,"SAN FRANCISCO","SAN FRANCISCO",-122.48432159423828,37.774448394775391
9543539,2022,2023-01-11,3801,2022-12-18,0212,2457,SOUTH,7,5,7,3801,0,0,0,,0,3B11E,"FOLSOM ST","HALLAM ST",0.00,,Y,A,-,N,,,,,,,,,,Y,3,0,4,5,A,-,01,23153,A,N,G,B,E,A,H,-,C,D,0,Y,,,,Y,Y,A,07,0,3,1,0,4,0,0,0,0,"- ","- ",,,"SAN FRANCISCO","SAN FRANCISCO",-122.40885925292969,37.775951385498047
9543540,2022,2023-01-17,3801,2022-12-17,1205,2724,SOUTH,6,5,7,3801,0,0,0,,0,3B13A,"MISSION ST","11TH ST",13.00,S,N,A,-,N,,,,,,,,,,Y,4,0,1,2,A,-,03,22350,,N,B,C,A,A,H,-,A,A,0,,,,,Y,,M,94,0,0,1,0,0,0,0,0,0,"- ","- ",,,"SAN FRANCISCO","SAN FRANCISCO",-122.41712951660156,37.774303436279297
9543551,2022,2023-01-17,3801,2022-11-10,1625,2305,TRAFF,4,5,7,3801,0,0,0,,0,4B3F,"SAN BRUNO AV","MANSELL ST",0.00,,Y,A,-,N,,,,,,,,,,Y,4,0,3,2,A,-,03,22350,,N,B,C,A,A,H,-,A,D,0,,,,,Y,,A,01,0,0,3,0,0,0,0,0,0,"- ","- ",,,"SAN FRANCISCO","SAN FRANCISCO",-122.401123046875,37.721637725830078
9543552,2022,2023-01-17,3801,2022-11-15,1958,104,TRAFF,2,5,7,3801,0,0,0,,0,104,"STANYAN ST","HAIGHT ST",0.00,,Y,A,-,N,,,,,,,,,,N,2,0,1,2,A,-,11,21453,D,N,D,B,D,A,H,-,C,A,0,Y,,,,Y,,A,01,1,0,0,0,1,0,0,0,0,"- ","- ",,,"SAN FRANCISCO","SAN FRANCISCO",-122.45352935791016,37.769149780273438
9543554,2022,2023-01-26,3801,2022-11-29,1733,1263,BAYVI,2,5,7,3801,0,0,0,,0,0C3,"3RD ST","OAKDALE AV",0.00,,Y,A,-,N,,,,,,,,,,Y,3,0,1,2,A,-,17,21461,A,N,D,C,A,A,H,-,C,A,0,,,,,Y,,A,01,0,1,0,0,0,0,0,0,0,"- ","- ",,,"SAN FRANCISCO","SAN FRANCISCO",-122.39076995849609,37.734832763671875
9543559,2022,2023-01-17,3801,2022-11-30,1000,2724,SOUTH,3,5,7,3801,0,0,0,,0,3B14A,"HARRISON ST","10TH ST",0.00,,Y,A,-,N,,,,,,,,,,N,2,0,1,2,A,-,10,21950,A,N,G,B,B,A,H,-,A,A,0,Y,,,,Y,,A,01,1,0,0,0,1,0,0,0,0,"- ","- ",,,"SAN FRANCISCO","SAN FRANCISCO",-122.41124725341797,37.771595001220703
9543560,2022,2023-01-17,3801,2022-11-20,0002,2730,BAYVI,7,5,7,3801,0,0,0,,0,3C13E,"PAUL AV","CARR ST",0.00,,Y,A,-,N,,,,,,,,,,Y,3,0,1,4,A,-,03,22350,,N,B,E,A,A,H,-,C,A,0,,,,,Y,,A,01,0,1,0,0,0,0,0,0,0,"- ","- ",,,"SAN FRANCISCO","SAN FRANCISCO",-122.39662933349609,37.722618103027344
9543595,2022,2023-01-11,3801,2022-11-18,1956,4119,TRAFF,5,5,7,3801,0,0,0,,0,4B3K,"FRANKLIN ST","MYRTLE ST",53.00,S,N,A,-,N,,,,,,,,,,Y,4,0,1,2,A,-,21,22106,,N,B,C,A,A,H,-,C,D,0,,,,,Y,,A,01,0,0,1,0,0,0,0,0,0,"- ","- ",,,"SAN FRANCISCO","SAN FRANCISCO",-122.42288970947266,37.784866333007812
9545214,2022,2023-02-10,3801,2022-11-02,0822,1500,CENTR,3,5,7,3801,0,0,0,,0,3A4A,"VALLEJO ST","POLLARD ST",36.00,E,N,B,-,N,,,,,,,,,,N,4,0,1,2,A,-,21,22106,,N,C,C,A,A,H,-,A,D,0,,,Y,,Y,,-,,0,0,1,0,0,0,0,0,1,"- ","- ",,,"SAN FRANCISCO","SAN FRANCISCO",-122.40629577636719,37.798904418945312
9545237,2022,2023-02-14,3801,2022-11-14,1400,1518,CENTR,1,5,7,3801,0,0,0,,0,3A44C,BROADWAY,"POWELL ST",659.00,W,N,A,-,N,,,,,,,,,,N,4,0,3,2,A,-,17,21461,A,N,B,I,A,A,H,-,A,A,0,,,,Y,Y,,-,"- ",0,0,3,0,0,0,0,0,0,"- ","- ",,,"SAN FRANCISCO","SAN FRANCISCO",-122.41249084472656,37.797187805175781
9545246,2023,2023-03-06,3801,2023-01-26,1035,1359,INGLE,4,5,7,3801,0,0,0,,0,3H16A,"BAY SHORE BL","SUNNYDALE AV",310.00,N,N,A,-,N,,,,,,,,,,Y,3,0,2,4,A,-,03,22350,,F,A,E,A,A,H,-,A,D,0,,,,Y,Y,,A,01,0,1,1,0,0,0,0,0,0,"- ","- ",,,"SAN FRANCISCO","SAN FRANCISCO",-122.40486145019531,37.709697723388672
9545269,2023,2023-03-14,3801,2023-01-15,1235,504,NORTH,7,5,7,3801,0,0,0,,0,3E15A,"VAN NESS AV","JACKSON ST",0.00,,Y,A,B,Y,SF,4,101,-,-,6.190,I,5,N,N,4,0,4,2,A,-,08,22107,,F,D,C,A,B,-,-,A,-,0,,,,,Y,,-,99,0,0,4,0,0,0,0,0,0,"- ","- ",,,"SAN FRANCISCO","SAN FRANCISCO",-122.42296600341797,37.793952941894531
9545381,2023,2023-02-28,3801,2023-01-22,2122,4115,CENTR,7,5,7,3801,0,0,0,,0,3A11E,BROADWAY,"BROADWAY TUNNEL",0.00,,N,A,-,N,,,,,,,,,,N,3,0,2,2,A,-,04,21703,,N,C,C,A,A,H,-,C,D,0,,,,,Y,,A,01,0,1,1,0,0,0,0,0,0,"- ","- ",37.766300201416016,-122.41899871826172,"SAN FRANCISCO","SAN FRANCISCO",,
9545384,2023,2023-02-28,3801,2023-01-21,1106,2039,TARAV,6,5,7,3801,0,0,0,,0,005,"JOHN MUIR DR","LAKE MERCED BL",365.00,W,N,A,-,N,,,,,,,,,,N,3,0,1,2,A,-,08,22107,,N,B,G,A,A,H,-,A,D,0,,Y,,,Y,,A,01,0,1,0,0,0,0,1,0,0,"- ","- ",,,"SAN FRANCISCO","SAN FRANCISCO",-122.48682403564453,37.7086181640625
9545385,2023,2023-02-28,3801,2023-01-24,2230,1182,TENDE,2,5,7,3801,0,0,0,,0,901,"OFARRELL ST","JONES ST",146.00,E,N,A,-,N,,,,,,,,,,N,3,0,1,2,A,-,03,22350,A,F,G,B,D,A,H,-,C,D,0,Y,,,,Y,,-,,0,1,0,0,1,0,0,0,0,"- ","- ",,,"SAN FRANCISCO","SAN FRANCISCO",-122.41246795654297,37.785865783691406
9545387,2023,2023-02-28,3801,2023-01-01,1730,1696,NORTH,7,5,7,3801,0,0,0,,0,3E16D,"FRANCISCO ST","POLK ST",0.00,,Y,A,-,N,,,,,,,,,,N,2,0,1,2,A,-,12,22450,A,N,A,C,A,A,H,-,A,A,0,,,Y,,Y,,C,03,1,0,0,0,0,0,0,0,1,"- ","- ",,,"SAN FRANCISCO","SAN FRANCISCO",,
9545389,2023,2023-02-24,3801,2023-01-04,1753,1845,TARAV,3,5,7,3801,0,0,0,,0,3I16D,"OCEAN AV","DORADO TER",0.00,,Y,C,-,N,,,,,,,,,,N,4,0,1,2,A,-,10,21950,A,N,G,B,B,B,H,-,C,A,0,Y,,,,Y,,A,01,0,0,1,0,1,0,0,0,0,"- ","- ",,,"SAN FRANCISCO","SAN FRANCISCO",,
9545390,2023,2023-02-24,3801,2023-01-01,1458,2305,TRAFF,7,5,7,3801,0,0,0,,0,4B3F,"CORBETT AV","DIXIE DR",0.00,,Y,A,-,N,,,,,,,,,,N,4,0,1,2,A,-,03,22350,,N,G,B,B,A,H,-,A,D,0,Y,,,,Y,,A,01,0,0,1,0,1,0,0,0,0,"- ","- ",,,"SAN FRANCISCO","SAN FRANCISCO",,
9545391,2023,2023-03-06,3801,2023-01-23,2245,1871,INGLE,1,5,7,3801,0,0,0,,0,901,"BAYSHORE BL","VISITACION AV",0.00,,Y,A,-,N,,,,,,,,,,N,2,0,1,2,D,-,00,,,N,H,G,A,A,H,-,C,A,0,,Y,,,Y,,-,"- ",1,0,0,0,0,0,1,0,0,"- ","- ",,,"SAN FRANCISCO","SAN FRANCISCO",,
9545392,2023,2023-02-24,3801,2023-01-23,1411,1766,CENTR,1,5,7,3801,0,0,0,,0,3A15C,"GEARY ST","TAYLOR ST",16.00,W,N,A,-,N,,,,,,,,,,N,3,0,1,2,A,-,10,21950,A,N,G,B,B,A,H,-,A,A,0,Y,,,,Y,,A,01,0,1,0,0,1,0,0,0,0,"- ","- ",,,"SAN FRANCISCO","SAN FRANCISCO",-122.41156768798828,37.786941528320312
9545395,2023,2023-02-24,3801,2023-01-21,1825,893,INGLE,6,5,7,3801,0,0,0,,0,3H15D,"MOSCOW ST","ITALY ST",0.00,,Y,A,-,N,,,,,,,,,,N,4,0,1,2,A,-,10,21950,A,F,G,B,B,A,H,-,C,D,0,Y,,,,Y,,A,01,0,0,1,0,1,0,0,0,0,"- ","- ",,,"SAN FRANCISCO","SAN FRANCISCO",,
9545397,2023,2023-02-28,3801,2023-01-19,1458,1400,CENTR,4,5,7,3801,0,0,0,,0,3A40C,"NORTH POINT ST","TAYLOR ST",0.00,,Y,A,-,N,,,,,,,,,,N,4,0,1,2,A,-,11,21955,,N,G,B,D,A,H,-,A,A,0,Y,,,,Y,,N,60,0,0,1,0,1,0,0,0,0,"- ","- ",,,"SAN FRANCISCO","SAN FRANCISCO",,
9545399,2023,2023-02-28,3801,2023-01-20,1609,1696,NORTH,5,5,7,3801,0,0,0,,0,3E15D,"CALIFORNIA ST","LARKIN ST",10.00,W,N,A,-,N,,,,,,,,,,N,4,0,1,2,A,-,17,22517,,N,A,C,A,A,H,-,A,D,0,,,,,Y,,A,01,0,0,1,0,0,0,0,0,0,"- ","- ",,,"SAN FRANCISCO","SAN FRANCISCO",-122.41907501220703,37.790786743164062
9545400,2023,2023-02-24,3801,2023-01-19,2026,481,CENTR,4,5,7,3801,0,0,0,,0,3A11D,"BATTERY ST","CALIFORNIA ST",0.00,,Y,A,-,N,,,,,,,,,,N,3,0,1,1,A,-,03,22350,,N,H,A,A,A,A,-,C,A,0,,,,,Y,,M,94,0,1,0,0,0,0,0,0,0,"- ","- ",,,"SAN FRANCISCO","SAN FRANCISCO",,
9545408,2023,2023-03-02,3801,2023-01-17,1508,1414,MISSI,2,5,7,3801,0,0,0,,0,3D16D,"16TH ST","FLORIDA ST",0.00,,Y,A,-,N,,,,,,,,,,N,4,0,1,2,A,-,09,21802,A,N,D,C,A,A,H,-,A,D,0,,,,,Y,,-,,0,0,1,0,0,0,0,0,0,"- ","- ",,,"SAN FRANCISCO","SAN FRANCISCO",,
9545412,2023,2023-03-02,3801,2023-01-30,1830,2452,CENTR,1,5,7,3801,0,0,0,,0,3A11D,"NORTH POINT ST","TAYLOR ST",0.00,,Y,A,-,N,,,,,,,,,,N,4,0,1,2,A,-,00,21450,A,N,G,B,B,A,H,-,C,A,0,Y,,,,Y,,A,01,0,0,1,0,1,0,0,0,0,"- ","- ",,,"SAN FRANCISCO","SAN FRANCISCO",,
9545413,2023,2023-03-02,3801,2023-01-31,1626,364,SOUTH,2,5,7,3801,0,0,0,,0,B13D,"HARRISON ST","7TH ST",0.00,,Y,A,-,N,,,,,,,,,,N,4,0,1,2,A,-,04,21703,,N,C,C,A,A,H,-,B,A,0,,,Y,,Y,,A,01,0,0,1,0,0,0,0,0,1,"- ","- ",,,"SAN FRANCISCO","SAN FRANCISCO",,
9545414,2023,2023-03-02,3801,2023-01-31,"654 ",4267,TARAV,2,5,7,3801,0,0,0,,0,,"20TH AV","WINSTON DR",0.00,,Y,A,-,N,,,,,,,,,,Y,3,0,2,2,A,-,08,22107,,N,D,C,A,A,H,-,C,A,0,,,,,Y,,A,01,0,1,1,0,0,0,0,0,0,"- ","- ",,,"SAN FRANCISCO","SAN FRANCISCO",,
9545415,2023,2023-03-02,3801,2023-01-06,"715 ",2151,PARK,5,5,7,3801,0,0,0,,0,,"FELL ST","BAKER ST",0.00,,Y,B,-,N,,,,,,,,,,N,3,0,1,2,A,-,03,22350,,N,H,A,A,B,H,-,A,D,0,,Y,,,Y,,L,04,0,1,0,0,0,0,1,0,0,"- ","- ",,,"SAN FRANCISCO","SAN FRANCISCO",,
9545416,2023,2023-03-02,3801,2023-01-18,1015,179,NORTH,3,5,7,3801,0,0,0,,0,702,"DIVISADERO ST","GOLDEN GATE AV",15.00,S,N,A,-,N,,,,,,,,,,Y,3,0,1,5,C,-,18,,,N,B,-,A,A,H,-,A,A,0,,,,,Y,,-,"- ",0,1,0,0,0,0,0,0,0,"- ","- ",,,"SAN FRANCISCO","SAN FRANCISCO",-122.43852996826172,37.778690338134766
9545419,2023,2023-03-02,3801,2023-01-30,"920 ",1917,TARAV,1,5,7,3801,0,0,0,,0,3I16A,"OCEAN AV","HAVENSIDE DR",0.00,,Y,A,-,N,,,,,,,,,,N,4,0,2,3,A,-,10,21950,A,N,G,B,B,A,H,-,A,A,0,Y,,,,Y,,A,01,0,0,2,0,2,0,0,0,0,"- ","- ",,,"SAN FRANCISCO","SAN FRANCISCO",,
9545421,2023,2023-02-25,3801,2023-01-05,2218,1833,TENDE,4,5,7,3801,0,0,0,,0,3J13E,"BRYANT ST","5TH ST",0.00,,Y,A,-,N,,,,,,,,,,Y,4,0,1,2,A,-,12,21453,,F,D,C,A,A,H,-,C,A,0,,,,,Y,,A,01,0,0,1,0,0,0,0,0,0,"- ","- ",,,"SAN FRANCISCO","SAN FRANCISCO",,
9545423,2023,2023-02-25,3801,2023-01-24,1740,4212,PARK,2,5,7,3801,0,0,0,,0,3F12D,"OFARRELL ST","MASONIC AV",0.00,,Y,A,-,N,,,,,,,,,,N,4,0,1,2,A,-,12,21453,A,N,D,J,A,A,H,-,C,A,0,,,,,Y,,M,94,0,0,1,0,0,0,0,0,0,"- ","- ",,,"SAN FRANCISCO","SAN FRANCISCO",,
9545424,2023,2023-02-24,3801,2023-01-24,"550 ",1530,BAYVI,2,5,7,3801,0,0,0,,0,3C13A,"LANE ST","MCKINNON AV",0.00,,Y,A,-,N,,,,,,,,,,Y,4,0,1,3,A,-,17,21663,,F,A,C,A,A,H,-,C,A,0,,,,,Y,,A,01,0,0,1,0,0,0,0,0,0,"- ","- ",,,"SAN FRANCISCO","SAN FRANCISCO",,
9545427,2023,2023-02-24,3801,2023-01-11,1554,2118,SOUTH,3,5,7,3801,0,0,0,,0,3B12D,"HOWARD ST","BEALE ST",0.00,,Y,C,-,N,,,,,,,,,,Y,4,0,3,3,A,-,00,23123,A,N,D,C,A,B,H,-,A,A,0,,,,,Y,,A,01,0,0,3,0,0,0,0,0,0,"- ","- ",,,"SAN FRANCISCO","SAN FRANCISCO",,
9545428,2023,2023-02-24,3801,2023-01-17,1837,2162,SOUTH,2,5,7,3801,0,0,0,,0,,"SILVER AV","BAYSHORE BL",0.00,,Y,A,-,N,,,,,,,,,,N,3,0,1,2,A,-,08,22107,,F,B,C,A,A,H,-,C,A,0,,,Y,,Y,,A,01,0,1,0,0,0,0,0,0,1,"- ","- ",,,"SAN FRANCISCO","SAN FRANCISCO",,
9545429,2023,2023-02-24,3801,2023-01-24,1255,242,NORTH,2,5,7,3801,0,0,0,,0,003,"POLK ST","CEDAR ST",0.00,,Y,A,-,N,,,,,,,,,,N,4,0,1,2,A,-,08,22107,,N,B,C,A,A,H,-,A,D,0,,,,,Y,,A,01,0,0,1,0,0,0,0,0,0,"- ","- ",,,"SAN FRANCISCO","SAN FRANCISCO",,