CASE_ID,ACCIDENT_YEAR,PROC_DATE,JURIS,COLLISION_DATE,COLLISION_TIME,OFFICER_ID,REPORTING_DISTRICT,DAY_OF_WEEK,CHP_SHIFT,POPULATION,CNTY_CITY_LOC,SPECIAL_COND,BEAT_TYPE,CHP_BEAT_TYPE,CITY_DIVISION_LAPD,CHP_BEAT_CLASS,BEAT_NUMBER,PRIMARY_RD,SECONDARY_RD,DISTANCE,DIRECTION,INTERSECTION,WEATHER_1,WEATHER_2,STATE_HWY_IND,CALTRANS_COUNTY,CALTRANS_DISTRICT,STATE_ROUTE,ROUTE_SUFFIX,POSTMILE_PREFIX,POSTMILE,LOCATION_TYPE,RAMP_INTERSECTION,SIDE_OF_HWY,TOW_AWAY,COLLISION_SEVERITY,NUMBER_KILLED,NUMBER_INJURED,PARTY_COUNT,PRIMARY_COLL_FACTOR,PCF_CODE_OF_VIOL,PCF_VIOL_CATEGORY,PCF_VIOLATION,PCF_VIOL_SUBSECTION,HIT_AND_RUN,TYPE_OF_COLLISION,MVIW,PED_ACTION,ROAD_SURFACE,ROAD_COND_1,ROAD_COND_2,LIGHTING,CONTROL_DEVICE,CHP_ROAD_TYPE,PEDESTRIAN_ACCIDENT,BICYCLE_ACCIDENT,MOTORCYCLE_ACCIDENT,TRUCK_ACCIDENT,NOT_PRIVATE_PROPERTY,ALCOHOL_INVOLVED,STWD_VEHTYPE_AT_FAULT,CHP_VEHTYPE_AT_FAULT,COUNT_SEVERE_INJ,COUNT_VISIBLE_INJ,COUNT_COMPLAINT_PAIN,COUNT_PED_KILLED,COUNT_PED_INJURED,COUNT_BICYCLIST_KILLED,COUNT_BICYCLIST_INJURED,COUNT_MC_KILLED,COUNT_MC_INJURED,PRIMARY_RAMP,SECONDARY_RAMP,LATITUDE,LONGITUDE,COUNTY,CITY,POINT_X,POINT_Y
9545433,2023,2023-02-24,3801,2023-01-26,1746,1260,BAYVI,4,5,7,3801,0,0,0,,0,3C13D,"EVANS AV","JENNINGS ST",0.00,,Y,A,-,N,,,,,,,,,,N,4,0,1,2,A,-,12,22450,A,N,D,C,A,A,H,-,C,A,0,,,,,Y,,A,01,0,0,1,0,0,0,0,0,0,"- ","- ",,,"SAN FRANCISCO","SAN FRANCISCO",,
9545434,2023,2023-02-25,3801,2023-01-29,1636,1591,INGLE,7,5,7,3801,0,0,0,,0,3H13D,"ALEMANY BL","JUSTIN DR",0.00,,Y,A,-,N,,,,,,,,,,N,3,0,2,1,A,-,03,22350,,N,F,A,A,A,H,-,A,D,0,,,Y,,Y,,C,02,0,1,1,0,0,0,0,0,2,"- ","- ",,,"SAN FRANCISCO","SAN FRANCISCO",,
9545435,2023,2023-03-02,3801,2023-01-01,1314,1620,RICHM,7,5,7,3801,0,0,0,,0,3G13C,"PARK PRESDIO BL","BALBOA ST",0.00,,Y,A,-,N,,,,,,,,,,N,4,0,1,2,A,-,10,21950,A,N,G,B,B,A,H,-,A,A,0,Y,,,,Y,,A,01,0,0,1,0,1,0,0,0,0,"- ","- ",,,"SAN FRANCISCO","SAN FRANCISCO",,
9545436,2023,2023-02-24,3801,2023-01-29,1020,1503,BAYVI,7,5,7,3801,0,0,0,,0,3C15A,"FITZGERALD AV","3RD ST",282.00,E,N,A,-,N,,,,,,,,,,Y,4,0,1,2,A,-,06,21750,A,F,D,C,A,A,H,-,A,D,0,,,,,Y,,-,,0,0,1,0,0,0,0,0,0,"- ","- ",,,"SAN FRANCISCO","SAN FRANCISCO",-122.39456939697266,37.722785949707031
9545439,2023,2023-02-24,3801,2023-01-30,1436,4023,MISSI,1,5,7,3801,0,0,0,,0,006,"16TH ST","BRYANT ST",0.00,,Y,A,-,N,,,,,,,,,,N,3,0,1,2,A,-,10,21950,A,N,G,B,B,A,H,-,A,A,0,Y,,,,Y,,A,01,0,1,0,0,1,0,0,0,0,"- ","- ",,,"SAN FRANCISCO","SAN FRANCISCO",,
9545451,2023,2023-03-01,3801,2023-01-08,1800,837,CENTR,7,5,7,3801,0,0,0,,0,3A14D,"GEARY ST","LARKIN ST",0.00,,Y,A,-,N,,,,,,,,,,N,4,0,1,2,A,-,10,21950,A,F,G,B,B,A,H,-,C,A,0,Y,,,,Y,,A,01,0,0,1,0,1,0,0,0,0,"- ","- ",,,"SAN FRANCISCO","SAN FRANCISCO",,
9545460,2023,2023-03-01,3801,2023-01-10,1130,1961,TENDE,2,5,7,3801,0,0,0,,0,3J13D,"ELLIS ST","TAYLOR ST",0.00,,Y,C,-,N,,,,,,,,,,N,4,0,1,2,A,-,10,21950,A,F,G,B,A,B,H,-,A,A,0,,,,,Y,,A,01,0,0,1,0,0,0,0,0,0,"- ","- ",,,"SAN FRANCISCO","SAN FRANCISCO",,
9545472,2023,2023-02-24,3801,2023-01-02,1810,2469,SOUTH,1,5,7,3801,0,0,0,,0,,"TERRY A FRANCOIS BL","WARRIORS WY",0.00,,Y,C,-,N,,,,,,,,,,Y,4,0,1,2,A,-,08,22107,,F,G,B,E,B,-,-,C,A,0,Y,,,,Y,,A,01,0,0,1,0,1,0,0,0,0,"- ","- ",,,"SAN FRANCISCO","SAN FRANCISCO",,
9545473,2023,2023-02-24,3801,2023-01-03,1519,812,BAYVI,2,5,7,3801,0,0,0,,0,,"23RD ST","TENNESSEE ST",0.00,,Y,A,-,N,,,,,,,,,,Y,4,0,1,2,A,-,05,21660,,N,B,C,A,A,H,-,-,D,0,,,,,Y,,A,01,0,0,1,0,0,0,0,0,0,"- ","- ",,,"SAN FRANCISCO","SAN FRANCISCO",,
9545475,2023,2023-02-24,3801,2023-01-08,2242,460,INGLE,7,5,7,3801,0,0,0,,0,3H15E,"GENEVA AV","MADRID ST",0.00,,Y,C,-,N,,,,,,,,,,Y,4,0,1,1,A,-,03,22350,,N,A,I,A,B,H,-,C,D,0,,,,,Y,,A,01,0,0,1,0,0,0,0,0,0,"- ","- ",,,"SAN FRANCISCO","SAN FRANCISCO",,
9545476,2023,2023-02-24,3801,2023-01-01,"136 ",1017,NORTH,7,5,7,3801,0,0,0,,0,3E14E,"WEBSTER ST","POST ST",0.00,,Y,A,-,N,,,,,,,,,,N,4,0,1,2,A,-,10,21950,A,N,G,B,B,B,H,-,C,A,0,Y,,,,Y,,A,01,0,0,1,0,1,0,0,0,0,"- ","- ",,,"SAN FRANCISCO","SAN FRANCISCO",,
9545479,2023,2023-02-24,3801,2023-01-10,"750 ",2476,SOUTH,2,5,7,3801,0,0,0,,0,3B13A,"7TH ST","HARRISON ST",0.00,,Y,C,-,N,,,,,,,,,,N,3,0,1,2,A,-,03,22350,,N,D,J,A,D,-,-,A,D,0,,,,,Y,,M,94,0,1,0,0,0,0,0,0,0,"- ","- ",,,"SAN FRANCISCO","SAN FRANCISCO",,
9545480,2023,2023-02-24,3801,2023-01-09,1844,890,BAYVI,1,5,7,3801,0,0,0,,0,BAYVIE,"JENNINGS ST","CARROLL AV",48.00,N,N,A,-,N,,,,,,,,,,Y,3,0,1,2,A,-,03,22350,,F,C,-,A,A,H,-,C,A,0,,,,,Y,,A,01,0,1,0,0,0,0,0,0,0,"- ","- ",,,"SAN FRANCISCO","SAN FRANCISCO",-122.39141082763672,37.724006652832031
9545495,2023,2023-03-03,3801,2023-01-05,"728 ",4356,INGLE,4,5,7,3801,0,0,0,,0,3H15A,"GENEVA AV","RT 280 N",0.00,,Y,B,-,Y,SF,4,280,-,R,1.556,R,4,N,Y,4,0,2,2,D,-,00,,,N,D,C,A,B,H,-,A,A,0,,,,,Y,,-,"- ",0,0,2,0,0,0,0,0,0,"- ","- ",,,"SAN FRANCISCO","SAN FRANCISCO",-122.44822692871094,37.719936370849609
9545503,2023,2023-02-16,3801,2023-01-09,"434 ",727,BAYVI,1,5,7,3801,0,0,0,,0,3C15E,"NEWHALL ST","LA SALLE AV",0.00,,Y,C,-,N,,,,,,,,,,N,4,0,1,2,A,-,08,22107,,N,G,B,B,B,G,-,C,D,0,Y,,,,Y,,A,01,0,0,1,0,1,0,0,0,0,"- ","- ",,,"SAN FRANCISCO","SAN FRANCISCO",,
9545521,2023,2023-02-25,3801,2023-01-02,2200,1372,INGLE,1,5,7,3801,0,0,0,,0,3H13E,"JUDSON AV","CIRCULAR AV",40.00,W,N,C,-,N,,,,,,,,,,Y,3,0,1,1,A,-,08,22107,,N,E,I,A,B,H,-,C,D,0,,,,,Y,,A,01,0,1,0,0,0,0,0,0,0,"- ","- ",,,"SAN FRANCISCO","SAN FRANCISCO",-122.44439697265625,37.728279113769531
9545526,2023,2023-02-25,3801,2023-01-04,1214,885,BAYVI,3,5,7,3801,0,0,0,,0,05C,"EXECUTIVE PARK BL","THOMAS MELLON DR",0.00,,Y,C,-,N,,,,,,,,,,Y,4,0,1,2,A,-,03,22350,,F,D,C,A,B,H,-,A,D,0,,,,,Y,,A,01,0,0,1,0,0,0,0,0,0,"- ","- ",,,"SAN FRANCISCO","SAN FRANCISCO",,
9545529,2023,2023-02-25,3801,2023-01-06,2132,623,BAYVI,5,5,7,3801,0,0,0,,0,3C15E,"QUESADA AV","LANE ST",0.00,,Y,-,-,N,,,,,,,,,,N,4,0,1,2,A,-,12,22450,A,F,G,B,D,A,H,-,C,A,0,Y,,,,Y,,A,01,0,0,1,0,1,0,0,0,0,"- ","- ",,,"SAN FRANCISCO","SAN FRANCISCO",,
9545531,2023,2023-02-25,3801,2023-01-06,1754,1878,SOUTH,5,5,7,3801,0,0,0,,0,0B4,"9TH ST","FOLSOM ST",0.00,,Y,A,-,N,,,,,,,,,,N,2,0,1,2,A,-,04,21703,,F,C,C,A,-,H,-,C,A,0,,,Y,,Y,,A,01,1,0,0,0,0,0,0,0,1,"- ","- ",,,"SAN FRANCISCO","SAN FRANCISCO",,
9545534,2023,2023-02-25,3801,2023-01-07,1831,310,SOUTH,6,5,7,3801,0,0,0,,0,3B4D,"MARKET ST","OCTAVIA ST",0.00,,Y,B,C,N,,,,,,,,,,N,3,0,2,2,D,-,00,,,N,D,J,A,B,H,-,C,A,0,,,,,Y,,-,"- ",0,2,0,0,0,0,0,0,0,"- ","- ",,,"SAN FRANCISCO","SAN FRANCISCO",,
9545536,2023,2023-02-25,3801,2023-01-04,1919,04,TRAFF,3,5,7,3801,0,0,0,,0,4B4A,"16TH ST","BRYANT ST",145.00,E,N,C,-,N,,,,,,,,,,N,3,0,1,2,A,-,11,21954,A,N,G,B,D,B,H,-,C,D,0,Y,,,,Y,Y,N,60,0,1,0,0,1,0,0,0,0,"- ","- ",,,"SAN FRANCISCO","SAN FRANCISCO",-122.41001892089844,37.765609741210938
9545544,2023,2023-02-24,3801,2023-01-15,1407,1845,TARAV,7,5,7,3801,0,0,0,,0,3I11D,"20TH AV","ORTEGA ST",0.00,,Y,C,-,N,,,,,,,,,,N,4,0,1,2,A,-,12,22450,A,N,D,G,A,B,H,-,A,D,0,,Y,,,Y,,A,01,0,0,1,0,0,0,1,0,0,"- ","- ",,,"SAN FRANCISCO","SAN FRANCISCO",,
9545547,2023,2023-02-24,3801,2023-01-15,1943,1207,SOUTH,7,5,7,3801,0,0,0,,0,0B1,"HARRISON ST","ESSEX ST",0.00,,Y,C,-,N,,,,,,,,,,Y,4,0,3,2,A,-,"- ",,,N,D,C,A,B,H,-,D,A,0,,,,,Y,,A,01,0,0,3,0,0,0,0,0,0,"- ","- ",,,"SAN FRANCISCO","SAN FRANCISCO",,
9545554,2023,2023-03-07,3801,2023-01-18,1601,2725,RICHM,3,5,7,3801,0,0,0,,0,,"JOHN F KENNEDY DR","36TH AVE",0.00,,N,B,-,N,,,,,,,,,,Y,3,0,1,4,A,-,03,22350,,N,D,E,F,B,H,-,A,D,0,Y,,,,Y,,A,01,0,1,0,0,1,0,0,0,0,"- ","- ",,,"SAN FRANCISCO","SAN FRANCISCO",,
9545557,2023,2023-02-24,3801,2023-01-20,"325 ",2113,BAYVI,5,5,7,3801,0,0,0,,0,3C12E,"PALOU AV","SELBY ST",0.00,,Y,A,-,N,,,,,,,,,,N,4,0,1,2,A,-,08,22107,,F,G,B,F,A,H,-,C,D,0,Y,,,,Y,,A,07,0,0,1,0,1,0,0,0,0,"- ","- ",,,"SAN FRANCISCO","SAN FRANCISCO",,
9545561,2023,2023-03-04,3801,2023-01-07,1153,1496,INGLE,6,5,7,3801,0,0,0,,0,0H5,"GENEVA AV","GENEVA AV 968",0.00,,N,B,-,N,,,,,,,,,,Y,4,0,1,2,A,-,04,21703,,F,C,C,A,B,H,-,A,D,0,,,,,Y,,-,"- ",0,0,1,0,0,0,0,0,0,"- ","- ",,,"SAN FRANCISCO","SAN FRANCISCO",,
9545566,2023,2023-03-04,3801,2023-01-06,"910 ",1530,BAYVI,5,5,7,3801,0,0,0,,0,3C13A,"3RD ST","HUDSON AV",80.00,S,N,B,-,N,,,,,,,,,,N,4,0,1,2,A,-,08,22107,,F,B,C,A,B,H,-,A,A,0,,,,,Y,,A,07,0,0,1,0,0,0,0,0,0,"- ","- ",,,"SAN FRANCISCO","SAN FRANCISCO",-122.38890075683594,37.740165710449219
9545569,2023,2023-03-04,3801,2023-01-06,"743 ",2453,MISSI,5,5,7,3801,0,0,0,,0,3D13A,"FOLSOM ST","19TH ST",132.00,N,N,A,-,N,,,,,,,,,,N,4,0,1,2,A,-,08,22102,,N,B,J,A,B,H,-,A,D,0,,,,,Y,,A,01,0,0,1,0,0,0,0,0,0,"- ","- ",,,"SAN FRANCISCO","SAN FRANCISCO",-122.41485595703125,37.760852813720703
9545570,2023,2023-03-04,3801,2023-01-06,1943,2745,TENDE,5,5,7,3801,0,0,0,,0,3J91D,"EDDY ST","LARKIN ST",60.00,E,N,A,-,N,,,,,,,,,,N,4,0,1,2,A,-,11,21954,A,N,G,B,D,A,H,-,C,D,0,Y,,,,Y,,N,60,0,0,1,0,1,0,0,0,0,"- ","- ",,,"SAN FRANCISCO","SAN FRANCISCO",-122.41731262207031,37.783329010009766
9545573,2023,2023-03-04,3801,2023-01-04,1030,1605,NORTH,3,5,7,3801,0,0,0,,0,3E12A,"WEBSTER ST","MCALLISTER ST",0.00,,Y,C,-,N,,,,,,,,,,N,4,0,1,2,A,-,03,22350,,N,H,-,A,B,H,-,A,A,0,,Y,,,Y,,L,04,0,0,1,0,0,0,1,0,0,"- ","- ",,,"SAN FRANCISCO","SAN FRANCISCO",,
9545575,2023,2023-03-04,3801,2023-01-09,"446 ",4103,MISSI,1,5,7,3801,0,0,0,,0,,"POTRERO AV","19TH ST",0.00,,N,C,-,N,,,,,,,,,,Y,4,0,1,2,A,-,09,21801,A,N,C,C,A,B,-,-,C,D,0,,,,,Y,,A,01,0,0,1,0,0,0,0,0,0,"- ","- ",,,"SAN FRANCISCO","SAN FRANCISCO",,
9545578,2023,2023-03-04,3801,2023-01-08,1718,2091,NORTH,7,5,7,3801,0,0,0,,0,3E15D,"BAKER ST","UNION ST",0.00,,N,A,-,N,,,,,,,,,,Y,4,0,1,2,D,-,00,,,N,D,E,A,A,H,-,C,D,0,,,,,Y,,-,"- ",0,0,1,0,0,0,0,0,0,"- ","- ",,,"SAN FRANCISCO","SAN FRANCISCO",,
9545582,2023,2023-02-22,3801,2023-01-08,1456,1355,TARAV,7,5,7,3801,0,0,0,,0,3113B,"GREAT HWY","LINCOLN WY",16.00,S,N,A,-,N,,,,,,,,,,N,3,0,2,2,-,-,"- ",,,N,A,G,A,A,H,-,A,-,0,,Y,,,Y,,-,"- ",0,1,1,0,0,0,2,0,0,"- ","- ",,,"SAN FRANCISCO","SAN FRANCISCO",-122.51044464111328,37.763996124267578
9545584,2023,2023-02-21,3801,2023-01-08,1813,2733,TARAV,7,5,7,3801,0,0,0,,0,0II,"19TH AV","NORIEGA ST",0.00,,Y,A,-,N,,,,,,,,,,N,4,0,1,2,A,-,04,21703,,N,C,C,A,A,H,-,C,A,0,,,,,Y,,A,01,0,0,1,0,0,0,0,0,0,"- ","- ",,,"SAN FRANCISCO","SAN FRANCISCO",,
9545585,2023,2023-02-21,3801,2023-01-12,1933,460,INGLE,4,5,7,3801,0,0,0,,0,3H15D,"MISSION ST","ITALY AV",0.00,,Y,A,-,N,,,,,,,,,,Y,3,0,1,2,A,-,03,22350,,N,C,C,A,A,H,-,C,D,0,,,Y,,Y,,C,02,0,1,0,0,0,0,0,0,1,"- ","- ",,,"SAN FRANCISCO","SAN FRANCISCO",,
9545587,2023,2023-02-17,3801,2023-01-15,2300,2463,SOUTH,7,5,7,3801,0,0,0,,0,3B15E,"16TH ST","WISCONSIN ST",0.00,,Y,C,-,N,,,,,,,,,,Y,4,0,1,1,-,-,"- ",,,N,A,I,A,B,H,-,C,A,0,,,,,Y,,-,"- ",0,0,1,0,0,0,0,0,0,"- ","- ",,,"SAN FRANCISCO","SAN FRANCISCO",,
9545590,2023,2023-02-21,3801,2023-01-15,"501 ",1463,SOUTH,7,5,7,3801,0,0,0,,0,0B2,"BRYANT ST","5TH ST",0.00,,Y,B,-,N,,,,,,,,,,Y,4,0,4,2,-,-,"- ",,,N,D,C,A,B,H,-,C,A,0,,,,,Y,,-,"- ",0,0,4,0,0,0,0,0,0,"- ","- ",,,"SAN FRANCISCO","SAN FRANCISCO",,
9545592,2023,2023-02-17,3801,2023-01-12,1400,82,MISSI,4,5,7,3801,0,0,0,,0,3D45C,"SOUTH VAN NESS AV","17TH ST",42.00,S,N,A,-,N,,,,,,,,,,Y,4,0,1,2,A,-,03,22350,,F,C,C,A,A,H,-,A,A,0,,,,,Y,,A,01,0,0,1,0,0,0,0,0,0,"- ","- ",,,"SAN FRANCISCO","SAN FRANCISCO",-122.41732788085938,37.763442993164062
9545593,2023,2023-02-22,3801,2023-01-28,1045,4026,BAYVI,6,5,7,3801,0,0,0,,0,3C11A,"TENNESSEE ST","MARIPOSA ST",40.00,S,N,A,-,N,,,,,,,,,,N,4,0,1,2,A,-,05,21650,,F,B,G,A,A,H,-,A,D,0,,Y,,,Y,Y,A,01,0,0,1,0,0,0,1,0,0,"- ","- ",,,"SAN FRANCISCO","SAN FRANCISCO",-122.38985443115234,37.76416015625
9545594,2023,2023-02-17,3801,2023-01-21,"230 ",2307,NORTH,6,5,7,3801,0,0,0,,0,3E12E,"STEINER ST","WILMOT ST",0.00,,Y,A,-,N,,,,,,,,,,Y,2,0,2,3,A,-,01,23153,A,N,C,E,A,A,H,-,C,A,0,,,,,Y,Y,A,01,1,1,0,0,0,0,0,0,0,"- ","- ",,,"SAN FRANCISCO","SAN FRANCISCO",,
9545595,2023,2023-02-17,3801,2023-01-28,1653,2705,BAYVI,6,5,7,3801,0,0,0,,0,3C11D,"CORAL RD","CAROLINA ST",0.00,,Y,A,-,N,,,,,,,,,,Y,4,0,1,2,A,-,03,22350,,F,D,C,A,-,H,-,A,D,0,,,,,Y,,A,07,0,0,1,0,0,0,0,0,0,"- ","- ",,,"SAN FRANCISCO","SAN FRANCISCO",,
9545597,2023,2023-02-21,3801,2023-01-28,1230,1503,BAYVI,6,5,7,3801,0,0,0,,0,3C13A,"SAN JOSE AV","ALEMANY BL",59.00,S,N,A,-,N,,,,,,,,,,N,4,0,1,2,A,-,08,22107,,N,B,C,A,A,H,-,A,D,0,,,,,Y,,A,01,0,0,1,0,0,0,0,0,0,"- ","- ",,,"SAN FRANCISCO","SAN FRANCISCO",-122.45722961425781,37.709945678710938
9545604,2022,2023-02-10,3801,2022-11-26,1527,2725,RICHM,6,5,7,3801,0,0,0,,0,,"CLAY ST","LAUREL ST",103.00,W,N,A,-,N,,,,,,,,,,N,3,0,1,2,A,-,09,21804,A,N,D,G,A,A,H,-,A,D,0,,Y,,,Y,,L,04,0,1,0,0,0,0,1,0,0,"- ","- ",,,"SAN FRANCISCO","SAN FRANCISCO",-122.45083618164062,37.788585662841797
9545691,2022,2023-02-09,3801,2022-08-04,0953,1605,NORTH,4,5,7,3801,0,0,0,,0,3E13A,"POLK ST","OFARRELL ST",102.00,S,N,A,-,N,,,,,,,,,,N,4,0,1,2,A,-,08,22107,,F,G,B,E,A,H,-,A,D,0,Y,,,,Y,,A,08,0,0,1,0,1,0,0,0,0,"- ","- ",,,"SAN FRANCISCO","SAN FRANCISCO",-122.41949462890625,37.784694671630859
9545692,2022,2023-02-09,3801,2022-07-11,1354,207,CENTR,1,5,7,3801,0,0,0,,0,3A46,"GEARY ST","KEARNY ST",15.00,W,N,A,-,N,,,,,,,,,,N,3,0,1,2,A,-,10,21950,A,F,G,B,B,A,H,-,A,A,0,Y,,,,Y,,-,,0,1,0,0,1,0,0,0,0,"- ","- ",,,"SAN FRANCISCO","SAN FRANCISCO",-122.403564453125,37.787944793701172
9545696,2022,2023-02-10,3801,2022-09-03,0053,1454,NORTH,6,5,7,3801,0,0,0,,0,3EJ6E,"WEBSTER ST","PINE ST",0.00,,Y,A,-,N,,,,,,,,,,Y,3,0,1,2,A,-,01,23153,A,N,C,C,A,A,H,-,C,A,0,,,,,Y,Y,A,01,0,1,0,0,0,0,0,0,0,"- ","- ",,,"SAN FRANCISCO","SAN FRANCISCO",-122.43199157714844,37.788154602050781
9545706,2022,2023-02-09,3801,2022-10-27,1515,2231,SOUTH,4,5,7,3801,0,0,0,,0,3B12D,"3RD ST","HOWARD ST",0.00,,Y,A,-,N,,,,,,,,,,N,4,0,1,2,A,-,17,21663,,N,A,B,F,A,H,-,A,A,0,Y,,,,Y,Y,A,01,0,0,1,0,1,0,0,0,0,"- ","- ",,,"SAN FRANCISCO","SAN FRANCISCO",-122.40049743652344,37.785007476806641
9545724,2022,2023-02-09,3801,2022-12-29,1652,1845,TARAV,4,5,7,3801,0,0,0,,0,3I11D,"9TH AV","9TH AV 1349",0.00,,-,C,-,N,,,,,,,,,,N,4,0,1,1,A,-,08,22107,,N,F,A,A,B,H,-,C,A,0,,,Y,,Y,,C,02,0,0,1,0,0,0,0,0,1,"- ","- ",,,"SAN FRANCISCO","SAN FRANCISCO",,
9545728,2022,2023-02-09,3801,2022-12-30,0932,2707,TARAV,5,5,7,3801,0,0,0,,0,2CAR,"JUDAH ST","20TH AV",0.00,,Y,C,-,N,,,,,,,,,,N,4,0,1,2,A,-,09,21800,A,N,D,G,A,B,H,-,A,A,0,,Y,,,Y,,A,08,0,0,1,0,0,0,1,0,0,"- ","- ",,,"SAN FRANCISCO","SAN FRANCISCO",-122.47808837890625,37.761650085449219
9545735,2022,2023-02-09,3801,2022-12-31,1815,2147,NORTH,6,5,7,3801,0,0,0,,0,5CAR,"ALHAMBRA ST","MALLORCA WY",0.00,,Y,C,-,N,,,,,,,,,,N,3,0,1,2,A,-,10,21950,A,N,G,B,B,B,H,-,D,A,0,Y,,,,Y,,A,01,0,1,0,0,1,0,0,0,0,"- ","- ",,,"SAN FRANCISCO","SAN FRANCISCO",-122.43797302246094,37.802555084228516
9545739,2022,2023-02-21,3801,2022-12-22,1706,1878,SOUTH,4,5,7,3801,0,0,0,,0,0B4,"11TH ST","HARRISON ST",0.00,,Y,A,-,N,,,,,,,,,,N,3,0,1,2,A,-,03,22350,,N,D,C,A,A,H,-,C,A,0,,,Y,,Y,,C,02,0,1,0,0,0,0,0,0,1,"- ","- ",,,"SAN FRANCISCO","SAN FRANCISCO",-122.41246795654297,37.770633697509766
9545742,2022,2023-03-01,3801,2022-12-03,0300,2113,BAYVI,6,5,7,3801,0,0,0,,0,3C12E,"ALEMANY BL","RT 280",0.00,,Y,C,-,Y,SF,4,280,-,R,3.750,R,4,N,Y,4,0,1,2,A,-,17,22109,,N,C,C,A,B,H,-,D,D,0,,,,,Y,,A,01,0,0,1,0,0,0,0,0,0,"- ",NO,,,"SAN FRANCISCO","SAN FRANCISCO",-122.41666412353516,37.731864929199219
9545743,2022,2023-02-09,3801,2022-12-22,1343,707,TRAFF,4,5,7,3801,0,0,0,,0,4B1C,"POWELL ST","OFARRELL ST",0.00,,Y,A,-,N,,,,,,,,,,Y,3,0,1,2,A,-,01,23153,F,N,C,C,A,A,H,-,A,D,0,,,,,Y,,A,01,0,1,0,0,0,0,0,0,0,"- ","- ",,,"SAN FRANCISCO","SAN FRANCISCO",-122.40802764892578,37.78643798828125
9545744,2022,2023-02-09,3801,2022-12-22,2009,4239,PARK,4,5,7,3801,0,0,0,,0,3F14D,"BUCHANAN ST","WALLER ST",76.00,S,N,B,-,N,,,,,,,,,,Y,3,0,1,1,A,-,01,23152,A,N,A,I,A,A,H,-,C,D,0,,,,,Y,Y,A,01,0,1,0,0,0,0,0,0,0,"- ","- ",,,"SAN FRANCISCO","SAN FRANCISCO",-122.42692565917969,37.771404266357422
9545746,2022,2023-02-09,3801,2022-12-24,1534,1435,TRAFF,6,5,7,3801,0,0,0,,0,4B4C,"EDDY ST","MASON ST",148.00,W,N,A,-,N,,,,,,,,,,N,4,0,1,2,A,-,11,21955,,F,G,B,D,A,H,-,A,A,0,Y,,,,Y,,N,60,0,0,1,0,1,0,0,0,0,"- ","- ",,,"SAN FRANCISCO","SAN FRANCISCO",-122.40980529785156,37.784309387207031
9545755,2022,2023-02-09,3801,2022-12-16,0812,1015,PARK,5,5,7,3801,0,0,0,,0,1CAR,"7TH AV","LAWTON ST",400.00,S,N,A,-,N,,,,,,,,,,Y,4,0,2,3,A,-,04,21703,,N,-,C,A,A,H,-,A,D,0,,,,,Y,,A,01,0,0,2,0,0,0,0,0,0,"- ","- ",,,"SAN FRANCISCO","SAN FRANCISCO",-122.46373748779297,37.757442474365234
9545756,2022,2023-02-09,3801,2022-12-30,1735,1183,MISSI,5,5,7,3801,0,0,0,,0,4CAR,"POTRERO AV","25TH ST",0.00,,N,C,-,N,,,,,,,,,,Y,3,0,1,1,A,-,07,21658,A,N,E,I,A,B,H,-,C,D,0,,,,,Y,,A,01,0,1,0,0,0,0,0,0,0,"- ","- ",37.750339508056641,-122.40599822998047,"SAN FRANCISCO","SAN FRANCISCO",-122.40620422363281,37.751743316650391
9545848,2022,2023-02-13,3801,2022-11-23,1730,1061,SOUTH,3,5,7,3801,0,0,0,,0,3B12A,"3RD ST","HARRISON ST",0.00,,Y,A,-,N,,,,,,,,,,N,4,0,1,2,-,-,"- ",,,N,G,B,B,A,H,-,A,A,0,Y,,,,Y,,-,"- ",0,0,1,0,1,0,0,0,0,"- ","- ",,,"SAN FRANCISCO","SAN FRANCISCO",-122.39739227294922,37.782550811767578
9545849,2022,2023-02-13,3801,2022-11-09,1445,885,BAYVI,3,5,7,3801,0,0,0,,0,0B2,"5TH ST","HARRISON ST",30.00,N,N,A,-,N,,,,,,,,,,N,4,0,1,2,A,-,04,21703,,N,C,C,A,A,H,-,A,A,0,,,,,Y,,A,01,0,0,1,0,0,0,0,0,0,"- ","- ",,,"SAN FRANCISCO","SAN FRANCISCO",-122.40194702148438,37.779117584228516
9545850,2022,2023-02-13,3801,2022-11-26,1735,1851,CENTR,6,5,7,3801,0,0,0,,0,3A12D,"MASON ST","GEARY ST",0.00,,Y,A,-,N,,,,,,,,,,N,4,0,3,2,A,-,04,21703,,N,C,C,A,A,H,-,C,D,0,,,,,Y,,A,01,0,0,3,0,0,0,0,0,0,"- ","- ",,,"SAN FRANCISCO","SAN FRANCISCO",-122.40985870361328,37.787166595458984
9545852,2022,2023-02-13,3801,2022-11-03,0626,707,TRAFF,4,5,7,3801,0,0,0,,0,4B1C,"COLUMBUS AV","UNION ST",0.00,,Y,A,-,N,,,,,,,,,,Y,2,0,1,2,-,-,"- ",,,N,G,B,B,A,H,-,D,A,0,Y,,,,Y,,-,"- ",1,0,0,0,1,0,0,0,0,"- ","- ",,,"SAN FRANCISCO","SAN FRANCISCO",-122.41017150878906,37.800304412841797
9545853,2022,2023-02-13,3801,2022-11-17,1559,307,NORTH,4,5,7,3801,0,0,0,,0,3E13D,"EDDY ST","FRANKLIN ST",138.00,E,N,A,-,N,,,,,,,,,,N,4,0,1,2,A,-,09,21804,A,N,D,C,A,A,H,-,A,D,0,,,,,Y,,A,01,0,0,1,0,0,0,0,0,0,"- ","- ",,,"SAN FRANCISCO","SAN FRANCISCO",-122.42196655273438,37.782733917236328
9545855,2022,2023-02-13,3801,2022-11-15,1000,189,NORTH,2,5,7,3801,0,0,0,,0,,"SCOTT ST","VALLEJO ST",50.00,N,N,A,-,N,,,,,,,,,,Y,4,0,1,3,A,-,03,22350,,N,E,I,A,A,H,-,A,D,0,,,,,Y,,A,01,0,0,1,0,0,0,0,0,0,"- ","- ",,,"SAN FRANCISCO","SAN FRANCISCO",-122.44008636474609,37.794734954833984