CASE_ID,ACCIDENT_YEAR,PROC_DATE,JURIS,COLLISION_DATE,COLLISION_TIME,OFFICER_ID,REPORTING_DISTRICT,DAY_OF_WEEK,CHP_SHIFT,POPULATION,CNTY_CITY_LOC,SPECIAL_COND,BEAT_TYPE,CHP_BEAT_TYPE,CITY_DIVISION_LAPD,CHP_BEAT_CLASS,BEAT_NUMBER,PRIMARY_RD,SECONDARY_RD,DISTANCE,DIRECTION,INTERSECTION,WEATHER_1,WEATHER_2,STATE_HWY_IND,CALTRANS_COUNTY,CALTRANS_DISTRICT,STATE_ROUTE,ROUTE_SUFFIX,POSTMILE_PREFIX,POSTMILE,LOCATION_TYPE,RAMP_INTERSECTION,SIDE_OF_HWY,TOW_AWAY,COLLISION_SEVERITY,NUMBER_KILLED,NUMBER_INJURED,PARTY_COUNT,PRIMARY_COLL_FACTOR,PCF_CODE_OF_VIOL,PCF_VIOL_CATEGORY,PCF_VIOLATION,PCF_VIOL_SUBSECTION,HIT_AND_RUN,TYPE_OF_COLLISION,MVIW,PED_ACTION,ROAD_SURFACE,ROAD_COND_1,ROAD_COND_2,LIGHTING,CONTROL_DEVICE,CHP_ROAD_TYPE,PEDESTRIAN_ACCIDENT,BICYCLE_ACCIDENT,MOTORCYCLE_ACCIDENT,TRUCK_ACCIDENT,NOT_PRIVATE_PROPERTY,ALCOHOL_INVOLVED,STWD_VEHTYPE_AT_FAULT,CHP_VEHTYPE_AT_FAULT,COUNT_SEVERE_INJ,COUNT_VISIBLE_INJ,COUNT_COMPLAINT_PAIN,COUNT_PED_KILLED,COUNT_PED_INJURED,COUNT_BICYCLIST_KILLED,COUNT_BICYCLIST_INJURED,COUNT_MC_KILLED,COUNT_MC_INJURED,PRIMARY_RAMP,SECONDARY_RAMP,LATITUDE,LONGITUDE,COUNTY,CITY,POINT_X,POINT_Y
9633769,2023,2023-12-05,3801,2023-10-16,1717,1226,SOUTH,1,5,7,3801,0,0,0,,0,1500,"BRANNAN ST","2ND ST",0.00,,Y,A,-,N,,,,,,,,,,N,3,0,2,2,A,-,06,21755,A,N,E,G,A,A,H,-,A,A,0,,Y,,,Y,,L,04,0,1,1,0,0,0,2,0,0,"- ","- ",,,"SAN FRANCISCO","SAN FRANCISCO",,
9633770,2023,2023-11-27,3801,2023-10-03,1435,1580,SOUTH,2,5,7,3801,0,0,0,,0,3B4A,"FOLSOM ST","12TH ST",0.00,,Y,A,-,N,,,,,,,,,,N,4,0,1,2,A,-,17,21209,A,N,B,J,A,A,H,-,A,A,0,,,,,Y,,A,01,0,0,1,0,0,0,0,0,0,"- ","- ",,,"SAN FRANCISCO","SAN FRANCISCO",,
9633772,2023,2023-11-27,3801,2023-10-16,1611,4212,PARK,1,5,7,3801,0,0,0,,0,3F12D,"LAGUNA HONDA BL","PLAZA ST",0.00,,Y,A,-,N,,,,,,,,,,Y,3,0,2,3,A,-,03,22350,,N,C,C,A,A,H,-,A,D,0,,,,,Y,,A,01,0,2,0,0,0,0,0,0,0,"- ","- ",,,"SAN FRANCISCO","SAN FRANCISCO",,
9633773,2023,2023-11-27,3801,2023-10-01,1433,1243,PARK,7,5,7,3801,0,0,0,,0,,"BELGRAVE AV","SHRADER ST",0.00,,Y,A,-,N,,,,,,,,,,,4,0,1,1,A,-,03,22350,,N,H,G,A,A,H,-,A,D,0,,Y,,,Y,,L,04,0,0,1,0,0,0,1,0,0,"- ","- ",,,"SAN FRANCISCO","SAN FRANCISCO",,
9633777,2023,2023-11-27,3801,2023-10-04,"550 ",1150,PARK,3,5,7,3801,0,0,0,,0,3F13A,O'FARRELL,"SAINT JOSEPHS AV",0.00,,Y,A,-,N,,,,,,,,,,N,2,0,1,2,A,-,12,22450,A,F,G,B,B,A,H,-,D,A,0,Y,,,,Y,,-,,1,0,0,0,1,0,0,0,0,"- ","- ",,,"SAN FRANCISCO","SAN FRANCISCO",,
9633779,2023,2023-11-27,3801,2023-10-04,"633 ",4275,TARAV,3,5,7,3801,0,0,0,,0,3I11A,"11TH AV","LAWTON ST",0.00,,Y,-,-,N,,,,,,,,,,N,3,0,1,2,A,-,12,22450,A,F,D,C,A,A,H,-,B,A,0,,,,,Y,,-,,0,1,0,0,0,0,0,0,0,"- ","- ",,,"SAN FRANCISCO","SAN FRANCISCO",,
9633781,2023,2024-01-06,3801,2023-10-06,1812,537,PARK,5,5,7,3801,0,0,0,,0,3F12D,"PARNASSUS AV","WOODLAND AV",0.00,,Y,A,-,N,,,,,,,,,,N,4,0,1,2,A,-,17,21200,A,N,A,G,A,A,H,-,A,D,0,,Y,,,Y,,L,04,0,0,1,0,0,0,1,0,0,"- ","- ",,,"SAN FRANCISCO","SAN FRANCISCO",,
9633783,2023,2024-01-06,3801,2023-10-04,"840 ",1575,BAYVI,3,5,7,3801,0,0,0,,0,3C4A,"FELTON ST","BRUSSELS ST",0.00,,Y,A,-,N,,,,,,,,,,Y,4,0,1,2,A,-,09,21802,B,N,D,C,A,A,H,-,A,D,0,,,,,Y,,A,07,0,0,1,0,0,0,0,0,0,"- ","- ",,,"SAN FRANCISCO","SAN FRANCISCO",,
9633785,2023,2024-01-06,3801,2023-10-07,"900 ",899,NORTH,6,5,7,3801,0,0,0,,0,3E16A,"PINE ST","VAN NESS AV",205.00,E,N,A,-,N,,,,,,,,,,N,3,0,1,2,A,-,21,22106,,F,G,B,E,A,H,-,A,D,0,Y,,,,Y,,-,,0,1,0,0,1,0,0,0,0,"- ","- ",,,"SAN FRANCISCO","SAN FRANCISCO",-122.42140197753906,37.789516448974609
9633788,2023,2024-01-06,3801,2023-10-05,"401 ",1123,SOUTH,4,5,7,3801,0,0,0,,0,3B15E,"BERRY ST","BERRY ST 420",50.00,S,N,A,-,N,,,,,,,,,,Y,4,0,1,1,A,-,03,22350,,N,E,I,A,A,H,-,C,D,0,,,,,Y,,A,01,0,0,1,0,0,0,0,0,0,"- ","- ",,,"SAN FRANCISCO","SAN FRANCISCO",,
9633789,2023,2024-01-06,3801,2023-10-04,"533 ",1982,MISSI,3,5,7,3801,0,0,0,,0,3D14E,"MISSION ST","18TH ST",0.00,,Y,A,-,N,,,,,,,,,,Y,2,0,2,2,A,-,07,21658,A,N,G,B,F,A,-,-,C,A,0,Y,,,,Y,,A,01,1,0,1,0,1,0,0,0,0,"- ","- ",,,"SAN FRANCISCO","SAN FRANCISCO",,
9633791,2023,2024-01-06,3801,2023-10-06,1721,2407,MISSI,5,5,7,3801,0,0,0,,0,3D14D,"23RD ST","HAMPSHIRE ST",0.00,,Y,A,-,N,,,,,,,,,,Y,2,0,4,4,A,-,12,22450,A,N,D,C,A,-,H,-,A,A,0,,,,,Y,,A,01,1,0,3,0,0,0,0,0,0,"- ","- ",,,"SAN FRANCISCO","SAN FRANCISCO",,
9633793,2023,2024-01-06,3801,2023-10-06,"234 ",2498,NORTH,5,5,7,3801,0,0,0,,0,3E13E,"POLK ST","PINE ST",0.00,,Y,A,-,N,,,,,,,,,,Y,4,0,1,2,A,-,08,22107,,F,B,G,A,A,H,-,C,A,0,,Y,,,Y,,A,01,0,0,1,0,0,0,1,0,0,"- ","- ",,,"SAN FRANCISCO","SAN FRANCISCO",,
9633802,2023,2023-11-22,3801,2023-10-26,1525,1467,SOUTH,4,5,7,3801,0,0,0,,0,1CAR,"TEHAMA ST","2ND ST",0.00,,Y,A,-,N,,,,,,,,,,N,4,0,1,2,A,-,09,21800,A,F,B,G,A,A,H,-,A,A,0,,Y,,,Y,,A,01,0,0,1,0,0,0,1,0,0,"- ","- ",,,"SAN FRANCISCO","SAN FRANCISCO",,
9633804,2023,2023-11-22,3801,2023-10-26,1234,1631,SOUTH,4,5,7,3801,0,0,0,,0,3B13A,"MISSION ST","BEALE ST",80.00,W,N,A,-,N,,,,,,,,,,Y,3,0,1,2,A,-,08,22107,,N,B,C,A,A,H,-,A,A,0,,,,,Y,,-,,0,1,0,0,0,0,0,0,0,"- ","- ",,,"SAN FRANCISCO","SAN FRANCISCO",-122.39603424072266,37.791004180908203
9633805,2023,2023-11-22,3801,2023-10-25,1747,2091,NORTH,3,5,7,3801,0,0,0,,0,3E16D,"PINE ST","FRANKLIN ST",20.00,W,N,A,-,N,,,,,,,,,,N,3,0,1,2,A,-,08,22107,,F,B,J,A,A,H,-,B,A,0,,,,,Y,,A,01,0,1,0,0,0,0,0,0,0,"- ","- ",,,"SAN FRANCISCO","SAN FRANCISCO",-122.42385101318359,37.789199829101562
9633807,2023,2023-11-22,3801,2023-10-25,"340 ",484,NORTH,3,5,7,3801,0,0,0,,0,3E12E,"GEARY BL","LAGUNA ST",0.00,,Y,A,-,N,,,,,,,,,,N,4,0,1,2,A,-,03,22350,,N,C,C,A,A,H,-,C,A,0,,,,,Y,,A,01,0,0,1,0,0,0,0,0,0,"- ","- ",,,"SAN FRANCISCO","SAN FRANCISCO",,
9633809,2023,2023-11-22,3801,2023-10-03,1024,1952,TENDE,2,5,7,3801,0,0,0,,0,901,"6TH ST","STEVENSON ST",0.00,,Y,A,-,N,,,,,,,,,,Y,4,0,1,2,A,-,04,21703,,N,C,C,A,A,H,-,A,B,0,,,,,Y,,A,01,0,0,1,0,0,0,0,0,0,"- ","- ",,,"SAN FRANCISCO","SAN FRANCISCO",,
9633810,2023,2023-11-22,3801,2023-10-24,1630,2107,NORTH,2,5,7,3801,0,0,0,,0,03E,"FRANKLIN ST","VALLEJO ST",0.00,,Y,A,-,N,,,,,,,,,,Y,3,0,5,3,A,-,12,21453,A,N,D,C,A,A,H,-,A,A,0,,,,,Y,,A,01,0,1,4,0,0,0,0,0,0,"- ","- ",,,"SAN FRANCISCO","SAN FRANCISCO",,
9633814,2023,2023-11-22,3801,2023-10-28,2002,260,SOUTH,6,5,7,3801,0,0,0,,0,3B13D,"MARKET ST","GOUGH ST",0.00,,Y,A,-,N,,,,,,,,,,Y,3,0,1,2,A,-,08,22107,,N,D,C,A,A,H,-,C,A,0,,,Y,,Y,,A,07,0,1,0,0,0,0,0,0,1,"- ","- ",,,"SAN FRANCISCO","SAN FRANCISCO",,
9633816,2023,2023-11-22,3801,2023-10-28,1121,1243,PARK,6,5,7,3801,0,0,0,,0,3F12C,"STANYAN ST","17TH ST",0.00,,Y,A,-,N,,,,,,,,,,N,3,0,1,2,A,-,12,22450,A,N,D,G,A,A,H,-,A,D,0,,Y,,,Y,,L,04,0,1,0,0,0,0,1,0,0,"- ","- ",,,"SAN FRANCISCO","SAN FRANCISCO",,
9633818,2023,2023-11-22,3801,2023-10-28,1720,469,MISSI,6,5,7,3801,0,0,0,,0,3D2D,"19TH ST","FOLSOM ST",0.00,,Y,A,-,N,,,,,,,,,,Y,4,0,2,2,A,-,12,21453,A,F,B,C,A,A,H,-,A,A,0,,,,,Y,,A,01,0,0,2,0,0,0,0,0,0,"- ","- ",,,"SAN FRANCISCO","SAN FRANCISCO",,
9633821,2023,2023-11-22,3801,2023-10-24,1658,2704,SOUTH,2,5,7,3801,0,0,0,,0,0B4,"HOWARD ST","11TH ST",0.00,,Y,A,-,N,,,,,,,,,,N,4,0,1,2,A,-,00,22210,B,N,D,G,A,A,H,-,A,A,0,,Y,,,Y,,L,04,0,0,1,0,0,0,1,0,0,"- ","- ",,,"SAN FRANCISCO","SAN FRANCISCO",,
9633823,2023,2023-11-22,3801,2023-10-23,2108,255,INGLE,1,5,7,3801,0,0,0,,0,3H15E,"ALEMANY BL","SAN JOSE AV",160.00,W,N,A,-,N,,,,,,,,,,Y,4,0,1,2,A,-,04,21703,,F,C,C,A,A,H,-,C,A,0,,,,,Y,,A,01,0,0,1,0,0,0,0,0,0,"- ","- ",,,"SAN FRANCISCO","SAN FRANCISCO",-122.45764923095703,37.71002197265625
9633826,2023,2023-11-22,3801,2023-10-21,1708,1907,INGLE,6,5,7,3801,0,0,0,,0,3H15D,"MISSION ST","PERSIA AV",0.00,,Y,A,-,N,,,,,,,,,,N,2,0,1,2,A,-,08,22107,,N,D,C,A,A,H,-,A,D,0,,,,,Y,,A,07,1,0,0,0,0,0,0,0,0,"- ","- ",,,"SAN FRANCISCO","SAN FRANCISCO",,
9633828,2023,2023-11-22,3801,2023-10-24,"10  ",1066,NORTH,2,5,7,3801,0,0,0,,0,3E11,"OAK ST","STEINER ST",0.00,,Y,A,-,N,,,,,,,,,,N,4,0,1,2,A,-,12,21453,A,N,D,C,A,A,H,-,C,A,0,,,Y,,Y,,C,03,0,0,1,0,0,0,0,0,1,"- ","- ",,,"SAN FRANCISCO","SAN FRANCISCO",,
9633831,2023,2023-11-22,3801,2023-10-23,1521,1723,CENTR,1,5,7,3801,0,0,0,,0,001,"CALIFORNIA ST","LARKIN ST",0.00,,Y,A,-,N,,,,,,,,,,N,2,0,1,2,A,-,10,21950,A,N,A,B,B,A,H,-,A,A,0,Y,,,,Y,,A,01,1,0,0,0,1,0,0,0,0,"- ","- ",,,"SAN FRANCISCO","SAN FRANCISCO",,
9633832,2023,2023-11-22,3801,2023-10-24,1448,4292,BAY,2,5,7,3801,0,0,0,,0,3C11D,"20TH ST","GEORGIA ST",0.00,,Y,A,-,N,,,,,,,,,,N,3,0,1,1,A,-,13,22515,A,N,E,I,A,A,H,-,A,A,0,,,,,Y,,A,01,0,1,0,0,0,0,0,0,0,"- ","- ",,,"SAN FRANCISCO","SAN FRANCISCO",,
9633835,2023,2023-11-22,3801,2023-10-23,2121,2488,NORTH,1,5,7,3801,0,0,0,,0,3E13E,"MARKET ST","VAN NESS AV",0.00,,Y,C,-,N,,,,,,,,,,N,3,0,1,2,A,-,12,21453,,F,G,J,A,B,H,-,C,A,0,,,,,Y,,A,08,0,1,0,0,0,0,0,0,0,"- ","- ",,,"SAN FRANCISCO","SAN FRANCISCO",,
9633837,2023,2023-11-22,3801,2023-10-25,2134,2249,PARK,3,5,7,3801,0,0,0,,0,3F13E,"MASONIC AV","OAK ST",0.00,,Y,A,-,N,,,,,,,,,,Y,4,0,1,2,A,-,08,22107,,N,A,-,A,A,H,-,C,A,0,,,,,Y,,A,01,0,0,1,0,0,0,0,0,0,"- ","- ",,,"SAN FRANCISCO","SAN FRANCISCO",,
9633841,2023,2023-11-20,3801,2023-10-03,1733,577,TARAV,2,5,7,3801,0,0,0,,0,014,"OCEAN AV","VICTORIA ST",85.00,W,N,A,-,N,,,,,,,,,,N,4,0,1,2,A,-,08,22107,,N,B,C,A,A,C,-,A,A,0,,,Y,,Y,,C,03,0,0,1,0,0,0,0,0,1,"- ","- ",,,"SAN FRANCISCO","SAN FRANCISCO",-122.46451568603516,37.726123809814453
9633843,2023,2023-11-17,3801,2023-10-21,1857,2704,MISSI,6,5,7,3801,0,0,0,,0,,"SOUTH VAN NESS AVE","13TH ST",0.00,,Y,A,-,N,,,,,,,,,,,3,0,1,2,A,-,08,22107,,F,D,G,A,A,H,-,C,A,0,,Y,,,Y,Y,A,01,0,1,0,0,0,0,1,0,0,"- ","- ",,,"SAN FRANCISCO","SAN FRANCISCO",,
9633845,2023,2023-11-28,3801,2023-10-21,1622,1454,NORTH,6,5,7,3801,0,0,0,,0,3E13D,"TURK ST","POLK ST",0.00,,Y,A,-,N,,,,,,,,,,N,4,0,1,2,A,-,12,21453,A,N,D,C,A,A,H,-,A,A,0,,,Y,,Y,,A,01,0,0,1,0,0,0,0,0,1,"- ","- ",,,"SAN FRANCISCO","SAN FRANCISCO",,
9633846,2023,2023-11-20,3801,2023-10-21,1658,1825,SOUTH,6,5,7,3801,0,0,0,,0,3B13D,"MISSION ST","7TH ST",0.00,,Y,A,-,N,,,,,,,,,,N,3,0,1,2,A,-,11,21456,A,N,D,B,B,-,H,-,A,A,0,Y,,,,Y,,N,60,0,1,0,0,1,0,0,0,0,"- ","- ",,,"SAN FRANCISCO","SAN FRANCISCO",,
9633848,2023,2023-11-20,3801,2023-10-21,"837 ",2059,CENTR,6,5,7,3801,0,0,0,,0,3A14A,"HARRISON ST","2ND ST",13.00,E,N,A,-,N,,,,,,,,,,Y,4,0,2,3,A,-,03,22350,A,N,D,C,A,A,H,-,A,A,0,,,,,Y,,A,01,0,0,2,0,0,0,0,0,0,"- ","- ",,,"SAN FRANCISCO","SAN FRANCISCO",-122.39514923095703,37.784355163574219
9633853,2023,2023-11-20,3801,2023-10-18,1649,82,MISSI,3,5,7,3801,0,0,0,,0,3D14D,"CESAR CHAVEZ ST","HARRISON ST",0.00,,Y,A,-,N,,,,,,,,,,N,4,0,1,2,A,-,04,21703,,N,C,C,A,A,H,-,A,A,0,,,,,Y,,A,01,0,0,1,0,0,0,0,0,0,"- ","- ",,,"SAN FRANCISCO","SAN FRANCISCO",,
9633856,2023,2023-11-20,3801,2023-10-18,"815 ",899,NORTH,3,5,7,3801,0,0,0,,0,3E12A,"DIVISADERO ST","OFARRELL ST",12.00,S,N,A,-,N,,,,,,,,,,N,2,0,1,2,A,-,12,21453,A,N,D,G,A,A,H,-,A,A,0,,Y,,,Y,,L,04,1,0,0,0,0,0,1,0,0,"- ","- ",,,"SAN FRANCISCO","SAN FRANCISCO",-122.43929290771484,37.782398223876953
9633858,2023,2023-11-20,3801,2023-10-20,2253,2724,BAYVI,5,5,7,3801,0,0,0,,0,3C15E,"BAYSHORE BL","SILVER AVE",0.00,,Y,A,-,N,,,,,,,,,,N,2,0,1,2,A,-,03,22350,,F,G,B,B,A,H,-,C,A,0,Y,,,,Y,,-,99,1,0,0,0,1,0,0,0,0,"- ","- ",,,"SAN FRANCISCO","SAN FRANCISCO",,
9633860,2023,2023-11-20,3801,2023-10-20,1836,1453,CENTR,5,5,7,3801,0,0,0,,0,3A2C,"CLAY ST","MONTGOMERY ST",0.00,,Y,A,-,N,,,,,,,,,,N,3,0,1,1,A,-,03,22350,,N,H,J,A,A,A,-,C,A,0,,,,,Y,,M,94,0,1,0,0,0,0,0,0,0,"- ","- ",,,"SAN FRANCISCO","SAN FRANCISCO",,
9633901,2023,2023-11-08,3801,2023-10-26,"630 ",4356,INGLE,4,5,7,3801,0,0,0,,0,INGLES,"ALEMANY BL","FOOTE AV",0.00,,Y,A,-,N,,,,,,,,,,N,3,0,1,1,A,-,03,22411,,N,F,J,A,A,G,-,C,D,0,,,Y,,Y,,C,03,0,1,0,0,0,0,0,0,1,"- ","- ",,,"SAN FRANCISCO","SAN FRANCISCO",,
9634241,2023,2023-11-13,3801,2023-09-25,1200,979,TENDE,1,5,7,3801,0,0,0,,0,3J12E,"13TH ST","HARRISON ST",0.00,,Y,A,-,,,,,,,,,,,,4,0,1,2,A,-,10,21950,A,N,G,B,B,A,H,-,A,A,0,Y,,,,Y,,-,,0,0,1,0,1,0,0,0,0,"- ","- ",,,"SAN FRANCISCO","SAN FRANCISCO",,
9634242,2023,2023-11-13,3801,2023-09-29,2144,2157,RICHM,5,5,7,3801,0,0,0,,0,001,"PARK PRESIDIO BYPASS DR","CROSSOVER DR",10.00,S,N,A,-,N,,,,,,,,,,Y,3,0,1,2,A,-,04,21703,,F,C,C,A,A,H,-,C,A,0,,,,,Y,,A,01,0,1,0,0,0,0,0,0,0,"- ","- ",,,"SAN FRANCISCO","SAN FRANCISCO",-122.47944641113281,37.77117919921875
9634243,2023,2023-11-13,3801,2023-09-29,2020,2238,BAYVI,5,5,7,3801,0,0,0,,0,3C12D,"PAUL AV","BAYSHORE BL",17.00,E,N,A,-,N,,,,,,,,,,N,4,0,1,2,A,-,03,22350,,M,C,C,A,A,H,-,C,A,0,,,,,Y,,A,01,0,0,1,0,0,0,0,0,0,"- ","- ",,,"SAN FRANCISCO","SAN FRANCISCO",-122.40073394775391,37.723594665527344
9634244,2023,2023-11-13,3801,2023-09-25,1257,1832,TENDE,1,5,7,3801,0,0,0,,0,,"TURK ST","HYDE ST",0.00,,Y,A,-,N,,,,,,,,,,N,3,0,1,2,A,-,05,21651,B,N,A,C,A,A,H,-,A,D,0,,,Y,,Y,,C,03,0,1,0,0,0,0,0,0,1,"- ","- ",,,"SAN FRANCISCO","SAN FRANCISCO",,
9634246,2023,2023-11-13,3801,2023-09-23,"630 ",5,NORTH,6,5,7,3801,0,0,0,,0,3E12A,"WEBSTER ST","MCALLISTER ST",0.00,,Y,A,-,N,,,,,,,,,,Y,4,0,2,2,D,-,00,,,N,D,C,A,A,H,-,B,A,0,,,,,Y,,-,"- ",0,0,2,0,0,0,0,0,0,"- ","- ",,,"SAN FRANCISCO","SAN FRANCISCO",,
9634248,2023,2023-11-13,3801,2023-09-27,1841,1046,NORTH,3,5,7,3801,0,0,0,,0,3E13D,"CALIFORNIA ST","GOUGH ST",0.00,,Y,A,-,N,,,,,,,,,,N,4,0,1,2,A,-,03,22350,,F,C,C,A,A,H,-,B,A,0,,,,,Y,,A,08,0,0,1,0,0,0,0,0,0,"- ","- ",,,"SAN FRANCISCO","SAN FRANCISCO",,
9634251,2023,2023-11-13,3801,2023-09-29,1711,4239,PARK,5,5,7,3801,0,0,0,,0,3F13D,"FELL ST","BRODERICK ST",132.00,E,N,B,-,N,,,,,,,,,,Y,4,0,1,3,A,-,21,22106,,N,B,D,A,A,H,-,A,D,0,,,,,Y,,A,01,0,0,1,0,0,0,0,0,0,"- ","- ",,,"SAN FRANCISCO","SAN FRANCISCO",-122.4388427734375,37.773899078369141
9634252,2023,2023-11-13,3801,2023-09-29,1910,964,NORTH,5,5,7,3801,0,0,0,,0,3E13D,"HAIGHT ST","LAGUNA ST",0.00,,Y,A,-,N,,,,,,,,,,Y,4,0,1,2,A,-,09,21802,A,N,D,C,A,A,H,-,C,A,0,,,,,Y,,A,01,0,0,1,0,0,0,0,0,0,"- ","- ",,,"SAN FRANCISCO","SAN FRANCISCO",,
9634254,2023,2023-11-13,3801,2023-09-29,1640,2380,SOUTH,5,5,7,3801,0,0,0,,0,0B4,"GOUGH ST","STEVENSON ST",0.00,,Y,A,-,N,,,,,,,,,,Y,4,0,1,2,A,-,08,22107,,N,D,C,A,A,H,-,A,A,0,,,,,Y,,A,01,0,0,1,0,0,0,0,0,0,"- ","- ",,,"SAN FRANCISCO","SAN FRANCISCO",,
9634256,2023,2023-11-13,3801,2023-09-30,1601,364,SOUTH,6,5,7,3801,0,0,0,,0,3B16D,"TOWNSEND ST","4TH ST",0.00,,Y,A,-,N,,,,,,,,,,N,2,0,1,1,A,-,03,22350,,N,H,-,A,A,H,-,A,D,0,,,Y,,Y,,C,03,1,0,0,0,0,0,0,0,1,"- ","- ",,,"SAN FRANCISCO","SAN FRANCISCO",,
9634258,2023,2023-11-13,3801,2023-09-29,1718,2407,MISSI,5,5,7,3801,0,0,0,,0,3D14D,"SAN BRUNO AV","16TH ST",33.00,N,N,A,-,N,,,,,,,,,,N,3,0,1,2,A,-,03,22350,,N,D,C,A,A,H,-,A,A,0,,,,,Y,,A,01,0,1,0,0,0,0,0,0,0,"- ","- ",,,"SAN FRANCISCO","SAN FRANCISCO",-122.40557861328125,37.765979766845703
9634261,2023,2023-11-14,3801,2023-09-02,2350,4156,SOUTH,6,5,7,3801,0,0,0,,0,3B30,"MCALLISTER ST","JONES ST",0.00,,Y,A,-,N,,,,,,,,,,N,4,0,1,2,A,-,00,21450,,F,G,B,B,A,H,-,C,A,0,Y,,,,Y,,A,07,0,0,1,0,1,0,0,0,0,"- ","- ",,,"SAN FRANCISCO","SAN FRANCISCO",,
9634262,2023,2023-11-14,3801,2023-09-29,1100,504,NORTH,5,5,7,3801,0,0,0,,0,3E15A,"LOMBARD ST","SCOTT ST",0.00,,Y,A,-,N,,,,,,,,,,N,4,0,2,2,A,-,04,21703,,N,C,C,A,A,H,-,B,A,0,,,,,Y,,A,07,0,0,2,0,0,0,0,0,0,"- ","- ",,,"SAN FRANCISCO","SAN FRANCISCO",,
9634263,2023,2023-11-14,3801,2023-09-25,2214,2391,NORTH,1,5,7,3801,0,0,0,,0,3E12E,"MCALLISTER ST","WEBSTER ST",0.00,,Y,A,-,N,,,,,,,,,,N,3,0,1,2,A,-,12,21453,A,N,D,G,A,A,H,-,C,A,0,,Y,,,Y,,L,04,0,1,0,0,0,0,1,0,0,"- ","- ",,,"SAN FRANCISCO","SAN FRANCISCO",,
9634264,2023,2023-11-14,3801,2023-09-27,"540 ",1066,NORTH,3,5,7,3801,0,0,0,,0,3E11E,"OAK ST","WEBSTER ST",0.00,,Y,A,-,N,,,,,,,,,,Y,4,0,1,2,A,-,12,21453,A,F,F,D,A,A,H,-,C,A,0,,,,,Y,,A,01,0,0,1,0,0,0,0,0,0,"- ","- ",,,"SAN FRANCISCO","SAN FRANCISCO",,
9634266,2023,2023-11-14,3801,2023-09-25,1427,798,NORTH,1,5,7,3801,0,0,0,,0,3E12D,"HAIGHT ST","SCOTT ST",167.00,E,N,A,-,N,,,,,,,,,,,3,0,1,2,A,-,03,22350,,N,C,E,A,A,H,-,A,D,0,,Y,,,Y,,L,04,0,1,0,0,0,0,1,0,0,"- ","- ",,,"SAN FRANCISCO","SAN FRANCISCO",-122.43482208251953,37.771553039550781
9634268,2023,2023-11-14,3801,2023-09-25,"612 ",624,NORTH,1,5,7,3801,0,0,0,,0,002,"GEARY BL","FILLMORE ST",0.00,,Y,A,-,N,,,,,,,,,,Y,4,0,1,2,A,-,12,21453,A,F,E,I,A,A,H,-,B,A,0,,,,,Y,,A,01,0,0,1,0,0,0,0,0,0,"- ","- ",,,"SAN FRANCISCO","SAN FRANCISCO",,
9634269,2023,2023-11-14,3801,2023-09-22,1952,2046,NORTH,5,5,7,3801,0,0,0,,0,3E15D,"LAGUNA ST","BAY ST",0.00,,Y,A,-,N,,,,,,,,,,Y,4,0,1,2,A,-,17,21657,,N,G,B,B,A,-,-,C,A,0,Y,,,,Y,,A,01,0,0,1,0,1,0,0,0,0,"- ","- ",,,"SAN FRANCISCO","SAN FRANCISCO",,
9634271,2023,2023-11-14,3801,2023-09-28,1215,2728,TENDE,4,5,7,3801,0,0,0,,0,908,"TAYLOR ST","OFARRELL ST",0.00,,Y,A,-,N,,,,,,,,,,Y,4,0,1,3,A,-,00,28002,A,F,B,C,A,A,H,-,A,A,0,,,,,Y,,A,01,0,0,1,0,0,0,0,0,0,"- ","- ",,,"SAN FRANCISCO","SAN FRANCISCO",,
9634273,2023,2023-11-14,3801,2023-09-28,"804 ",1513,RICHM,4,5,7,3801,0,0,0,,0,3G13A,"BALBOA ST","4TH AV",0.00,,Y,A,-,N,,,,,,,,,,N,4,0,1,1,A,-,08,22100,B,N,A,I,A,A,H,-,A,D,0,,,Y,,Y,,C,03,0,0,1,0,0,0,0,0,1,"- ","- ",,,"SAN FRANCISCO","SAN FRANCISCO",,
9634276,2023,2023-11-14,3801,2023-09-05,1324,1951,SOUTH,2,5,7,3801,0,0,0,,0,0B3,"HOWARD ST","7TH ST",0.00,,Y,A,-,N,,,,,,,,,,,4,0,1,3,A,-,04,21703,,N,C,C,A,A,H,-,A,A,0,,,,,Y,,A,01,0,0,1,0,0,0,0,0,0,"- ","- ",,,"SAN FRANCISCO","SAN FRANCISCO",,
9634277,2023,2023-11-14,3801,2023-09-29,"227 ",2098,TENDE,5,5,7,3801,0,0,0,,0,3J14E,"MISSION ST","8TH ST",0.00,,Y,A,-,N,,,,,,,,,,Y,4,0,1,2,A,-,12,21453,A,F,B,C,A,A,H,-,C,A,0,,,,,Y,,A,01,0,0,1,0,0,0,0,0,0,"- ","- ",,,"SAN FRANCISCO","SAN FRANCISCO",,
9634278,2023,2023-11-14,3801,2023-09-29,1229,1118,SOUTH,5,5,7,3801,0,0,0,,0,3B14A,"BRANNAN ST","DIVISION ST",0.00,,Y,A,-,N,,,,,,,,,,N,4,0,1,2,A,-,07,21658,A,N,B,C,A,A,H,-,A,A,0,,,,,Y,,A,01,0,0,1,0,0,0,0,0,0,"- ","- ",,,"SAN FRANCISCO","SAN FRANCISCO",,
9634295,2023,2023-11-13,3801,2023-09-28,2005,654,PARK,4,5,7,3801,0,0,0,,0,3F13D,"MASONIC AV","OAK ST",0.00,N,N,A,-,N,,,,,,,,,,N,4,0,1,2,A,-,10,21950,A,N,B,B,B,A,H,-,C,A,0,Y,,,,Y,,A,01,0,0,1,0,1,0,0,0,0,"- ","- ",,,"SAN FRANCISCO","SAN FRANCISCO",-122.44575500488281,37.772083282470703
9634300,2023,2024-01-10,3801,2023-10-22,"213 ",2488,NORTH,7,5,7,3801,0,0,0,,0,E313E,"POLK ST","FERN ST",0.00,,Y,A,-,N,,,,,,,,,,Y,4,0,1,2,A,-,21,22106,,M,B,E,A,A,H,-,C,D,0,,,,,Y,,A,01,0,0,1,0,0,0,0,0,0,"- ","- ",,,"SAN FRANCISCO","SAN FRANCISCO",,
9634303,2023,2024-02-09,3801,2023-10-20,1455,1428,MISSI,5,5,7,3801,0,0,0,,0,"1 CAR","VALENCIA ST","SYCAMORE ST",0.00,,Y,A,-,N,,,,,,,,,,N,4,0,1,2,A,-,08,22102,,N,D,C,A,A,H,-,A,A,0,,,,,Y,,A,01,0,0,1,0,0,0,0,0,0,"- ","- ",,,"SAN FRANCISCO","SAN FRANCISCO",,
9634315,2023,2023-11-09,3801,2023-10-01,"200 ",469,MISSI,7,5,7,3801,0,0,0,,0,3D12D,"POTRERO AV","24TH ST",0.00,,Y,A,-,N,,,,,,,,,,Y,3,0,3,4,A,-,12,21453,A,F,D,C,A,A,H,-,C,A,0,,,,,Y,,A,01,0,1,2,0,0,0,0,0,0,"- ","- ",,,"SAN FRANCISCO","SAN FRANCISCO",,